text,label
ভারতের শাসক গোষ্ঠী বিভাজনের রাজনীতি ও বাংলাদেশবিরোধী বক্তব্যে লিপ্ত মন্তব্য করে তথ্য ও সম্প্রচার মন্ত্রণালয়ের উপদেষ্টা নাহিদ ইসলাম বলেছেন জুলাইআগস্টে বাংলাদেশে ছাত্রজনতার আন্দোলনের সময় কলকাতা ও দিল্লির ছাত্ররা আমাদের সঙ্গে একাত্মতা প্রকাশ করে শেখ হাসিনার নৃশংসতার বিরুদ্ধে প্রতিবাদ জানায় ভারতের এই গণতন্ত্রপ্রিয় মানুষ আমাদের বন্ধু তবে ভারতের শাসকগোষ্ঠী এবং হিন্দুত্ববাদী শক্তিরা এ ধরনের গণতান্ত্রিক সম্পর্ক ও সম্প্রীতি চায় না তারা বাংলাদেশের অভ্যুত্থান এবং এর ছাত্রদের রাজনৈতিক জাগরণকে হুমকি হিসেবে দেখে ফলে তারা বাংলাদেশের বিরুদ্ধে বিদ্বেষ পোষণ করছে আজ মঙ্গলবার সামাজিক যোগাযোগমাধ্যম এক্সএ নিজের ভেরিফাইড পেজে এ সংক্রান্ত পোস্ট দেন সেখানে তিনি উল্লেখ করেন পশ্চিমবঙ্গ ত্রিপুরা এবং আসামের সঙ্গে বাংলাদেশের ঐতিহাসিক ও সাংস্কৃতিক সম্পর্ক রয়েছে তবে সংখ্যালঘু নিপীড়ন টার্ম ব্যবহার করে দিল্লি ফ্যাসিবাদী আওয়ামী লীগকে পুনর্বাসন এবং বাংলাদেশের গণতান্ত্রিক ও জাতিপুনর্নির্মাণ প্রক্রিয়াকে ব্যাহত করার চেষ্টা করছে তথ্য উপদেষ্টা আরও বলেন শুরু থেকেই আমরা জোর দিয়ে আসছি যে ভারত সরকারকে বাংলাদেশকে আওয়ামী লীগের দৃষ্টিতে দেখা বন্ধ করতে হবে এবং ন্যায় ন্যায্যতা ও পারস্পরিক শ্রদ্ধার ভিত্তিতে একটি নতুন সম্পর্ক স্থাপন করতে হবে বাংলাদেশ হিন্দুসহ সকল সংখ্যালঘু সম্প্রদায়ের জন্য পূর্ণ নাগরিকত্বের অধিকার মর্যাদা এবং নিরাপত্তা নিশ্চিত করতে প্রতিশ্রুতিবদ্ধ সরকার আওয়ামী লীগের আমলেই সংখ্যালঘুরা সর্বোচ্চ নিপীড়নের সম্মুখীন হয়েছিল তবুও দিল্লি নিঃশর্তভাবে আওয়ামী লীগকে সমর্থন করেছিল যদিও ভারত তার নিজ দেশের সংখ্যালঘুদের অধিকার নিশ্চিত করতে ব্যর্থ হয়েছে তারা বাংলাদেশে সংখ্যালঘুদের নিপীড়নকারী দল আওয়ামী লীগকে আশ্রয় ও সমর্থন দিয়েছে তিনি আরও জানান গণহত্যা ও শিশু হত্যার জন্য দায়ী পলাতক শেখ হাসিনাকে আশ্রয় ও ধারাবাহিক সহায়তা অব্যাহত রেখে ভারত সরকার গণতান্ত্রিক মূল্যবোধকে ক্ষুণ্ণ করার ঝুঁকিতে রয়েছে ভারতের স্থিতিশীলতা ও অখণ্ডতা বাংলাদেশের স্থিতিশীলতা ও অখণ্ডতার সঙ্গে ওতপ্রোতভাবে জড়িত তা ভুলে গেলে চলবে না তথ্য উপদেষ্টা নাহিদ বলেন ক্ষমতাসীন বিজেপি বাংলাদেশকে ভারতের অভ্যন্তরীণ রাজনৈতিক ইস্যুতে পরিণত করার চেষ্টা করছে এমনটা হলে তা ভারতের অভ্যন্তরীণ রাজনীতির জন্য ক্ষতিকর হবে বাংলাদেশবিরোধী ও মুসলিমবিরোধী রাজনীতি ভারতের জাতীয় স্বার্থে কাজ করবে না তাই আমরা ভারতকে বাংলাদেশের বিরুদ্ধে মিথ্যা অপপ্রচার বন্ধ করে গণতন্ত্রের প্রতি সম্প্রীতি ও সম্মান বজায় রাখার আহ্বান জানাই,0
বারডেম জেনারেল হাসপাতালের নিবিড় পরিচর্যা কেন্দ্রে আইসিইউ চিকিৎসাধীন অভিনেতা এস এম মহসিনের শারীরিক অবস্থার অবনতি হয়েছে গতকাল বৃহস্পতিবার তাঁকে এক ব্যাগ এ পজিটিভ প্লাজমা দেওয়া হয়েছে আরও লাগবে অবস্থা সংকটাপন্ন বলে জানিয়েছে চিকিৎসকরা এদিকে বাবা এস এম মহসিনের অবস্থা দেখে চিন্তায় আছেন ছেলে রেজওয়ান মহসিন তিনি বলেন করোনা পরীক্ষার ফল পজিটিভ পাওয়ার পর থেকেই হঠাৎ বাবার শারীরিক অবস্থার অবনতি হতে থাকে আইসিইউ সেবা পেতে হলি ফ্যামিলি হাসপাতাল থেকে তাঁকে তেজগাঁওয়ের একটি হাসপাতালে নেওয়া হয় পরিস্থিতির আরও অবনতি হলে ৭ এপ্রিল রাতে ঢাকার বারডেম হাসপাতালে ভর্তি করানো হয় বাবার ফুসফুসের সংক্রমণটা বেশি এটা নিয়েই বেশি চিন্তার মধ্যে আছি বাবাকে এখন ঘণ্টায় ১৫ লিটার করে অক্সিজেন দেওয়া হচ্ছে কিন্তু অক্সিজেন স্যাচুরেশন মাঝেমধ্যে ৯০এর নিচে নেমে যাচ্ছে সবাই আমার বাবার জন্য দোয়া করবেন,1
ঘুমের সমস্যাটি প্রকট হয়েছে করোনা মহামারির সময় গবেষণায়ও দেখা গেছে মানুষের ঘুম কমেছে করোনাকালে ২০২৩ সালে বিশ্বখ্যাত নেচার সাময়িকীর সায়েন্টেফিক রিপোর্টে বাংলাদেশের মানুষের ঘুম নিয়ে একটি গবেষণা প্রবন্ধ ছাপা হয়েছে ২০২০ সালের এপ্রিল মাসে ৯ হাজার ৭৩০ জনের ঘুমের তথ্য সংগ্রহ করা হয়েছিল তাতে দেখা গেছে কম সময় ঘুমানো মানুষের সংখ্যা বেড়েছে তবে স্বাভাবিক জীবনযাপন করতে হলে পর্যাপ্ত ঘুমের বিকল্প নেই জেনে নিন কী করলে ভালো ঘুম হবে ১ শোবার ঘর ঘুমানোর জন্য শোবার ঘরের আয়োজন যথাযথ হওয়া খুবই জরুরি শোবার ঘরে চাই নীরবতা শান্তি আর অন্ধকার খেয়াল রাখতে হবে যাতে বাইরের আলো না আসে এবং ঘরের সব আলো নিভিয়ে রাখা যায় আলো ও শব্দের পাশাপাশি শোবার ঘরের পরিষ্কারপরিচ্ছন্নতাটাও খুব জরুরি বিছানাবালিশ আর ঘুমাতে যাওয়ার পোশাকআশাক যতটা সম্ভব পরিচ্ছন্ন ও আরামদায়ক হওয়া চাই ২ ঘুমের রুটিন আসলে ঘুমের রুটিন ঠিক করতে হলে পুরো দিনের রুটিনটাই ঠিকঠাক মেনে চলতে হবে তার পরও দিন যেভাবেই কাটুক না কেন প্রতি রাতে একই সময়ে ঘুমাতে যাওয়ার অভ্যাস করাটা খুবই জরুরি পাশাপাশি প্রতি রাতেই ঘুমাতে যাওয়ার আগে পড়া হালকা গান শোনা বা এমন নির্দিষ্ট অভ্যাস তৈরি করতে পারলে আরও ভালো ঘুমানোর এই প্রস্তুতিগুলো মস্তিষ্ককে ঘুমানোর সংকেত পাঠাতে থাকে ৩ আসক্তি ছাড়ুন ঠান্ডা থাকুন ঘুমাতে যাওয়ার জন্য শরীরকে প্রস্তুত করতে হলে অ্যালকোহল এমনকি ক্যাফেইনের মতো উত্তেজনা সৃষ্টিকারী বিষয়গুলোকে এড়িয়ে চলতে হবে কেননা এগুলোর প্রভাব না কাটিয়ে ঘুমানো যায় না আর ঘুমানোর জন্য ঘরের তাপমাত্রার মতোই শরীরের তাপমাত্রা নিয়ন্ত্রণ করতে পারাটা জরুরি একটু ঠান্ডা ঠান্ডা ঘরে ঘুম ভালো হয় আর শরীর ঠান্ডা রাখতে রাতে কম ক্যালরিযুক্ত খাবারদাবার খাওয়া ভালো ৪ ব্যায়াম ও গোসল প্রতিদিন হালকা ব্যায়ামের অভ্যাস করতে পারা মানসিক চাপ কমায় এবং শরীরে প্রশান্তি আনে এটা ঘুমের জন্য ভালো তবে ব্যায়ামে যেহেতু শরীরের তাপমাত্রা বেড়ে যায় তাই রাতের বদলে দিনে ব্যায়ামের অভ্যাসটাই ভালো আর রাতে ঘুমাতে যাওয়ার তিনচার ঘণ্টা আগে হালকা গরম পানিতে গোসল করতে পারলে খুবই ভালো এতে যদিও প্রথমে শরীরের তাপ একটু বাড়ে কিন্তু ধীরে ধীরে তাপ কমে এলে শরীরে প্রশান্তি আসে এবং তা ঘুমাতে সাহায্য করে আরও কিছু বিষয় নিয়মিত এসব অভ্যাস মেনে চলার পাশাপাশি নিজেকে নিজের দেহমন সম্পর্কে আরও জানার চেষ্টা করুন কিছু যোগাসন মেডিটেশন বা ধ্যান এবং গভীরভাবে শ্বাসপ্রশ্বাস নেওয়ার অভ্যাস রপ্ত করতে পারেন প্রয়োজনে আলো থেকে রেহাই পেতে চোখ ঢেকে রাখার কাপড়ের আইশেড বাড়তি শব্দ থেকে রেহাই পেতে কানে ইয়ারপ্লাগ ব্যবহারের মতো টোটকার আশ্রয় নিন আর সবচেয়ে জরুরি হলো ঘুমাতে যাওয়ার সময় জীবন সম্পর্কে ইতিবাচক চিন্তা করা সুখ আর আনন্দের স্মৃতি রোমন্থন করা সুন্দরভাবে সকাল শুরু করে একটা ভালো দিন কাটানোর জন্য নিজেকে মানসিকভাবে প্রস্তুত করা,0
জাতীয় সংসদের স্পিকারের অবর্তমানে তাঁর প্রশাসনিক ও আর্থিক দায়িত্ব পালন করবেন অন্তর্বর্তী আইন বিচার ও সংসদ বিষয়ক উপদেষ্টা অধ্যাপক আসিফ নজরুল আজ বৃহস্পতিবার উপদেষ্টা পরিষদের বৈঠকে জাতীয় সংসদ সচিবালয় অন্তর্বর্তী বিশেষ বিধান অধ্যাদেশ২০২৪ এর খসড়া অনুমোদন দেওয়া হয়েছে সেখানেই এই বিষয়টি রয়েছে রাষ্ট্রপতি অধ্যাদেশটি জারি করলে আইন উপদেষ্টা এই দায়িত্ব পালন করবেন তেজগাঁওয়ে প্রধান উপদেষ্টার কার্যালয়ে উপদেষ্টা পরিষদের বৈঠকে সভাপতিত্ব করেন প্রধান উপদেষ্টা ড মুহাম্মদ ইউনূস বৈঠক শেষে প্রধান উপদেষ্টার প্রেস উইং থেকে বৈঠকের সিদ্ধান্তগুলো জানানো হয় এ ছাড়া সন্ধ্যায় রাজধানীর ফরেন সার্ভিস একাডেমিতে আয়োজিত সংবাদ সম্মেলনেও এই বিষয়টি তুলে ধরেন প্রধান উপদেষ্টার প্রেস সচিব শফিকুল আলম উপদেষ্টা পরিষদের বৈঠকে জাতীয় সংসদ সচিবালয় অন্তর্বর্তী বিশেষ বিধান অধ্যাদেশ২০২৪ এর খসড়া অনুমোদন দেওয়া হয়েছে খসড়ায় বলা হয়েছে অন্তর্বর্তী সময়ের জন্য সংসদ সচিবালয়ের সব ধরনের প্রশাসনিক ও আর্থিক ক্ষমতা যেমন পদ সৃজন ও বিলুপ্তি কর্মকর্তা ও কর্মচারীদের সংখ্যা নির্ধারণ ও হ্রাসবৃদ্ধি বার্ষিক বাজেট প্রণয়ন তৃতীয় ও তদূর্ধ্ব গ্রেডে পদোন্নতি নিয়োগ বিধিমালা সংশোধন সংক্রান্ত যাবতীয় বিষয়সহ অন্যান্য সব বিষয় সংবিধানের অনুচ্ছেদ ৭৪ অনুযায়ী সংসদ কার্য সংক্রান্ত দায়িত্ব ব্যতীত সংসদ বিষয়ক উপদেষ্টার আসিফ নজরুল ওপর ন্যস্ত করা হয়েছে অন্যান্য আর্থিক ও প্রশাসনিক ক্ষমতা সংসদ সচিবালয়ের সচিবকে দেওয়ার প্রস্তাব করা হয়েছে খসড়ায় আইনের খসড়ায় সংসদ বিষয়ক উপদেষ্টাকে চেয়ারম্যান করে একটি অন্তর্বর্তীকালীন সংসদ সচিবালয় কমিশন গঠনেরও প্রস্তাব করা হয়েছে উল্লেখ্য জাতীয় সংসদ সচিবালয়ের বিদ্যমান আইন অনুযায়ী জাতীয় সংসদ সচিবালয়ের কিছু দায়িত্ব যেমন পদ সৃজন ও বিলুপ্তি কর্মকর্তা ও কর্মচারীদের সংখ্যা নির্ধারণ ও হ্রাসবৃদ্ধি বার্ষিক বাজেট প্রণয়ন ইত্যাদি সংসদ সচিবালয় কমিশনের সঙ্গে পরামর্শ করে স্পিকার পালন করে থাকেন এই অধ্যাদেশের উদ্যোগের কারণ হিসেবে বলা হয়েছে ছাত্রজনতার গণঅভ্যুত্থানের মুখে তৎকালীন প্রধানমন্ত্রী শেখ হাসিনা গত ৫ আগস্ট দেশ ত্যাগ করায় রাষ্ট্রপতি দ্বাদশ জাতীয় সংসদ ভেঙে দেন পরে দ্বাদশ জাতীয় সংসদের স্পিকার শিরীন শারমিন চৌধুরীও পদত্যাগ করেন স্পিকারের অবর্তমানে সংসদ সচিবালয়ের দৈনন্দিন প্রশাসনিক ও আর্থিক কাজসহ অন্যান্য বিষয়ে সমস্যা সৃষ্টি হচ্ছে প্রসঙ্গত আইনানুযায়ী সংসদের স্পিকার সংসদ সচিবালয়ের প্রশাসনিক প্রধান বাসসের খবরে বলা হয় সাংবাদিকদের এক প্রশ্নের উত্তরে প্রেস সচিব শফিকুল আলম বলেন তৈরি পোশাকখাতের শ্রমিকেরা যে আন্দোলন করছে সেটাকে সরকার কোনো ষড়যন্ত্র হিসেবে দেখছে না দেশে গণঅভুত্থানের পরে অনেক কারখানার মালিক পালিয়ে গেছেন ফলে ওইসব কারখানা বেতন দিতে পারছে না সেখানে আন্দোলন হচ্ছে আগেও এরকম কিছু কারখানায় আন্দোলন চলতো এই আন্দোলনকে সরকার কোনো ধরনের অস্থিতিশীলতা তৈরির চেষ্টা হিসেবে দেখছে না বলে তিনি উল্লেখ করেন শফিকুল আলম জানান এই মুহূর্তে তৈরি পোশাকখাতের ৯৯ শতাংশ কারখানা চালু আছে,1
আগামী সপ্তাহেই মঙ্গোলিয়া সফর করবেন রাশিয়ার প্রেসিডেন্ট ভ্লাদিমির পুতিন তবে মঙ্গোলিয়া সফরে গেলে দেশটি পুতিনকে গ্রেপ্তার করতে দায়বদ্ধ বলে জানিয়েছে আন্তর্জাতিক অপরাধ আদালত আইসিসি শুক্রবার বিবিসি জানিয়েছে আগামী মঙ্গলবার মঙ্গোলিয়ায় যাওয়ার সম্ভাবনা রয়েছে পুতিনের এমন হলে ২০২৩ সালের মার্চে পুতিনকে গ্রেপ্তারের আদেশ দেওয়ার পর এটাই হবে আইসিসি সদস্যভুক্ত কোনো রাষ্ট্রে তার প্রথম সফর আন্তর্জাতিক অপরাধ আদালত পুতিনকে যুদ্ধাপরাধের জন্য অভিযুক্ত করেছেন এই অভিযোগের বিষয়ে বলা হয়েছে২০২২ সালের ফেব্রুয়ারিতে ইউক্রেনের সঙ্গে যুদ্ধ শুরুর পর দেশটি থেকে অসংখ্য শিশুকে বেআইনিভাবে রাশিয়ায় নিয়ে যাওয়ায় দায় রয়েছে পুতিনের এ অবস্থায় পুতিনের সম্ভাব্য সফরকে সামনে রেখে তাঁকে গ্রেপ্তারের বিষয়টি মঙ্গোলিয়াকে বারবার স্মরণ করিয়ে দিচ্ছে ইউক্রেন তবে পুতিন দপ্তর ক্রেমলিন বলছে এই সফর নিয়ে তাদের কোনো উদ্বেগ নেই রাশিয়ার রাজধানী মস্কোতে ক্রেমলিনের মুখপাত্র দিমিত্রি পেসকভ এ বিষয়ে সাংবাদিকদের বলেছেন মঙ্গোলিয়ায় আমাদের অংশীদারদের সঙ্গে আমাদের চমৎকার সম্পর্ক রয়েছে পুতিনের সফরের সমস্ত দিক নিয়ে রাশিয়া খুব সাবধানতা অবলম্বন করছে বলেও জানান পেসকভ আন্তর্জাতিক অপরাধ আদালতের সদস্যভুক্ত একটি রাষ্ট্রে গ্রেপ্তারের পরোয়ানা না করে পুতিন কীভাবে সফর করবেনবিষয়টি জানতে এই আদালতের শরণাপন্ন হয়েছিল বিবিসি এ বিষয়ে আদালতের মুখপাত্র ডক্টর ফাদি আলআবদুল্লাহ বিবিসিকে জানান আদালত তাঁর সিদ্ধান্ত কার্যকর করতে মঙ্গোলিয়াসহ অন্যান্য সদস্য রাষ্ট্রের ওপর নির্ভর করে তিনি বলেন অন্যান্য আইসিসি স্বাক্ষরকারী রাষ্ট্রের মতো মঙ্গোলিয়ারও সহযোগিতা করার বাধ্যবাধকতা রয়েছে ২০২৩ সালে পুতিনকে গ্রেপ্তারে যে আদেশ জারি হয়েছিল সেটিও এই বাধ্যবাধকতার মধ্যে রয়েছে আন্তর্জাতিক অপরাধ আদালত ইউক্রেন থেকে শিশুদের রাশিয়ায় নিয়ে যাওয়ার অভিযোগে পুতিন ছাড়াও রাশিয়ার শিশুদের অধিকার কমিশনার মারিয়া লভোভাবেলোভার বিরুদ্ধে গ্রেপ্তারের পরোয়ানাও জারি করেছে তবে ইতিপূর্বে মস্কো এই অভিযোগ অস্বীকার করেছে এবং গ্রেপ্তারের পরোয়ানাটিকে আক্রোশের কারণে বলে চিহ্নিত করেছে আইসিসি মুখপাত্র ডক্টর আবদুল্লাহ জানিয়েছেন সদস্য রাষ্ট্রগুলো কোনো বিষয়ে অসহযোগিতা করলে আদালতের বিচারকেরা তা খতিয়ে দেখবেন এবং সেই রাষ্ট্রের পরিষদকে অবহিত করবেন আন্তর্জাতিক বিচারকার্য পরিচালনা করলেও আইসিসির নিজস্ব কোনো বাহিনী নেই ফলে কোনো অভিযুক্তকে সরাসরি গ্রেপ্তারের উপায় নেই এই আদালতের এ ক্ষেত্রে শুধু সদস্য দেশগুলোই অভিযুক্ত ব্যক্তিকে গ্রেপ্তার করে আদালতের কাছে তুলে দিতে পারে পুতিনের সফরের বিষয়ে ইউক্রেনের পররাষ্ট্র মন্ত্রণালয় বলেছে তারা আশা করেপুতিন যে একজন যুদ্ধাপরাধী এই সত্যটি সম্পর্কে মঙ্গোলিয়া সচেতন তাই সফরে গেলে পুতিনকে গ্রেপ্তার করে নেদারল্যান্ডসে অবস্থিত আন্তর্জাতিক অপরাধ আদালতের কাছে হস্তান্তর করার আহ্বান জানিয়েছে ইউক্রেন এর আগে গত বছর গ্রেপ্তারের পরোয়ানা থাকায় দক্ষিণ আফ্রিকায় নির্ধারিত একটি শীর্ষ সম্মেলনের সফর বাতিল করেছিলেন পুতিন,1
লাউ মূলত গ্রীষ্মকালীন সবজি লাউ খেলে পেট ঠান্ডা থাকে এছাড়াও নানা স্বাস্থ্য উপকারিতা পাওয়া যায় তবে শীতের বাজারেও লাউ পাওয়া যায় এই সময়ে লাউ খেলেও স্বাস্থ্য উপকারিতা মেলে যেমন ১ শীতে অনেকের পেটে নানা রকম সমস্যা হয় কোষ্ঠকাঠিন্য গ্যাসের সমস্যায় লাউ অত্যন্ত ভালো কাজ করে নিয়মিত লাউ খেলে পেটের এই সমস্যা কমে ২ রক্তে কোলেস্টেরলের মাত্রা কমাতেও লাউ কার্যকরী যারা কোলেস্টেরলের সমস্যায় ভুগছেন তারাও শীতকালে লাউ খেতে পারেন ৩ যারা ডায়াবেটিসের সমস্যায় ভুগছেন তারা সারা বছরই প্রতিদিনের খাদ্যতালিকায় লাউয়ের বিভিন্ন পদ রাখতে পারেন ৫ শীতে অনেকের শরীরচর্চার ইচ্ছা কমে যায় তাই অনেকেরই এই সময়ে ওজন বাড়ে ওজন কমাতেও সাহায্য করে লাউ শীতকালে নিয়মিত লাউ খেলে ওজন নিয়ন্ত্রণে থাকে,0
চট্টগ্রাম বিশ্ববিদ্যালয়ের চবি ২০২৩২৪ শিক্ষাবর্ষের বিজ্ঞান ইউনিটের প্রথম বর্ষ স্নাতক ভর্তি পরীক্ষার ফলাফল শুক্রবার ৮ মার্চ বিকাল ৫টায় প্রকাশিত হয়েছে এতে পাস করেছেন ৪০ হাজার ৮৬৬ জন পরীক্ষার্থী পাসের হার ৫২ দশমিক ৮৯ শতাংশ বিষয়টি নিশ্চিত করেছেন ইঞ্জিনিয়ারিং অনুষদের ডিন অধ্যাপক ড রাশেদ মোস্তফা গত শনিবার ২ মার্চ অনুষ্ঠিত হওয়া বিজ্ঞান ইউনিটের ভর্তি পরীক্ষায় অংশগ্রহণ করেন ৭৭ হাজার ২৫৯ জন এর মধ্যে পাস করেছেন ৪০ হাজার ৮৬৬ জন এবং অকৃতকার্য হয়েছেন ৩৬ হাজার ৩৯৩ জন পাসের হার ৫২৮৯ সর্বোচ্চ নম্বর ১১০ ও সর্বনিম্ন নম্বর ৫২৪৬ ভর্তি পরীক্ষার ফলাফল চট্টগ্রাম বিশ্ববিদ্যালয়ের ফেসবুক পেজের  মাধ্যমে প্রকাশ করা হয়েছে তবে পরীক্ষার্থী বিশ্ববিদ্যালয়ের ওয়েবসাইটের মাধ্যমে ভর্তি পরীক্ষার আইডি লগইন করে ফলাফল জানতে পারবে,0
পুঁজিবাজারে তালিকাভুক্ত ব্যাংকিং খাতের প্রতিষ্ঠান সিটি ব্যাংক তাদের শেয়ারহোল্ডারদের জন্য ২০২৩ সালে ২৫ শতাংশ লভ্যাংশ অনুমোদন করেছে এর মধ্যে ১৫ শতাংশ নগদ ও ১০ শতাংশ স্টক লভ্যাংশ রয়েছে বৃহস্পতিবার ৩০ মে ভার্চুয়ালি অনুষ্ঠিত ৪১তম বার্ষিক সাধারণ সভায় এজিএম এ লভ্যাংশ অনুমোদন হয় সভায় সভাপতিত্ব করেন ব্যাংকের পরিচালনা পর্ষদের চেয়ারম্যান আজিজ আল কায়সার এ সময় ব্যাংকের ভাইস চেয়ারম্যান হোসেন খালেদ পরিচালক রুবেল আজিজ হোসেন মেহমুদ সৈয়দা শায়রীন আজিজ সাভেরা এইচ মাহমুদ রেবেকা ব্রোসন্যান স্বতন্ত্র পরিচালক সেলিম মাহমুদ ও মতিউল ইসলাম নওশাদ ব্যবস্থাপনা পরিচালক ও সিইও মাসরুর আরেফিন কোম্পানি সেক্রেটারি মো কাফি খান পদস্থ কর্মকর্তা ও বিপুল সংখ্যক শেয়ারহোল্ডার যুক্ত ছিলেন ২০২৩ সালে ব্যাংকের ৬৩৮ কোটি টাকার সমন্বিত কর পরবর্তী মুনাফার প্রশংসা করে ব্যাংকের চেয়ারম্যান আজিজ আল কায়সার বলেন তার আগের বছরের ৪৭৮ কোটি টাকা থেকে মুনাফার এই ৩৩৫ শতাংশ প্রবৃদ্ধি সিটি ব্যাংকের শক্ত অর্থনৈতিক ভিত্তি ও সুশাসনের স্মারক তিনি আরও বলেন ব্যাংকের মোট চলতি ও সঞ্চয়ী আমানত বেড়ে ২০২৩এর ডিসেম্বরে এসে দাঁড়িয়েছে মোট আমানতের ৫১ শতাংশে যা ৪ বছর আগেও ছিল মাত্র ৩৬ শতাংশ তিনি সিটি ব্যাংকের ডিজিটাল ব্যাংক প্ল্যাটফর্ম সিটিটাচএর প্রবল জনপ্রিয়তার কথা উল্লেখ করে জানান ২০২৩ সালে গ্রাহকেরা সিটিটাচএ ৬০০০০ কোটি টাকার বেশি লেনদেন করেছেন যা চলতি বছরে ১ লাখ কোটি টাকা ছাড়াবে সভায় ব্যাংকের ব্যবস্থাপনা পরিচালক এবং সিইও মাসরুর আরেফিন প্রতিষ্ঠানের সার্বিক চিত্র শেয়ারহোল্ডারদের কাছে তুলে ধরে তাদের উত্থাপিত নানা প্রশ্নের উত্তর দেন,1
দুর্গাপূজাকে সামনে রেখে সারাদেশে সেনা মোতায়েন করা হয়েছে সবাইকে নির্ভয়ে পূজামণ্ডপে যাওয়ার আহ্বান জানিয়েছেন সেনাবাহিনীর প্রধান জেনারেল ওয়াকারউজজামান শনিবার ৫ অক্টোবর বিকেলে ঢাকেশ্বরী জাতীয় মন্দির পরিদর্শন শেষে সাংবাদিকদের সঙ্গে আলাপকালে এ আহ্বান জানান সেনাপ্রধান ওয়াকারউজজামান বলেন আমরা মাঠে আছি আপনারা নির্ভয়ে পূজামণ্ডপে যাবেন আমরা একটা সুন্দর পরিবেশ চাই যেখানে আপনারা সবাই পূজা উদযাপন করতে পারবেন তিনি আরও বলেন এ দেশে সবার সম অধিকার রয়েছে যার যার ধর্ম সে সে পালন করবে এর জন্য যা যা দরকার করা হবে,1
করোনা সংক্রমণের সংখ্যা দিন দিনই বাড়ছে বিশেষজ্ঞদের মতে করোনার নতুন স্ট্রেনের হাত থেকে বাঁচতে হলে সঠিক পদ্ধতিতে মাস্ক পরা ভিড় এড়িয়ে চলা এবং পরিচ্ছন্নতা মেনে চলা জরুরি তবে অনেকেই মাস্ক পরতে গিয়ে নিয়ম মানছেন না অনেকেই পুরনো আলগা নোংরা হয়ে যাওয়া মাস্ক পরে বাইরে যাচ্ছেন বিশেষজ্ঞরা বলছেন মাস্ক পরার ক্ষেত্রে কিছু নিয়ম মানা জরুরি যেমন ১ মাস্ক এমনভাবে পরুন যাতে মুখ ও নাক সম্পূর্ণভাবে ঢাকা পরে মাস্ক পরে যদি শুধু নাক বা মুখের কোনও একটা খোলা থাকে তাহলে মাস্ক পরার কোনও উপযোগিতা থাকে না খেয়াল রাখবেন মাস্ক যেন নাকের ওপর থেকে শুরু করে গোটা মুখ ভালো ভাবে ঢাকতে পারে তাই মাস্ক কেনার সময় সেটি কতটা চওড়া তা ভালো করে দেখে তবেই কিনবেন বাজারে যেসব সার্জিক্যাল মাস্ক পাওয়া যায় তা এক লেয়ারের মহামারির এ সময়ে তা মোটেও উপযোগী নয় অন্তত তিন লেয়ারের মাস্ক ব্যবহার করা উচিত ২ মুখের থেকে ঢিলে মাস্ক ব্যবহার করবেন না মাস্ক ঢিলে হলে তা ঠিক করতে বারবার মুখে হাত দিতে হবে এতে হাতের ধুলো ময়লা মাস্কে লেগে যাওয়ার আশঙ্কা থাকে ৩ সুতির কাপড়ের তৈরি মাস্ক তাড়াতাড়ি ছিঁড়ে যায় রঙ হালকা হয়ে গেলে ও মাস্কে ছোট থেকে বড় ফুটো দেখা দিলে সঙ্গে সঙ্গে সেই মাস্ক ডাস্টবিনে ফেলে দিন ফুটো দেখা দিলে সেই মাস্ক না পরাই ভালো কারণ করোনার সঙ্গে সঙ্গে বাতাসে থাকা অন্যান্য ভাইরাসও আক্রমণ করতে পারে ৪ মাস্ক এখন বাধ্যতামূলক মাস্ক পরে যদি ত্বকে নানা সমস্যা যেমন ব্রণ র্যাশ চুলকানি ফুলে ওঠার মতো সমস্যা হয় তাহলে দ্রুত মাস্ক পরিবর্তন করা উচিত ৫ মাস্ক যদি পরিষ্কার করা যায় তাহলে অবশ্যই ধুয়ে শুকিয়ে তারপর পরা উচিত গবেষণা বলছে করোনা পরিস্থিতিতে সঠিক মাস্ক পরলে প্রায় ৭০ শতাংশ করোনা হওয়ার ঝুঁকি কমে শুধু পরলেই হবে না সেটি ঠিকসময়ে ফেলেও দিতে হবে ৬ মাস্ক পরে অস্বস্তি হলে অবশ্যই সেই মাস্ক এড়িয়ে চলুন আবার ঘন্টার পর ঘন্টা একই মাস্ক পরে থাকলে অস্বস্তি তৈরি হয় এতে শ্বাসপ্রশ্বাসে ব্যাঘাত ঘটে তাই মাস্ক বদলানো প্রয়োজন ৭ মাস্কের নোজ ক্লিপ আলগা হয়ে গেলে সেই মাস্ক দ্রুত পাল্টে ফেলুন এ ছাড়া কানে লাগানোর ইলাস্টিক বা কাপড় যদি আলগা হয়ে যায় তাহলে বুঝতে হবে মাস্ক পরিবর্তন করার সময় এসেছে,0
জামায়াতে ইসলামীর ছাত্রসংগঠন ইসলামী ছাত্রশিবিরের নতুন কেন্দ্রীয় কমিটি গঠিত হয়েছে ২০২৬ সালের জন্য গঠিত এই কমিটিতে সভাপতি হয়েছেন নূরুল ইসলাম সাদ্দাম আর সেক্রেটারি জেনারেল হয়েছেন সিবগাতুল্লাহ আজ শুক্রবার রাজধানীর আগারগাঁওয়ে বাংলাদেশচীন মৈত্রী সম্মেলন কেন্দ্রে ভোটের মাধ্যমে নতুন নেতৃত্ব নির্বাচন করেন ছাত্রশিবিরের সদস্যরা বিকেলে সংগঠনের ভেরিফায়েড ফেসবুক পেজে নতুন সভাপতি ও সেক্রেটারি জেনারেলের নাম ঘোষণা করা হয় ছাত্রশিবিরের ফেসবুক পেজে দেওয়া পোস্টে বলা হয় আলহামদুলিল্লাহ ২০২৬ সেশনের জন্য বাংলাদেশ ইসলামী ছাত্রশিবিরের কেন্দ্রীয় সভাপতি নির্বাচন ও সেক্রেটারি জেনারেল মনোনয়ন সম্পন্ন হয়েছে কেন্দ্রীয় সভাপতি নূরুল ইসলাম সেক্রেটারি জেনারেল সিবগাতুল্লাহ আল্লাহ তায়ালা দ্বীনের সুমহান দায়িত্ব পালনে সহায় হোন শিবিরের সভাপতির দায়িত্ব পাওয়া নূরুল ইসলাম চলতি বর্ষে ২০২৫ সংগঠনটির কেন্দ্রীয় সেক্রেটারি জেনারেল হিসেবে দায়িত্ব পালন করেছেন বর্তমানে ঢাকা বিশ্ববিদ্যালয়ের অধীনে উদ্যোক্তা অর্থনীতিতে পোস্টগ্র্যাজুয়েট ডিপ্লোমা করছেন এর আগে তিনি খুলনা বিশ্ববিদ্যালয় থেকে অর্থনীতিতে স্নাতক ও স্নাতকোত্তর সম্পন্ন করেন ২০১৪২০১৫ শিক্ষাবর্ষে তিনি খুলনা বিশ্ববিদ্যালয়ে ভর্তি হয়েছিলেন আর সেক্রেটারি জেনারেলের দায়িত্ব পাওয়া সিবগাতুল্লাহ চলতি বর্ষে ছাত্রশিবিরের কেন্দ্রীয় দপ্তর সম্পাদক ছিলেন বর্তমানে তিনি ঢাকা বিশ্ববিদ্যালয়ের উন্নয়ন অধ্যয়ন বিভাগে স্নাতকোত্তর করছেন তার আগে একই বিশ্ববিদ্যালয়ের সমাজকল্যাণ ও গবেষণা ইনস্টিটিউট থেকে স্নাতক ও স্নাতকোত্তর করেছেন সিবগাতুল্লাহ তিনি ২০১৩১৪ শিক্ষাবর্ষে ঢাকা বিশ্ববিদ্যালয়ে ভর্তি হন শিবিরের কেন্দ্রীয় শীর্ষ নেতৃত্বে সিবগাতুল্লাহর উঠে আসার মধ্য দিয়ে দীর্ঘ ১৬ বছর পর ঢাকা বিশ্ববিদ্যালয় শাখা কমিটির কোনো শিক্ষার্থী সংগঠনটির এ পর্যায়ে দায়িত্ব পেলেন সর্বশেষ ২০০৯ সালে ঢাকা বিশ্ববিদ্যালয়ের কেউ শিবিরের শীর্ষ নেতৃত্বে স্থান পেয়েছিলেন সেবার ছাত্রশিবিরের সেক্রেটারি জেনারেল হয়েছিলেন ঢাকা বিশ্ববিদ্যালয়ের আইনের ছাত্র শিশির মোহাম্মদ মুনির সংগঠনের অভ্যন্তরীণ নানা কারণে এরপর এই বিশ্ববিদ্যালয়ের কেউ আর শিবিরের শীর্ষ নেতৃত্বে জায়গা পাননি,1
চার দশক বলিউড দাপিয়ে বেড়ানোর পর করোনা মহামারীর সময় অভিনয় ছাড়ার সিদ্ধান্ত নেন বলিউড সুপারস্টার আমির খান তবে দুই সন্তানসহ তার পরিবার শেষ পর্যন্ত তাকে অভিনয় থেকে অবসর না নিতে রাজি করান অবসরের বিষয়ে আমির খান বলেন আমার মাথার মধ্যে আছে যে আমি অবসরে গেছি কিন্তু এরপর আর অবসরে যাওয়া হয়নি তাই এখনও অভিনয়টা চালিয়ে যেতে হচ্ছে বার্তা সংস্থা লন্ডন এএফপির বরাত দিয়ে একটি খবর প্রকাশ করেছে ফ্রান্স২৪ ডটকম সেখানে আমির খান বলেন করোনার মাঝামাঝি আমি অনেক কিছু চিন্তা করছিলাম তখন হঠাৎ করে আমার মনে হলো আমি আমার জীবনের অর্ধেক চলচ্চিত্রের এই জাদুকরী দুনিয়ায় কাটিয়ে দিয়েছি আমার মনে হলো এই দুনিয়ায় কাজ করতে করতে আমি আমার জীবনের সমস্ত সময় হারিয়ে ফেলেছি এই চিন্তা আমি মেনে নিতে পারছিলাম না অপরাধবোধের মধ্য দিয়ে যাচ্ছিলাম তখন মনে হলো যথেষ্ট হয়ে অভিনয় আর করবো না এ বছরের মার্চে ৬০ বছর বয়সে পা রাখলেন আমির বর্তমানে তিনি ভারতের মুম্বাই এ অবস্থান করছেন তিনি সিদ্ধান্ত নিয়েছেন কিছু সময়ের জন্য অভিনয় এবং প্রযোজনা চালিয়ে যেতে চান তিনি তার কোম্পানি আমির খান প্রোডাকশন নিয়ে কাজ করছেন সেই সুবাদেই হয়ত চলতি মাসে সালমান ও শাহরুখ খানকে নিয়ে একসঙ্গে সিনেমায় কাজ করার কথা জানান আমির মিস্টার পারফেকশনিস্ট জানান সালমান ও শাহরুখের সঙ্গে বসে নতুন ছবি নিয়ে আলোচনা হয়েছে তার ছয় মাস আগে সালমান ও শাহরুখের সঙ্গে দেখা করেছিলাম তখন আমাদের মধ্যে এই নিয়ে আলোচনা হয় সত্যিই আমাদের একসঙ্গে ছবি করা দরকার আমরা আলোচনার মধ্যেই আছি দেখা যাক কত দূর এগোয় ১৯৭০ সালে শিশু অভিনেতা হিসেবে তার চলচ্চিত্রের জীবন শুরু হয় এরপর একের পর এক তার অভিনয় দক্ষতা দিয়ে ভক্তদের মন জয় করে নেন,1
ভারতবাংলাদেশ ম্যাচে নাসুম আহমেদ যখন ৪২তম ওভারে বল করতে আসেন তখন জয়ের জন্য ভারতের দরকার ছিল দুই রান আর বিরাট কোহলির শতরানের জন্য বাকি ছিল তিন রান ৯৭ রানে খেলছিলেন বিরাট প্রথম বলটা লেগ সাইডের অনেকটা বাইরে করেন নাসুম বিরাট কিছুটা সরে যান তা সত্ত্বেও স্পষ্টত ওয়াইড ছিল এমনকি ওয়াইড হয়েছে ভেবে হতাশা প্রকাশ করেন বিরাটও বিরক্তির ভঙ্গিতে তাকিয়ে থাকেন নাসুমের দিকে কিন্তু অনফিল্ড আম্পায়ার রিচার্ড কেটেলবরো ওয়াইড দেননি যদিও সেটি দলের জয়পরাজয়ে প্রভাব ফেলার মতো ছিল না তবে ওয়াইড দিলে দুদলের স্কোর সমান হয়ে যেত পরে নাসুমের তৃতীয় বলে লং অন দিয়ে ছক্কা মেরে সেঞ্চুরি পূর্ণ করেছেন কোহলি ৯৭ বলে ১০৩ রানে অপরাজিত ছিলেন তিনি এদিকে কোহলিকে সেঞ্চুরি পাইয়ে দিতেই আম্পায়ার ওয়াইড দেননি বলে সামাজিক যোগাযোগমাধ্যমে আলোচনা শুরু হয়েছে অনেকেই প্রশ্ন তুলেছেন অন্য কোনো দেশের ক্ষেত্রে কি আম্পায়ার এমন সিদ্ধান্ত দিতে পারতেন উল্লেখ্য বাংলাদেশের দেওয়া ২৫৭ রানের লক্ষ্য রোহিত শর্মার দল পেরিয়েছে ৫১ বল এবং ৭ উইকেট হাতে রেখে,0
সংঘাত শঙ্কা আর নানা অভিযোগে মধ্য দিয়ে ৩১টি পৌরসভায় আজ নির্বাচন অনুষ্ঠিত হয়েছে এর মধ্যে ২৮টিতেই জয় পেয়েছে আওয়ামী লীগ পঞ্চম ধাপের ইশতেহার অনুযায়ী ২৯টি পৌরসভার নির্বাচন হয়েছে আর শরীয়তপুরের ডামুড্যা ও নীলফামারীর সৈয়দপুর পৌরসভার স্থগিত হওয়া নির্বাচনও আজ অনুষ্ঠিত হয়েছে আজও সৈয়দপুরে নির্বাচনী সংঘাতে একজনের মৃত্যু হয়েছে নানা শঙ্কা আর অভিযোগের মধ্যেই ৩১টি পৌরসভায় ইলেকট্রনিক ভোটিং মেশিনে ইভিএম নির্বাচন অনুষ্ঠিত হয় ৩১টির মধ্যে ২৮টিতে আওয়ামী লীগের প্রার্থীরা জিতেছেন দুটিতে জিতেছেন স্বতন্ত্র আওয়ামী লীগের বিদ্রোহী প্রার্থীরা তাঁরা হলেন শরীয়তপুরের ডামুড্যায় রেজাউল করিম রাজা ছৈয়াল এবং রংপুরের হারাগাছে এরশাদুল হক বগুড়া পৌরসভায় বিপুল ভোটে জয়লাভ করেছেন বিএনপির প্রার্থী রেজাউল করিম বাদশা তিনি ধানের শীষ প্রতীকে ভোট পেয়েছেন ৮২ হাজার ২১৭ ভোট তাঁর নিকটতম প্রতিদ্বন্দ্বী স্বতন্ত্র প্রার্থী আওয়ামী লীগের বিদ্রোহী আবদুল মান্নান আকন্দ পেয়েছেন ৫৬ হাজার ৯০ ভোট আওয়ামী লীগের জয় পাওয়া ২৮টি পৌরসভার মধ্যে মাদারীপুরের শিবচর চট্টগ্রামের মীরসরাই ও রাউজান পৌরসভায় কোনো প্রতিদ্বন্দ্বী না থাকায় আগেই আওয়ামী লীগের প্রার্থীদের বিজয়ী ঘোষণা করা হয় রাউজান পৌরসভায় সব কাউন্সিলরও বিনা প্রতিদ্বন্দ্বিতায় নির্বাচিত হয়েছেন আওয়ামী লীগের বিজয়ীরা পৌরসভাগুলোতে আওয়ামী লীগের যে প্রার্থীরা জয় পেয়েছেন তাঁরা হলেন চট্টগ্রামের বারইয়ারহাটে মোহাম্মদ রেজাউল করিম রাঙ্গুনিয়ায় শাহজাহান সিকদার জামালপুর সদরে মোহাম্মদ ছানোয়ার হোসেন মাদারগঞ্জে মির্জা গোলাম কিবরিয়া ও ইসলামপুরে আবদুল কাদের সেখ রাজশাহীর চারঘাটে জিতেছেন একরামুল হক দুর্গাপুরে তোফাজ্জাল হোসেন চাঁদপুরের মতলবে আওলাদ হোসেন শহরাস্তিতে হাজি আবদুল লতিফ ভোলা পৌরসভার মেয়র হয়েছেন মোহাম্মদ মনিরুজ্জামান আর চরফ্যাশনে মো মোর্শেদ ঝিনাইদহের কালীগঞ্জে জিতেছেন আশরাফুল আলম আর মহেশপুরে আবদুর রশিদ খান যশোরের কেশবপুরে জিতেছেন রফিকুল ইসলাম মাদারীপুর সদরে খালিদ হোসেন ইয়াদ এবং লক্ষ্মীপুরের রায়পুর গিয়াস উদ্দিন রুভেল ভাট চাঁপাইনবাবগঞ্জের নাচোলে আবদুর রশিদ খান হবিগঞ্জ সদরে আতাউর রহমান মানিকগঞ্জের সিঙ্গাইরে আবু নাঈম মো বাশার কিশোরগঞ্জের ভৈরবে ইফতেখার হোসেন জয়লাভ করেছেন ব্রাহ্মণবাড়িয়া সদরে নায়ার কবির জয়পুরহাটে মোস্তাফিজুর রহমান ওরফে মোস্তাক ময়মনসিংহের নান্দাইলে রফিক উদ্দিন ভূঁইয়া গাজীপুরের কালীগঞ্জে এস এম রবীন হোসেন নীলফামারীর সৈয়দপুরে রাফিকা আকতার জাহান বেবী নির্বাচিত হয়েছেন বিপুল ব্যবধান যে ২৮টি পৌরসভায় আওয়ামী লীগের প্রার্থীরা জিতেছেন সেগুলোর বেশির ভাগেই ভোটের ব্যবধান ছিল বিপুল চট্টগ্রামের রাঙ্গুনিয়া পৌরসভায় আওয়ামী লীগের মেয়র প্রার্থী ও বর্তমান মেয়র শাহজাহান সিকদার ১৪ হাজার ৮০৪ ভোট পেয়ে বেসরকারিভাবে মেয়র নির্বাচিত হয়েছেন তাঁর প্রতিদ্বন্দ্বী বিএনপির প্রার্থী হেলাল উদ্দিন শাহ পেয়েছেন মোটে ২২১ ভোট ভোলার চরফ্যাশন পৌরসভায় আওয়ামী লীগ প্রার্থী মো মোরশেদ ১৪ হাজার ৯১৮ ভোট পেয়ে বিজয়ী হয়েছেন তাঁর নিকটতম প্রতিদ্বন্দ্বী বিএনপির হুমায়ুন কবির কবির সিকদার পেয়েছেন ৭৪৬ ভোট নাইদহের মহেশপুর পৌরসভায় নৌকা প্রতীকের আবদুর রশিদ খান পেয়েছেন ১৩ হাবার ৫৯৮ ভোট আর ধানের শীষের আমিরুল ইসলাম খান পেয়েছেন ১ হাজার ৫৫ ভোট নরসিংদীর চার কেন্দ্রে ভোট চতুর্থ ধাপে অনুষ্ঠিত নরসিংদী পৌরসভার নির্বাচনে ব্যালট ছিনতাইসহ নানা অনিয়মের অভিযোগে স্থগিত হওয়া চারটি কেন্দ্রে আজ ভোট গ্রহণ হয়েছে ওই চার কেন্দ্রের ভোটের ফলাফল ধরে ওই পৌরসভায় আওয়ামী লীগের প্রার্থী আমজাদ হোসেন বাচ্চুকে নির্বাচিত ঘোষণা করা হয়েছে তিনি পেয়েছেন ২১ হাজার ৭৬৮ ভোট তাঁর নিকটতম প্রতিদ্বন্দ্বী স্বতন্ত্র প্রার্থী এস এম কাইয়ুম পেয়েছেন ১৯ হাজার ৫৬৪ ভোট,1
দাম্পত্য জীবনে ঝগড়া হতেই পারে তবে এই ঝগড়ার নেতিবাচক প্রভাবে পড়তে পারে সন্তান বাড়ির শিশুরা মনোযোগী হয়ে থাকে তাই তাদের মনের ওপর যেকোনো নেতিবাচক ঘটনা ছাপ ফেলে অনেক বেশি এই সময় সন্তানদের মানসিক ক্ষতি কেমন হয় এবং বাবামা এ ক্ষেত্রে কী করতে পারেন এ বিষয়ে বিশ্লেষণ করছেন জাতীয় মানসিক স্বাস্থ্য ইনস্টিটিউটের চাইল্ড অ্যাডলসেন্ট অ্যান্ড ফ্যামিলি সাইকিয়াট্রি বিভাগের সহযোগী অধ্যাপক ডা হেলাল উদ্দিন আহমেদ শুনে নেওয়া যাক এ বিষয়ে তার পরামর্শগুলো শিশুদের মধ্যে ঝুঁকিপূর্ণ আচরণ প্রকাশ পায় যেকোনো শিশুর কাছেই বাবামা অনুকরণীয় কিন্তু যখন সে বাবামাকে ঝগড়া করতে দেখে তখন সে এক ধরনের নিরাপত্তাহীনতায় ভোগে বাবামার ঝগড়া প্রলম্বিত হলে অনেক শিশুর মধ্যে হিংস্র ঝুঁকিপূর্ণ বা অপরাধী আচরণ প্রকাশ পায় বাবামা একে অপরের সঙ্গে কথা বলা বন্ধ করে দিলে শিশুর মানসিক আবেগ অনুভূতি আচরণ এবং সামাজিক মেলামেশার ক্ষেত্রেও তখন সমস্যা হতে পারেমানসিক শক্তি কমে যেতে থাকে বাচ্চারা বাবামার সম্পর্কে শীতলতা সহজেই ধরতে পারে পরিবারে যে বাবামার দ্বন্দ্ব রয়েছে শিশুরা বুঝতে পারে একটি শিশু ছয় মাস বয়স থেকেই পারিবারিক অশান্তি অনুভব করতে পারে যদিও সে প্রকাশ করতে পারে না পরিস্থিতি এমন হলে তার মানসিক ভিত্তিও যে খুব দৃঢ় হবে এমন নয় ব্যাঘাত ঘটে সন্তানের ঘুমে বাবামায়ের ঝগড়ার কারণে সন্তানদের ঘুমে ব্যাঘাত ঘটতে পারে বাচ্চাদের মস্তিষ্কের প্রাথমিক বিকাশ এভাবে ক্ষতিগ্রস্ত হতে পারে উদ্বেগদুশ্চিন্তা তৈরি হতে পারে শুধু তাই নয় স্কুলে তার আচারআচরণে সমস্যা হতে পারে শিশু বিষণ্নতায় ভুগতে পারে এবং পড়াশোনায় অমনোযোগিতা দেখা যেতে পারে অনেক সময় ছেলেমেয়ে যদি একটু বড় হয় তাহলে তাদের মধ্যে নিজের ক্ষতি নিজে করা প্রবণতা দেখা যায় বাজার করার কাজে নতুন হলেবাজার করার কাজে নতুন হলে মানসিক ডিপ্রেশন থেকে অপরাধপ্রবণতা পারিবারিক কলহের মধ্য দিয়ে যে ছেলে সন্তান বড় হয় বড় হওয়ার পর তার মাদকাসক্তি অবাধ্যতা মারামারি করার প্রবণতা বেশি রাখা যায় অপরদিকে কন্যা শিশুরা চাপা স্বভাবের হওয়ার কারণে ভেতরে তারা চাপ অনুভব করে এবং অস্থিরতা দেখা যায় পরে তাদের মধ্যে সংসারের ভয় ডিপ্রেশনসহ বিভিন্ন ধরনের মানসিক সমস্যা দেখা দেয় ঝুঁকি বেশি টিনএজারদের পরিবারের দাম্পত্য কলহের নেতিবাচক প্রভাব শিশুদের তুলনায় টিনএজারদের ওপর বেশি এই বয়সে ভালোমন্দের বোধের জন্মটাও ইতোমধ্যে হয়ে যায় ফলে আতঙ্কিত হয়ে বাবামায়ের ঝগড়া থামাতে নিজেরাই উদ্যোগী হয় তারা অনেক সময় একটু বড় হওয়া সন্তান নিজের ক্ষতি নিজে করতে চায় অনেকে আত্মহত্যাপ্রবণ হয়ে ওঠে বাবামায়ের অবাধ্য হয়ে যেতে পারে নিজের ইচ্ছাকে বেশি প্রাধান্য দিয়ে থাকে সন্তানের ওপর যে পারিবারিক কলহের প্রভাব পড়ছে এই সম্পর্কে কিন্তু সব বাবামা অবগত থাকেন ছোটখাটো ঝগড়ার পর বাবামায়ের সমঝোতা সন্তানকে প্রশান্তি দেয় এই যে বাবামা কোনো বিষয় নিয়ে বিতর্ক করেন এবং সমাধান করে ফেলেন এটা থেকেও শিশুরা ভালো শিক্ষা নিতে পারে নিজেদের জীবনের এই শিক্ষা কাজে লাগাতে পারে সন্তান ট্রমার শিকার দাম্পত্য কলহের সমস্যাগুলো কাটাতে না পারলে সন্তান ট্রমার শিকার হতে থাকবে প্রতিনিয়ত ঝগড়ায় দুজনের একজন আধিপত্য বিস্তার করতে চায় অনেক সময় ভিকটিম রোল প্লে করার প্রবণতাও দেখা যায় এদিকে সন্তান ভয় পাচ্ছে আর অসহায় বোধ করছে এজন্য ঝগড়ার আগে নিজেকে প্রশ্ন করুন এই জিতে যাওয়ায় আসলে আপনার কতটুকু লাভ হচ্ছে পারিবারিক কলহকে কেন্দ্র করে বাচ্চাকে কখনোই যেকোনো একজনের পক্ষ নিতে বাধ্য করবেন না সংঘর্ষের পথে না গিয়ে চেষ্টা করুন ধৈর্য ধরে কথা বলার সন্তানদের সামনে কখনোই তর্কে জড়ানো উচিত নয় পরিস্থিতি যদি বাড়াবাড়ি পর্যায়ে চলে যায় তবে বাচ্চাদের সেখান থেকে সরিয়ে দেওয়ার চেষ্টা করুন ঝগড়ার আগে চিন্তা করুন আশপাশের মানুষদের ওপর কী ধরনের বিরূপ প্রভাব পড়তে পারে নিজেদের কিছু ভুলের জন্য আপনার সন্তানের সুন্দর শৈশব যেন ট্রমা না হয়ে যায়,0
আসন্ন শিক্ষাবর্ষের জন্য প্রণীত প্রাথমিক ও মাধ্যমিক স্তরের ৬৪৭টি পাঠ্যপুস্তকের অনলাইন সংস্করণ পিডিএফ প্রকাশ করেছে এনসিটিবি সংস্থাটির ওয়েবসাইটে  বইগুলোর পিডিএফ কপি দেওয়া হয়েছে ফলে কেউ চাইলে শিক্ষাবর্ষ শুরুর আগেই সেখান থেকে বই ডাউনলোড করে নিতে পারবে আজ রোববার মতিঝিলে এক অনুষ্ঠানের এই কার্যক্রম উদ্বোধন করেন শিক্ষা উপদেষ্টা অধ্যাপক চৌধুরী রফিকুল আবরার সি আর আবরার এবং প্রাথমিক ও গণশিক্ষা উপদেষ্টা বিধান রঞ্জন রায় পোদ্দার এ সময় মাধ্যমিক ও উচ্চশিক্ষা বিভাগের সচিব রেহানা পারভীন কারিগরি ও মাদ্রাসা শিক্ষা বিভাগের সচিব মুহাম্মদ রফিকুল ইসলাম প্রাথমিক ও গণশিক্ষা মন্ত্রণালয়ের সচিব আবু তাহের মো মাসুদ রানা এনসিটিবির চেয়ারম্যান অতিরিক্ত দায়িত্ব মো মাহবুবুল হক পাটওয়ারী প্রমুখ বক্তব্য দেন এবার প্রাথমিক ও মাধ্যমিক স্তরের জন্য মোট বইয়ের সংখ্যা ৩০ কোটি ২ লাখ ৫৫ হাজার ১৫৪ কপি এর মধ্যে ইবতেদায়ি স্তরসহ প্রাথমিকের ১১ কোটি ৭০ লাখ ৪৬ হাজারের বেশি বইয়ের শতভাগই বই সরবরাহ করা হয়েছে মাধ্যমিকে মোট বই ইবতেদায়ি ছাড়া ১৮ কোটি ৩২ লাখ ৮ হাজার ৬৯৩ কপি এর মধ্যে ২৭ ডিসেম্বর পর্যন্ত মাধ্যমিকের ৫৮ দশমিক ৬৮ শতাংশ পাঠ্যবই সরবরাহ হয়েছে,0
কেউ একজন বিস্ফোরক নিয়ে দূতাবাসে প্রবেশ করেছে এমন খবরের পর ফরাসি পুলিশ শুক্রবার প্যারিসে ইরানের কনস্যুলেট ঘেরাও করে রাখে পাশাপাশি তারা মিশনের অনুরোধে সেখানে প্রবেশের প্রস্তুতি নিচ্ছিল বলে একটি নিরাপত্তা সূত্রের বরাতে জানিয়েছে এএফপি সূত্র জানায় একজন প্রত্যক্ষদর্শী এক ব্যক্তিকে গ্রেনেড বা বিস্ফোরক বেল্ট নিয়ে প্রবেশ করতে দেখেছেন কনস্যুলেট থেকে বিষয়টি দেখতে বলা হলে ফরাসি এলিট পুলিশ ইউনিট এখানে চলে আসে এএফপির এক সাংবাদিক বলেছেন রাজধানীর ১৬ জেলায় কনস্যুলেটের আশপাশের পুরো এলাকা বন্ধ করে দেওয়া হয়েছে এবং পুলিশি উপস্থিতি বাড়ানো হয়েছে প্যারিস পরিবহন সংস্থা আরএটিপি অন এক্সএ বলেছে দুটি মেট্রো লাইন বন্ধ রাখা হয়েছে লাইন দুটি কনস্যুলেটের কাছাকাছি স্টেশন দিয়ে চলে গেছে,0
ডোনাল্ড ট্রাম্পের জয় মধ্যপ্রাচ্যের মানুষের কাছে কোনো চমক ছিল না ট্রাম্প জিতছেনএমনটি ধরে নিয়ে এ অঞ্চলের সরকারগুলো আগে থেকেই প্রস্তুতি নিয়েছিল তারা ট্রাম্পের শপথ নেওয়ার এক মাস আগেই তাঁর সঙ্গে কাজ করার সব প্রস্তুতি শেষ করেছে তবে ট্রাম্পের প্রথম মেয়াদে মধ্যপ্রাচ্যে যে পরিস্থিতি ছিল আজকের মধ্যপ্রাচ্য পরিস্থিতি তা থেকে সম্পূর্ণ ভিন্ন এই সময়ের মধ্যে সবচেয়ে বড় পরিবর্তন এসেছে ইরান ও গাজায় ইরান দিয়ে শুরু করা যাক ইরানের পারমাণবিক কর্মসূচি সীমিত করতে যে যৌথ সমন্বিত কর্মপরিকল্পনা জেসিপিওএ যেটি ইরান চুক্তি নামে পরিচিতি পেয়েছে চুক্তি করা হয়েছিল ট্রাম্প তাঁর প্রথম মেয়াদে সে চুক্তি বাতিল করেছিলেন সেই সময় ইরানের প্রেসিডেন্ট ছিলেন মধ্যপন্থী হাসান রুহানি ২০২১ সালে তাঁকে পরিবর্তন করে অতি রক্ষণশীল ইব্রাহিম রাইসিকে দায়িত্বে আনা হয় কিন্তু বর্তমানে ইরানের প্রেসিডেন্ট পদে আবার একজন অপেক্ষাকৃত মধ্যপন্থী নেতা এসেছেন তিনি মাসুদ পেজেশকিয়ান পেজেশকিয়ান দায়িত্ব নেওয়ার আগেই ইরান তার আরব প্রতিবেশীদের সঙ্গে সম্পর্ক উন্নয়নের উদ্যোগ গ্রহণ করে ২০২৩ সালের মার্চে ইরান ও তার প্রধান আঞ্চলিক প্রতিদ্বন্দ্বী সৌদি আরবের মধ্যে কূটনৈতিক সম্পর্ক পুনঃস্থাপন হয় এই অপ্রত্যাশিত ও অত্যন্ত গুরুত্বপূর্ণ সমঝোতা একটি চলমান চীনা উদ্যোগের অংশ যা কিনা এই অঞ্চলে উত্তেজনা কমানো ও স্থিতিশীলতা বাড়ানোর লক্ষ্যে গ্রহণ করা হয়েছিল আরেকটি পরিবর্তন হলো চীন ও রাশিয়ার সঙ্গে ইরানের সম্পর্ক আরও গভীর হয়েছে এবং তারা একে অপরের সঙ্গেও সম্পর্ক উন্নত করেছে ট্রাম্প তাঁর প্রথম মেয়াদে চীন ও ইরানের প্রতি সব সময় শত্রু ভাবাপন্ন ছিলেন যদিও রাশিয়ার প্রেসিডেন্ট ভ্লাদিমির পুতিনের সঙ্গে ট্রাম্পের একধরনের ব্রোম্যান্স ছিল কিন্তু ট্রাম্প ইউক্রেন ও মধ্যপ্রাচ্যের যুদ্ধ বন্ধে পুতিনের সঙ্গে সরাসরি সমন্বয় করার আগ্রহ দেখালেও তাঁকে এ দফায় নতুন সম্পর্কের গতিশীলতার সঙ্গে তাল মিলিয়ে পা ফেলতে হবে যাই হোক মধ্যপ্রাচ্যে শত্রুতা কমানো সহজ হবে না ২০২৩ সালের ৭ অক্টোবর হামাসের হামলার প্রতিশোধ নিতে ইসরায়েল গাজায় অভিযান চালায় এই হামলা এখন পর্যন্ত বহু বেসামরিক মানুষের মৃত্যু বাস্তুচ্যুতি এবং কষ্টের কারণ হচ্ছে যুক্তরাষ্ট্র ও ফ্রান্স লেবাননে যুদ্ধবিরতি আনতে সক্ষম হয়েছে এবং ট্রাম্পের শপথ নেওয়ার আগেই ইসরায়েলের হিজবুল্লাহবিরোধী অভিযান শেষ হওয়ার সম্ভাবনা রয়েছে তবে লেবাননে শান্তি চুক্তি হলে গাজায় একই রকম চুক্তি করা সহজ হবে নাকি কঠিন হবে তা এখনই বলা মুশকিল কারণ অনেক বিষয়েই ট্রাম্পের অবস্থান পরিষ্কার নয় মার্কিন প্রেসিডেন্ট জো বাইডেনকে বোঝা তুলনামূলক সহজ তিনি এবং তাঁর পররাষ্ট্রমন্ত্রী অ্যান্টনি ব্লিঙ্কেন একটি নির্দিষ্ট মাত্রার জায়নবাদী মতাদর্শগত দৃষ্টিভঙ্গি বহন করেন সে কারণে বাইডেন প্রশাসন ইসরায়েলকে তার অভিযান বন্ধ করতে বলেছে এবং গাজার বেসামরিক মানুষের পরিস্থিতি উন্নত না হলে ইসরায়েলকে সাহায্য বন্ধের হুমকি দিয়েছে যদিও একই সঙ্গে তারা ইসরায়েলের কার্যকলাপকে ন্যায্যতা দেওয়া এবং অস্ত্র সরবরাহ দেওয়া চালিয়ে গেছে লেবাননে যুদ্ধবিরতির পরও বাইডেন প্রশাসন ইসরায়েলের কাছে ৬৮ কোটি ডলারের অস্ত্র বিক্রির পরিকল্পনা করছে বলে খবর বেরিয়েছে ট্রাম্পও ইসরায়েলের স্বার্থকে অগ্রাধিকার দেওয়ার একই ধরনের প্রবণতা দেখিয়েছেন তাঁর প্রথম প্রশাসনের সময় তিনি কয়েক দশকের স্থিতিশীল নীতি ভেঙে মার্কিন দূতাবাসকে তেল আবিব থেকে জেরুজালেমে স্থানান্তর করেছিলেন দখলকৃত গোলান মালভূমিতে ইসরায়েলের সার্বভৌমত্বকে স্বীকৃতি দিয়েছিলেন এবং ফিলিস্তিনি শরণার্থীদের সহায়তাকারী প্রধান কর্মসূচি জাতিসংঘের রিলিফ অ্যান্ড ওয়ার্কস এজেন্সির ইউএনআরডব্লিউএ অর্থায়ন বন্ধ করেছিলেন এ ছাড়া ট্রাম্প আরবইসরায়েল স্বাভাবিককরণ প্রক্রিয়া শুরু করেছিলেন এর মাধ্যমে ২০২০২১ সালে ইসরায়েল সংযুক্ত আরব আমিরাত বাহরাইন মরক্কো এবং সুদানের সঙ্গে তথাকথিত আব্রাহাম চুক্তিতে স্বাক্ষর করেছিল ট্রাম্প তাঁর নতুন প্রশাসনে প্রচুর ইসরায়েলপন্থী ব্যক্তিকে অন্তর্ভুক্ত করার পরিকল্পনা করছেন তবে গাজার যুদ্ধের ক্ষেত্রে ট্রাম্পের নির্দিষ্ট কোনো আদর্শিক অঙ্গীকার না থাকার কারণে তাঁর লক্ষ্য খুবই স্পষ্ট তা হলো একটি চুক্তি করা তবে বোঝা যাচ্ছে যে চুক্তিই হোক না কেন তা সম্ভবত ফিলিস্তিনিদের জন্য ক্ষতিকর হবে এর কারণ শুধু মার্কিন প্রশাসনের ইসরায়েলপন্থী মনোভাব নয় বরং বাইরের মধ্যস্থতায় হওয়া চুক্তিগুলোও সাধারণত বিদ্যমান শক্তির ভারসাম্যকে গুরুত্ব দিয়ে থাকে আর এটি স্পষ্টতই ইসরায়েলের পক্ষে যায় ফিলিস্তিনিরা আরব দেশগুলোর কাছ থেকেও খুব বেশি সমর্থন পাচ্ছে না অবশ্য সৌদি আরব ঘোষণা করেছে ১৯৬৭ সালের সীমানার মধ্যে স্বাধীন ফিলিস্তিনি রাষ্ট্র গঠিত না হলে তারা ইসরায়েলের সঙ্গে কূটনৈতিক সম্পর্ক স্থাপন করবে না কিন্তু ইসরায়েলের সঙ্গে আরব দেশগুলোর সম্পর্ক স্বাভাবিককরণে প্রস্তাবকৃত আব্রাহাম চুক্তিগুলো চাপের মুখে থাকলেও এখনো তা ভেঙে পড়েনি ইসরায়েলি সাংবাদিক বারাক রাভিদের মতে ট্রাম্প হয়তো ইসরায়েলের প্রধানমন্ত্রী বেনিয়ামিন নেতানিয়াহুর ওপর ক্ষোভ পুষে রাখতে পারেন কারণ ২০২০ সালের নির্বাচনে ট্রাম্প পরাজিত হওয়ার পর নেতানিয়াহু তড়িঘড়ি করে বাইডেনকে অভিনন্দন জানিয়েছিলেন এতে ট্রাম্প ক্ষুব্ধ হয়েছিলেন সে জন্য বহুবার শত্রুদের টার্গেট করার প্রতিশ্রুতি দেওয়া ট্রাম্পের পক্ষে সেই ক্ষোভ ধরে রাখা একেবারেই অসম্ভব নয় তবে ট্রাম্প যদি নতুন কোনো চুক্তি করেন সেটি ইসরায়েলের জন্যও খুব ভালো নাও হতে পারে ইসরায়েলি সাংবাদিক বারাক রাভিদের মতে ট্রাম্প হয়তো ইসরায়েলের প্রধানমন্ত্রী বেনিয়ামিন নেতানিয়াহুর ওপর ক্ষোভ পুষে রাখতে পারেন কারণ ২০২০ সালের নির্বাচনে ট্রাম্প পরাজিত হওয়ার পর নেতানিয়াহু তড়িঘড়ি করে বাইডেনকে অভিনন্দন জানিয়েছিলেন এতে ট্রাম্প ক্ষুব্ধ হয়েছিলেন সে জন্য বহুবার শত্রুদের টার্গেট করার প্রতিশ্রুতি দেওয়া ট্রাম্পের পক্ষে সেই ক্ষোভ ধরে রাখা একেবারেই অসম্ভব নয় সবচেয়ে সম্ভাব্য পরিস্থিতি হলো বর্তমান যুদ্ধ শেষ হয়ে ৭ অক্টোবরের আগে যে অবস্থা ছিল সে অবস্থায় ফিরে যাওয়া তবে ট্রাম্পের অস্থিরতা এবং ইসরায়েলপন্থী মনোভাবের কারণে এ অঞ্চলের অনেকেই চিন্তা করছেন ট্রাম্প হয়তো পশ্চিম তীরের কিছু অংশ ইসরায়েলকে দখল করতে অনুমতি দেবেন কিংবা গাজায় ইহুদি বসতি স্থাপনে সায় দেবেন ট্রাম্প এর আগেও একটি ইসরায়েলপন্থী চুক্তি করার চেষ্টা করেছিলেন ২০২০ সালের জানুয়ারিতে তিনি তাঁর মধ্যপ্রাচ্য শান্তি পরিকল্পনা প্রকাশ করেছিলেন সেই চুক্তিকে তিনি শতাব্দীর সেরা চুক্তি বলেছিলেন কিন্তু শেষ পর্যন্ত সে চুক্তি সম্পূর্ণ ব্যর্থ হয় সমস্যা হলো ফিলিস্তিনিরা যখনই দেখবে দুই রাষ্ট্রভিত্তিক সমাধানের কোনো সম্ভাবনাই আর নেই তখনই তারা কড়া প্রতিক্রিয়া দেবে সে কারণে ট্রাম্প যদি ৭ অক্টোবরের আগের অবস্থায় ফিরে যাওয়ার লক্ষ্যে চুক্তি করেনও সে চুক্তি বেশি দিন টিকবে না,1
রাজধানীর শাহবাগের শিল্পকলা একাডেমির সামনে দুর্বৃত্তদের হামলায় জাতীয়তাবাদী ছাত্রদলের কেন্দ্রীয় কমিটির সাবেক দুই নেতা গুরুতর আহত হয়েছেন তাঁরা হলেন কেন্দ্রীয় ছাত্রদলের সাবেক সভাপতি রওনকুল ইসলাম শ্রাবণ ৩৭ ও সাবেক সহসভাপতি ঝলক ৩৫ মঙ্গলবার রাত ১০টার দিকে তাঁদের ঢাকা মেডিকেল কলেজ ঢামেক হাসপাতালের জরুরি বিভাগে নিয়ে আসা হয় আহতদের ভাষ্য শিল্পকলা একাডেমির সামনে বসা অবস্থায় হঠাৎ ২০ থেকে ২২ দুর্বৃত্ত তাঁদের ওপর অতর্কিত হামলা চালায় তাঁদের হাতুড়ি দিয়ে পেটানোর পাশাপাশি কুপিয়ে জখম করা হয় পরে পুলিশ গিয়ে আহত অবস্থায় তাঁদের উদ্ধার করে ঢাকা মেডিকেল হাসপাতালে নিয়ে আসে পরে আহত ঝলককে একটি বেসরকারি হাসপাতালে নিয়ে যাওয়া হয় তবে তাঁদের ওপর কে বা কারা হামলা চালিয়েছে তা নিশ্চিত করে বলতে পারেননি ভুক্তভোগীরা শাহবাগ থানার এসআই ইশতিয়াক বলেন ৯৯৯ নম্বরে একটি ফোনকল পেয়ে আমরা ঘটনাস্থলে যাই আমরা যেতেই হামলকারীরা পালিয়ে যায় কে বা কারা তাঁদের ওপর এই হামলা চালিয়েছে বিষয়টি ভুক্তভোগীরা জানাতে পারেননি,0
গভীর শ্রদ্ধা যথাযথ মর্যাদা ও পূর্ণ ভাবগাম্ভীর্য সহকারে অমর একুশে ফেব্রুয়ারির প্রথম প্রহরে জাতি ভাষা শহীদদের স্মরণের মাধ্যমে মহান শহীদ দিবস ও আন্তর্জাতিক মাতৃভাষা দিবস পালন করেছে একুশে ফেব্রুয়ারিতে নাশকতার কোন শঙ্কা নেই তবে কেন্দ্রীয় শহীদ মিনারসহ সারা দেশে কয়েক স্তরের নিরপত্তার কথা জানিয়েছেন র্যাব মহাপরিচালক ঢাকা বিশ্ববিদ্যালয় কর্তৃপক্ষ বলছে করোনার কারণে ব্যক্তি পর্যায়ে ২ জন এবং সংগঠন থেকে সর্বোচ্চ ৫ জন একত্রে শ্রদ্ধা নিবেদন করতে পারবে মূলত রাষ্ট্রভাষা বাংলার দাবিতে ১৯৫২ সালের এই দিনে বাঙালির রক্তে রঞ্জিত হয়েছিল রাজপথ ওই রক্তের দামে এসেছিল বাংলার স্বীকৃতি আর তার সিঁড়ি বেয়ে অর্জিত হয় স্বাধীনতা একুশে ফেব্রুয়ারি কেবল ভাষার অধিকার প্রতিষ্ঠার জন্য আত্মত্যাগের দিন নয় বাঙালির জাতিসত্তা স্বকীয়তা আর সাংস্কৃতিক স্বাতন্ত্র রক্ষার আন্দোলনের রক্তে লেখা স্মারক বাঙালির ইতিহাসের অবিস্মরণীয় এই দিনটি গতকাল আন্তর্জাতিক মাতৃভাষা দিবস হিসেবে সারা বিশ্বে পালিত হয় তবে গতবারের মতো এবারও করোনাকালীন বেশকিছু নির্দেশনা মেনেই শ্রদ্ধা জানাতে যেতে হবে সবাইকে ঢাকা বিশ্ববিদ্যালয় কর্তৃপক্ষ বলছে নিরাপত্তা তল্লাশির পাশাপাশি মাস্ক ও টিকার সনদও যাচাই করা হতে পারে পাশাপাশি সংক্রমন রোধে দলবেধে বেদিতে যাতায়াতেও নিষেধ করা হয়েছে এদিকে ২১ ফেব্রুয়ারির নিরাপত্তায় সিসিটিভি ক্যামেরার নজরদারির পাশাপাশি বিভিন্ন রাস্তায় বসানো হয়েছে তল্লাশি চৌকি সারাদেশে নাশকতার কোন শঙ্কা না থাকলেও নিরাপত্তায় সর্বোচ্চ প্রস্তুতির কথা জানিয়েছে র্যাব গোয়েন্দা নজরদারির পাশাপাশি সাইবার অপরাধ নিয়ন্ত্রণে অনলাইনেও থাকছে আলাদা মনিটরিং  শ্রদ্ধা নিবেদন করতে গিয়ে ভিড়ের মধ্যে নারী ও শিশুরা যাতে কোন ধরনের হেনস্তার শিকার না হয় সেদিকেও বিশেষ নজর থাকবে বলে জানিয়েছেন র্যাব মহাপরিচালক,0
২০২৬ সালকে বরণ করতে যখন হাজার হাজার নিউইয়র্কবাসী টাইমস স্কয়ারে ভিড় জমাবেন ঠিক তার আগে নবনির্বাচিত মেয়র জোহরান মামদানি ঘোষণা দিয়েছেন তিনি ৩১ ডিসেম্বর মধ্যরাতে পরিত্যক্ত এক সাবওয়ে স্টেশনে শপথ নেবেন ওই স্টেশন আমেরিকার গিল্ডেড এজ বা সমৃদ্ধির যুগে তৈরি করা হয়েছিল ৩৪ বছর বয়সী জোহরান নববর্ষের আগের রাতে নিউইয়র্কের সিটি হলের নিচে অবস্থিত এ পরিত্যক্ত স্টেশনে শপথ নেওয়ার পরিকল্পনা করছেন বর্তমানে এ স্টেশন লোকাল ৫ নম্বর ট্রেনের ঘোরার পথ হিসেবে ব্যবহৃত হয় এ ব্যতিক্রমী জায়গা বেছে নেওয়ার কারণ হিসেবে মামদানি বলেন এটি প্রতীকীভাবে একটি নতুন যুগের সূচনাকে জাগিয়ে তুলছে জোহরান মামদানি এক বিবৃতিতে বলেছেন এ স্থাপনা এমন এক শহরের স্মৃতিস্তম্ভ যা একসময় সুন্দর হওয়ার সাহস দেখাত এবং শ্রমজীবী মানুষের জীবন বদলে দেওয়ার মতো বড় কিছু গড়ে দিত সেই উচ্চাকাঙ্ক্ষা যেন কেবল অতীতের স্মৃতি হয়ে বা সিটি হলের সুড়ঙ্গের নিচে আটকা পড়ে না থাকে সে জন্য এ আয়োজন ওপরের ভবন সিটি হল থেকে যাঁরা নিউইয়র্কবাসীদের সেবা করার সুযোগ পাবেন তাঁদের লক্ষ্য হবে সে চেতনাকে ফিরিয়ে আনা জোহরান আরও যোগ করেন নতুন সুযোগের এ যুগে লাখ লাখ নিউইয়র্কবাসীকে নেতৃত্ব দেওয়ার সুযোগ পেয়ে তিনি ধন্য এবং শহরের এ মহান ঐতিহ্যকে এগিয়ে নিতে পেরে নিজেকে সম্মানিত মনে করছেন ১৯০৪ সালে নিউইয়র্কে প্রথম চালু ২৮টি স্টেশনের একটি হচ্ছে এ স্টেশন পরে ১৯৪৫ সালে আধুনিকায়নের সময় এটি বন্ধ করে দেওয়া হয় ১৯৭৯ সালে এটিকে নিউইয়র্কের ল্যান্ডমার্ক এবং ২০০৪ সালে জাতীয় ঐতিহাসিক স্থানের স্বীকৃতি দেওয়া হয় নতুন মেয়র জোহরান মামদানিকে শপথবাক্য পাঠ করাবেন নিউইয়র্কের অ্যাটর্নি জেনারেল লেটিসিয়া জেমস এরপর আজ বুধবার স্থানীয় সময় দুপুরে সিটি হলের সিঁড়িতে আরেকটি অনুষ্ঠান হবে সেখানে ভার্মন্টের সিনেটর বার্নি স্যান্ডার্স তাঁকে শপথ পাঠ করাবেন এরপর ব্রডওয়েতে একটি বড় উৎসবের ব্লক পার্টি আয়োজন করা হবে অ্যাটর্নি জেনারেল লেটিসিয়া জেমস বলেন সাবওয়ে স্টেশন বেছে নেওয়াটা যথার্থ হয়েছে কারণ ট্রেনব্যবস্থা নিউইয়র্কবাসীর জন্য এক মহাসাম্য বা সবাইকে এক করার জায়গা অ্যাটর্নি জেনারেল বলেন জোহরান আমাদের পরবর্তী মেয়র কারণ তিনি বোঝেন আমরা যে সাবওয়ে লাইনই ব্যবহার করি না কেন একে অপরের পাশে থাকা সব নিউইয়র্কবাসীর এমন একটি শহর পাওয়ার অধিকার আছে যেখানে তারা ভালোভাবে বেঁচে থাকতে পারবে জোহরান মামদানির শপথ অনুষ্ঠানে সাবেক মেয়রদের মধ্যে কেবল প্রগতিশীল ডেমোক্র্যাট বিল ডি ব্লাসিও উপস্থিত থাকার কথা নিশ্চিত করেছেন মাইকেল ব্লুমবার্গ বা রুডি জুলিয়ানি এখনো কিছু জানাননি বিদায়ী মেয়র এরিক অ্যাডামসও তাঁর উপস্থিতির বিষয়টি অস্পষ্ট রেখেছেন মীরা নায়ার ও জোহরান মামদানি মীরা নায়ার ও জোহরান মামদানিরয়টার্স গত সোমবার এক সংবাদ সম্মেলনে অ্যাডামস বলেন তিনি মামদানির সঙ্গে কথা বলে নিশ্চিত হতে চান যেন তাঁর উপস্থিতি কোনো বিঘ্ন না ঘটায় অ্যাডামস পরোক্ষভাবে জোহরান মামদানির সমর্থকদের সমালোচনা করে বলেন দিনটি অত্যন্ত গুরুত্বপূর্ণ ও ঐতিহাসিক তবে দুর্ভাগ্যবশত তাঁর কিছু সমর্থক আছেন যাঁরা সবকিছুতেই প্রতিবাদ করতে পছন্দ করেন তিনি চাইলে আমি যাব জবাবে জোহরান মামদানি বলেছেন সাবেক মেয়রকে অবশ্যই স্বাগত জোহরান শপথ নেওয়ার আগেই তাঁর ফায়ার ডিপার্টমেন্ট প্রধানকে বাছাই নিয়ে সমালোচনা করেছেন ধনকুবের ইলন মাস্ক তিনি যখন লিনিয়ান বনসিনোর ৫৬ নামের অভিজ্ঞ নারী ইএমএস জরুরি চিকিৎসাসেবা কর্মকর্তাকে ফায়ার ডিপার্টমেন্টের এফডিএনওয়াই প্রধান হিসেবে নিয়োগ দেন তখন মাস্ক তাঁর অভিজ্ঞতার অভাব নিয়ে প্রশ্ন তোলেন জবাবে মামদানি এক্সে সাবেক টুইটার লিখেছেন অভিজ্ঞতা অবশ্যই গুরুত্বপূর্ণ সে কারণেই আমি এমন একজনকে নিয়োগ দিয়েছি যিনি ইএমএসে ৩০ বছরের বেশি সময় কাটিয়েছেন মনে রাখবেন ফায়ার ডিপার্টমেন্টে আসা ৭০ শতাংশ ফোনই ইএমএস কর্মীরা সামলান গত সপ্তাহে মেয়র এরিক অ্যাডামস ৩৭ বছরের অভিজ্ঞতাসম্পন্ন মার্ক গুয়েরাকে সাময়িক সময়ের জন্য ফায়ার চিফ হিসেবে নিয়োগ দিয়েছিলেন এ প্রসঙ্গে জোহরান বলেন অন্য কোনো ঘটনা লিনিয়ানের দক্ষতাকে ম্লান করতে পারবে না বর্তমান মেয়র এ বছরের শেষ দিন পর্যন্ত সিদ্ধান্ত নেওয়ার পূর্ণ অধিকার রাখেন,0
উইন্ডোজ ব্যবহারকারীদের উদ্দেশে নতুন বার্তা দিয়েছে সফটওয়্যার নির্মাতা মাইক্রোসফট আগামী ১৪ অক্টোবর থেকে উইন্ডোজ ১০ অপারেটিং সিস্টেমের জন্য সাপোর্ট বন্ধ করে দিচ্ছে প্রতিষ্ঠানটি আর সে কারণেই উইন্ডোজ ১০ ব্যবহারকারীদেরকে এবার উইন্ডোজ ১১ অপারেটিং সিস্টেমে আপগ্রেড করতে উৎসাহিত করছে মাইক্রোসফট মাইক্রোসফটের সাপোর্ট বন্ধ হওয়ার অর্থ হচ্ছে আগামী মঙ্গলবার ১৪ অক্টোবর থেকে উইন্ডোজ ১০ ডিভাইসগুলো নতুন করে আর নিরাপত্তা আপডেট সিকিউরিটি আপডেটস পাবে না ফলে নিরাপত্তা ঝুঁকির মধ্যে পড়বে উইন্ডোজ ১০ ডিভাইসগুলো বিশেষ করে সাইবার আক্রমণের শিকার হওয়ার সম্ভাবনা বেড়ে যাবে এই প্রেক্ষাপটে মাইক্রোসফট তাঁদের ব্যবহারকারীদেরকে বিনামূল্যে উইন্ডোজ ১১এ আপগ্রেড করার জন্য তাড়া দিচ্ছে তবে সকল কম্পিউটারেই এটি করা সম্ভব হবে না আমেরিকান কনজিউমার গ্রুপ পিআইআরজিএর সিনিয়র ডিরেক্টর নাথান প্রকটর বলেছেন যে উইন্ডোজ ১০এর সাপোর্ট বন্ধ হওয়ায় ভোক্তা যেমন ক্ষতিগ্রস্ত হবেন তেমনি উইন্ডোজ ইকোসিস্টেমের জন্যেও তা বিপর্যয় ডেকে আনবে উল্লেখ্য বিশ্বের সবচেয়ে জনপ্রিয় কম্পিউটার অপারেটিং সিস্টেম হচ্ছে উইন্ডোজ মাইক্রোসফটের তথ্য অনুযায়ী বিশ্বজুড়ে ১৪০ কোটিরও বেশি ১৪ বিলিয়নেরও বেশি ডিভাইসে ব্যবহৃত হয় এই অপারেটিং সিস্টেম স্ট্যাটকাউন্টার থেকে প্রাপ্ত তথ্য অনুসারে জুলাই ২০২৫ পর্যন্ত উইন্ডোজ ব্যবহারকারীদের ৪৩ শতাংশই ব্যবহার করছিল উইন্ডোজ ১০ এ থেকেই বোঝা যাচ্ছে উইন্ডোজ ব্যবহারকারীদের মাঝে কতটা জনপ্রিয় উইন্ডোজ ১০ অপারেটিং সিস্টেমটি সেপ্টেম্বরে চালানো একটি সমীক্ষা দেখা গেছে যে উইন্ডোজ ১০ ব্যবহারকারীদের প্রায় একচতুর্থাংশ মাইক্রোসফটের আনুষ্ঠানিক সাপোর্ট শেষ হওয়ার পরেও এর ব্যবহার চালিয়ে যাওয়ার পরিকল্পনা করছেন এই প্রেক্ষাপটে আরেকটি গুরুত্বপূর্ণ তথ্য হচ্ছে প্রায় সাতজনের মধ্যে একজন নতুন কম্পিউটার কেনার পরিকল্পনা করছেন ব্যবহারকারীদের করণীয় যারা এখনই উইন্ডোজ ১১এ যেতে চাইছেন না তাঁদের জন্য একটি রাস্তা অবশ্য খোলা রেখেছে মাইক্রোসফট আর তা হচ্ছে আগামী ১২ মাসের জন্য এক্সটেন্ডেড সিকিউরিটি আপডেট পেতে সাইনআপ করা অর্থাৎ ব্যবহারকারী চাইলে আরও এক বছরের জন্য নিরাপত্তা আপডেট পাবেন উইন্ডোজ ১০ অপারেটিং সিস্টেম সেজন্য অবশ্য সেটিংসে প্রাইভেসি এন্ড সিকিউরিটি বিভাগে গিয়ে এই সেবার জন্য সাইনআপ করতে হবে এই স্কিমে সাইনআপ করার মাধ্যমে গ্রাহকরা আগামী বছর অক্টোবর পর্যন্ত কেবলমাত্র সিকিউরিটি আপডেট পাবেন অন্য কোনো প্রকার টেকনিক্যাল সাপোর্ট নয় ইউরোপীয় অর্থনৈতিক অঞ্চলের বাসিন্দারা সাইনআপ করার মাধ্যমে এই সুবিধাটি বিনামূল্যে পাবেন অন্যান্য ব্যবহারকারীদের এই সুবিধাটি বিনামূল্যে পেতে চাইলে উইন্ডোজ ১০এর সর্বশেষ আপডেটেড সংস্করণটি ব্যবহার করতে হবে থাকতে হবে একটি মাইক্রোসফট অ্যাকাউন্ট এবং তাঁদের পিসি সেটিংসের ব্যাকআপ নিতে হবে তা না হলে এক্সটেন্ডেড সিকিউরিটি আপডেট ইএসইউএর জন্য এককালীন ৩০ ডলার ফি প্রদান করতে হবে অথবা ১ হাজার মাইক্রোসফট রিওয়ার্ডস পয়েন্ট থাকতে হবে উইন্ডোজ ১০ ব্যবহারকারী বাণিজ্যিক প্রতিষ্ঠানগুলোকে এক্সটেন্ডেড সিকিউরিটি আপডেট পেতে ডিভাইস প্রতি খরচ করতে হবে ৬১ ডলার অঞ্চলভেদে খরচে তারতম্য হতে পারে তবে মাইক্রোসফট চাইছে গ্রাহকরা এখনই বিনামূল্যে উইন্ডোজ ১১এ আপগ্রেড করুক অর্থাৎ উইন্ডোজ ১১ ব্যবহারের জন্য উপযুক্ত ডিভাইসগুলোতে উইন্ডোজ ১০ ব্যবহার করতে নিরুৎসাহিত করছে মাইক্রোসফট তবে উইন্ডোজ ১০এর বহুল ব্যবহার এবং জনপ্রিয়তার কথা বিবেচনা করে এক্সটেন্ডেড সিকিউরিটি আপডেটএর পথ খোলা রেখেছে প্রতিষ্ঠানটি উল্লেখ্য মাইক্রোসফট ২০১৫ সালে প্রকাশ করে উইন্ডোজ ১০ অপারেটিং সিস্টেমটি এর পর থেকে ব্যবহারকারীরা নিয়মিত এবং ঘন ঘন সফটওয়্যার আপডেট পেয়েছে উইন্ডোজ ১০এর জন্য নতুন আপডেটের মাধ্যমে মাইক্রোসফট ব্যবহারকারীদেরকে নতুন ফিচার অফার করেছে প্রয়োজনীয় পরিবর্তন এনেছে এবং বিভিন্ন সময় উদ্ভূত নিরাপত্তা ত্রুটি ও বাগ ঠিক করেছে,0
রাজধানীর শাহবাগে সাংবাদিকের ওপর হামলার ঘটনায় কোটা বাতিলের আন্দোলনকারী শিক্ষার্থীদের বিরুদ্ধে মামলা হয়েছে মামলায় হত্যার উদ্দেশ্যে সাংবাদিকের ওপর হামলা গতিরোধ ক্ষতিসাধন ও ভয়ভীতি দেখানোর অভিযোগ আনা হয়েছে শনিবার ১৩ জুলাই শাহবাগ থানায় মামলাটি করা হয় বলে নিশ্চিত করেন ভারপ্রাপ্ত কর্মকর্তা ওসি মোস্তাজিরুর রহমান তিনি বলেন সময় টেলিভিশনের মানবসম্পদ ও প্রশাসন বিভাগের জ্যেষ্ঠ ব্যবস্থাপক সৈয়দ আসাদুজ্জামান বাদী হয়ে এজাহার দিয়েছেন এজাহারে অজ্ঞাতপরিচয় অনেককে উল্লেখ করা হয়েছে এজাহারে উল্লেখ করা হয়েছে বৃহস্পতিবার ১১ জুলাই বিকেল ৬টা ২০ মিনিটের দিকে সময় টেলিভিশনের সিনিয়র রিপোর্টার ত্বোহা খান তামিম ৩৭ এবং ক্যামেরাম্যান সুমন সরকারকে ৩৬ উদ্দেশ করে অকথ্য ভাষায় গালিগালাজ করতে থাকেন আন্দোলনকারীরা তারা বলেন সময় টিভির ক্যামেরা ধর লাকে এরপর আন্দোলনকারীরা সাংবাদিক তোহা খান তামিম ও সুমনকে লক্ষ্য করে কয়েকটি বড় বড় ইট ছুড়ে মারতে থাকেন যার একটি তামিমের বাম হাতের ওপর এসে পড়ে এসময় আন্দোলনকারীরা সুমনের হাত থেকে ক্যামেরা ও সরাসরি সম্প্রচারের যন্ত্রটি কেড়ে নেওয়ার চেষ্টা করেন এবং তামিমের হেলমেট খুলে নিয়ে হত্যার উদ্দেশ্যে মাথায় সজোরে আঘাত করেন আন্দোলনকারীরা বিভিন্নভাবে তাদের ভয়ভীতি ও প্রাণনাশের হুমকি দেন বলেও এজাহারে উল্লেখ করা হয়েছে,0
বন্যা নিয়ন্ত্রণ সেচ এবং পানি ব্যবস্থাপনার উন্নয়নে এশীয় উন্নয়ন ব্যাংক এডিবি বাংলাদেশকে ৭১ মিলিয়ন মার্কিন ডলারের ঋণ সহায়তা দেবে এই সহায়তা গোপালগঞ্জ ও মাদারীপুর জেলার গ্রামীণ জনগোষ্ঠীর জলবায়ু পরিবর্তনজনিত প্রভাব মোকাবিলার প্রস্তুতি গ্রহণকে জোরদার করবে এ লক্ষ্যে আজ শনিবার ২০ এপ্রিল ঢাকায় অর্থনৈতিক সম্পর্ক বিভাগ ইআরডি ও এডিবির মধ্যে একটি ঋণচুক্তি সই হয়েছে ইআরডি সচিব মো শাহরিয়ার কাদের সিদ্দিকী বাংলাদেশের পক্ষে এবং এডিবির আবাসিক প্রধান এডিমন গিনটিং এডিবির পক্ষে চুক্তিতে সই করেন এডিমন গিনটিং বলেন এই প্রকল্পটি জলবায়ু পরিবর্তন মোকাবিলায় বাংলাদেশকে সাহায্য করার ক্ষেত্রে এডিবির প্রতিশ্রুতির প্রতিফলন ঘটাবে কেননা এর মাধ্যমে বন্যা নিয়ন্ত্রণ এবং পানি ব্যবস্থাপনার অনেক উন্নতি হবে যা প্রধানত জলবায়ুর চ্যালেঞ্জ মোকাবিলায় সাহায্য করবে,0
প্রকৃতিতে এখন বর্ষাকাল চলছে এই সময় অনেকেই সর্দিকাশিতে আক্রান্ত হচ্ছেন ভাইরাসজনিত সর্দিকাশি সারাতে ওষুধের পাশাপাশি চাও বেশ উপকারী গবেষণায় দেখা গেছে যারা প্রতিদিন চা পান করেন তারা দীর্ঘ সময় ধরে সুস্থ থাকেন চা কেবল একটি সতেজ পানীয় নয় এটি বিভিন্ন উপায়ে স্বাস্থ্যের পক্ষেও উপকারী চায়ে অ্যান্টিঅক্সিডেন্ট বৈশিষ্ট্য পাওয়া যায় এতে কফির চেয়ে কম ক্যাফেইন থাকায় এটি ওজন কমাতেও সহায়তা করে কয়েক ধরনের চা আছে যেগুলি সর্দিকাশি ছাড়াও শরীরের নানা রোগ নিরাময়ে ভূমিকা রাখে যেমন আদা চা  নিয়মিত আদা চা খেলে হৃৎপিণ্ড ভালো থাকে রক্তচাপ নিয়ন্ত্রণে রাখে রক্ত জমাট বাঁধা রোধ করে এছাড়াও এটি কোলেস্টেরল কমায় এবং রক্ত সঞ্চালন আগের থেকে বৃদ্ধি করে সর্দি কাশির সময় সামান্য আদার গুনে উপশম পাওয়া যায় আদা কেটে অথবা গুঁড়ো করে রস বার করে খাওয়া যায় তবে স্বাদ বাড়ানো ছাড়া অনেক ওষুধি গুণ রয়েছে আদার গরম চায়ের সঙ্গে আদা মিশিয়ে খেলে অনেক উপকার পাওয়া যায় আদাতে ভিটামিন খনিজ ও অ্যামিনো অ্যাসিড রয়েছে এটি রক্ত সঞ্চালনপ্রক্রিয়া উন্নত করে হৃৎপিণ্ডকে সুস্থ রাখে পাশাপাশি আদার রস ধমনিতে চর্বি জমতে বাধা দেয় ফলে প্রতিদিন আদাচা পান খেলে হৃদরোগে ও স্ট্রোকের ঝুঁকি কমে গ্রিন টি  গ্রিন টি বিভিন্ন উপায়ে স্বাস্থ্যের জন্য উপকারী এই চা রক্তে শর্করার পরিমাণ নিয়ন্ত্রণ এবং হজম উন্নত করে গ্রিন টি কোলেস্টেরল কমাতে সহায়তা করে স্বাস্থ্য বিশেষজ্ঞদের মতে দিনে এক কাপ থেকে দু কাপ গ্রিন টি পান করা স্বাস্থ্যকর অ্যান্টিঅক্সিডেন্টে ভরপুর গ্রিন টি নিয়মিত খেলে ত্বক চুল সবই ভালো থাকে ক্যামোমাইল টি  ভেষজ চাএর মধ্যে অন্যতম হল এই ক্যামোমাইল টি একরকম ফুল থেকে তৈরি হয় এই চা যার ফলে এই চায়ের মধ্যে ক্ষতিকর ক্যাফেইন থাকে না এই চা খেলে স্নায়ুর উত্তেজনা কম থাকে ঘুম ভালো হয় পুদিনা চা  পুদিনা গাছের মূল পাতা কাণ্ডসহ গোটা গাছই ওষুধিগুণে পরিপূর্ণ এর পাতা সুগন্ধি হিসাবে রান্নায় ব্যবহার করা হয় পুদিনার মধ্যে থাকা মেন্থল খুবই উপকারী তাই লিকার চায়ের মধ্যে পুদিনা পাতা মিশিয়ে খানিকক্ষণ ঢেকে রেখে খেলে ভালো উপকার পাবেন তার আগে অবশ্য আদা দিয়ে পানিটা ফুটিয়ে নিলো ভালো হয় জবা ফুলের চা  জবা ফুলের চা পুষ্টিকর একটি পানীয় এটি উচ্চ রক্তচাপ এবং উচ্চ কোলেস্টেরলের সমস্যা কমায় একই সঙ্গে হজমের সমস্যাও দূর করে লিভারের রোগ সারাতেও জবা ফুলের গুণের তুলনা নেই এমনকী ক্যান্সারের প্রবণতা কমাতেও দারুণ উপকারী জবা ফুলের চা এতে প্রচুর পরিমাণে ভিটামিন সি খনিজ এবং অ্যান্টি অক্সিডেন্ট থাকে উদ্বেগ ও উদ্দীপনা কমাতেও প্রভাব রয়েছে জবা ফুলের চায়ের এটি ঠান্ডা বা গরম সবভাবেই খাওয়া যায় এই চায়ে কোনও রকম ক্যাফেইন থাকে না এজন্য এই চা শরীরের পক্ষে এটি খুবই উপকারী হয়,1
আজ মধ্যরাতের আকাশে দেখা যাবে বছরের প্রথম সুপারমুন চাঁদটি স্বাভাবিকের চেয়ে বড় দেখায় তাই একে সুপারমুন বলা হয় নাসার বিবৃতিতে জানানো হয় রোববার রাত ১২টা ৪৮ মিনিটে কক্ষপথে প্রদক্ষিণ করতে করতে পৃথিবীর সবচেয়ে কাছে চলে আসবে চাঁদ এজন্য এটিকে আমাদের চোখে বড় মনে হবে ওই সময় পৃথিবীর দ্রাঘিমাংশ অনুযায়ী চাঁদ আর সূর্য থাকবে একে অন্যের ঠিক বিপরীতে নাসার ভাষ্য রাতের আকাশে টানা ৩ দিন ধরে বেশ বড় চাঁদ দেখা যাবে সংবাদমাধ্যমটি আরও জানায় ১৯৭৯ সালে এমন বড় আকারের চাঁদের নাম সুপারমুন দেয়া হয় এদিকে নাসার জ্যোতির্বিজ্ঞানীদের একাংশের ভাষ্য চলতি বছরে ৪টি সুপারমুন হবে মার্চ থেকে জুনের মধ্যে দেখা যাবে কেউ কেউে আবার বলছেন ৩টি সুপারমুন হবে এপ্রিল ও মে মাসে,0
জুলাইআগস্টের মতো সেপ্টেম্বরেও মূল্যস্ফীতি বাড়বে তবে অক্টোবর থেকে কমতে শুরু করবে বলে আশা প্রকাশ করেছেন পরিকল্পনামন্ত্রী এম এ মান্নান মঙ্গলবার ৬ সেপ্টেম্বর সকালে এনইসি সম্মেলন কক্ষে ডেভেলপমেন্ট জার্নালিস্ট ফোরাম অব বাংলাদেশ ডিজেএফবি আয়োজিত উন্নয়ন সংলাপে এ আশা প্রকাশ করেন তিনি অর্থনীতি স্থিতিশীল হলে বাজারে তার প্রভাব পড়বে বলেও মনে করেন পরিকল্পনামন্ত্রী পরিকল্পনামন্ত্রী এম এ মান্নান বলেন এরইমধ্যে বাজারে চালের দাম কমে এসেছে আমরা আইএমএফের আন্তর্জাতিক মুদ্রা তহবিল ঋণ পেয়ে যাব আমি নিশ্চিত আমরা পাব সুতরাং এসব বিবেচনায় আমি মনে করি আমরা ঘুরে দাঁড়াব আমাদের রেমিট্যান্স আমাদের কৃষি আমাদের শ্রম এগুলো ক্ষতিগ্রস্ত হবে না সংলাপে অর্থনীতির বিভিন্ন দিক নিয়ে সাংবাদিকরা প্রশ্ন করেন জ্বালানি তেলের দাম আর ডলার সংকট নিয়ে করা প্রশ্নে মন্ত্রী আশ্বাস দেন তেলের দাম বাড়বে না বরং কমবে আইএমএফের ঋণ পেলে এবং ডলারের দাম ঠিক রাখতে পারলে অর্থনীতি স্থিতিশীল হবে সরকারি ব্যয় বেড়েছে স্বীকার করে মন্ত্রী বলেন অপ্রয়োজনীয় প্রকল্প নেয়া হচ্ছে না প্রকল্পের দুর্নীতি কমাতে কেনাকাটায় নজরদারি বাড়ানো প্রয়োজন তিনি আরও বলেন সবকিছুর মধ্যেও প্রবৃদ্ধি ৭ শতাংশের নিচে যেন না নামে সেদিকে খেয়াল রাখছে সরকার আমরা প্রকল্পে দুর্নীতি কমিয়ে রাখার চেষ্টা করি মূলত ক্রয়ের ক্ষেত্রে দুর্নীতি হয় আমরা সেখানে আমাদের তদারকি জোরদার করছি সেই সঙ্গে আইন প্রয়োগ করা জরুরি বলে আমি মনে করি,0
ভারতকে হারিয়ে টানা দ্বিতীয়বারের মতো অনূর্ধ্ব১৯ এশিয়া কপের চ্যাম্পিয়ন হয়েছে বাংলাদেশ শিরোপার স্বাদ পাওয়ার ২৪ ঘণ্টা না পেরোতেই এবার চ্যাম্পিয়নদের সুখবর দিলেন অন্তর্বর্তীকালীন সরকারের ক্রীড়া উপদেষ্টা আসিফ মাহমুদ সজীব ভূঁইয়া সোমবার ৯ ডিসেম্বর আজিজুল হাকিম তামিমদের ৫০ লাখ টাকা পুরস্কারের ঘোষণা দিয়েছেন আসিফ মাহমুদ জাতীয় ক্রীড়া পরিষদ সচিবের সাক্ষরিত এক বিবৃতিতে জানানো হয় অনূর্ধ্ব১৯ পুরুষ এশিয়া কাপে টানা দ্বিতীয়বার শিরোপা জয়ের গৌরবময় সাফল্যে যুব ও ক্রীড়া মন্ত্রণালয় তথা জাতীয় ক্রীড়া পরিষদের পক্ষ হতে মাননীয় উপদেষ্টা যুব ও ক্রীড়া মন্ত্রণালয় এবং মাননীয় চেয়ারম্যান জাতীয় ক্রীড়া পরিষদ অনূর্ধ্ব১৯ পুরুষ ক্রিকেট দলকে ৫০ পঞ্চাশ লক্ষ টাকা আর্থিক পুরস্কার ঘোষণা করেছেন,1
বলিউড তারকা সোনম কাপুর বাংলাদেশি এক ভক্তকে জন্মদিনের শুভেচ্ছা জানিয়েছেন সোমবার সোনম টুইট করে সাবরিনা ইলা নামে এক ভক্তকে শুভেচ্ছা জানান রাজধানীর আহসানউল্লাহ বিজ্ঞান ও প্রযুক্তি বিশ্ববিদ্যালয়ের শিক্ষার্থী ইলা টুইটারে ও ইনস্টাগ্রামে সোনম কাপুর আহুজা ক্যাফে নামে একটি ফ্যান ক্লাব পরিচালনা করছেন সেই সূত্রেই মূলত সোনম কাপুরের সঙ্গে তার সখ্যতা তৈরি হয়েছেপ্রিয় অভিনেত্রীর শুভেচ্ছা পেয়ে আপ্লুত ইলা টুইটারে লিখেছেন আমি কতটা খুশি হয়েছি তা তুমি জানো না আমি সবচেয়ে সৌভাগ্যবান আমি তোমাকে ভালোবাসি,1
আনুষ্ঠানিক ঘোষণা আসেনি তবে মৌসুম শেষে কিলিয়ান এমবাপ্পের পিএসজি ছাড়া অনেকটাই নিশ্চিত এর মধ্যে রিয়াল মাদ্রিদের সঙ্গে এমবাপ্পের চুক্তির বিস্তারিত তথ্যও সামনে এনেছে স্প্যানিশ সংবাদমাধ্যম মার্কাসহ একাধিক ইউরোপীয় সংবাদমাধ্যম গুঞ্জন এ রকম যে চুক্তি সই ছাড়া আর সবকিছুই হয়ে গেছে এমনকি এমবাপ্পের প্রতি পিএসজি ও কোচ লুইস এনরিকের আচরণেও এসেছে বেশ পরিবর্তন লিগ আঁতে টানা চার ম্যাচে ৯০ মিনিট খেলার সুযোগ পাননি এ ফরাসি তারকা ক্লাবের এমন আচরণে বিরক্ত এমবাপ্পে কথা বলেছেন কোচ এনরিকের সঙ্গেও পিএসজি কোচকেও বিষয়টি নিয়ে কথা বলতে হয়েছে সংবাদমাধ্যমের সঙ্গে বলেছেন ভবিষ্যতে চোখ রেখে এমবাপ্পেকে ছাড়া খেলায় অভ্যস্ত হতে চায় তাঁল দল ঘরোয়া লিগে এমবাপ্পেকে না নামানোর ঝুঁকি নিলেও চ্যাম্পিয়নস লিগে অবশ্য সে পথে হাঁটেননি এনরিকে রিয়াল সোসিয়েদাদের বিপক্ষে শেষ ষোলোর দ্বিতীয় লেগে পুরো ৯০ মিনিট মাঠে ছিলেন বিশ্বকাপজয়ী এই তারকা তাঁর জোড়া গোলেই পিএসজি ২১ গোলে জিতে উঠেছে শেষ আটে এর আগে প্রথম লেগেও ২০ ব্যবধানের জয়েও একটি গোল এসেছিল এমবাপ্পের কাছ থেকেই এখন শেষ আটে পিএসজি খেলবে বার্সেলোনার বিপক্ষে গুরুত্বপূর্ণ এ ম্যাচেও পিএসজির সবচেয়ে বড় ভরসার নাম এমবাপ্পে লিগে এ ফরোয়ার্ডকে পুরো সময় না খেলিয়ে দলকে অভ্যস্ত করার ঝুঁকি নেওয়ার সুযোগ থাকলেও চ্যাম্পিয়নস লিগে এমন কিছু হতে পারে আত্মঘাতী সেটি অজানা নয় পিএসজি কোচ এনরিকেরও তবে নিজের টুইচ ভিডিও লাইভস্ট্রিমিং সার্ভিস চ্যানেলে কথা বলার সময় বার্সার বিপক্ষে এমবাপ্পেকে বিশ্রাম দেওয়া নিয়ে বেশ রসিকতাই করলেন এই স্প্যানিশ কোচ পিএসজি কোচ লুইস এনরিকে পিএসজি কোচ লুইস এনরিকেপিএসজি ওয়েবসাইট সাবেক বার্সেলোনা কোচ এনরিকে সম্প্রতি তাঁর প্রয়াত মেয়ের নামের দাতব্য সংস্থা জানা ফাউন্ডেশনের উদ্বোধন করেন ৯ বছর বয়সে ক্যানসারে আক্রান্ত হয়ে মারা যায় জানা দাতব্য সংস্থাটি উদ্বোধনের পর টুইচ চ্যানেলে সেটি নিয়ে কথা বলেন পিএসজি কোচ সেখানে মজা করে এক অনুসারী জিজ্ঞেস করেছেন কতজন সাবস্ক্রাইভার পেলে এমবাপ্পেকে এনরিকে বার্সার বিপক্ষে সেন্টার ব্যাক হিসেবে খেলাবেন এমন প্রশ্ন এড়িয়ে না গিয়ে এনরিকেও উত্তর দেন বেশ মজা করে তিনি বলেছেন সাবস্ক্রাইবার না ৪ বা ৫ মিলিয়ন ইউরো এই দাতব্য সংস্থায় জানা ফাউন্ডেশন দান করে দিন আমি কিলিয়ানকে এমবাপ্পে বিশ্রামও দিয়ে দিতে পারি আপনার রসিদটি আমাকে পাঠিয়ে দেবেন টুইচে মজা করলেও বার্সার বিপক্ষে এমবাপ্পে হবেন এনরিকের তুরুপের তাস এমবাপ্পেরও জন্যও বিদায়ের আগে পিএসজিকে চ্যাম্পিয়নস লিগ শিরোপা এনে দেওয়ার এটিই শেষ সুযোগ বহু আরাধ্যের এই শিরোপাটি যদি এমবাপ্পে পিএসজিকে জেতাতে পারেন তবে বীরের বেশেই প্যারিসের ক্লাবটি থেকে বিদায় নেওয়ার সুযোগ পাবেন ফরাসি তারকা,0
রাজধানীর শ্যামপুর এলাকা থেকে জালনোট প্রস্তুতকারী হৃদয় মাতব্বরকে ২২ গ্রেপ্তার করেছে র্যাব৩ শুক্রবার ৭ জুন র্যাব৩ এর স্টাফ অফিসার মিডিয়া সহকারী পুলিশ সুপার শামীম হোসেন এ তথ্য নিশ্চিত করেন এর আগে বৃহস্পতিবার দিনগত রাতে অভিযান চালিয়ে বিপুল জালনোটসহ তাকে গ্রেপ্তার করা হয়অভিযানে হৃদয়ের কাছ থেকে জালনোট তৈরিতে ব্যবহৃত একটি সিপিইউ একটি মনিটর একটি প্রিন্টার একটি রাউটার একটি পেপার কাটার ৯টি ভুয়া জাতীয় পরিচয়পত্র এনআইডি কার্ড তিনটি ভুয়া ভারতীয় এনআইডি কার্ডের ফটোকপি ও ৬০ হাজার ৭০০ টাকার জালনোট উদ্ধার করা হয় র্যাব৩ এর স্টাফ অফিসার মিডিয়া সহকারী পুলিশ সুপার শামীম হোসেন বলেন আসন্ন ঈদুল আজহাকে টার্গেট করে বিপুল পরিমাণ জালনোট বাজারে সরবরাহের পরিকল্পনা করেছিলেন হৃদয় প্রতি ১ লাখ টাকার জাল নোট ১০ থেকে ১২ হাজার টাকায় বিক্রি করলেও ঈদে চাহিদা বেড়ে যাওয়ায় ১৫ হাজার টাকায় বিক্রি করছিলেন তিনি,0
প্রায় দুই মাসের জন্য নতুন একটি চাঁদ পেতে যাচ্ছে বিশ্ব শুনতে অবাক লাগলেও এটাই সত্যি আগামীকাল রোববার ২৯ সেপ্টেম্বর থেকেই দেখা যাবে এই মিনি মুন বিজ্ঞানীরা বলছেন একটি ছোট গ্রহাণু আমাদের গ্রহকে প্রদক্ষিণ করতে শুরু করবে আর তখনই এটি চাঁদের মতো দেখা যাবে এই চাঁদের নাম রাখা হয়েছে মিনি মুন কারণ মহাকাশ কেন্দ্র ছাড়া তা দেখা যাবে না বলে জানিয়েছেন গবেষকরা মার্কিন সংবাদমাধ্যম সিবিএস নিউজের প্রতিবেদনে বলা হয় ২৯ সেপ্টেম্বর থেকে নভেম্বরের ২৫ তারিখ পর্যন্ত পৃথিবীর আকাশে উদয় হবে ক্ষুদ্র চাঁদ আমেরিকান অ্যাস্ট্রোনমিক্যাল সোসাইটির প্রকাশিত প্রতিবেদন বলা হয় ২০২৪ পিটিফাইভ নামে একটি গ্রহাণু পৃথিবীকে অতিক্রম করবে সেপ্টেম্বরের শেষের দিকে গত মাসেই এই গ্রহাণুর অস্তিত্ব মিলেছে বিজ্ঞানীরা বলছেনপৃথিবীর পাশ দিয়ে যাওয়ার সময়ে গ্রহাণুর একটি অংশ মহাকর্ষ বলের কারণে কক্ষপথে ঢুকে যাবে তা পৃথিবীকে প্রদক্ষিণ করবে আগামী ২ মাস তার পর ধীরে ধীরে আকর্ষণ কাটিয়ে ফের চলে যাবে নিজের পথে আর এই প্রদক্ষিণরত গ্রহাণুর অংশকে উপগ্রহ হিসেবে মনে করছেন বিজ্ঞানীরা তুলনা করা হচ্ছে চাঁদের ছোট অংশের সঙ্গে গবেষণার প্রধান লেখক কার্লোস দে লা ফুয়েন্তে মার্কোস বলেন মিনিমুনটি সাধারণ টেলিস্কোপ বা দূরবীন দিয়ে দেখতে খুব ছোট হবে তবে শক্তিশালী সরঞ্জাম দিয়ে পেশাদার জ্যোতির্বিজ্ঞানীরা এটি সনাক্ত করতে সক্ষম হবেন,0
ছিনতাই করা মোবাইল ফোন বিক্রির টাকা ভাগাভাগি নিয়ে রাজধানীর পান্থপথে ফারুক হোসেনকে খুন করা হয়েছে বলে জানিয়েছে পুলিশ এ ঘটনায় গ্রেপ্তার করা হয়েছে তিনজনকে গতকাল রোববার ঢাকা মহানগর পুলিশের ডিএমপি মিডিয়া সেন্টারে আয়োজিত সংবাদ সম্মেলনে এ তথ্য জানান তেজগাঁও বিভাগের উপকমিশনার এইচএম আজিমুল হক গ্রেপ্তার ব্যক্তিরা হলো সাদ্দাম হোসেন সাব্বির ওরফে সিটু সাব্বির ওরফে সাগর মো রনি ও মো বিজয় তারা ছিনতাইয়ে জড়িত তাদের কাছ থেকে হত্যায় ব্যবহূত একটি ছুরি উদ্ধারের কথা জানিয়েছে পুলিশ উপকমিশনার এইচএম আজিমুল হক জানান নিহত ফারুক কারওয়ান বাজার রেললাইন সংলগ্ন বস্তিতে পরিবারের সঙ্গে থাকত সে ভ্যান চালানোর পাশাপাশি ছিনতাইকারী চক্রের সঙ্গে জড়িত ছিল নিহত ফারুক এবং গ্রেপ্তার সাব্বির রনি ও বিজয় একটি ছিনতাই মামলায় গ্রেপ্তার হয়ে কারাগারে ছিল ঘটনার তিন দিন আগে জামিনে বের হয় তারা ফের ছিনতাই শুরু করে দুদিনে ১২টি মোবাইল ফোন চুরি করে সেগুলো বিক্রি করা হয় টাকা ভাগাভাগি করা নিয়ে সাব্বিরের সঙ্গে ফারুকের তর্ক হয়,0
হাড় শরীরের অন্যতম গুরুত্বপূর্ণ অংশ  হাড় দুর্বল থাকলে কিংবা হাড়ের কোনও সমস্যা হলে শারীরিক গঠনেও সমস্যা দেখা দেয় শুধুমাত্র রোগ প্রতিরোধ ক্ষমতা বৃদ্ধি করাই সুস্বাস্থ্যের জন্য যথেষ্ট নয় এর পাশাপাশি হাড় শক্তিশালী করে তোলাও অত্যন্ত জরুরি দুর্বল হাড়ের কারণে অনেক সময় অল্প আঘাতেই ফ্র্যাকচার বা হাড় ভেঙে যাওয়ার মতো ঘটনা লক্ষ্য করা যায় এছাড়াও আর্থ্রাইটিস অস্টিওপোরোসিসএর মতো বিভিন্ন হাড় সংক্রান্ত রোগও দেখা দিতে পারে এ কারণে খাদ্যতালিকায় এমন কিছু খাবার যোগ করা উচিত যা হাড় শক্তিশালী করতে পারে যেমন ১ ক্যালসিয়াম হাড়ের জন্য সবচেয়ে প্রয়োজনীয় পুষ্টি হিসেবে বিবেচিত  ক্যালসিয়াম হাড়কে শক্তিশালী করে তোলে হাড়ের রক্ষণাবেক্ষণে সহায়তা করে এবং পেশি নিয়ন্ত্রণ ও রক্ত সঞ্চালনসহ অন্যান্য গুরুত্বপূর্ণ শারীরিক কাজকর্ম সহজ করে তোলে তবে শরীর নিজে থেকে ক্যালসিয়াম তৈরি করতে পারে না খাদ্যতালিকায় থাকা খাবারগুলি থেকেই শরীর ক্যালসিয়াম শোষণ করে তাই খাদ্যতালিকায় ক্যালসিয়াম সমৃদ্ধ খাদ্য যেমন  দুধ এবং দুগ্ধজাত খাদ্য ব্রকোলি ওটমিল সয়া সবুজ শাকসবজি বাদাম ডুমুর ইত্যাদি যোগ করুন ২ ভিটামিনডি হাড় তৈরিতে এবং খাদ্য থেকে ক্যালসিয়াম শোষণের ক্ষেত্রে সাহায্য করে ভিটামিনডি এর সর্বোত্তম উৎস হল সূর্যের আলো এছাড়াও মাশরুম ডিমের কুসুম ফ্যাটি ফিস এবং সয়া দুধের মতো খাবারও ভিটামিনডি এর অন্যতম উৎস ৩ ভিটামিনসি সুস্থ হাড়ের বিকাশে সহায়তা করে বিভিন্ন ধরনের সাইট্রাস ফল যেমন  কমলালেবু জাম্বুরা লেবু স্ট্রবেরি ব্রকোলি এবং বেল পেপার ভিটামিনসি এর দুর্দান্ত উৎস ৪ হাড়কে শক্তিশালী করে গড়ে তুলতে ভিটামিনকে অত্যন্ত কার্যকর ভিটামিনকে হাড়ের ঘনত্ব বাড়ানোর ক্ষেত্রে অত্যন্ত জরুরি যাদের হাড় দুর্বল তাদের ক্ষেত্রে এটি অত্যন্ত প্রয়োজনীয় সহজেই হাড় ভেঙে যাওয়া রোধ করতে সহায়তা করে এই ভিটামিন তুলসি পাতা থাইম পার্সলে লেটুস বাঁধাকপি এবং ফুলকপিতে ভিটামিনকের ভালো উৎস ৫ ম্যাগনেসিয়াম হাড়ের কাঠামোগত বিকাশের ক্ষেত্রে গুরুত্বপূর্ণ ভূমিকা পালন করে এবং হাড়কে আরও শক্তিশালী করে তোলে বয়স্কদের মধ্যে বেশিরভাগের ম্যাগনেসিয়ামের ঘাটতি লক্ষ্য করা যায় ডার্ক চকোলেট অ্যাভোকাডো সবুজ শাকসবজি কুমড়োর বীজ কলা ম্যাগনেসিয়ামের দুর্দান্ত উৎস ৬ পর্যাপ্ত পরিমাণে দৈনিক প্রোটিনের গ্রহণ শরীরকে ক্যালসিয়াম শোষণ করতে এবং হাড়পাতলা হওয়ার ঝুঁকি রোধ করতে সাহায্য করে প্রোটিন হাড়কে শক্তিশালী করে তুলতে সাহায্য করে দুধ দই পনির সোয়াবিন ডিম ওটস ব্রকলি মাংস টোফু ইত্যাদি খাবারে পর্যাপ্ত পরিমাণে প্রোটিন পাওয়া যায় ৭ ক্যালসিয়াম শোষণের ক্ষেত্রে সাহায্যকারী অন্যতম পুষ্টি উপাদান হল ফসফরাস তাই হাড় শক্তিশালী করে তুলতে খাদ্যতালিকায় ফসফরাস সমৃদ্ধ খাদ্যের উপস্থিতি অত্যন্ত জরুরি মাছ মাংস দুগ্ধজাত পণ্য অ্যাভোকাডো আঙুর ডুমুর কলা ইত্যাদি খাবার ফসফরাসের দুর্দান্ত উৎস,1
বিগত সরকারের জ্বালানি খাতের ভুল নীতি ও দায়মুক্তি যে গোষ্ঠীতন্ত্রের স্বার্থ রক্ষার জন্যই চালু ছিল সৌরবিদ্যুৎ প্রকল্প নিয়ে ট্রান্সপারেন্সি ইন্টারন্যাশনাল বাংলাদেশের টিআইবি গবেষণা প্রতিবেদন থেকে সেটা আরেকবার পরিষ্কার হলো বাংলাদেশের অর্থনৈতিক অচলাবস্থা দারিদ্র্যের ঊর্ধ্বমুখী সূচি সামাজিক অসন্তোষের পেছনে নিশ্চিত করেই জ্বালানি খাতের অবাধ লুটপাটের বড় অবদান আছে টিআইবির গবেষণা জানাচ্ছে গত ১৫ বছরে ছয়টি সৌরবিদ্যুৎ প্রকল্পে প্রায় ৩ হাজার কোটি টাকা অতিরিক্ত ব্যয় হয়েছে গড়ে প্রতি মেগাওয়াট সৌরবিদ্যুৎ উৎপাদনের জন্য যেখানে ৮ কোটি টাকা প্রয়োজন সেখানে ৬টি প্রকল্পে গড়ে ১৩ কোটি ৮ লাখ টাকা ব্যয় দেখানো হয়েছে টিআইবির প্রতিবেদনে উঠে এসেছে পিডিবির আইপিপি বিভাগের কর্মকর্তা থেকে শুরু করে স্থানীয় জনপ্রতিনিধি পর্যন্ত বিস্তৃত একটি নেটওয়ার্ক কীভাবে দুর্নীতির সঙ্গে জড়িয়ে পড়েছিল এমনকি সরকারি জমিতে প্রকল্প বাস্তবায়িত হলেও সেখানে মেগাওয়াটপ্রতি উৎপাদন খরচ দেখানো হয়েছে ১৪ কোটি টাকা শ্রেণি পরিবর্তন করে কৃষিজমিতে সৌরবিদ্যুৎ প্রকল্প করা হয়েছে যোগসাজশের মাধ্যমে মৌজামূল্যও বেশি দেখানো হয়েছে এখানে একদিকে যেমন আর্থিক দুর্নীতি হয়েছে আবার কৃষি উৎপাদনকেও ক্ষতিগ্রস্ত করা হয়েছে প্রতিবেশী দেশগুলোর তুলনায় চার গুণ বেশিতে চুক্তি করা হয়েছে বিদ্যুৎ বিক্রির ক্ষেত্রেও আন্তর্জাতিক মানদণ্ড অনুসরণ করা হয়নি এ দুর্নীতি ও অনিয়মের সবটাই করা হয়েছে ২০১০ সালের বিদ্যুৎ ও জ্বালানির দ্রুত সরবরাহ বৃদ্ধি বিশেষ আইন আইনের অপব্যবহার করে অন্তর্বর্তী সরকার জ্বালানি খাতের দায়মুক্তি আইন বাতিল করলেও জ্বালানি খাত সংস্কারে কার্যকর কোনো উদ্যোগ নিতে পারেনি পরবর্তী নির্বাচিত সরকারকে অবশ্যই জ্বালানি খাতকে অতীতের ভুল নীতির খেসারত থেকে টেনে তুলতে হবে বাংলাদেশে যে জ্বালানির চাহিদা তার ৯৫ শতাংশের বেশি জোগান আসে জীবাশ্ম জ্বালানি বা কয়লা গ্যাস ও তেল থেকে আমাদের জ্বালানির যে মহাপরিকল্পনা সেটা জীবাশ্ম জ্বালানিনির্ভর শুধু জীবাশ্ম জ্বালানির ওপর নির্ভর করে একটি স্বনির্ভর টেকসই পরিবেশবান্ধব ও সাশ্রয়ী জ্বালানিব্যবস্থা গড়ে তোলা সম্ভব নয় এটা সত্যি যে জীবাশ্ম জ্বালানি থেকে একলাফেই আমাদের পক্ষে নবায়নযোগ্য জ্বালানিতে রূপান্তরিত হওয়া যাবে না কিন্তু জ্বালানি রূপান্তরের সুস্পষ্ট পথনকশা থাকতে হবে ধাপে ধাপে নবায়নযোগ্য জ্বালানির হিস্যা বাড়াতে হবে ফলে বিক্ষিপ্ত ও বিচ্ছিন্নভাবে নয় সময় এসেছে নবায়নযোগ্য জ্বালানিকে কেন্দ্রে রেখে নতুন করে জ্বালানি মহাপরিকল্পনা তৈরি করা বাতিল হওয়া কয়লা ও এলএনজিনির্ভর বিদ্যুৎকেন্দ্রের জন্য অধিগ্রহণ করা জমিতে সৌরবিদ্যুৎ প্রকল্প বাস্তবায়ন করা সম্ভব আমরা আশা করি রাজনৈতিক দলগুলো নিজেদের ইশতেহারে নবায়নযোগ্য জ্বালানিকে প্রাধান্য দিয়ে বিদ্যুৎ খাত নিয়ে তাদের পরিকল্পনা নাগরিকদের সামনে উপস্থাপন করবে,1
সৌদি প্রো লিগে উড়ছিল আল নাসর টানা ১০ জয়ের পর অবশেষে তাদের জয়রথ থামাল আল ইত্তিফাক গতকাল রাতে প্রতিপক্ষের মাঠে ২২ গোলে ড্র করেছে ক্রিস্টিয়ানো রোনালদোর দল তবে ম্যাচের স্কোরলাইনের চেয়েও এখন ফুটবলদুনিয়ায় বেশি আলোচনা রোনালদোর ক্যারিয়ারের ৯৫৭ নম্বর গোলটি নিয়ে কেন কারণ গোলটি তিনি পা বা মাথা দিয়ে নয় আক্ষরিক অর্থেই করেছেন কোমর দিয়ে ম্যাচের শুরুটা অবশ্য আল নাসরের জন্য সুখকর ছিল না ১৬ মিনিটেই সাবেক লিভারপুল তারকা জর্জিনিও উইনালদামের গোলে পিছিয়ে পড়ে তারা বিরতির ঠিক পরেই ৪৭ মিনিটে আল নাসরকে সমতায় ফেরান জোয়াও ফেলিক্স এরপরই আসে সেই মুহূর্তম্যাচের ৬৭ মিনিটে রোনালদোর সেই অদ্ভুত গোল গোলটি করতে রোনালদোকে আসলে খুব একটা কসরত করতে হয়নি ফেলিক্সের নেওয়া জোরালো শট রোনালদোর পিঠ বা কোমরের নিচের অংশে লেগে দিক পরিবর্তন করে জালে জড়ায় ভাগ্য সহায় থাকলে যা হয় আরকি বল জালে জড়ানো মাত্রই সিআর সেভেনের সেই চিরচেনা সিউউউ উদ্যাপন তিন কারণে রোনালদো এখনো অপরিহার্য বললেন পর্তুগাল কোচ তবে ভাগ্যের জোরে পাওয়া লিডটা শেষ পর্যন্ত ধরে রাখতে পারেনি আল নাসর ৮০ মিনিটে নিজের দ্বিতীয় গোল করে ইত্তিফাককে সমতায় ফেরান উইনালদাম শেষ পর্যন্ত পয়েন্ট ভাগাভাগি করেই মাঠ ছাড়তে হয় দুই দলকে ম্যাচ জিততে না পারলেও তালিকার শীর্ষ স্থানটা এখনো আল নাসরের দখলেই ১১ ম্যাচে ১০ জয় আর ১ ড্রয়ে ৩১ পয়েন্ট নিয়ে সবার ওপরে তারা বছরটা এমন এক গোল দিয়ে শেষ করে সামাজিক যোগাযোগমাধ্যমে রোনালদো লিখেছেন আমরা সঠিক পথেই আছি এবং জানি ২০২৬ সালে আমাদের কী করতে হবে এদিকে রোনালদোর এই কোমরকাব্য নিয়ে ইন্টারনেটদুনিয়ায় বইছে হাস্যরসের জোয়ার এক ভক্ত তো রোনালদোর কৃতিত্ব দিতে গিয়ে লিখেছেন গোট  চাইলে শরীরের যেকোনো অঙ্গ দিয়েই গোল করতে পারেন,0
করোনা সংক্রমণের সংখ্যা দিন দিনই বাড়ছে বিশেষজ্ঞদের মতে করোনার নতুন স্ট্রেনের হাত থেকে বাঁচতে হলে সঠিক পদ্ধতিতে মাস্ক পরা ভিড় এড়িয়ে চলা এবং পরিচ্ছন্নতা মেনে চলা জরুরি তবে অনেকেই মাস্ক পরতে গিয়ে নিয়ম মানছেন না অনেকেই পুরনো আলগা নোংরা হয়ে যাওয়া মাস্ক পরে বাইরে যাচ্ছেন বিশেষজ্ঞরা বলছেন মাস্ক পরার ক্ষেত্রে কিছু নিয়ম মানা জরুরি যেমন ১ মাস্ক এমনভাবে পরুন যাতে মুখ ও নাক সম্পূর্ণভাবে ঢাকা পরে মাস্ক পরে যদি শুধু নাক বা মুখের কোনও একটা খোলা থাকে তাহলে মাস্ক পরার কোনও উপযোগিতা থাকে না খেয়াল রাখবেন মাস্ক যেন নাকের ওপর থেকে শুরু করে গোটা মুখ ভালো ভাবে ঢাকতে পারে তাই মাস্ক কেনার সময় সেটি কতটা চওড়া তা ভালো করে দেখে তবেই কিনবেন বাজারে যেসব সার্জিক্যাল মাস্ক পাওয়া যায় তা এক লেয়ারের মহামারির এ সময়ে তা মোটেও উপযোগী নয় অন্তত তিন লেয়ারের মাস্ক ব্যবহার করা উচিত ২ মুখের থেকে ঢিলে মাস্ক ব্যবহার করবেন না মাস্ক ঢিলে হলে তা ঠিক করতে বারবার মুখে হাত দিতে হবে এতে হাতের ধুলো ময়লা মাস্কে লেগে যাওয়ার আশঙ্কা থাকে ৩ সুতির কাপড়ের তৈরি মাস্ক তাড়াতাড়ি ছিঁড়ে যায় রঙ হালকা হয়ে গেলে ও মাস্কে ছোট থেকে বড় ফুটো দেখা দিলে সঙ্গে সঙ্গে সেই মাস্ক ডাস্টবিনে ফেলে দিন ফুটো দেখা দিলে সেই মাস্ক না পরাই ভালো কারণ করোনার সঙ্গে সঙ্গে বাতাসে থাকা অন্যান্য ভাইরাসও আক্রমণ করতে পারে ৪ মাস্ক এখন বাধ্যতামূলক মাস্ক পরে যদি ত্বকে নানা সমস্যা যেমন ব্রণ র্যাশ চুলকানি ফুলে ওঠার মতো সমস্যা হয় তাহলে দ্রুত মাস্ক পরিবর্তন করা উচিত ৫ মাস্ক যদি পরিষ্কার করা যায় তাহলে অবশ্যই ধুয়ে শুকিয়ে তারপর পরা উচিত গবেষণা বলছে করোনা পরিস্থিতিতে সঠিক মাস্ক পরলে প্রায় ৭০ শতাংশ করোনা হওয়ার ঝুঁকি কমে শুধু পরলেই হবে না সেটি ঠিকসময়ে ফেলেও দিতে হবে ৬ মাস্ক পরে অস্বস্তি হলে অবশ্যই সেই মাস্ক এড়িয়ে চলুন আবার ঘন্টার পর ঘন্টা একই মাস্ক পরে থাকলে অস্বস্তি তৈরি হয় এতে শ্বাসপ্রশ্বাসে ব্যাঘাত ঘটে তাই মাস্ক বদলানো প্রয়োজন ৭ মাস্কের নোজ ক্লিপ আলগা হয়ে গেলে সেই মাস্ক দ্রুত পাল্টে ফেলুন এ ছাড়া কানে লাগানোর ইলাস্টিক বা কাপড় যদি আলগা হয়ে যায় তাহলে বুঝতে হবে মাস্ক পরিবর্তন করার সময় এসেছে,0
হেডে গোলের পর হলান্ডের উদ্যাপন হেডে গোলের পর হলান্ডের উদ্যাপনএএফপি ক্রিস্টাল প্যালেস ০৩ ম্যানচেস্টার সিটি সেলহার্স্ট পার্কে ক্রিস্টাল প্যালেসের বিপক্ষে ম্যাচের প্রথমার্ধ আর্লিং হলান্ড এ সময় প্রতিপক্ষের বক্সে মাত্র দুবার বল স্পর্শ করতে পারলেন কিন্তু হলান্ডের মতো স্ট্রাইকারের জন্য গোল করতে দুবার বল স্পর্শ করতে পারার সুযোগই যথেষ্ট সেটাই দেখা গেল ৪১ মিনিটে ম্যানচেস্টার সিটি রাইটব্যাক মাতেউস নুনেস ডান প্রান্ত থেকে ক্রস করেন ক্রিস্টালের বক্সে উদ্দেশ্য ছিলেন বক্সের ভেতর দাঁড়ানো হলান্ড ম্যানচেস্টার সিটির ৯ নম্বর তখন বল পাওয়ার আগে একবারও বল স্পর্শ করতে পারেননি কিন্তু প্রথমবার পাওয়া সুযোগেই করলেন টেক্সটবুক হেডবল ক্রিস্টালের গোলকিপার ডিন হেন্ডারসনের বাঁ প্রান্ত গলে জালে গোল খেলার ধারার বিপরীতে পাওয়া এই গোলকে পুঁজি করে সিটি বসে থাকেনি বিরতির পর ৬৯ মিনিটে এবং ৮৯ মিনিটে আরও দুটি গোল আদায় করে পেপ গার্দিওলার দল ৬৯ মিনিটে রায়ান শেরকির পাস পেয়ে বক্সের বাইরে থেকে ফিল ফোডেনের বাঁ পায়ের শট ঠেকাতে পারেননি ক্রিস্টাল গোলকিপার ২০ গোলে এগিয়ে যায় সিটি ৮৮ মিনিটে বল নিয়ে ক্রিস্টালের বক্সে ঢুকে পড়েন সিটির ব্রাজিলিয়ান উইঙ্গার সাভিনিও বিপদ টের পেয়ে তাঁকে ফাউল করতে বাধ্য হন ক্রিস্টাল গোলকিপার হেন্ডারসন পেনাল্টির বাঁশি বাজান রেফারি স্পটকিক থেকে ৮৯ মিনিটে ম্যাচে নিজের দ্বিতীয় গোলটি পেয়ে যান হলান্ড সিটির হয়ে চলতি মৌসুমে ২৭ ম্যাচে ৩৭ গোল করার পাশাপাশি আরও ৫ গোল বানালেন নরওয়ে তারকা ৩০ গোলের এই জয়ে ১৬ ম্যাচে ৩৪ পয়েন্ট হলো সিটির সমান ম্যাচে ৩৬ পয়েন্ট নিয়ে শীর্ষে থাকা আর্সেনালের সঙ্গে তাঁরা পিছিয়ে ২ পয়েন্ট ব্যবধানে টটেনহামের জালে নটিংহামের ৩ গোল সিটি গ্রাউন্ডে ম্যাচের শুরু থেকেই দ্বিতীয় সেরা দল ছিল টটেনহাম হটস্পার্স তাদের গোলকিপার গাগলিয়েলমো ভিকারিওর ভুলের সুযোগ নিয়ে ২৮ ও ৫০ মিনিটে জোড়া গোল করেন নটিংহাম উইঙ্গার ক্যালাম হাডসনওডোই ৭৯ মিনিটে ইব্রাহিম সানগারের করা শেষ গোলটির উৎসও ক্যালাম হাডসনওডোই ১৬ ম্যাচে ১৮ পয়েন্ট নিয়ে টেবিলে ১৬তম নটিংহাম সমান ম্যাচে ২২ পয়েন্ট নিয়ে ১১তম টটেনহাম ইংলিশ প্রিমিয়ার লিগে আজ অন্যান্য ম্যাচে নিউক্যাসলকে ১০ গোলে হারিয়েছে সান্ডারল্যান্ড ওয়েস্ট হামের বিপক্ষে ৩২ গোলে জিতেছে অ্যাস্টন ভিলা আরও পড়ুন ফিফা দ্য বেস্ট পুরস্কারের দিনক্ষণ ঘোষণা ১৪ ডিসেম্বর ২০২৫ ফিফা দ্য বেস্ট পুরস্কারের দিনক্ষণ ঘোষণা প্রথম আলোর খবর পেতে গুগল নিউজ চ্যানেল ফলো করুন ফুটবল থেকে আরও পড়ুন ক্রিস্টাল প্যালেসআর্লিং হলান্ডইংলিশ প্রিমিয়ার লিগম্যানচেস্টার সিটি ইংলিশ প্রিমিয়ার লিগ নিয়ে আরও পড়ুন মৌসুম শেষেই লিভারপুল ছাড়বেন সালাহ ২৫ মার্চ ২০২৬ মৌসুম শেষেই লিভারপুল ছাড়বেন সালাহ গার্দিওলা কি নতুন মাস্টারপিস আঁকবেন নাকি থামবে তুলির আঁচড় ২৪ মার্চ ২০২৬ গার্দিওলা কি নতুন মাস্টারপিস আঁকবেন নাকি থামবে তুলির আঁচড় ওয়েলবেকের জোড়া গোলে ব্রাইটনের কাছে সালাহআলিসনহীন লিভারপুলের হার ২১ মার্চ ২০২৬ ওয়েলবেকের জোড়া গোলে ব্রাইটনের কাছে সালাহআলিসনহীন লিভারপুলের হার বেঞ্চের শক্তিতেই কি এবার প্রিমিয়ার লিগের শিরোপা জিতবে আর্সেনাল ২১ মার্চ ২০২৬ বেঞ্চের শক্তিতেই কি এবার প্রিমিয়ার লিগের শিরোপা জিতবে আর্সেনাল ইংলিশ প্রিমিয়ার লিগ নিয়ে আরও পড়ুন আর্সেনাল না ম্যান সিটি পরের পাঁচটা ম্যাচ কোন দলের জন্য বেশি কঠিন আর্সেনাল না ম্যান সিটি পরের পাঁচটা ম্যাচ কোন দলের জন্য বেশি কঠিন ১৬ মার্চ ২০২৬ আর্সেনালকে এগিয়ে দিচ্ছে সিটি বাড়ছে বার্সারিয়াল উত্তাপ আর্সেনালকে এগিয়ে দিচ্ছে সিটি বাড়ছে বার্সারিয়াল উত্তাপ ১৬ মার্চ ২০২৬ প্রিমিয়ার লিগ পেল নতুন সর্বকনিষ্ঠ গোলদাতা আর্সেনাল পাচ্ছে শিরোপার সুবাস প্রিমিয়ার লিগ পেল নতুন সর্বকনিষ্ঠ গোলদাতা আর্সেনাল পাচ্ছে শিরোপার সুবাস ১৫ মার্চ ২০২৬ লা লিগার নিয়ন্ত্রণ বার্সার হাতে পিএসজির ঘাড়ে লাঁসের নিঃশ্বাস লা লিগার নিয়ন্ত্রণ বার্সার হাতে পিএসজির ঘাড়ে লাঁসের নিঃশ্বাস ০৯ মার্চ ২০২৬ নাগরিক সংবাদ কিশোর আলো বিজ্ঞানচিন্তা প্রথম আলো ট্রাস্ট বন্ধুসভা চিরন্তন ১৯৭১ ইপেপার প্রথমা মোবাইল ভ্যাস অনুসরণ করুন মোবাইল অ্যাপস ডাউনলোড করুন আমাদের সম্পর্কে বিজ্ঞাপন সার্কুলেশন নীতি ও শর্ত যোগাযোগ নিউজলেটার স্বত্ব  ১৯৯৮২০২৬ প্রথম আলো সম্পাদক ও প্রকাশক মতিউর রহমান,1
খুন নাকি আত্মহত্যা বলিউডের জনপ্রিয়ও অভিনেতা সুশান্ত সিং রাজপুতের মৃত্যুর ৫ বছর চলে যাবার পর অবশেষে তদন্তের ইতি টানল সিবিআই স্থানীয় সময় শনিবার ২২ মার্চ মুম্বাই আদালতকে এই মামলার অন্তিম রিপোর্ট জমা দিল সিবিআই জানিয়ে দিয়েছে আত্মহত্যাই করেছিলেন সুশান্ত সিং রাজপুত তদন্তে অন্য কোনো দিক উঠে আসেনি সিবিআইয়ের এক কর্মকর্তা জানিয়েছেন বান্দ্রা আদালতে সিবিআই এই মামলার চূড়ান্ত রিপোর্ট জমা দিয়েছে তদন্তে আত্মহত্যা ছাড়া অন্য কোনও তথ্য উঠে আসেনি অন্তিম রিপোর্টের সমস্ত তথ্য ও সাক্ষীদের নাম নথিভুক্ত করেছে সিবিআই সব ঠিক থাকলে আগামী ৮ এপ্রিল মামলার পরবর্তী শুনানি হবে,1
রাজধানীর বাজারে এক সপ্তাহ আগেই ৫ টাকা বেড়েছে ভোজ্যতেলের দাম এবার বোতলে নতুন মূল্যসহ সয়াবিন পামসহ সব ধরনের তেল বিক্রি করছেন দোকানিরা এদিকে সবজির দাম কিছুটা বেড়েছে আর কমেছে মুরগী ও পেঁয়াজের দাম নিয়ন্ত্রণহীন ভোজ্যতেলের বাজারে স্বস্তি মিলছেই না সরকারের সাথে বৈঠকে ৬ ফেব্রুয়ারি আগে দাম না বাড়ানোর কথা বলা হলেও বেশি দামেই বিক্রি হচ্ছে তেল বোতলজাত সয়াবিন তেল পাঁচ টাকা বাড়ায় প্রতি লিটার কিনতে হচ্ছে ১৬৫ থেকে ১৬৮ টাকায় বাড়তি খোলা সয়াবিন ও পাম তেলের দামও বোতলের গায়ে নতুন মূল্যও ছেপে দিয়েছে বিপনণকারী প্রতিষ্ঠানগুলো এদিকে দফায় দফায় দাম বাড়ায় ক্ষুব্ধ প্রতিক্রিয়া ক্রেতাদের তবে সপ্তাহের ব্যবধানে কিছুটা কমেছে মুরগির দাম ব্রয়লার ও সোনালী মুরগি প্রতি কেজিতে দাম কমেছে ১০ টাকা বা আরও বেশি ব্রয়লার মুরগি ১৬৫ টাকা এবং সোনালি মুরগি ২৭০ টাকা কেজি বিক্রি হচ্ছে  তবে বাজারে শীতকালীন সবজির সরবরাহ বাড়লেও দাম কিছুটা বেশি বাজারে আলু বিক্রি হচ্ছে ২০ টাকা কেজিতে দাম কমেছে পেঁয়াজেরও প্রতি কেজি দেশি পেঁয়াজ কেনা যাচ্ছে ৩০ টাকা কেজিতে,1
টিকা বিক্রির বিষয়টি তদন্ত করা হচ্ছে স্বাস্থ্য অধিদফতরের কেউ এর সাথে জড়িত থাকলে তার বিরুদ্ধে ব্যবস্থা নেয়া হবে অধিদফতরের মহাপরিচালক অধ্যাপক ডা আবুল বাশার মুহাম্মদ খুরশীদ আলম এ কথা বলেছেন রোববার২২ আগস্ট রাজধানীর বিভিন্ন হাসপাতাল পরিদর্শন শেষে মহাপরিচালক আরও বলেন টিকা নিতে মানুষের আগ্রহ বাড়ায় টিকাদানের ক্ষেত্রে জট তৈরি হয়েছে জট খুলতে কেন্দ্রগুলোতে বুথের সংখ্যা বাড়ানো হবে প্রয়োজন হলে টিকার কেন্দ্রও বাড়ানো হবে বলে তিনি জানিয়েছেন,0
কোটা সংস্কার আন্দোলনের তিন সমন্বয়ক নাহিদ ইসলাম আসিফ মাহমুদ ও আবু বকর মজুমদারকে সাদা পোশাকে ছয়জন তুলে নিয়ে যায় বলে অভিযোগ করেছেন নাহিদের বড় বোন ফাতেমা তাসনিম ফরাসি বার্তা সংস্থা এএফপিকে তিনি এ কথা জানান সোশ্যাল হ্যান্ডেল এক্সে এক পোস্টে এএফপি তিন সমন্বয়ককে হাসপাতাল থেকে তুলে নেওয়ার তথ্য জানায় রাজধানীর গণস্বাস্থ্য নগর হাসপাতালে চিকিৎসাধীন ছিলেন ওই তিন সমন্বয়ক সেখান থেকে বিকেলে গোয়েন্দা পুলিশ তাদের তুলে নিয়ে গেছে বলে এএফপিকে জানিয়েছেন হাসপাতালটির একাধিক কর্মকর্তাকর্মচারী গণস্বাস্থ্য নগর হাসপাতালের সুপারভাইজার আনোয়ারা বেগম লাকি জানান হাসপাতাল কর্তৃপক্ষ ওই তিন শিক্ষার্থীকে ছাড়পত্র দিতে চায়নি কিন্তু পুলিশ একপ্রকার চাপ দিয়েই তাদের তুলে নিয়ে গেছে নাহিদের বড় বোন ফাতেমা তাসনিম এএফপিকে জানান সাদা পোশাক পরা গোয়েন্দা সংস্থার ছয় ব্যক্তি তাদের তিনজনকে তুলে নিয়ে যায় হাসপাতাল সূত্রে জানা গেছে গত কয়েক দিন ধরে গণস্বাস্থ্য নগর হাসপাতালে চিকিৎসাধীন অবস্থায় ছিলেন নাহিদ আসিফ ও আবু বকর এএফপির খবরে আরও বলা হয় চিকিৎসাধীন তিনজন আইনশৃঙ্খলা বাহিনীর নজরদারিতে ছিলেন বৃহস্পতিবার সন্ধ্যা থেকেই তাদের সঙ্গে কাউকে দেখা করতে দেয়া হয়নি নাহিদ ইসলাম ও আসিফ মাহমুদ এর আগেও তাদের তুলে নিয়ে নির্যাতনের অভিযোগ করেছিলেন তবে ঢাকা মেট্রোপলিটন পুলিশের উর্ধ্বতন কর্মকর্তাদের কেউই এ ব্যাপারে কোনো মন্তব্য করেননি এএফপি আরও বলছে শুক্রবার তাদের তুলে নেওয়ার বিষয়টিও কেউ স্বীকার করেননি এর আগে হাসপাতালে চিকিৎসাধীন বৈষম্যবিরোধী ছাত্র আন্দোলনের সমন্বয়ক নাহিদ ইসলাম ও আসিফ মাহমুদের ওপর কঠোর নজরদারিতে রাখা হয় পাশাপাশি তাদেরকে কেবিনে অবরুদ্ধ এবং হাসপাতালের ওয়াইফাই ও টেলিফোন সংযোগ বিচ্ছিন্ন করে ফেলার অভিযোগ উঠেছে আইনশৃঙ্খলা রক্ষাকারী বাহিনীর বিরুদ্ধে দেশের জাতীয় দৈনিক দ্য ডেইলি স্টারের একটি প্রতিবেদনে এমনটাই জানানো হয়েছে কোটা সংস্কার আন্দোলনে শিক্ষার্থীদের প্ল্যাটফর্ম বৈষম্যবিরোধী ছাত্র আন্দোলনের সমন্বয়করা জানান চার দিনের আলটিমেটাম শেষ হওয়ার পর বৃহস্পতিবার তাদের নতুন কর্মসূচি ঘোষণা করার কথা ছিল অন্যতম সমন্বয়ক নাহিদ ইসলাম ও আসিফ মাহমুদ হাসপাতালে ভর্তি থাকায় সেখান থেকেই তারা কর্মসূচি ঘোষণা করবেন বলে জানিয়েছিলেন কিন্তু রাতে ওই হাসপাতালে গিয়ে দেখা যায় নাহিদ ও আসিফের কক্ষের সামনে আইনশৃঙ্খলা রক্ষাকারী বাহিনীর দুই সদস্য পাহারা দিচ্ছেন সমন্বয়কদের অভিযোগ আইনশৃঙ্খলা রক্ষাকারী বাহিনীর সদস্যরা বৃহস্পতিবার ওই হাসপাতালে যান এবং নাহিদ ও আসিফকে তাদের কেবিনে অবরুদ্ধ করে রাখে পাশাপাশি হাসপাতালের ওয়াইফাই ও টেলিফোন সংযোগও বিচ্ছিন্ন করে ফেলে এ কারণে তারা সময়মতো নিজেদের মধ্যে যোগাযোগ করতে পারেননি অথচ এদিন বিকেলে আসিফ মাহমুদের গণমাধ্যমকে বলেছিলেন তারা সমন্বয়কদের সঙ্গে বৈঠক করে নতুন কর্মসূচি ঘোষণা করবেন পরে সন্ধ্যা সোয়া ৭টার দিকে আসিফ তিনি ফোন করে জানান তিনি ও নাহিদ হাসপাতালে অবরুদ্ধ হয়ে পড়েছেন এবং আইনশৃঙ্খলা রক্ষাকারী বাহিনী হাসপাতালের ওয়াইফাই ও টেলিফোন লাইন কেটে দিয়েছে এ কারণে তারা অপর সমন্বয়কদের সঙ্গে যোগাযোগ করতে পারেননি সেইসঙ্গে হাসপাতালেই রাত ৮টা থেকে ৯টার মধ্যে একটি প্রেস ব্রিফিং করবেন বলেও জানান তবে ওইদিন রাত ৮টার দিকে হাসপাতালে কোনো প্রেস ব্রিফিংয়ের প্রস্তুতি দেখা যায়নি দ্য ডেইলি স্টারের ওই প্রতিবেদন বলছে ওইদিন রাতে হাসপাতালের সপ্তম তলায় নাহিদের কেবিনের সামনে তিনজন ও তৃতীয় তলায় আসিফের কেবিনের সামনে চারজন আইনশৃঙ্খলা বাহিনীর সদস্যকে সাদা পোশাকে দেখা যায় তারা নিজেদের গোয়েন্দা সংস্থার সদস্য পরিচয় দিয়ে এই প্রতিবেদককে কেবিনে প্রবেশ করতে দেননি এ বিষয়ে ঊর্ধ্বতন কর্তৃপক্ষের কঠোর নির্দেশনা আছে বলেও জানান তারা পরে বৈষম্যবিরোধী ছাত্র আন্দোলনের আরেক সমন্বয়ক আব্দুল হান্নান মাসুদ গণমাধ্যমকে বলেন আমরা সংবাদ ব্রিফিং করতে হাসপাতালে গিয়েছিলাম কিন্তু সাদা পোশাকে আইনশৃঙ্খলা বাহিনীর সদস্যরা আমাদের নাহিদ ও আসিফের সঙ্গে দেখা করতে দেয়নি পরে আমরা হাসপাতাল থেকে চলে আসি আর নাহিদ ইসলামের বলেন হাসপাতালের বাইরে অনেক আইনশৃঙ্খলা বাহিনীর সদস্য অবস্থান করছেন কাউকে ভেতরে ঢুকতে বা বের হতে দিচ্ছেন না বিকেলের পর থেকে ইন্টারনেট সংযোগও পাচ্ছি না এর আগে গত শনিবার ভোরে রাজধানীর সবুজবাগের একটি বাসা থেকে আইনশৃঙ্খলা রক্ষাকারী বাহিনীর পরিচয়ে নাহিদ ইসলামকে তুলে নিয়ে যাওয়ার অভিযোগ পাওয়া যায় পরদিন রোববার তাকে পাওয়া যায় এ সময় তার বাম উরু ও কাঁধে প্রচণ্ড ব্যথা ও গভীর ক্ষত ছিল অন্যদিকে শুক্রবার আসিফ মাহমুদ অপহরণ হয় বলে অভিযোগ ওঠে পাঁচ দিন পর তাকে পাওয়া যায়,1
কারা অস্ত্র সরবরাহ করেন এবং ঘটনার নেপথ্যে মাস্টারমাইন্ড কারা এমন প্রশ্ন করলে অতিরিক্ত পুলিশ কমিশনার হাফিজ আক্তার জানান এ বিষয়ে এখনও বিস্তর জিজ্ঞাসাবাদ চলছে অভিযুক্ত মাসুমকে কীভাবে শনাক্ত করা হলো এমন প্রশ্নের জবাবে পুলিশ জানায় বিভিন্ন স্থানের সিসিটিভি ফুটেজ দেখে এবং গোয়েন্দা তথ্যের ভিত্তিতে শতভাগ নিশ্চিত হয়ে তারপর মাসুমকে গ্রেপ্তার করা হয় তার বিরুদ্ধে একাধিক মামলা রয়ে বলেও জানা গেছে এসব মামলায় বিষণ্ন ছিলেন তিনি তাকে কেউ প্ররোচণা দিয়ে কিলিং মিশন সম্পন্ন করেছে কিনা তা যাচাই বাছাই করা হচ্ছে মো মাসুম ওরফে আকাশ গ্রাফিক আর্টস ও ডিজাইনে পড়াশুনা করেছেন বলে জানিয়েছে পুলিশ তার বাবা স্কুল শিক্ষক এবং মাসুম বিবাহিত বলে জানা গেছে,0
ধর্ষণচেষ্টার অভিযোগে সাময়িক বরখাস্ত হয়েছেন চট্টগ্রাম বিশ্ববিদ্যালয়ের রসায়ন বিভাগের অধ্যাপক মাহবুবুল মতিন তবে আন্দোলনকারী শিক্ষার্থীরা ঘোষণা দিয়েছেন স্থায়ী বহিষ্কার না করা পর্যন্ত আন্দোলন চলবে প্রয়োজনে আরও কঠোর হবেন তারা শিক্ষার্থীদের ডাকে চলা টানা এই আন্দোলনে এবার শামিল হয়েছেন শিক্ষকরাও তারা বুধবার দাঁড়ান হাতে হাত ধরে চান জড়িতদের দৃষ্টান্তমূলক বিচার শিক্ষকদের অভিযোগ বিশ্ববিদ্যালয় প্রশাসনের উদাসীনতায় একের পর এক ঘটনা ঘটছে নির্বিকার থাকছেন উপাচার্যও ধর্ষণচেষ্টার অভিযোগে মতিনের দৃষ্টান্তমূলক সাজা চেয়ে কয়েকদিন ধরেই চলছে এই আন্দোলন টানা আন্দোলনের পঞ্চম দিনে অভিযুক্ত শিক্ষককে সামরিক বরখাস্তের সিদ্ধান্তের কথা জানায় বিশ্ববিদ্যালয় প্রশাসন দাবি মেনে নেওয়া হয়েছে জানিয়ে শিক্ষার্থীদের ক্লাসে ফেরার আহ্বান জানায় বিশ্ববিদ্যালয় প্রশাসন বিশ্ববিদ্যালয় কর্তৃপক্ষ বাদী হয়ে রসায়ন বিজ্ঞান বিভাগের ওই শিক্ষকের বিরুদ্ধে মামলা না করায় ক্ষোভও প্রকাশ করেছেন,1
জেনেভায় বাইডেনপুতিন বৈঠককে ইতিবাচক বললেও মতামতের অমিলের কথা জানিয়েছেন দুই প্রেসিডেন্টই পরস্পরের প্রশংসাও করেন তারা রুশমার্কিন টানাপোড়েনের মধ্যেই বুধবার মুখোমুখি বৈঠক করেছেন প্রেসিডেন্ট জো বাইডেন ও প্রেসিডেন্ট ভ্লাদিমির পুতিন জেনেভায় ১৮ শতকের ভিলা লা গ্রাজে অনুষ্ঠিত হয় এই হেভিওয়েট বৈঠক কঠোর নিরাপত্তায় স্থানীয় সময় বেলা ১টায় শুরু হয় আলোচনা এসময় দুই রাষ্ট্রপ্রধানের সাথে ছিলেন দুদেশের পররাষ্ট্রমন্ত্রী অ্যান্টনি ব্লিনকেন ও সের্গেই ল্যাভরভ প্রায় তিন ঘণ্টার আলোচনায় সবচেয়ে গুরুত্ব পায় দুই দেশের পারস্পরিক সম্পর্ক উন্নয়নের বিষয়টি পারমাণবিক অস্ত্র নিয়ন্ত্রণে আলোচনা শুরুর বিষয়ে সম্মত হন দুই নেতা এছাড়া নির্ধারিত সময়ের আগেই শেষ হয় তাদের বৈঠক,1
তুচ্ছ ঘটনাকে কেন্দ্র করে ব্রাহ্মণবাড়িয়ার নাটাই দক্ষিণ ইউনিয়নের বড় হরণ গ্রামে দুপক্ষের সংঘর্ষ হয়েছে শনিবার দুপুর ২টার দিকে এ ঘটনা ঘটে ঘন্টাব্যাপী সংর্ঘষে উভয়পক্ষের অন্তত ১০ জন আহত হয়েছে ঘটনার খবর পেয়ে ব্রাহ্মণবাড়িয়া সদর থানা পুলিশ ঘটনাস্থলে পৌছে পরিস্থিতি নিয়ন্ত্রনে আনেন পুলিশ ও এলাকাবাসী জানান বড় হরণ গ্রামের ইসলামীয়া দাখিল মাদ্রাসার মালিকানাধীন একটি দোকানের মালিকানা নিয়ে মলাই মিয়ার সাথে একই এলাকার রমজান মিয়ার বিরোধ চলছিল এই বিরোধের জের ধরে বিষয়টি মামলা মোকদ্দমায় গড়ায় এর মধ্যে এক পক্ষ খবর পায় বিরোধ নিস্পতি হওয়ার আগেই মলাই মিয়ার লোকজন দোকানটি দখলের পায়তারা করছেন এমন খবর পেয়ে রমজান মিয়ার লোকজন দুপুর ১টার দিকে বড় হরণ বাজারে গিয়ে দোকান দখলের পায়তারার বিষয়টি জানতে চায় মলাই মিয়ার পক্ষের লোকজনের কাছে পরে এ নিয়ে মলাই মিয়ার পক্ষের সাথে রমজান মিয়ার লোকজনের কথা কাটাকাটি হয় পরে দুপক্ষ দেশীয় অস্ত্র শস্ত্র নিয়ে রেল লাইনের উপর সংঘর্ষে লিপ্ত হয় একে অপরের দিকে রেললাইনের পাথর নিক্ষেপ করলে উভয়পক্ষের অন্তত ১০জন আহত হয় তবে তাৎক্ষনিক ভাবে আহতদের নাম পরিচয় জানা যায়নি রমজান মিয়ার পক্ষের কামরুল ইসলাম জানান দোকান নিয়ে দুই পক্ষের মধ্যে আদালতে মামলা চলমান আছে আদালত থেকে স্থিতাবস্থা দেয়া হয়েছে তারপরও অপর পক্ষের লোকজন দোকানটির দখলের পায়তারা করছিলেন আমাদের লোকজন বাজারে গেলে মলাই মিয়ার লোকজনের সাথে কথা কাটাকাটি হয় তারা আমাদের লোকজনের উপর হামলা করে মলাই মিয়া পক্ষের বাবুল মিয়া জানান বাজার কমিটির লোকজন সহ স্থানীয় মুরুব্বিরা দোকানের চলমান বিরোধটি মিমাংসার জন্যে বসেছিলেন তারা হঠাৎ আমাদের লোকজনের উপর হামলা চালায় ব্রাহ্মণবাড়িয়া সদর মডেল থানা পুলিশের উপপরিদর্শক মো সাফায়েত উল্লাহ জানান পরিস্থিতি শান্ত রয়েছে সংঘর্ষ এড়াতে এলাকায় পুলিশ মোতায়েন করা হয়েছে,1
শিশু থেকে বয়স্ক সবারই পছন্দের খাবার ডিম কোনো কোনো ডিমের খোসা সাদা কোনোটার লালচে হয় আবার কুসুমের ক্ষেত্রেও কোনোটা হলুদ কোনোটা কমলা দেখা যায় ডিমের রঙের মতো কোন রঙের কুসুম স্বাস্থ্যের জন্য বেশি উপকারী তা নিয়ে অনেকেই দ্বন্দ্বে থাকেন যুক্তরাষ্ট্রের ইউনাইটেড স্টেটস ডিপার্টমেন্ট অব এগ্রিকালচার ইউএসডিএ এর গবেষকদের মতে একটি ৫০ গ্রাম ওজনের ডিমে ৭২ ক্যালরি ও ৪ দশমিক ৭৫ গ্রাম ফ্যাট  যার মধ্যে দ্রবণীয় মাত্র ১ দশমিক ৫ গ্রাম থাকে সাদা ও লাল ডিমে এই পুষ্টিগুণের পরিমাণ প্রায় এক এ কারণে লাল বা সাদা যাই হোক না কেন দুধরনের ডিমের খাদ্যগুণ বা পুষ্টিগুণ প্রায় সমান বেশিরভাগ মানুষেরই ধারণা কুসুমের রঙ যত গাঢ় হয় ওই ডিম তত স্বাস্থ্যকর তবে ইউএসডিএর গবেষকদের মতে কুসুমের রঙ নির্ভর করে মুলত মুরগির খাবারের ওপর আর ডিমের কুসুমের রঙ কমলা হয় ক্যারোটিনয়েড নামের এক রকম রাসায়নিকের প্রভাবে মুরগি খোলা জায়গায় যত বেশি ঘুরে বেড়ানোর সুযোগ পাবে তার ডিম ততই গাঢ় রঙের হবে বেশ কিছু খামারে ক্যারোটিনয়েড সমৃদ্ধ খাবার দেওয়া হয় মুরগিকে যার প্রভাবে ওই সব মুরগির ডিমের কুসুমের রঙ কমলা হয় যুক্তরাষ্ট্রের গবেষকদের মতে দুটি কারণে কুসুমের রঙ গাঢ় হতে পারে এর মধ্যে একটি হলো যদি মুরগিটি খোলা জায়গায় ঘুরে বেড়ানোর সুযোগ পায় এবং প্রাকৃতিক খাবার থেকে পুষ্টি পায় তাহলে দ্বিতীয়টি হলো যদি মুরগিটিকে বিশেষ ধরনের খাবার খাওয়ানো হয় তাহলেও এর ডিম গাঢ় হতে পারে গবেষকরা বলছেন খামারের যে কোনও মুরগির চেয়ে প্রাকৃতিক উপায়ে পুষ্টিকর খাবার খুঁজে খাওয়া মুরগির ডিমে ভিটামিন ই ভিটামিন এ আর ওমেগা থ্রি ফ্যাটি অ্যাসিডের পরিমাণ অনেক বেশি থাকে আর রঙও গাঢ় হয় কুসুমের রঙ যাতে গাঢ় হলুদ বা কমলা হয় এজন্য অনেক খামারের মালিক মুরগিকে ক্যারোটিনয়েড সমৃদ্ধ খাবার যেমন লাল ক্যাপসিকাম খাওয়ান কিন্তু তাতে কুসুমের খাদ্যগুণ বা পুষ্টিগুণে খুব একটা পার্থক্য হয় না,1
ভক্তরা ভেবেছিলেন পুষ্পা ২ দ্য রুল ছবির প্রিমিয়ারে পদপিস্ট হয়ে ভক্তের মৃত্যুর ঘটনায় তাঁদের প্রিয় তারকা আল্লু অর্জুন পরিত্রাণ পেতে পারেন কিন্তু এক বছর পার হতেই ভক্তরা শুনতে পেলেন দুঃসংবাদ হায়দরাবাদের থিয়েটারে পদদলনের ঘটনায় এখন প্রিয় তারকা আল্লু অর্জুনের বিরুদ্ধে চার্জশিট দাখিল হয়েছে এতে ফেঁসে যেতে পারেন প্রিয় এই তারকাপুষ্পা ২ দ্য রুল ছবির প্রিমিয়ার শো চলাকালীন সময়ে পদপিষ্ট হয়ে মারা যাওয়ার ঘটনায় অভিনেতা আল্লু অর্জুনসহ মোট ২৪ জনের বিরুদ্ধে চার্জশিট দাখিল করেছে পুলিশ ঘটনার এক বছরের বেশি সময় পর হায়দরাবাদের নামপল্লি আদালতের নবম অতিরিক্ত চিফ জুডিশিয়াল ম্যাজিস্ট্রেটের আদালতে চার্জশিট জমা দেওয়া হয়েছে পুষ্পা ২ সিনেমায় রাশমিকা মান্দানা ও আল্লু অর্জুন এক্স থেকে পুষ্পা ২ সিনেমায় রাশমিকা মান্দানা ও আল্লু অর্জুন এক্স থেকে ঘটনাটি ঘটে ২০২৪ সালের ৪ ডিসেম্বর হায়দরাবাদের আরটিসি এক্স রোড এলাকার সন্ধ্যা থিয়েটারে পুষ্পা ২ দ্য রুলএর প্রিমিয়ার শো চলাকালে বিপুলসংখ্যক ভক্ত অভিনেতাকে দেখতে জড়ো হলে পরিস্থিতি নিয়ন্ত্রণের বাইরে চলে যায় ভিড়ে ৩৫ বছর বয়সী রেবতী মারা যান তাঁর নাবালক ছেলে শ্রীতেজও শ্বাসরুদ্ধ হয়ে গুরুতর অসুস্থ হয়ে পড়েন এবং এখনো বিভিন্ন শারীরিক জটিলতায় ভুগছেন আল্লু অর্জুন আল্লু অর্জুনইনস্টাগ্রাম পুলিশের তদন্তে উঠে এসেছে দুর্ঘটনার পেছনে ছিল চরম অবহেলা ও নিরাপত্তার গুরুতর লঙ্ঘন চার্জশিটে সন্ধ্যা প্রেক্ষাগৃহের মালিকের বিরুদ্ধে অভিযোগের পাশাপাশি অনুষ্ঠানের ভিড় নিয়ন্ত্রণে ব্যর্থতার অভিযোগ আনা হয়েছে তদন্ত প্রতিবেদনে উল্লেখ করা হয়েছে আল্লু অর্জুনের পুষ্পা ২ দ্য রুল ছবির প্রিমিয়ারে আসবেন এটা আগেই জানা ছিল কিন্তু তারপরও যথাযথ নিরাপত্তাব্যবস্থা নেওয়া হয়নি এমনকি নিরাপত্তার ব্যাপারে পুলিশের পক্ষ থেকে অভিনেতার উপস্থিতির অনুমতি দেওয়া হয়নি আরও পড়ুন মামলার কারণে আহত কিশোরের সঙ্গে দেখা করতে পারছেন না আল্লু অর্জুন ১৬ ডিসেম্বর ২০২৪ মামলার কারণে আহত কিশোরের সঙ্গে দেখা করতে পারছেন না আল্লু অর্জুন পুষ্পা ২এ আল্লু অর্জুন ও রাশমিকা মান্দানা এক্স থেকে পুষ্পা ২এ আল্লু অর্জুন ও রাশমিকা মান্দানা এক্স থেকে চার্জশিটে আল্লু অর্জুনের বিরুদ্ধেও অভিযোগ আনা হয়েছে অভিযোগ অনুযায়ী ঝুঁকিপূর্ণ পরিস্থিতি থাকা সত্ত্বেও আল্লু অর্জুন উপস্থিত হন এবং স্থানীয় প্রশাসনের সঙ্গে আগে থেকে কোনো ধরনের যোগাযোগ করেননি এ ঘটনায় তাঁর ব্যক্তিগত ব্যবস্থাপক কর্মচারী এবং আটজন বেসরকারি দেহরক্ষীকেও অভিযুক্ত করা হয়েছে পুলিশের দাবি তাঁদের কিছু কর্মকাণ্ড পরিস্থিতিকে আরও বিপজ্জনক করে তোলে আরও পড়ুন আল্লু অর্জুন গ্রেপ্তার সিনেমা হলে নারী মৃত্যুর ঘটনায় অভিযুক্ত পুষ্পা তারকা ১৩ ডিসেম্বর ২০২৪ আল্লু অর্জুন গ্রেপ্তার সিনেমা হলে নারী মৃত্যুর ঘটনায় অভিযুক্ত পুষ্পা তারকা ভিআইপি অতিথিদের ঢোকার ও বের হওয়ার জন্য আলাদা কোনো ব্যবস্থা ছিল না বেসরকারি নিরাপত্তাকর্মীদের চলাচল ও আচরণ ভিড়ের চাপ বাড়িয়ে দেয় প্রেক্ষাগৃহ কর্তৃপক্ষের বিরুদ্ধে অবহেলাজনিত মৃত্যুর অভিযোগে ভারতীয় দণ্ডবিধির ৩০৪ ধারা এবং জননিরাপত্তা বিপন্ন করার অভিযোগে একাধিক ধারা যুক্ত করা হয়েছে আল্লু অর্জুন আল্লু অর্জুনভিডিও থেকে উল্লেখ্য ঘটনার পর ২০২৪ সালের ডিসেম্বরেই আল্লু অর্জুনকে গ্রেপ্তার করা হলেও পরে তিনি জামিনে মুক্তি পান পুলিশ জানায় তদন্ত চলাকালে অভিনেতা সহযোগিতা করেছেন চার্জশিট দাখিলের মধ্য দিয়ে মামলাটি এখন বিচারিক প্রক্রিয়ায় প্রবেশ করেছে নিহত রেবতীর পরিবার ইতিমধ্যেই ন্যায়বিচার ও আহত শিশুর দীর্ঘমেয়াদি চিকিৎসার জন্য ক্ষতিপূরণের দাবি জানিয়েছে,1
বর্তমান সরকার নিরপেক্ষ নির্বাচনের মাধ্যমে ক্ষমতা হস্তান্তরে বিশ্বাসী নয় রাতের অন্ধকারে নির্বাচন হয়ে যাবেএভাবে আর চলতে দেওয়া যায় না জাতীয় প্রেসক্লাবে আজ সোমবার জাতীয় সমাজতান্ত্রিক দলের জেএসডি আয়োজিত এক অনুষ্ঠানে বক্তারা এসব কথা বলেন এতে বিদ্যমান রাজনৈতিক সংকট নিরসনে জাতীয় সরকারের প্রস্তাব তুলে ধরেন জেএসডির সভাপতি আ স ম আবদুর রব অনুষ্ঠানে আ স ম আবদুর রব বলেন আমি উপলব্ধি করেছি এই জাতিকে বাঁচানো দরকার এ জন্য জাতীয় সরকারের প্রস্তাবনা দিয়ে আলোচনার সূত্রপাত করেছি তাঁর প্রস্তাব অনুযায়ী জাতীয় সরকারের উদ্দেশ্য হবে নির্বাচনের মাধ্যমে নির্বাচিত জনপ্রতিনিধিদের কাছে ক্ষমতা হস্তান্তর করা স্বাধীন নির্বাচন কমিশন প্রতিষ্ঠা করা রাজবন্দীদের মুক্তি দেওয়া সব গায়েবি মামলা প্রত্যাহার করা আইনের শাসন ও বিচার বিভাগের স্বাধীনতা নিশ্চিত করা গণফোরামের একাংশের সভাপতি মোস্তফা মহসিন মন্টু বলেন ২০১৮ সালের নির্বাচনে আমরা কী দেখলাম রাতের অন্ধকারে নির্বাচনটা হয়ে গেল ২০১৪ সালেও একই রকম হয়েছে জীবনভর কি আমরা এ রকম করতে থাকব এভাবে তারা পার পেয়ে যাবে এটা হতে পারে না গণসংহতি আন্দোলনের প্রধান সমন্বয়ক জোনায়েদ সাকি বলেন আন্তর্জাতিক শক্তির মধ্যে ভাগ তৈরি হয়েছে তাদের নিজস্ব স্বার্থে প্রতিদ্বন্দ্বিতা শুরু হয়ে গেছে বাংলাদেশের ওপরে প্রভাব খাটাতে তাদের নানা তৎপরতা চলবে বাংলাদেশের জনগণ যেন আন্তর্জাতিক শক্তির দ্বন্দ্বের বলি না হয় প্রস্তাবিত জাতীয় সরকারকে সমর্থন জানিয়ে ডাকসুর সাবেক ভিপি নুরুল হক বলেন এই সরকার ১২ বছরের শাসনামলে সব থেকে দুর্বল সময় পার করছে প্রশাসনের অনেকে আমাদের সঙ্গে যোগাযোগ করে অনুরোধ জানিয়েছেন আপনারা কিছু করেন আপনারা কিছু করলে আমরা নামব অনুষ্ঠানে আরও বক্তব্য দেন বাংলাদেশের বিপ্লবী ওয়ার্কার্স পার্টির সাধারণ সম্পাদক সাইফুল হক অধ্যাপক আবদুল লতিফ আইনজীবী হাসনাত কাইয়ুম প্রমুখ,0
বয়স ৭৮ হলে কী হবে এই মুহূর্তে বলিউডের ব্যস্ততম অভিনেতাদের একজন অমিতাভ বচ্চন ২৭ আগস্ট সিনেমা হলে মুক্তি পাবে তাঁর বহু প্রতীক্ষিত ছবি চেহেরে জানা গেছে এই ছবির জন্য এক রুপি পারিশ্রমিক নিতে রাজি হননি বিগ বি শুটিং স্পটে যাতায়াত খরচের বাইরে অন্য কোনো আনুষঙ্গিক খরচও তিনি নেননি এমনকি তাঁর ভাড়া বিমানের খরচও নিজেই মিটিয়েছেন বিগ বি আন্তর্জাতিক লোকেশনে এই বিমান ব্যবহার করেন তিনি কেন এত উদার হলেন পেশাদার অভিনেতা অমিতাভ চেহেরের গল্পটি নাকি তাঁর দারুণ পছন্দ হয়েছে এতটাই পছন্দ যে ছবিটিতে বিনা পারিশ্রমিকে কাজ করার সিদ্ধান্ত নিয়েছেন বলিউড শাহেনশা শুধু তাই নয় ছবির প্রচারেও মনপ্রাণ ঢেলে কাজ করছেন তিনি সামাজিক যোগাযোগমাধ্যমে ক্রমাগত চেহেরের প্রোমো গানসহ নানা কিছু পোস্ট করছেন ছবিতে অমিতাভ বচ্চন একটা কবিতা পাঠ করেছেন টাইটেল ট্রাকে তাঁর আবৃত্তি শোনা যাবে করোনার জন্য ছবিটি এত দিন মুক্তি পায়নি রহস্যথ্রিলারধর্মী এই ছবিতে অমিতাভ বচ্চন ছাড়া ইমরান হাশমিকে গুরুত্বপূর্ণ চরিত্রে দেখা যাবে এই প্রথম তাঁরা একসঙ্গে পর্দায় আসছেন রুমি জাফরি পরিচালিত এই ছবিতে আরও আছেন অন্নু কাপুর ধৃতিমান চ্যাটার্জি সিদ্ধার্থ কাপুর রঘুবীর যাদব রিয়া চক্রবর্তী বিগ বিকে আগামী দিনে ঝুন্ড মেডে ব্রহ্মাস্ত্রসহ আরও নানা ছবিতে দেখা যাবে,1
আন্তর্জাতিক ব্যাডমিন্টনের ফাইনালে উঠে আগেই ইতিহাসে নাম লিখিয়েছেন আল আমিন জুমারঊর্মি আক্তার জুটি তবে ইউনেক্সসানরাইজ বাংলাদেশ ইন্টারন্যাশনাল চ্যালেঞ্জে স্বর্ণ জিততে পারেননি এই জুটি শনিবার ২০ ডিসেম্বর মিশ্র দ্বৈতের ফাইনালে মালয়েশিয়ান জুটি দাতু আনিফ ইসাক ও ক্লারিসা সানের কাছে হেরে গেছেন তারা প্রথম সেটে লড়াই করলেও পরের সেটে আর পেরে ওঠেননি ২৭২৫ ও ২১১৪ পয়েন্টের ব্যবধানে হেরে বাংলাদেশ ইন্টারন্যাশনাল চ্যালেঞ্জ টুর্নামেন্টে রৌপ্য জিতেছেন তারা ইনকিলাব মঞ্চের মুখপাত্র শরিফ ওসমান হাদির মৃত্যুতে রাষ্ট্রীয় শোক দিবসের কারণে ফাইনালে কোনো আনুষ্ঠানিকতা রাখা হয়নি ফাইনালে ওঠার কারণে অর্থ পুরস্কার পেয়েছেন বাংলাদেশের মিশ্র দ্বৈতের তারকা জুটি জুমারঊর্মি বাংলাদেশ ব্যাডমিন্টন ফেডারেশনের সভাপতি হাবিব উল্লাহ ডন দুজনকে পাঁচশত করে মোট ১ হাজার ডলার অর্থ পুরস্কার দিয়েছেন একই সঙ্গে শাটলারদের উন্নত প্রশিক্ষণের জন্য বিদেশী কোচসহ সব ধরনের সুযোগসুবিধা প্রদানেরও আশ্বাস দিয়েছেন ফাইনাল শেষে আল আমিন জুমার বলেন প্রথমবারের মতো আমরা কোনো আন্তর্জাতিক ইভেন্টের ফাইনালে উঠতে পেরেছি এটা যেমন আনন্দের তেমনি চ্যাম্পিয়ন হতে না পেরে একটু তো খারাপ লাগছেই ওরা আমাদের চেয়ে সুযোগসুবিধা ট্রেনিংয়ে অনেক এগিয়ে সেদিক থেকে আমরা কিছুটা হলেও পিছিয়ে একক দ্বৈত এবং মিশ্র দ্বৈত তিন বিভাগেই আমি খেলেছি আমি কোনো ক্লান্তি অনুভব করিনি আনন্দ নিয়েই খেলেছি এবার পারিনি ভবিষ্যতে অবশ্যই দেশের জন্য স্বর্ণ পদক জিতে আনব ঊর্মি আক্তার জানান এসএ গেমসকে সামনে রেখে আমরা যে তিন মাসের ট্রেনিংয়ে ছিলাম সেটা অনেক কাজে দিয়েছে ওই কারণেই এই টুর্নামেন্টের ফাইনালে উঠতে পেরেছি ওদের সঙ্গে আমাদের অনেক পার্থক্য ওদের ড্রেস দেখলেই বুঝবেন বড় বড় স্পন্সর নিয়ে খেলে আমাদের সেভাবে কোনো স্পন্সর নেই দীর্ঘ মেয়াদী ট্রেনিংয়ের সুবিধা নেই আমরাও যদি ওদের মত সব ধরনের সুবিধা পেতাম তাহলে আরও অনেকদূর যেতে পারতাম মিশ্র দ্বৈতের পাশাপাশি আজ আরও চারটি ইভেন্টের ফাইনাল অনুষ্ঠিত হয় পুরুষ এককে দুই ভারতীয়র লড়াইয়ে মেইরাবা মাইসনাম ২১৭ ও ২১১২ পয়েন্টে নুমাইর শাইককে পরাজিত করেন নারী এককে চ্যাম্পিয়ন হন যুক্তরাষ্ট্রের ইসিকা জয়সোয়াল ভারতের তানভি রেড্ডিকে ২২২০ ২১২৩ এবং ২১১৫ পয়েন্টে পরাজিত করে স্বর্ণ জেতেন ইসিকা পুরুষ দ্বৈতের ফাইনালে ভিয়েতনামের ড্যাং খাহট্রান হোং জুটিকে ২১১৯ ও ২১১২ পয়েন্টের ব্যবধান হারান ভারতের নিরঞ্জনরুবান কুমার জুটি সবশেষ নারী দ্বৈতের ফাইনালে থাইল্যান্ডের পাত্থারিন সারিসা জানপেং জুটির কাছে মালয়েশিয়ার গ্যান মিনতান জিং জুটিকে ২১৭ ২০২২ ও ২১১৫ পয়েন্টে পরাজিত করেন,1
বিশ্বজুুড়ে জনপ্রিয়তার শীর্ষে যে মেসেজিং অ্যাপগুলো রয়েছে তার মধ্যে অন্যতম হোয়াটসঅ্যাপ তবে হঠাৎই প্রাইভেসি পলিসিতে বদল এনেছে তারা সেই নীতি অনুসরণ করতে হবে সব গ্রাহককে না হলে ডিলিট হয়ে যেতে পারে মেসেজিং অ্যাপটি মঙ্গলবার এই মেসেজিং অ্যাপের ব্যবহারকারীদের অ্যাপে একটি নোটিফিকেশন আসে এতে বলা হয় হোয়াটসঅ্যাপ তাদের প্রাইভেসি পলিসি বদলাচ্ছে এতদিন যেকোন আপডেট হোক বা প্রাইভেসি পলিসি স্বীকার করে নেওয়া সবকিছুতে নট নাও অপশন পাওয়া যেত অর্থাৎ কেউ পরে সেই পলিসি স্বীকার করতে পারতেন ঠিকঠাক চলত হোয়াটসঅ্যাপ কিন্তু এবার তা বদলাচ্ছে নতুন পলিসিতে নট নাও অপশনই থাকছে না ৮ ফেব্রুয়ারি পর্যন্ত এই পলিসি মেনে নেওয়ার সময় দেওয়া হয়েছে এর মধ্যে নীতি না মানলে নিষ্ক্রিয় হয়ে যাবে মেসেজিং অ্যাপটি যা আছে এই নতুন পলিসিতে ব্যবহারকরীরা হোয়াটসঅ্যাপে যা কনটেন্ট আপলোড সাবমিট স্টোর সেন্ড বা রিসিভ করবেন সেগুলিকে ব্যবহার রিপ্রডিউস আর ডিসপ্লে করার জন্য গোটা বিশ্বে ননএক্সক্লুসিভ রয়্যালটি ফ্রি ট্রান্সফারেবল লাইসেন্স দেওয়া হচ্ছে পাশাপাশি একাধিক নতুন সেবাও দেবে মেসেজিং অ্যাপটি যেমন ব্যবহারকারীর ফরোয়ার্ড করা কোন ছবি বা মেসেজ নিজেদের সার্ভারে সুরক্ষিত রাখবে তারা যাতে পরবর্তী সময় প্রয়োজনে তা ব্যবহার করা যায় এমনকি হোয়াটসঅ্যাপ পেমেন্টের ক্ষেত্রেও নতুন সুবিধা মিলবে,1
বন্ডে বিনিয়োগ শেয়ারবাজার এক্সপোজার থেকে বাদ দেওয়া হচ্ছে শেয়ারবাজারে ব্যাংকের বিনিয়োগ বাজার মূল্যে হিসাব করা হবেমর্মে কিছু গণমাধ্যমে প্রকাশিত খবর ঠিক নয় বলে জানিয়েছে বাংলাদেশ ব্যাংক বুধবার সন্ধ্যায় এক সংবাদ বিজ্ঞপ্তির মাধ্যমে কেন্দ্রীয় ব্যাংক এ তথ্য জানায় কেন্দ্রীয় ব্যাংক বলেছে শেয়ারবাজারে তফসিলি ব্যাংক এবং আর্থিক প্রতিষ্ঠানের বিনিয়োগ সংক্রান্ত অন্যান্য বিষয়ে শেয়ারবাজার নিয়ন্ত্রক সংস্থা বিএসইসির প্রতিনিধি দলের সঙ্গে বিস্তারিত আলোচনা হয়েছে তবে এ বিষয়ে কোনো সিদ্ধান্ত হয়নি সংবাদ বিজ্ঞপ্তিতে বলা হয় ব্যাংক কোম্পানি আইন ১৯৯১ এবং আর্থিক প্রতিষ্ঠান ১৯৯৩এ শেয়ারবাজারে ব্যাংক ও আর্থিক প্রতিষ্ঠানের বিনিয়োগের বিষয়ে বিদ্যমান কতিপয় আইনি সীমাবদ্ধতার বিষয়ে বিএসইসির প্রতিনিধি দলকে স্পষ্ট করে দেওয়া হয়েছে কিন্তু সভার পরে বাংলাদেশ সিকিউরিটিজ অ্যান্ড এক্সচেঞ্জ কমিশনের প্রতিনিধির বরাত দিয়ে বিভিন্ন সংবাদমাধ্যমে ওই সভার কতিপয় বিষয়ে সিদ্ধান্ত গ্রহণের যে সংবাদ প্রচার করা হয়েছে তা সঠিক নয় সংবাদ বিজ্ঞপ্তিতে আরও বলা হয় বাংলাদেশ ব্যাংকের ডেপুটি গভর্নর একেএম সাজেদুর রহমান খানের সভাপতিত্বে বিএসইসির সঙ্গে পূর্ব নির্ধারিত এ সভা কেন্দ্রীয় ব্যাংক কার্যালয়ে অনুষ্ঠিত হয়সভায় বিএসইসির উদ্যোগে ক্যাপিটাল মার্কেট স্ট্যাবিলাইজেশন ফান্ড গঠনের ফলে তফসিলি ব্যাংক ও আর্থিক প্রতিষ্ঠানের ক্ষেত্রে সৃষ্ট জটিলতা নিরসন এবং পুঞ্জিভূত লোকসান বিদ্যমান থাকলেও সংশ্নিষ্ট বছরের মুনাফা হতে নগদ লভ্যাংশ বিতরণের বিষয়ে আলোচনা হয়েছে এছাড়া সভায় ব্যাংক কোম্পানি আইন ১৯৯১ এর ৩৫১গ ধারা ও ২২ ধারা এবং আর্থিক প্রতিষ্ঠান আইন ১৯৯৩ এর ১০ ধারার বিষয়গুলো ব্যাখ্যা করে ক্যাপিটাল মার্কেট স্ট্যাবিলাইজেশন ফান্ডে ব্যাংক ও আর্থিক প্রতিষ্ঠানের অদাবিকৃত তহবিল স্থানান্তর এবং পুঞ্জিভূত লোকসান থাকা সত্ত্বেও নগদ লভ্যাংশ দেওয়া আইনসম্মত নয় বলে অভিহিত করা হয়েছে এ বিষয়ে বিএসইসির নির্দেশনায় প্রয়োজনীয় সংশোধন আনতে অনুরোধ জানিয়েছে বাংলাদেশ ব্যাংক নানা ইস্যুতে গত ২১ নভেম্বর থেকে মঙ্গলবার পর্যন্ত টানা আট কার্যদিবস ধরে দরপতন হয়েছে শেয়ারবাজারে এতে ৯০ শতাংশেরও বেশি শেয়ার দর হারায় এতে প্রধান মূল্য সূচক ডিএসইএক্সের ৩৮৮ পয়েন্ট বা সাড়ে ৫ শতাংশ পতন হয় কিন্তু অনুষ্ঠিত বৈঠকে ইতিবাচক আলোচনা হয়েছে এবং বিবদমান কয়েকটি ইস্যুতে সংশোধন আনতে বাংলাদেশ ব্যাংক রাজি হয়েছে এমন খবর প্রচারের পর বুধবার ডিএসইতে লেনদেন হওয়া ৩৭৩ শেয়ার ও মিউচুয়াল ফান্ডের মধ্যে ২৯৩টিরই বাজার দর বেড়েছে কমেছে মাত্র ৪৫টির এবং অপরিবর্তিত থেকেছে ৩৫টির এতে প্রধান মূল্য সূচক ডিএসইএক্স ১৪৩৭৫ পয়েন্ট বেড়ে ছয় হাজার ৮৪৭ পয়েন্টে গিয়ে দাঁড়ায় তবে শেয়ার লেনদেন ৪৪ কোটি টাকা কমে এক হাজার ১০২ কোটি টাকায় নেমেছে,1
হেডে গোলের পর হলান্ডের উদ্যাপন হেডে গোলের পর হলান্ডের উদ্যাপনএএফপি ক্রিস্টাল প্যালেস ০৩ ম্যানচেস্টার সিটি সেলহার্স্ট পার্কে ক্রিস্টাল প্যালেসের বিপক্ষে ম্যাচের প্রথমার্ধ আর্লিং হলান্ড এ সময় প্রতিপক্ষের বক্সে মাত্র দুবার বল স্পর্শ করতে পারলেন কিন্তু হলান্ডের মতো স্ট্রাইকারের জন্য গোল করতে দুবার বল স্পর্শ করতে পারার সুযোগই যথেষ্ট সেটাই দেখা গেল ৪১ মিনিটে ম্যানচেস্টার সিটি রাইটব্যাক মাতেউস নুনেস ডান প্রান্ত থেকে ক্রস করেন ক্রিস্টালের বক্সে উদ্দেশ্য ছিলেন বক্সের ভেতর দাঁড়ানো হলান্ড ম্যানচেস্টার সিটির ৯ নম্বর তখন বল পাওয়ার আগে একবারও বল স্পর্শ করতে পারেননি কিন্তু প্রথমবার পাওয়া সুযোগেই করলেন টেক্সটবুক হেডবল ক্রিস্টালের গোলকিপার ডিন হেন্ডারসনের বাঁ প্রান্ত গলে জালে গোল খেলার ধারার বিপরীতে পাওয়া এই গোলকে পুঁজি করে সিটি বসে থাকেনি বিরতির পর ৬৯ মিনিটে এবং ৮৯ মিনিটে আরও দুটি গোল আদায় করে পেপ গার্দিওলার দল ৬৯ মিনিটে রায়ান শেরকির পাস পেয়ে বক্সের বাইরে থেকে ফিল ফোডেনের বাঁ পায়ের শট ঠেকাতে পারেননি ক্রিস্টাল গোলকিপার ২০ গোলে এগিয়ে যায় সিটি ৮৮ মিনিটে বল নিয়ে ক্রিস্টালের বক্সে ঢুকে পড়েন সিটির ব্রাজিলিয়ান উইঙ্গার সাভিনিও বিপদ টের পেয়ে তাঁকে ফাউল করতে বাধ্য হন ক্রিস্টাল গোলকিপার হেন্ডারসন পেনাল্টির বাঁশি বাজান রেফারি স্পটকিক থেকে ৮৯ মিনিটে ম্যাচে নিজের দ্বিতীয় গোলটি পেয়ে যান হলান্ড সিটির হয়ে চলতি মৌসুমে ২৭ ম্যাচে ৩৭ গোল করার পাশাপাশি আরও ৫ গোল বানালেন নরওয়ে তারকা ৩০ গোলের এই জয়ে ১৬ ম্যাচে ৩৪ পয়েন্ট হলো সিটির সমান ম্যাচে ৩৬ পয়েন্ট নিয়ে শীর্ষে থাকা আর্সেনালের সঙ্গে তাঁরা পিছিয়ে ২ পয়েন্ট ব্যবধানে টটেনহামের জালে নটিংহামের ৩ গোল সিটি গ্রাউন্ডে ম্যাচের শুরু থেকেই দ্বিতীয় সেরা দল ছিল টটেনহাম হটস্পার্স তাদের গোলকিপার গাগলিয়েলমো ভিকারিওর ভুলের সুযোগ নিয়ে ২৮ ও ৫০ মিনিটে জোড়া গোল করেন নটিংহাম উইঙ্গার ক্যালাম হাডসনওডোই ৭৯ মিনিটে ইব্রাহিম সানগারের করা শেষ গোলটির উৎসও ক্যালাম হাডসনওডোই ১৬ ম্যাচে ১৮ পয়েন্ট নিয়ে টেবিলে ১৬তম নটিংহাম সমান ম্যাচে ২২ পয়েন্ট নিয়ে ১১তম টটেনহাম ইংলিশ প্রিমিয়ার লিগে আজ অন্যান্য ম্যাচে নিউক্যাসলকে ১০ গোলে হারিয়েছে সান্ডারল্যান্ড ওয়েস্ট হামের বিপক্ষে ৩২ গোলে জিতেছে অ্যাস্টন ভিলা আরও পড়ুন ফিফা দ্য বেস্ট পুরস্কারের দিনক্ষণ ঘোষণা ১৪ ডিসেম্বর ২০২৫ ফিফা দ্য বেস্ট পুরস্কারের দিনক্ষণ ঘোষণা প্রথম আলোর খবর পেতে গুগল নিউজ চ্যানেল ফলো করুন ফুটবল থেকে আরও পড়ুন ক্রিস্টাল প্যালেসআর্লিং হলান্ডইংলিশ প্রিমিয়ার লিগম্যানচেস্টার সিটি ইংলিশ প্রিমিয়ার লিগ নিয়ে আরও পড়ুন মৌসুম শেষেই লিভারপুল ছাড়বেন সালাহ ২৫ মার্চ ২০২৬ মৌসুম শেষেই লিভারপুল ছাড়বেন সালাহ গার্দিওলা কি নতুন মাস্টারপিস আঁকবেন নাকি থামবে তুলির আঁচড় ২৪ মার্চ ২০২৬ গার্দিওলা কি নতুন মাস্টারপিস আঁকবেন নাকি থামবে তুলির আঁচড় ওয়েলবেকের জোড়া গোলে ব্রাইটনের কাছে সালাহআলিসনহীন লিভারপুলের হার ২১ মার্চ ২০২৬ ওয়েলবেকের জোড়া গোলে ব্রাইটনের কাছে সালাহআলিসনহীন লিভারপুলের হার বেঞ্চের শক্তিতেই কি এবার প্রিমিয়ার লিগের শিরোপা জিতবে আর্সেনাল ২১ মার্চ ২০২৬ বেঞ্চের শক্তিতেই কি এবার প্রিমিয়ার লিগের শিরোপা জিতবে আর্সেনাল ইংলিশ প্রিমিয়ার লিগ নিয়ে আরও পড়ুন আর্সেনাল না ম্যান সিটি পরের পাঁচটা ম্যাচ কোন দলের জন্য বেশি কঠিন আর্সেনাল না ম্যান সিটি পরের পাঁচটা ম্যাচ কোন দলের জন্য বেশি কঠিন ১৬ মার্চ ২০২৬ আর্সেনালকে এগিয়ে দিচ্ছে সিটি বাড়ছে বার্সারিয়াল উত্তাপ আর্সেনালকে এগিয়ে দিচ্ছে সিটি বাড়ছে বার্সারিয়াল উত্তাপ ১৬ মার্চ ২০২৬ প্রিমিয়ার লিগ পেল নতুন সর্বকনিষ্ঠ গোলদাতা আর্সেনাল পাচ্ছে শিরোপার সুবাস প্রিমিয়ার লিগ পেল নতুন সর্বকনিষ্ঠ গোলদাতা আর্সেনাল পাচ্ছে শিরোপার সুবাস ১৫ মার্চ ২০২৬ লা লিগার নিয়ন্ত্রণ বার্সার হাতে পিএসজির ঘাড়ে লাঁসের নিঃশ্বাস লা লিগার নিয়ন্ত্রণ বার্সার হাতে পিএসজির ঘাড়ে লাঁসের নিঃশ্বাস ০৯ মার্চ ২০২৬ নাগরিক সংবাদ কিশোর আলো বিজ্ঞানচিন্তা প্রথম আলো ট্রাস্ট বন্ধুসভা চিরন্তন ১৯৭১ ইপেপার প্রথমা মোবাইল ভ্যাস অনুসরণ করুন মোবাইল অ্যাপস ডাউনলোড করুন আমাদের সম্পর্কে বিজ্ঞাপন সার্কুলেশন নীতি ও শর্ত যোগাযোগ নিউজলেটার স্বত্ব  ১৯৯৮২০২৬ প্রথম আলো সম্পাদক ও প্রকাশক মতিউর রহমান,0
আরব সাগরে সৃষ্ট গভীর নিম্নচাপটি ঘনীভূত হয়ে ঘূর্ণিঝড় আসনায় পরিণত হয়েছে ঘূর্ণিঝড়টি পশ্চিম দিকে অগ্রসর হচ্ছে বলে জানা গেছে শুক্রবার তথ্য জানিয়েছে ভারত ও পাকিস্তানের আবহাওয়া বিভাগ খবর রয়টার্সের পাকিস্তানের আবহাওয়া বিভাগ জানিয়েছে আসনা ঘূর্ণিঝড়টি বর্তমানে ভারতের গুজরাটের ভুজ অঞ্চল থেকে ১৯০ কিলোমিটার পশ্চিমউত্তরপশ্চিমে এবং করাচি থেকে ২০০ কিলোমিটার দক্ষিণপূর্বে অবস্থান করছে এদিকে ভারতের আবহাওয়া বিভাগের আইএমডি পূর্বাভাসে বলা হয়েছে এই ঘূর্ণিঝড় আসনা আঘাত হানতে পারে ভারতের পশ্চিমাঞ্চলীয় রাজ্য গুজরাটের পাশাপাশি পাকিস্তানের দক্ষিণপূর্বাঞ্চলীয় প্রদেশ সিন্ধের উপকূলে এর পর এটি উত্তরপূর্ব আরব সাগরের ওপর দিয়ে ওমানের দিকে অগ্রসর হতে পারে জানা গেছে এই ঘূর্ণিঝড়ের প্রভাবে এরইমধ্যে গুজরাটে বৃষ্টিপাত শুরু হয়েছে পানিতে তলিয়ে গেছে বিস্তীর্ণ এলাকা ওই এলাকার পরিস্থিতির আরও অবনতি হওয়ার আশঙ্কা রয়েছে জেলা কর্তৃপক্ষ ঘূর্ণিঝড়ের কারণে স্থানীয় বাসিন্দাদের বাড়ি ছেড়ে আশ্রয়কেন্দ্রে আশ্রয় নেওয়ার আহ্বান জানিয়েছে ভারতের আবহাওয়াবিদরা বলছেন বর্ষার মৌসুমে এই অঞ্চলে ঘূর্ণিঝড় বিরল সাধারণত জুন থেকে সেপ্টেম্বর মাসের মধ্যে দক্ষিণপশ্চিম মৌসুমি বায়ুর শক্তিশালী প্রতিরোধের জন্য নিম্নচাপগুলো ঘূর্ণিঝড়ে রূপান্তরিত হতে পারে না পাকিস্তান আবহাওয়া বিভাগের পিএমডি মহাপরিচালক মেহের সাহেবজাদা খান এক সংবাদ সম্মেলনে বলেছেন ঘূর্ণিঝড় আসনা করাচিগোয়াদার উপকূলে তৈরি হয়েছে যার ফলে পশ্চিম উপকূলীয় অঞ্চলে আঘাত হানার পর ভারি বৃষ্টিপাত হতে পারে পিএমডির পূর্বাভাসে বলা হয়েছে সিন্ধের প্রাদেশিক সরকারকে ঝড় মোকাবিলার প্রস্তুতি নিতে বলেছে সিন্ধের বিভিন্ন জেলায় ব্যাপক বর্ষণ হচ্ছে বলেও জানা গেছে বর্ষণের কারণে ঝড় আসার আগেই সিন্ধের কয়েকটি স্থানে আকস্মিক বন্যা দেখা দিতে পারে বলেও আশঙ্কা করছে তারা প্রসঙ্গত ১৮৯১২০২৩ সালের মধ্যে আরব সাগরে মোট তিনটি ঘূর্ণিঝড় তৈরি হয়েছিল তবে আগস্ট মাসে আরব সাগরে ঘূর্ণিঝড় একটি বিরল ঘটনা,1
নির্বাচন কমিশনার মাহবুব তালুকদার বলেছেন রাজনৈতিক সমঝোতা ছাড়া নির্বাচন নিয়ে চলমান অবস্থার পরিবর্তন সম্ভব না আজ বুধবার নির্বাচন ভবনে নিজ কার্যালয়ে সংবাদ ব্রিফিংয়ে মাহবুব তালুকদার এ কথা বলেন এই নির্বাচন কমিশনার বলেন বহুদলীয় গণতন্ত্রের জন্য নির্বাচনে বহুদলের অংশগ্রহণ একান্ত প্রয়োজন প্রতিদ্বন্দ্বিতাহীন নির্বাচনের কারণ বিশ্লেষণ করে সে বিষয়ে ব্যবস্থা গ্রহণ অনিবার্য ভোটারদের নির্বাচন বিমুখতাও গণতন্ত্রের জন্য অশনিসংকেত তিনি বলেন এই সব কিছুর সঙ্গে নির্বাচন প্রক্রিয়া ও নির্বাচন ব্যবস্থাপনা জড়িত এই অবস্থা থেকে উত্তরণ সার্বিকভাবে নির্বাচন কমিশনের ওপর নির্ভর করে না রাজনৈতিক সমঝোতা ছাড়া এই অবস্থার পরিবর্তন সম্ভব নয় মাহবুব তালুকদার বলেন গত ১৫ সেপ্টেম্বর আন্তর্জাতিক গণতন্ত্র দিবসে মিডিয়াসহ সংশ্লিষ্ট সকলের নীরবতা আমাকে হতাশ করেছে মনে প্রশ্ন জাগতে পারে আমরা কি গণতন্ত্রের অভিযাত্রায় শামিল হতে অনীহা প্রকাশ করছি মাহবুব তালুকদার বলেন গত ১৭ সেপ্টেম্বর থেকে ২২ সেপ্টেম্বর পর্যন্ত ৬ দিনের জন্য আমি ভারপ্রাপ্ত প্রধান নির্বাচন কমিশনারের দায়িত্ব পালন করি কয়েকজন সাংবাদিক ওই সময়ে অনুষ্ঠিত ১৬০টি ইউনিয়ন পরিষদ নির্বাচন ও ৯টি পৌরসভা নির্বাচনে আমার সাফল্য ও ব্যর্থতা জানতে চান এহেন সংক্ষিপ্ত সময়ে আকস্মিকভাবে নির্বাচনী ব্যবস্থাপনার পরিবর্তন সাধন সম্ভব নয় তারপরও কিছু কথা থেকে যায় নির্বাচনে তিনজনের প্রাণহানি ঘটেছে এটা অত্যন্ত বেদনাদায়ক আমি সর্বদা বলে এসেছি জীবনের চেয়ে নির্বাচন বড় নয় তবু ইউনিয়ন পরিষদ নির্বাচনে হাড্ডাহাড্ডি লড়াইয়ে সহিংসতা রোধ করা গেল না নির্বাচনে ঘটনা বা দুর্ঘটনা যাই হোক না কেন নির্বাচন কমিশনের ওপরই দায় এসে পড়ে তবে নির্বাচনের সকল দুর্ঘটনা অর্থাৎ বিশৃঙ্খলা অবৈধভাবে ব্যালটে সিল মারা প্রতিপক্ষকে হুমকি প্রদান ইত্যাদি অনাকাঙ্ক্ষিত বিষয়ের পুনরাবৃত্তি রোধে ব্যবস্থা নেওয়া হয়েছে সংবাদ ব্রিফিংয়ে ওই নির্বাচন কমিশনার বলেন আমার দায়িত্ব পালনকালে স্থানীয় সরকার নির্বাচনে আইনশৃঙ্খলা বাহিনীকে আইনানুগভাবে দায়িত্বপালনের জন্য বিশেষভাবে সতর্ক করা হয়েছিল যে সব স্থানে প্রাণহানির ঘটনা ঘটেছে এর জন্য যারা দায়ী প্রমাণ সাপেক্ষে তাদের আটক করা হয়েছে যারা অস্ত্র ও লাঠিসোঁটা নিয়ে মহড়া দিয়েছে ভিডিও ফুটেজ দেখে তাদেরও আটক করা হয়েছে অধিকতর তদন্ত করে আরও অনেককে আইনের আওতায় আনা হবে সহিংসতা রোধ কাউকে ছাড় দেওয়া হয়নি এবং হবে না নির্বাচনী আচরণবিধি লঙ্ঘনের কারণে একজন সংসদ সদস্যকে সতর্কবার্তা পর্যন্ত প্রেরিত হয়েছে মাহবুব তালুকদার বলেন এবারের ইউনিয়ন পরিষদ নির্বাচনে ভোটের টার্ন আউট মোটামুটি ভালো ছিল শতকরা ৬৯৩৪ ভাগ কিন্তু বিনা প্রতিদ্বন্দ্বিতায় নির্বাচন অনুষ্ঠান ও ইউনিয়ন পরিষদে ৪৩ জন প্রার্থী নির্বাচন না করেই চেয়ারম্যান পদে অভিষিক্ত হওয়া এই নির্বাচনকে স্নান করে দিয়েছে অন্যদিকে ৯টা পৌরসভায় তিনজন প্রার্থী বিনা প্রতিদ্বন্দ্বিতায় মেয়র নির্বাচিত হন নির্বাচন যেহেতু অনেকের মধ্যে বাছাই সেহেতু বিনা প্রতিদ্বন্দ্বিতায় পদে আসীন হওয়াকে নির্বাচিত হওয়া বলা যায় কি,1
নরসিংদীর পলাশ উপজেলার প্রাণআরএফএল গ্রুপের কারখানায় আগুন লেগেছে আগুন নিয়ন্ত্রণে কাজ করছে ফায়ার সার্ভিসের চারটি ইউনিট শুক্রবার ৩০ আগস্ট বিকেল ৫টার দিকে এ আগুন লাগে বলে জানিয়েছেন স্থানীয়রা পলাশ ফায়ার সার্ভিস জানায় পলাশ ফায়ার স্টেশনের দুটি ইউনিট এবং মাধবদী ফায়ার স্টেশনের দুটিসহ মোট চারটি ইউনিট আগুন নিয়ন্ত্রণে কাজ করছে এছাড়া আগুন নেভাতে ওই কোম্পানির নিজস্ব দমকল বাহিনী কাজ করছে পলাশ ফায়ার স্টেশনের স্টেশন অফিসার সাদেকুল বারি বলেন আগুন বাইরে ছড়ানোর কোনো সম্ভাবনা নেই আশা করছি অল্প কিছুক্ষণের মধ্যে নিয়ন্ত্রণে চলে আসবে তবে কতক্ষণের মধ্যে নিয়ন্ত্রণে আসবে সে বিষয়ে এখনও বলা যাচ্ছে না,1
বয়স বাড়ার সঙ্গে সঙ্গে অনেকেরই হাড়ের সমস্যা দেখা দেয় তবে আজকাল অনেক অল্প বয়সীদের মধ্যেও এই সমস্যা দেখা যাচ্ছে হাড় মজবুত ও দৃঢ় রাখতে প্রতি দিনের খাদ্যতালিকায় এজন্য ক্যালসিয়াম ফসফরাস সমৃদ্ধ ফল ও শাকসবজি রাখা প্রয়োজন এসব উপাদান হাড়ের স্বাস্থ্য ভালো রাখে নিয়মিত যেসব খাবার খেলে হাড় শক্তিশালী হয় কলা  হজমে সহায়তা করে কলা এটি ম্যাগনেসিয়ামের অন্যতম উৎস কলায় প্রচুর পরিমাণে ভিটামিন পাওয়া যায় দাঁত ও হাড়কে সুস্থ রাখতে প্রতি দিন একটি করে কলা খাওয়া উচিত পালং শাক  ক্যালসিয়াম সমৃদ্ধ পালং শাক হাড় ও দাঁতের গঠনে সাহায্য করে পালং শরীরের দৈনিক ক্যালসিয়ামের চাহিদার শতকরা ২৫ ভাগ পূরণ করে ফাইবার সমৃদ্ধ এই শাকে প্রচুর পরিমাণে আয়রনও আছে বাদাম  ম্যাগনেসিয়াম ক্যালসিয়াম ও ফসফরাস সমৃদ্ধ বাদাম হাড়ের স্বাস্থ্যের জন্য খুবই ভালো হাড় ও দাঁত শরীরের শতকরা ৮৫ ভাগ ফসফরাস ধারণ করে দুগ্ধজাতীয় খাবার  দুধ দই পনির ইত্যাদি দুগ্ধজাতীয় খাবারে পর্যাপ্ত পরিমাণে ক্যালসিয়াম থাকে এই ধরণের খাবারে যাদের সমস্যা হয় না তারা হাড় ভালো রাখতে এগুলি খেতে পারেন কমলা ভিটামিন ডি ও ক্যালসিয়ামের ভালো উৎস কমলা  এসব উপাদান হাড়কে দৃঢ় ও মজবুত করে তোলে কমলা অস্টিওপরোসিসের হাত থেকেও শরীরকে রক্ষা করে পেঁপে  পেঁপেতে প্রচুর পরিমাণে ক্যালসিয়াম পাওয়া যায় ১০০ গ্রাম পেঁপে খেলে ২০ গ্রাম ক্যালসিয়াম যায় শরীরে,1
মাঠের আম্পায়ার দিলেন আউট কিন্তু তৃতীয় আম্পায়ার দিলেন নট আউট তাও একটা এলবিডাব্লিউ নিয়ে যেখানে বল ব্যাটে লেগেছে কি না তা নিয়ে সংশয় থেকে গেছে ধারাভাষ্যকারদেরও আইপিএলে আজ রাজস্থান রয়্যালসের বিপক্ষে এলিমিনেটরে বিরাট কোহলির রয়্যাল চ্যালেঞ্জার্স বেঙ্গালুরুর পক্ষে আম্পায়ারের এই সিদ্ধান্ত নিয়ে বিতর্ক হচ্ছে অনেক সিদ্ধান্তটার সুবিধা পাওয়া ব্যাটসম্যান দীনেশ কার্তিক টস জিতে বেঙ্গালুরুকে আগে ব্যাটিংয়ে পাঠায় রাজস্থান কোহলির ২৪ বলে ৩৩ রজত পাতিদারের ২২ বলে ৩৪ আর মাহিপাল লোমররের ১৭ বলে ৩২ রানের সৌজন্যে বেঙ্গালুরু ২০ ওভারে ৮ উইকেটে তোলে ১৭২ রান জবাবে এই প্রতিবেদন লেখার সময়ে রাজস্থান ১১ ওভারে ৩ উইকেট হারিয়ে করেছে ৯৮ রান শেষ পর্যন্ত ম্যাচের ফল যাই হোক কার্তিকের এলবিডাব্লিউ থেকে বেঁচে যাওয়ার সিদ্ধান্তটা নিয়ে বিতর্ক হবেই বেঙ্গালুরুই জিতে গেলে বিতর্কটা আরও বেশি হবে নিশ্চিত ঘটনাটা বেঙ্গালুরু ইনিংসের ১৫তম ওভারে ওই ওভারের দ্বিতীয় বলেই পাতিদারকে আউট করে দেন আভেশ খান এর পরের বলেই বিতর্কিত সে সিদ্ধান্ত আভেশের ইনসুইঙ্গার কার্তিকের প্যাডে লাগলে এলবিডাব্লিউর আবেদন ওঠে আম্পায়ার আউট দেন রিভিউ নেন কার্তিক রিপ্লেতে দেখা গেল বল যখন কার্তিকের পায়ে লাগছে তখন কার্তিকের ব্যাটের নিচের অংশটা কার্তিকের সামনে বাড়ানো পায়ের খুব কাছেই ছিল তবে বল ব্যাটে লেগেছে কি লাগেনি সেটা শতভাগ নিশ্চিত হওয়া যাচ্ছিল না আলট্রা এজে একটা স্পাইক দেখা গেলেও সেটা কি বল ব্যাটে লাগার কারণে নাকি ব্যাটের নিচের অংশ প্যাডে লাগার কারণে সেটা দেখে শতভাগ নিশ্চিত হওয়ার উপায় ছিল না এমন ক্ষেত্রে আম্পায়ারের সিগন্যালের অর্থাৎ আউটের সিদ্ধান্তই মেনে নেওয়ার কথা বেশিরভাগ তৃতীয় আম্পায়ারের তবে এ ম্যাচের টিভি আম্পায়ার অনিল চৌধুরী মাঠের আম্পায়ারের সিদ্ধান্তের বিপরীতে গিয়ে নট আউট ঘোষণা করে দেন এ নিয়ে ধারাভাষ্যকাররাও বলছিলেন তৃতীয় আম্পায়ারের সিদ্ধান্তটাকেই ভুল বলে মনে হচ্ছিল তাঁদের কাছে রাজস্থানের ক্রিকেট পরিচালক শ্রীলঙ্কান কিংবদন্তি কুমার সাঙ্গাকারাকে তখন বেশ উত্তেজিত ভঙ্গিতে চতুর্থ আম্পায়ারের সঙ্গে কথা বলতে দেখা যায় কার্তিককে আউট দেওয়া হলে সে সময়ে বেঙ্গালুরুর রান দাঁড়াত ৬ উইকেটে ১২২ সে সময়ে ১ বলে ০ রানে আউট হওয়ার মুখে থাকা কার্তিক অবশ্য বেশি কিছু করতে পারেননি শেষ পর্যন্ত ১৩ বলে করেছেন ১১ রান তবে লমররের সঙ্গে তাঁর জুটিতে ২৪ বলে ৩২ রান পায় বেঙ্গালুরু,1
এখন থেকে বিদেশফেরত যাত্রীরা বিনা শুল্কে নতুন ফোন আনতে পারবেন না ব্যবহৃত দুইটি ফোন বিনা শুল্ককর পরিশোধ করে এবং একটি নতুন ফোন শুল্ক পরিশোধ করে আনতে পারবেন বিদেশফেরত যাত্রীরা আজ বৃহস্পতিবার ২০২৪২৫ অর্থবছরের বাজেটে এই প্রস্তাব উত্থাপন করেন অর্থমন্ত্রী আবুল হাসান মাহমুদ আলী সংসদে অর্থমন্ত্রী বলেন যাত্রী অপর্যটক ব্যাগেজ আমদানি বিধিমালার বিধি ৩ এর উপবিধি ৫ এ উল্লিখিত বিধানে দুটি মোবাইল ফোন সকল প্রকার শুল্ককর পরিশোধ ব্যতিরেকে খালাসের পরিবর্তে ব্যবহৃত সর্বোচ্চ দুটি মোবাইল ফোন সকল প্রকার শুল্ককর পরিশোধ ব্যতিরেকে খালাসের বিধান এবং শুল্ককর পরিশোধ সাপেক্ষে ১টি নতুন মোবাইল ফোন আমদানি করার বিধান প্রতিস্থাপন করার সুপারিশ করছি ২০২৪২৫ অর্থবছরের বাজেট প্রস্তাবনা অনুসারে বিমানবন্দরে যাত্রীদের সঙ্গে না থাকা আনঅ্যাকোম্পানিড ব্যাগেজ সংগ্রহে এখন থেকে অর্থ খরচ করতে হবে ব্যবসার উদ্দেশ্যে আনা ব্যাগেজের অপব্যবহার রোধে আনঅ্যাকোম্পানিড ব্যাগেজ শুল্ককর পরিশোধ সাপেক্ষে খালাস করার বিধান প্রস্তাব করা হয়েছে বাজেটে বর্তমান বিধিমালা অনুযায়ী যাত্রীরা তাদের আনঅ্যাকোম্পানিড ব্যাগেজ কোনো খরচ ছাড়াই বিমানবন্দরে সংগ্রহ করতে পারেন বাণিজ্যে সমতার স্বার্থে অর্থমন্ত্রী এ নিয়ম পরিবর্তন করে কেবল শুল্ক ও কর পরিশোধের পরে যাত্রীর সঙ্গে না থাকা ব্যাগেজ ক্লিয়ারেন্সের অনুমতি দেওয়ার প্রস্তাব করেছেন,1
মাত্র তিন মাস আগেই জুলাই অভ্যুত্থানে আমরা দেখেছি মেয়েরা কীভাবে রাজপথগুলোর দখল নিয়েছিল পথে নেমে এসেছিল নানা বয়সী হাজারো মেয়ে অকুতোভয় স্লোগানে আর গ্রাফিতিতে কাঁপিয়ে দিচ্ছিল চারদিক ৭ জুলাই বাংলা ব্লকেডে মেয়েদের অংশগ্রহণ ছিল অন্য যেকোনো সময়ের তুলনায় অভাবনীয় এর পর থেকে ক্রমান্বয়ে বেড়ে চলে আন্দোলনে নারীদের অংশগ্রহণ মিছিলের সামনে থেকেও পুলিশের গুলি ও লাঠির আঘাত থেকে রেহাই পায়নি মেয়েরা কয়েকজন নারী নিহতও হয়েছেন পত্রিকায় প্রকাশিত হয়েছে দুই তরুণীর ওপর ঝাঁপিয়ে পড়া হেলমেট বাহিনীর লাঠির ছবি আর এক তরুণী কী অসমসাহসে একা দাঁড়িয়ে পড়েছে পুলিশের প্রিজন ভ্যানের সামনে যেন দুহাত দিয়ে আটকে দেবে সব আগ্রাসন এই সব ছবি ভাইরাল হয়েছিল দেশেবিদেশে প্রেরণা আর সাহস জোগাচ্ছিল সবাইকে আমরা ছবিতে ও ভিডিওতে ভাইরাল হতে দেখেছি বিশ্ববিদ্যালয়ের শিক্ষিকা তাঁর ছাত্রকে পুলিশের হাত থেকে বাঁচানোর জন্য দুহাত দিয়ে আগলে রেখেছেন পিঠ পেতে দিচ্ছেন পুলিশের লাঠির নিচে দেখেছি পুলিশের ভ্যানে ওঠানোর সময় টেনেহিঁচড়ে নিয়ে যাওয়া সন্তানকে পিঠে চাপড় মেরে সাহস দিচ্ছেন মা দেশের অন্য অঞ্চলেও প্রতিবাদে বিক্ষোভে মুখর ছিল আমাদের মেয়েরা স্কুলের বালিকা থেকে শুরু করে বিশ্ববিদ্যালয়ের তরুণী পোশাককর্মী গৃহবধূ মায়েরা কলেজবিশ্ববিদ্যালয়ের শিক্ষিকা চাকরিজীবী অভিনেত্রী শিল্পী গায়িকাকে ছিল না এই আন্দোলনে অথচ কয়েক মাস যেতে না যেতেই এই অভ্যুত্থানের ইতিহাস থেকে যেন মেয়েরা হারিয়ে যেতে শুরু করল সম্প্রতি স্বাস্থ্য অধিদপ্তর জুলাইআগস্টে নিহতদের একটি তালিকা প্রকাশ করেছে তাদের ওয়েবসাইটে সেখানে ছয়জন বিভিন্ন বয়সী নারীর নাম রয়েছে অথচ ১৪ আগস্টে প্রথম আলোতে প্রকাশিত প্রতিবেদনে মায়া ইসলাম ৬০ ও নাছিমা আক্তারের ২৪ নিহত হওয়ার ঘটনা ছবিসহ উল্লেখ থাকলেও তাঁরা বাদ পড়েছেন এই তালিকা থেকে বাদ পড়েছেন ফেসবুকে দেখা ১৭ বছরের তানহা বা নাফিসা মারওয়া হয়তো এভাবে বাদ পড়ে গেছেন আরও অনেকে যাঁরা আহত হয়েছেন বা অঙ্গ হারিয়েছেন আন্দোলনে অন্য নিহত ছাত্রদের মতো হিরো হয়ে উঠতে পারেনি মাইলস্টোন স্কুল ও কলেজের দশম শ্রেণির ছাত্রী নাইমা সুলতানা নাইমার জন্য হয়নি কোনো চত্বর কোনো দেয়ালের নাম মুগ্ধ বা ফারহানকে প্রতিনিয়ত মনে রাখলেও আমরা নাইমার কথা ভুলে গেছি অন্যান্য সমন্বয়কদের সঙ্গে ডিবি কার্যালয়ে আটক ছিলেন সমন্বয়ক নুসরাতও তিনিও এখন যেন উধাও হয়ে গেছেন গোটা দৃশ্যপট থেকে কেন এমনটা হলো ৫ আগস্টের পর থেকে গোটা আন্দোলন নিয়ে এক ধরনের পুরুষতান্ত্রিক প্রভাব আমরা প্রত্যক্ষ করছি যে মেয়েরা স্লোগানেবিক্ষোভেপ্রতিবাদে রাজপথ মুখর করে রেখেছিল যাদের ছাড়া এই আন্দোলন কখনোই সফল হতো না বলে মন্তব্য করেছেন বৈষম্যবিরোধী আন্দোলনের নেতারা এখন সেই মেয়েদেরকেই হারিয়ে যেতে দেখছি আমরা মিনাল শ্রীবাস্তব তাঁর ইনভিজিবল উইমেন ইন হিস্ট্রি অ্যান্ড গ্লোবাল স্টাডিজ প্রবন্ধে একটি উদাহরণ দিয়েছিলেন এমন ১৯৩০৩১ সালে ভারতে লবণ সত্যাগ্রহ আন্দোলনে ৮০ হাজার মানুষ গ্রেপ্তার হয়েছিলেন এর মধ্যে ১৭ হাজার ছিলেন নারী অথচ ভারতের স্বাধীনতার ইতিহাসে কোথাও তাঁদের স্থান মেলেনি এভাবে মেয়েরা পরিসংখ্যান আর তথ্যউপাত্ত থেকে হারিয়ে যায় তখন গোটা বিষয়টা শুধু পুরুষদের দৃষ্টিকোণ থেকে দেখা অনিবার্য হয়ে পড়ে আমাদের সাম্প্রতিক গণঅভ্যুত্থানের পরও আমরা যেন এমনটা ঘটতে দেখছি ৩ অক্টোবর প্রথম আলোর সঙ্গে এক সাক্ষাৎকারে প্রধান উপদেষ্টার বিশেষ সহকারী মাহফুজ আলম বলেছেন এই আন্দোলনে মেয়েদের সম্পৃক্ততা ছিল বিরাট এখন অনেকে ভুলে গেলেও এ কথাটা সত্য যে মেয়েরা না থাকলে এই আন্দোলন কোনোভাবেই সফল হতো না ধন্যবাদ তাঁকে এই সত্য তুলে ধরার জন্য কিন্তু আর দশজন আন্দোলনকারীর মতো মেয়েরাও যে আদর্শগতভাবে সাহসের সঙ্গে ফ্যাসিবাদী নিপীড়নের বিপরীতে অবস্থান নিয়েছিল এই ন্যারেটিভে কেন যেন তা অনুপস্থিত বিগত সরকারের আমলে নানাভাবে মেয়েরাও যে নির্যাতন ও নিপীড়নের শিকার হয়েছিল জগন্নাথ বিশ্ববিদ্যালয়ের ছাত্রী খাদিজাতুল কুবরা কুষ্টিয়া ইসলামী বিশ্ববিদ্যালয়ের ফুলপরী বেগম বা অভিনেত্রী নওশাবার কথা স্মরণযোগ্য সেই মেয়েদের অবদানের কথাও আমরা অনেকে মনে রাখিনি ৫ আগস্টের পর থেকে গোটা আন্দোলন নিয়ে এক ধরনের পুরুষতান্ত্রিক প্রভাব আমরা প্রত্যক্ষ করছি যে মেয়েরা স্লোগানেবিক্ষোভেপ্রতিবাদে রাজপথ মুখর করে রেখেছিল যাদের ছাড়া এই আন্দোলন কখনোই সফল হতো না বলে মন্তব্য করেছেন বৈষম্যবিরোধী আন্দোলনের নেতারা এখন সেই মেয়েদেরকেই হারিয়ে যেতে দেখছি আমরা সুযোগসন্ধানী একটি গোষ্ঠী মেয়েদের পোশাক নিয়ে উঠেপড়ে লেগেছে নির্যাতিত হচ্ছেন রাস্তার যৌনকর্মীরা পথেঘাটে ক্যাটকলিং বা বুলিং যেন হঠাৎ করেই বেড়ে যাচ্ছে আন্দোলনে অংশগ্রহণকারী মেয়েরা সামাজিক যোগাযোগমাধ্যমে ব্যাপক বুলিং ও ট্রলের শিকার হয়েছিল তখন এখনো হচ্ছে ডিবি কার্যালয় থেকে ছাত্র সমন্বয়কদের মুক্ত করার ক্ষেত্রে সাহসী ভূমিকা রেখেছিলেন যে শিক্ষক সামিনা লুৎফা সামাজিক যোগাযোগমাধ্যমে ব্যাপক ট্রলের মাধ্যমে তাঁকে একপ্রকার কোণঠাসা করে ফেলা হলো আর বেশ অবাক ব্যাপার যে গোটা আন্দোলনে নারী সমন্বয়কদের জোরালো ভূমিকা থাকলেও উপদেষ্টা পরিষদের দুজন সদস্য এবং প্রধান উপদেষ্টার দপ্তরের তিন বিশেষ সহকারীর তালিকায় স্থান হয়নি কোনো নারীর সংস্কার কমিশনগুলোর প্রধানও সবাই পুরুষ নারীর অবস্থান পরিবর্তনের কোনো সংস্কার পরিকল্পনা চোখে পড়েনি দেখা যাচ্ছে আন্দোলনে সক্রিয় অংশ নেওয়ার পরও অধিকার আদায়ের বেলায় মেয়েরা পিছিয়ে পড়ছে ক্রমাগত ক্রমাগত যেন চলে যাচ্ছে দৃশ্যের বাইরে এবারই সব আশঙ্কা সব দ্বিধা পায়ে মাড়িয়ে বিপুলসংখ্যক সাধারণ নারী পলিটিক্যাল অ্যাকটিভিজমে জড়িয়েছিলেন কিন্তু সময়ের সঙ্গে সঙ্গে দৃশ্যপট থেকে অদৃশ্য হয়ে পড়ছেন তাঁরা সাধারণ নারীরা তো বটেই যাঁরা আন্দোলনের প্রথম সারিতে ছিলেন তাঁরাও অথচ বাস্তবতা হলো এই যে আমাদের দেশে আরও বেশিসংখ্যক নারীর রাজনীতিতে আসা উচিত সব স্তরে নারীর কণ্ঠ শোনার মতো পরিস্থিতি তৈরি করার জন্য এটা খুব দরকার রাষ্ট্র সংস্কারের পর জনসংখ্যার অর্ধেক জুড়ে থাকা এই অদৃশ্য নারীরা কি ভবিষ্যতে দৃশ্যমান হবেন,0
অভিবাসন খরচ ছাড়াই ৫ বছরে ২০ হাজার কর্মী নেবে গ্রিস বাংলাদেশের সাথে ৫ বছরের চুক্তি করেছে দেশটি এছাড়াও সেখানে অবৈধভাবে থাকা ১৫ হাজার বাংলাদেশিকে বৈধতা ও কাজের সুযোগ দেবে ইউরোপের দেশটি সকালে প্রবাসীকল্যাণ মন্ত্রণালয়ে দুই দেশের মধ্যে এই চুক্তি স্বাক্ষর হয়েছে বিশ্বের অন্যতম প্রাচীন সভ্যতার দেশ গ্রীস যেখানে ১ কোটির কিছু বেশি লোকের বাস এখানকার অর্থনীতি মূলত পরিষেবা ও পর্যটন খাত নির্ভর দেশটির জাতীয় অর্থনীতির মাত্র ৩ শতাংশ আসে কৃষিখাত থেকে তাই কৃষি সম্প্রসারণের লক্ষ্যে এ খাতে কর্মী নিতে বাংলাদেশের সাথে চুক্তি করেছে গ্রীস প্রবাসী কল্যাণ মন্ত্রণালয়ে বুধবার সকালে গ্রীসের অভিবাসন মন্ত্রী ও প্রবাসী কল্যাণ মন্ত্রীর মধ্যে এ সংক্রান্ত কর্মী চুক্তি স্বাক্ষর হয় নতুন স্বাক্ষরিত চুক্তি অনুসারে শুণ্য অভিবাসন ব্যয়ে প্রতিবছর ৪ হাজার দক্ষ কর্মী নেবে গ্রীস এছাড়া সেদেশে অবস্থান করা ১৫ হাজার বাংলাদেশিদের যাচাই বাছাই শেষে কর্মসংস্থানেরও সুযোগ দেয়া হবে এদিকে কি প্রক্রিয়ায় কর্মী যাবে তা দুই দেশের কারিগরি কমিটি নির্ধারণ করবে তবে কর্মীদের প্রশিক্ষণ ও দক্ষতার বিষয়টিকেই গুরুত্ব দেয়ার কথা জানিয়েছে মন্ত্রণালয় গ্রীসের অভিবাসন ও শরণার্থী বিষয়ক মন্ত্রী পেনাগিওটিস মিতারাচি জানান অবৈধ উপায়ে নয় বৈধভাবেও কাজ নিয়ে গ্রীসে যাওয়ার সুযোগ আছে এই বার্তা দিতে চায় দেশটি মূলত ইউরোপের দেশগুলোর মধ্যে গ্রীসের সাথেই শ্রমবাজার ইস্যুতে প্রথম চুক্তি করলো বাংলাদেশ তবে অবৈধ অভিবাসীদের বিষয়ে এপ্রিলে দেশটির পালার্মেন্টে আইন পাশের পর এ কার্যক্রম শুরু হবে,0
মার্কিন যুক্তরাষ্ট্রের প্রেসিডেন্ট জো বাইডেন ঘোষিত একটি যুদ্ধবিরতির প্রস্তাব জাতিসংঘ নিরাপত্তা পরিষদে সর্বসম্মতিক্রমে পাস হওয়ার পর ইসরায়েল ও হামাসের প্রতিক্রিয়ার দিকে তাকিয়ে আছে যুক্তরাষ্ট্র ফিলিস্তিনের সশস্ত্র সংগঠনটি বলছে তারা চুক্তিটিকে ইতিবাচক হিসেবে দেখছে এ নিয়ে তারা এগোতে চায় কিন্তু ইসরায়েলকে অবশ্যই স্থায়ী যুদ্ধবিরতিতে সম্মত হতে হবে ইসরায়েল সরকার এ নিয়ে কোনো মন্তব্য করেনি তবে নাম প্রকাশে অনিচ্ছুক একটি সূত্রের বরাত দিয়ে বিবিসি জানায় ইসরায়েল চুক্তিতে সম্মত নয় এ অবস্থায় বুধবার মার্কিন পররাষ্ট্রমন্ত্রী অ্যান্টনি ব্লিংকেন কাতারে পৌঁছান হামাস ও ইসরায়েলের মধ্যে মধ্যস্থতাকারীর ভূমিকায় কাতারের পাশাপাশি যুক্তরাষ্ট্র এবং মিসরও রয়েছে সেখানে কাতারের প্রধানমন্ত্রী শেখ মোহাম্মদ বিন আব্দুলরহমান বিন জসিম আল থানির সঙ্গে তিনি বৈঠক করেন পরে সংবাদ সম্মেলনে এসে কাতারের প্রধানমন্ত্রী ফিলিস্তিন বিষয়ে স্থায়ী সমাধানের কথা বলেন ব্লিংকেন মঙ্গলবার বলেছিলেন ইসরায়েলের প্রধানমন্ত্রী বেনিয়ামিন নেতানিয়াহু চুক্তির বিষয়ে তাঁর অঙ্গীকারের কথা জানিয়েছেন তবে সিএনএন জানায় নিরাপত্তা পরিষদে চুক্তি পাস হওয়ার পরই জাতিসংঘে ইসরায়েলের দূত হামাস নির্মূল না হওয়া পর্যন্ত যুদ্ধ চালিয়ে যাওয়ার কথা জানিয়েছিলেন বাইডেনের এ প্রস্তাবের প্রতি আনুষ্ঠানিক কোনো সমর্থনও জানাননি নেতানিয়াহু দ্য গার্ডিয়ান লিখেছে জাতিসংঘের কমিশন অব ইনকোয়ারির সিওআই এক প্রতিবেদনে যুদ্ধাপরাধ সংঘটনের জন্য হামাস ও ইসরায়েল উভয়কে দায়ী করা হয়েছে গত বছরের ৭ অক্টোবর থেকে ৩১ ডিসেম্বর সময় পর্যন্ত বিবেচনা করা হয়েছে ভুক্তভোগী প্রত্যক্ষদর্শী কৃত্রিম উপগ্রহের ছবি ও স্বাস্থ্যসেবা তথ্যের ভিত্তিতে এ প্রতিবেদন করা হয় হামাসের বিরুদ্ধে ইচ্ছাকৃতভাবে বেসামরিক মানুষকে লক্ষ্যে পরিণত করা এবং ইসরায়েলের বিরুদ্ধে ক্ষুধাকে অস্ত্র বানানোর অভিযোগ আনা হয়েছে চলমান পরিস্থিতিতে ইসরায়েলে এযাবৎকালের সবচেয়ে বড় রকেট হামলা চালিয়েছে লেবাননের সশস্ত্র সংগঠন হিজবুল্লাহ বৃহস্পতিবার রাতে লেবাননের জাউইয়া গ্রামে বিমান হামলায় একজন জ্যেষ্ঠ কমান্ডার তেলেব আব্দেল্লাহকে হত্যার জেরে হিজবুল্লাহ এসব রকেট ছোড়ে হিজবুল্লাহ বলছে তাদের ছোড়া রকেট আইন জাইতিমে ইসরায়েলের একটি ঘাঁটিতে আঘাত হেনেছে,0
সেই ১৯৮৬ মেক্সিকো বিশ্বকাপ ছিলো কানাডার প্রথম ও একমাত্র বিশ্বকাপ মাঝে পেরিয়েছে তিন দশকের বেশি সময় অবশেষে দীর্ঘ সেই প্রতীক্ষার অবসান ঘটিয়ে টরন্টোতে জ্যামাইকার বিপক্ষে বাছাইপর্বের ৪০ গোলের জয়ে আবারো বিশ্বমঞ্চে ফিরলো কানাডার ফুটবল কনকাকাফ অঞ্চলের প্রথম দল হিসাবে ২০২২ কাতার বিশ্বকাপ নিশ্চিত করল তারা ম্যাচ শেষে কানাডার বিভিন্ন শহর উৎসবের নগরিতে পরিণত হয় ৩০ হাজার দর্শকে ঠাসা টরন্টোর বিএমও স্টেডিয়ামে দর্শকদের স্লোগান আর গানে মুখরিত ছিলো লারিন ও বুচানানের গোলে প্রথমার্ধেই এগিয়ে যায় কানাডা দ্বিতীয়ার্ধে আরো দুটি গোল হলে বড় ব্যবধানে জয় পায় দলটি জ্যামাইকার বিপক্ষে এই ম্যাচে স্রেফ ড্র হলেই চলত কানাডার কিন্তু ঘরের দর্শকের সামনে উজ্জীবিত দল আক্রমণাত্মক ফুটবলের পসরা সাজিয়ে ম্যাচ জিতে নেয় ৪০ গোলে এরপর গোটা দল আর স্টেডিয়াম মেতে ওঠে উৎসবে কনকাকাফ অঞ্চলের প্রতিষ্ঠিত শক্তি ও বিশ্বকাপের নিয়মিত মুখ মেক্সিকোযুক্তরাষ্ট্রের মতো দলকে পেছনে ফেলে এক ম্যাচ বাকি রেখেই এবার সবার আগে বিশ্বকাপ নিশ্চিত করে ফেলল কানাডা ১৩ ম্যাচে ২৮ পয়েন্ট তাদের এদিকে পানামাকে ৫১ গোলে হারিয়ে একই অঞ্চল থেকে বিশ্বকাপে কোয়ালিফাই করার দ্বারপ্রান্তে যুক্তরাষ্ট্র হ্যাটট্রিক করে মার্কিনীদের জয়ের নায়ক ক্রিস্টিয়ান পুলিসিচ এদিকে আফ্রিকা অঞ্চলের বাছাইপর্বে ডু অর ডাই ম্যাচে লড়বে সেনেগাল ও মিশর ঘরের মাঠে প্রথম লেগে ১০ গোলের জয়ে এগিয়ে আছে সালাহর দল কদিন আগেই মিশরকে হারিয়ে প্রথমবারের মতো আফ্রিকা কাপ অব নেশন্স জয় করে মানের সেনেগাল এবার তেরাঙ্গা সিংহদের হারিয়ে প্রতিশোধ নিতে মরিয়া ফারাওরা বাছাইপর্বে বলিভিয়ার বিপক্ষে শেষ ম্যাচের আগে ব্রাজিলকে বিশ্বকাপ জয়ের অন্যতম ফেভারিট বলে দাবি করলেন মিডফিল্ডার ফ্রেড ইকুয়েডরের বিপক্ষে বাছাইয়ের শেষ ম্যাচ সামনে রেখে আর্জেন্টাইন কোচ স্কালোনিও দলের ভবিষ্যত নিয়ে কথা বলেছেন ইউরোপের হিসাব নিকাশও জমেছে বেশ প্লেঅফের ফাইনালে জায়ান্ট কিলার নর্থ মেসিডোনিয়ার মুখোমুখি পর্তুগাল ইতালিকে ছিটকে দেয়া দলটিকে আর হালকা করে নেয়ার সুযোগ নেই ক্রিশ্চিয়ানো রোনালদোদের ৩২ দলের কাতার বিশ্বকাপে ২০ দল এখন পর্যন্ত কোয়ালিফাই করেছে যেখানে চমক জাগিয়ে সবশেষ অন্তর্ভুক্তি কানাডা বাকি ১২টি স্পটের জন্য এখনো লড়ছে ২৯ দল,0
অনির্দিষ্ট কালের জন্য স্থগিত হয়ে গেছে যুক্তরাষ্ট্রের সাবেক প্রেসিডেন্ট ডনাল্ড ট্রাম্পের ইউটিউব অ্যাকাউন্টএকই সঙ্গে সাবেক প্রেসিডেন্টের আইনজীবী রুডি গিলিয়ানির ইউটিউবে তথ্য হালনাগাদ করার বিষয়ে নিষেধাজ্ঞা দেয়া হয়েছে যুক্তরাষ্ট্রের বিভিন্ন মিডিয়ায় এসেছে এ খবর খবর এনডিটিভির সপ্তাহখানেক আগে সামাজিক যোগাযোগ মাধ্যমগুলো ট্রাম্পের বিভিন্ন অ্যাকাউন্টের ওপর নিষেধাজ্ঞার মেয়াদ আরো বাড়ানোর কথা ঘোষণা করেছিল এসব চ্যানেলে ট্রাম্পের লাখ লাখ ফলোয়ার ও সাবস্ক্রাইবার ছিল এক সপ্তাহ পরে ইউটিউব থেকেও এ ঘোষণা এল ৬ জানুয়ারি ক্যাপিটল হিলে ট্রাম্প সমর্থকদের তাণ্ডব এবং তাতে ট্রাম্পের প্রশ্রয়ের প্রতিবাদ হিসেবে এসব নিষেধাজ্ঞা আরোপ করা হয়েছে গুগলের মালিকানাধীন ইউটিউব অবশ্য সবার শেষে ট্রাম্পের বিষয়ে পদক্ষেপ নিয়েছে এর আগে বড় বড় সব যোগাযোগ মাধ্যম ব্যবস্থা নিলেও ইউটিউব চুপ করেই ছিল তবে এ জন্য তাদের বিভিন্নভাবে সমালোচিতও হতে হয়েছে ইউটিউব কর্তৃপক্ষের একজন মুখপাত্রের উদ্ধৃতি দিয়ে যুক্তরাষ্ট্রের পলিটিকো পত্রিকার প্রতিবেদনে বলা হয়েছে সম্প্রতি নানাধরনের সহিংসতা ছড়ানোর জেরে ডোনাল্ড ট্রাম্পের অ্যাকাউন্ট অনির্দিষ্টকালের জন্য স্থগিত রাখা হয়েছে একই সঙ্গে ট্রাম্পের আইনজীবী রুডি গিলিয়ানির ওপর আরোপিত ব্যবস্থার কথাও উল্লেখ করা হয় ৭৬ বছর বয়সী ট্রাম্প তার অ্যাকাউন্টে বাইডেনের পারিবারিক কুৎসা ও যুক্তরাষ্টের সদ্য অনুষ্ঠিত নির্বাচনে নিয়ে আপত্তিকর ভিডিও পোস্ট করেছিলেন সারা বিশ্বে তার চ্যানেলের ৬ কোটি সাবস্ক্রাইবার ছিল তারই জেরে ইউটিউব প্রথমে কোনোরকম প্রতিক্রিয়া না দেখালেও সমালোচনার কারণে শেষ পর্যন্ত এ ব্যবস্থা নিতে বাধ্য হয়েছে,1
শেষ হয়েছে টিটোয়েন্টি বিশ্বকাপের নবম আসর ফাইনালে দক্ষিণ আফ্রিকাকে ৭ রানে হারিয়ে শিরোপা জিতেছে ভারত বিশ্বকাপ জয়ের পর টিটোয়েন্টি থেকে অবসরের ঘোষণা দিয়েছেন অধিনায়ক রোহিত শর্মা ও বিরাট কোহলি অবসর নেবেন সেটা ভাবেননি ভারতীয় অধিনায়ক পরিস্থিতির কারণেই ক্রিকেটের সংক্ষিপ্ত সংস্করণকে বিদায় জানিয়েছেন রোহিত বিশ্বকাপ জয়ের পর সংবাদ সম্মেলনে এসে অবসরের কথা জানিয়েছিলেন ভারতের অধিনায়ক অবসরের ঘোষণা দিয়ে রোহিত বলেছিলেন এটা ছিল আমারও শেষ ম্যাচ বিদায় বলার জন্য এর চেয়ে ভালো সময় আর হয় না আমি এটা টিটোয়েন্টি বিশ্বকাপের ট্রফি খুব করে পেতে চেয়েছি এর অনুভূতি ভাষায় প্রকাশ করা কঠিন সংবাদ সম্মেলন শেষে ভারতের সাংবাদিকদের ফের মুখোমুখি হন রোহিত এ সময় তিনি বলেন আমার পরিকল্পনা ছিল না যে আমি আন্তর্জাতিক টিটোয়েন্টি থেকে অবসর নেব কিন্তু পরিস্থিতিটা এমন ছিলআমি ভাবলাম আমার জন্য এটাই সঠিক পরিস্থিতি বিশ্বকাপ জিতে বিদায় বলার চেয়ে ভালো পরিস্থিতি আর হতে পারে না এ কারণেই আমি এমন সিদ্ধান্ত নিয়েছি,1
করোনাভাইরাসের সঙ্গে ব্ল্যাক ফাঙ্গাস রোগের কোনো সম্পর্ক নেই ব্ল্যাক ফাঙ্গাস একটি বিরল ছত্রাকজনিত রোগ আর করোনা হলো ভাইরাস সংক্রমিত রোগ ব্ল্যাক ফাঙ্গাস শরীরে দেখা দিলে দ্রুত চিকিৎসা না নিলে ৫০ শতাংশের অধিক রোগীর মৃত্যুর আশঙ্কা থাকে তাই এই ভয়াবহ রোগ সম্পর্কে জানা ও সচেতন হওয়া জরুরি করোনাভাইরাসের ভয় কাটতে না কাটতেই আবার নতুন উপদ্রব নিয়ে এসেছে ব্ল্যাক ফাঙ্গাস বা মিউকোরমায়কোসিস সামাজিক যোগাযোগ মাধ্যমে ব্লাক ফাঙ্গাস নিয়ে চলছে নানা গুজব ব্ল্যাক ফাঙ্গাস বাংলাদেশে নতুন রোগ নয় অনিয়ন্ত্রিত ডায়াবেটিস রোগীদের মধ্যে এর সংক্রমণ আগেও পরিলক্ষিত হয়েছে আশা করি আজকের লেখা অনেকের ভ্রান্তি দূর করবে এবং এই বিরল রোগ থেকে বেঁচে থাকতে সহায়ক হবে করোনাভাইরাসের সঙ্গে ব্ল্যাক ফাঙ্গাস রোগের কোনো সম্পর্ক নেই ব্ল্যাক ফাঙ্গাস একটি বিরল ছত্রাকজনিত রোগ আর করোনা হলো ভাইরাস সংক্রমিত রোগ ব্ল্যাক ফাঙ্গাস শরীরে দেখা দিলে দ্রুত চিকিৎসা না নিলে ৫০ শতাংশের অধিক রোগীর মৃত্যুর আশঙ্কা থাকে তাই এই ভয়াবহ রোগ সম্পর্কে জানা ও সচেতন হওয়া জরুরি ব্ল্যাক ফাঙ্গাস কীভাবে ছড়ায় এই রোগ ছোঁয়াচে নয় ফলে এটি সরাসরি একজনের দেহ থেকে অন্যের দেহে যেতে পারে না একমাত্র এ ধরনের ছত্রাকের ছোঁয়ায় এই রোগ শরীরে বাসা বাঁধতে পারে সাধারণত অপরিস্কার ও স্যাঁতসেঁতে পরিবেশে ছত্রাক বেড়ে ওঠে প্রথমেই মুখমণ্ডলের কপাল নাক চোখ এমনকি দাঁত হাড়ের কোটরে ছত্রাক বাসা বাঁধে ফুসফুস আক্রান্ত হয় ত্বকের সমস্যা থেকে শুরু করে চোখের সমস্যা এমনকি দৃষ্টিশক্তি হারাতে পারে জটিল ক্ষেত্রে রক্তের মাধ্যমে মস্তিস্কে ছড়িয়ে যেতে পারে এবং দ্রুত চিকিৎসা না করলে ৩০৫০ শতাংশ রোগীর মৃত্যু হতে পারে কাদের ব্ল্যাক ফাঙ্গাস রোগের আক্রান্ত হওয়ার সম্ভাবনা বেশি  অনিয়ন্ত্রিত ডায়াবেটিস ডায়াবেটিক কেটো এসিডোসিস রোগীদের ব্ল্যাক ফাঙ্গাস রোগে আক্রান্ত হওয়ার সম্ভাবনা বেশি  ক্যান্সারজনিত রোগ অথবা দীর্ঘদিন শারীরিকভাবে অসুস্থ রোগী যারা বিছানায় পড়ে আছেন তাদের মধ্যেই ব্ল্যাক ফাঙ্গাস রোগের প্রকোপ বেশি  ইমিউনোসপ্রেসেন্ট অ্যান্টিক্যান্সার চিকিৎসা দীর্ঘদিন ধরে স্টেরয়েড জাতীয় ওষুধ সেবনকারী রোগীদের আক্রান্ত হওয়ার সম্ভাবনা প্রবল  গুরুতর কভিড আক্রান্ত রোগী যারা অক্সিজেন অথবা ভেন্টিলেটর সাপোর্টে রয়েছেন তাদের ক্ষেত্রে ব্ল্যাক ফাঙ্গাসে আক্রান্ত হওয়ার সম্ভাবনা প্রবল অপরিস্কার ও স্যাঁতসেঁতে পরিবেশে অক্সিজেন সিলিন্ডার ও ভেন্টিলেটর ব্যবহারের ফলে এই রোগে আক্রান্ত বেশি হচ্ছে উপসর্গ  মুখমণ্ডলে নাক কপাল চোখ ও দাঁতে ক্ষতকালো দাগ ফুলে যাওয়া কিংবা ব্যথা হওয়া  অস্বাভাবিকভাবে কালো স্রাব নিঃসরণ হতে পারে এমনকি নাক থেকে রক্ত পড়তে পারে নিঃশ্বাস নিতে সমস্যা মাথাব্যথা চোখ ব্যথা চোখের চারপাশে ফোলাভাব একটি জিনিসকে দুটি করে দেখার সমস্যা চোখের লালচে ভাব দেখতে সমস্যা হওয়া চোখ বন্ধ করতে ও খুলতে সমস্যা হওয়া  কোনো কিছু চিবানো বা মুখ খোলার সময় সমস্যা হওয়া  দাঁত আলগা হয়ে যেতে পারে মাড়ি নাক ও মুখের ভেতরে কোনো অংশ ফুলে যেতে পারে এমনকি গর্ত হতে পারে ব্ল্যাক ফাঙ্গাস থেকে বাঁচার উপায় খুব সহজেই এ ভয়াল রোগ থেকে বাঁচা সম্ভব  নিজে পরিস্কারপরিচ্ছন্ন থাকা এবং আশপাশে পরিবেশকে পরিস্কার রাখা  ডায়াবেটিস নিয়ন্ত্রণে রাখা চিকিৎসকের পরামর্শ ছাড়া ওষুধ বিশেষ করে অ্যান্টিবায়োটিক ব্যথানাশক ওষুধ ও স্টেরয়েড সেবন না করা খুব প্রয়োজন ছাড়া স্টেরয়েড জাতীয় ওষুধ পরিহার করা প্রয়োজনে খুব কম সময়ের জন্য খেতে হবে  ইমিউনিটি রোগ প্রতিরোধ ক্ষমতা বাড়ানোর জন্য স্বাস্থ্যকর খাবার খেতে হবে নিয়মিত শারীরিক ব্যায়াম করতে হবে  উপসর্গ দেখা দিলে দ্রুত চিকিৎসকের পরামর্শ অনুযায়ী চিকিৎসা নিতে হবে কভিড১৯এর সঙ্গে কী সম্পর্ক কভিড১৯ করোনাভাইরাসজনিত রোগ ব্ল্যাক ফাঙ্গাস সংক্রমণের অনেক কারণের মধ্যে একটি কারণ হলো কভিড১৯ কভিড১৯ রোগের চিকিৎসায় পলি ফার্মাসি প্রয়োজন ছাড়া একগাদা ওষুধ বিশেষ করে অ্যান্টিবায়োটিক ও স্টেরয়েড সেবন রোগ প্রতিরোধ ক্ষমতা কমে যাওয়া অপরিস্কার ও অপরিচ্ছন্ন পরিবেশে অক্সিজেন সিলিন্ডার ও ভেন্টিলেটর ব্যবহারের কারণে এই ছত্রাক বাসা বাঁধে এবং দ্রুত ছড়িয়ে পড়ে ব্ল্যাক ফাঙ্গাস রোগ দেখা দেয় আমরা রোগকে ভয় না পেয়ে কীভাবে জয় করা যায় সে ব্যাপারে সচেষ্ট হই নিজে ও পরিবারের সবাই পরিস্কার থাকি বাসা ও কর্মস্থলকে পরিস্কার রাখি স্বাস্থ্যসম্মত খাবার খাই ডায়াবেটিস নিয়ন্ত্রণ করি এবং রেজিস্টার্ড চিকিৎসকের পরামর্শ ছাড়া ওষুধ সেবন না করলেই অনেক রোগ থেকে বাঁচা সম্ভব,0
২০২৪২৫ অর্থবছরের প্রথম সপ্তাহে ভারতে বৈদেশিক মুদ্রার রিজার্ভ বা মজুত ২ দশমিক ৯৮ বিলিয়ন বা ২৯৮ কোটি মার্কিন ডলার বেড়েছে বদৌলতে ৫ এপ্রিল দেশটির কেন্দ্রীয় ব্যাংক রিজার্ভ ব্যাংক অব ইন্ডিয়ায় আরবিআই রিজার্ভ বেড়ে ৬৪৮ দশমিক ৫৬ বিলিয়ন বা ৬৪ হাজার ৮৫৬ কোটি ডলারে উঠেছে যা সর্বকালের সর্বোচ্চ খবর বিজনেস লাইনের প্রধানত সোনার রিজার্ভ বা মজুত ২৩৯৮ বিলিয়ন ও বৈদেশিক মুদ্রা সম্পদ ৫৪৯ মিলিয়ন ডলার বৃদ্ধির ফলে বৈদেশিক মুদ্রার রিজার্ভ বৃদ্ধি পেয়েছে এ ছাড়া রিজার্ভের অন্য দুটি উপাদানও বেড়েছে সেগুলো হচ্ছে স্পেশাল ড্রয়িং রাইটস এবং আন্তর্জাতিক মুদ্রা তহবিলে আইএমএফ রিজার্ভের অবস্থার উন্নতি ঘটেছে সব মিলিয়ে ভারতের বৈদেশিক মুদ্রার রিজার্ভ বেড়েছে বর্তমানে বৈদেশিক মুদ্রার রিজার্ভের পরিমাণে বিশ্বে চতুর্থ অবস্থানে রয়েছে ভারত এ ক্ষেত্রে তাদের সামনে রয়েছে কেবল চীন সুইজারল্যান্ড ও জাপান এর মধ্যে চীনের কাছে রয়েছে ভারতের প্রায় পাঁচ গুণ বেশি রিজার্ভ যা পরিমাণে ৩ লাখ ২২ হাজার ৫৮১ কোটি ডলার ১ লাখ ২৯ হাজার কোটি ডলারের রিজার্ভ নিয়ে জাপান আছে দ্বিতীয় স্থানে আর তৃতীয় অবস্থানে থাকা সুইজারল্যান্ডের রয়েছে ৮৬ হাজার ৮৬৩ কোটি ডলার এদিকে আন্তর্জাতিক মুদ্রা তহবিলের আইএমএফ হিসাবপদ্ধতি বিপিএম৬ অনুযায়ী ৮ এপ্রিল বাংলাদেশের বৈদেশিক মুদ্রার রিজার্ভ বেড়ে হয় ২০ দশমিক ১১ বিলিয়ন বা ২ হাজার ১১ কোটি মার্কিন ডলার একই দিনে মোট রিজার্ভের পরিমাণ ছিল ২ হাজার ৫৩৯ কোটি ডলার গত বছরের এই সময়ে মোট রিজার্ভের পরিমাণ অবশ্য আরও অনেক বেশি ছিল ৩১ দশমিক ২০ বিলিয়ন বা ৩ হাজার ১২০ কোটি ডলার,1
ট্রেনে কাটা পড়ে মৃত্যুপ্রতীকী ছবি গাজীপুরের কালীগঞ্জে রেললাইনে হাঁটার সময় ট্রেনের নিচে কাটা পড়ে তিনজনের মৃত্যু হয়েছে আজ বৃহস্পতিবার বিকেলে টঙ্গীভৈরব রেলপথের আড়িখোলা রেলস্টেশনসংলগ্ন এলাকায় এ দুর্ঘটনা ঘটে নিহত ব্যক্তিরা হলেন গাজীপুরের কালীগঞ্জ পৌরসভার দেয়ালটেক এলাকার মোবারকের স্ত্রী সাবিয়া ২৪ একই গ্রামের ইসহাকের মেয়ে মোসা আনাবি ১১ ও ইসহাকের শাশুড়ি নরসিংদীর রায়পুরা থানার আব্দুল্লাহপুর এলাকার মৃত নজরউদ্দিনের স্ত্রী মোসা কমলা বেগম ৫৫ কমলা বেগম দেয়ালটেক এলাকায় তাঁর জামাতার বাড়িতে বেড়াতে এসেছিলেন স্থানীয় ও প্রত্যক্ষদর্শীরা জানান বিকেল পাঁচটার দিকে ঢাকা থেকে নোয়াখালীগামী উপকূল এক্সপ্রেস ট্রেনটি আড়িখোলা স্টেশন অতিক্রম করছিল সে সময় আড়িখোলা রেলব্রিজ ও দেয়ালটেকমুখী সড়কের মাঝামাঝি এলাকায় ওই তিন ব্যক্তি রেললাইনের ওপর দিয়ে হেঁটে যাচ্ছিলেন পেছন থেকে ট্রেন আসার শব্দ শুনতে না পাওয়ায় তাঁরা ট্রেনের নিচে কাটা পড়েন এতে ঘটনাস্থলেই তাঁদের মৃত্যু হয় খবর পেয়ে কালীগঞ্জ থানার পুলিশ ও রেলওয়ে পুলিশ ঘটনাস্থলে গিয়ে লাশ উদ্ধার করে কালীগঞ্জ থানার ভারপ্রাপ্ত কর্মকর্তা ওসি মো জাকির হোসেন বলেন আমরা ঘটনাস্থলে আছি এ বিষয়ে পরবর্তী আইনগত ব্যবস্থা নেওয়া হচ্ছে,1
স্বাধীনতার ৫০ বছর পেরিয়ে সমৃদ্ধির সোপানে বাংলাদেশ ৫১ বছরে মাথাপিছু আয় গড় আয়ু স্বাস্থ্য ও শিক্ষার মতো অর্থনৈতিক ও সামাজিক খাতে ভারত ও পাকিস্তানকে পেছনে ফেলেছে তলাবিহীন ঝুড়ির খেতাব পাওয়া এই বদ্বীপ হচ্ছে নারীর ক্ষমতায়ন কমেছে বৈদেশিক সাহায্যনির্ভরতা তবে চ্যালেঞ্জ রয়ে গেছে বৈষম্য ও সুশাসনের মতো বিষয়ে পাকিস্তানি শৃঙ্খল ভেঙে রক্তক্ষয়ী সংগ্রামের মধ্য দিয়ে জন্ম বাংলাদেশের যুদ্ধবিধ্বস্ত দেশটিকে তলাবিহীন ঝুড়ি আখ্যা দেন তখনকার মার্কিন পররাষ্ট্রমন্ত্রী হেনরি কিসিঞ্জার তার সেই দাম্ভিক উক্তিকে তুচ্ছ করে উন্নয়নের রোল মডেল আজ বাংলাদেশ গত ১৫ বছরের ধারাবাহিক অগ্রগতিতে একজন বাংলাদেশির আয় পাকিস্তানি বা ভারতীয়ের চেয়ে বেশি ২০২০ সালে প্রথমবারের মতো পারক্যাপিটা জিডিপিতে ভারতকে পেছনে ফেলে বাংলাদেশ বাংলাদেশের মাথাপিছু আয় ২৫৯১ ডলার ভারত ১৯৪৭ ডলার আর পাকিস্তান ১৬৬৬ ডলার মাথাপিছু আয়ে ২০১৭১৮ অর্থবছরে পেছনে ফেলে পাকিস্তানকে বিবিএসের হিসাবে গত অর্থবছরে বাংলাদেশের মাথাপিছু আয় বেড়ে হয়েছে ২ হাজার ৫৯১ ডলার যেখানে আইএমএফ ওয়ার্ল্ড ব্যাংক ও রয়টার্সের হিসেবে ভারতের মাথাপিছু আয় ১৯৪৭ ডলার এবং পাকিস্তানের ১৬৬৬ ডলার গড় আয়ুতেও এগিয়ে বাংলাদেশ বাংলাদেশের গড় আয়ু ৭২৬ বছর ভারত ৬৭৭ বছর আর পাকিস্তানের ৬৭৩ বছর স্বাস্থ্যশিক্ষাসহ নানা সামাজিকঅর্থনৈতিক খাতের সুফল মিলছে গড় আয়ুতে ইউএনডিপির ২০২০ সালের মানব উন্নয়ন প্রতিবেদন অনুযায়ী দেশের মানুষের গড় আয়ু এখন ৭২ বছরের ওপরে আর ভারতপাকিস্তানে ৬৮ বছরের নিচে সামাজিক সূচকেও সাফল্য বেশি প্রতিবেশি দুই দেশের চেয়ে বাংলাদেশের শ্রমশক্তিতে ৩৬ শতাংশ নারী অন্যদিকে ভারতে তা সাড়ে ২০ ও পাকিস্তানে ২২ শতাংশ নবজাতক ও শিশুমৃত্যুর হার কমাতেও ভারতপাকিস্তানের চেয়ে ভালো অবস্থানে বাংলাদেশ ভারতে শিশুমৃত্যুর হার ৪ পাকিস্তানে ৭ তবে দেশে তা ৩ শতাংশ শিক্ষাতেও বাংলাদেশের মেয়েরা ২৫ বছরের বেশি বয়সী নারীদের মধ্যে প্রায় ৪০ শতাংশ মাধ্যমিক পাস অন্যদিকে ভারত ও পাকিস্তানে এ হার ২৭ শতাংশ নারীর ক্ষমতায়নের অন্যতম জায়গা জাতীয় সংসদ বাংলাদেশে সংসদ সদস্যের প্রায় ২১ ভাগ নারী ভারত ও পাকিস্তানে তা ১৩ ও ২০ শতাংশ ১৯৭১ সালে যুদ্ধবিধ্বস্ত বাংলাদেশ ছিলো দক্ষিণ এশিয়ার দরিদ্র দেশগুলোর মধ্যে অন্যতম এরপর বঙ্গবন্ধুর নেয়া নানা উদ্যোগে মাত্র সাড়ে ৩ বছরে মাথাপিছু আয় ৯৪ থেকে ২৭৮ ডলারে উন্নীত হয় জিডিপি প্রবৃদ্ধি ছাড়ায় ৯ শতাংশ পরের তিন দশক জিডিপি প্রবৃদ্ধি ও মাথাপিছু আয়ে তেমন গতি দেখা না গেলেও গত একযুগের ধারাবাহিক উন্নয়নে এসেছে নতুন মাত্রা উৎপাদন সক্ষমতা বাড়িয়ে বাংলাদেশ এখন খাদ্যে স্বয়ংসম্পূর্ণ গত ১৫ মার্চ উন্নয়নশীল দেশে উত্তরণের যোগ্যতা অর্জনের আনুষ্ঠানিক ঘোষণা দেয় জাতিসংঘ বাংলাদেশ পরিসংখ্যান ব্যুরো বিবিএসের তথ্য বলছে স্বাধীনতার ৫১ বছরে এসে বাংলাদেশের মাথাপিছু আয় বেড়ে হয়েছে ২ হাজার ৫৯১ ডলার আর দেশের মোট জাতীয় উৎপাদন বেড়ে হয়েছে ৪১৬ বিলিয়ন ডলার এছাড়া করোনা মহামারির পরও দেশের জিডিপি প্রবৃদ্ধি ৬ দশমিক ৯৪ শতাংশ তলাবিহীন ঝুড়ির দেশ এখন ডিজিটাল দুনিয়াকে নেতৃত্ব দেয়ার সাহস দেখায় অর্থনীতিবিদরা বলছেন স্বাধীনতার একান্ন বছরে বাংলাদেশ আর্থসামাজিক খাতে ব্যাপক উন্নতি করেছে তবে দুর্নীতি না থাকলে এই অর্জন আরো বহুগুণ বেশি হতোতাই এখন চ্যালেঞ্জ দূর্নীতি দূর করে ধনীদরিদ্র বৈষম্য দূর করা করোনা মহামারি আর ইউক্রেনরাশিয়ার যুদ্ধাবস্থার মতো আন্তর্জাতিক অস্থিরাবস্থায় যখন উন্নত দেশগুলোও হিমশিম খাচ্ছে পরিস্থিতি সামাল দিতে তখন নানা বাধা মোকাবিলা করে বাংলাদেশ অর্থনৈতিক অগ্রযাত্রা ধরে রেখেছে ২০২১২২ অর্থবছরের বাজেটে ৭ দশমিক ২ শতাংশ জিডিপি প্রবৃদ্ধির লক্ষ্য ধরেছে সরকার,0
চোখে দেখতে পান না তবু ২৫ বছরের হিমানী বুন্দেলার কাছে পৃথিবীটাই রঙিন তিনি বিশ্বাস করেন যে ডানা থাকলেই ওড়া যায় না স্বপ্নের আকাশে উড়তে হলে চাই আত্মবিশ্বাস আর সাহস তাই দৃষ্টিহীন হওয়া সত্ত্বেও রঙিন এক দুনিয়ার বাসিন্দা তিনি প্রাণশক্তিতে ভরপুর আগ্রার এই তরুণী ভারতের সনি এন্টারটেনমেন্ট চ্যানেলের জনপ্রিয় রিয়েলিটি শো কৌন বনেগা ক্রোড়পতি কেবিসি ১৩এর প্রথম কোটিপতি হিমানী বুন্দেলা ১৫ বছর বয়সে এক পথ দুর্ঘটনায় দৃষ্টিশক্তি হারান তিনি তাঁর স্বপ্ন আজ হাতের মুঠোয় কৌন বনেগা ক্রোড়পতি জীবনের সব অন্ধকার মুছে আরও আলোকময় করে তুলেছে তাঁর জীবন প্রথম আলোর সঙ্গে এক সাক্ষাৎকারের শুরুতে হিমানী বুন্দেলা শোনালেন কেবিসিতে আসার পর তাঁর নতুন জীবনের কথা একরাশ উচ্ছ্বাস নিয়ে হিমানী বলেন দেখুন কত অর্থ পেলাম সেটা বড় কথা নয় কেবিসি আমার জীবনকে সম্পূর্ণ বদলে দিয়েছে আগে শুধু আমার সোসাইটির মধ্যেই আমার পরিচিতি ছিল আজ আগ্রা বুদেলখন্ড জয়পুর ছাড়িয়ে দূরদূরান্তের মানুষ আমায় চেনেন সবার অনেক ভালোবাসাভরা বার্তা পাচ্ছি ফোন করে অনেকে একবার আমার সঙ্গে কথা বলতে চাইছেন আমার সঙ্গে ছবি তোলার আবদার করছেন ছোট থেকেই কেবিসির ভক্ত হিমানী তিনি বলেন বিশেষ করে এই রিয়েলিটি শোর ব্যাকগ্রাউন্ড মিউজিক আমার দারুণ লাগে আর অমিতাভ বচ্চন স্যারের নমস্কার দেবীয়ো সজ্জনো বলার ধরন আমাকে মুগ্ধ করত বাড়িতে আমি অমিতাভ বচ্চনকে নকল করতাম ১৩ বছর বয়স থেকে কেবিসিতে অংশগ্রহণ করার চেষ্টা করতাম আগে প্রচুর মেসেজ পাঠাতাম কিন্তু উত্তর পেতাম না সনি লাইভে শোটি আসার পর থেকে আমি মেসেজের উত্তর পেতে শুরু করি আমার আত্মবিশ্বাস বাড়তে থাকে বাড়িতে আমি অমিতাভ বচ্চনকে নকল করতাম বাড়িতে আমি অমিতাভ বচ্চনকে নকল করতাম নিজের ইচ্ছাশক্তির জোরেই কেবিসির মঞ্চে পা রেখেছিলেন হিমানী নিজেই নিজের প্রেরণা ছিলেন এই তরুণী পরিবারের সবারই আমার কেবিসিতে আসা নিয়ে শঙ্কা ছিল এই দুনিয়ায় আমি নিজেকে কতটা মানিয়ে নিতে পারব তা নিয়ে ওদের মনে ভয় ছিল তবে আমি ভয় পাইনি তাই আমার এখানে আসার পেছনে আসল মানুষটি আমি নিজেই ছিলাম আর সনি চ্যানেলের টিম আমাকে ওদের নিজের পরিবারের একজন অনুভব করিয়েছিল অমিতাভ স্যার সেটে আমাকে এতটাই সহজ করে তুলেছিলেন যে আমি ঘাবড়ে যাইনি অমিতাভ বচ্চনকে বাস্তবে স্পর্শ করার অনুভূতি সারা জীবন বয়ে বেড়াবেন হিমানী কৌন বনেগা ক্রোড়পতির সঞ্চালক অমিতাভ বচ্চনের সঙ্গে সাক্ষাতের প্রসঙ্গে তিনি বলেন এত বড় ব্যক্তিত্ব হয়েও স্যার অত্যন্ত বিনয়ী আর একদম মাটিতে পা রেখে চলেন ওনার সম্পর্কে অনেক ভালো ভালো কথা শুনেছিলাম দেখা হওয়ার পর মনে হলো স্যারেরর জন্য কোনো প্রশংসাই যথেষ্ট নয় কৌন বানেগা ক্রোড়পতি অনুষ্ঠানে অমিতাভ বচ্চন কৌন বানেগা ক্রোড়পতি অনুষ্ঠানে অমিতাভ বচ্চনসংগৃহীত বিগ বির সঙ্গে কিছু সময়ের সফর হিমানীকে মানুষ হিসেবে অনেক সমৃদ্ধ করেছে আগ্রার এই তরুণী এ প্রসঙ্গে বলেন অমিতাভ স্যারকে বলিউডের শাহেনশাহ বলা হয় আর তাই ওনাকে ঘিরে অনেকের মনে হয়তোবা ভীতি আছে কিন্তু মানুষ হিসেবে উনি একদম অন্য রকম আমি ওনার মতো বিনয়ী আর মাটির মানুষ হতে চাই আমি কাছ থেকে দেখেছি যে স্যার সবাইকে তাঁর প্রাপ্য সম্মান দেন সবাইকে সমান সুযোগ দেন এই বয়সেও স্যারের এনার্জির মাত্রা দেখে আমি অবাক হয়ে গিয়েছিলাম কাজের প্রতি ওনার একাগ্রতা আর নিয়মানুবর্তিতা আমাকে মুগ্ধ করেছিল স্যারের এই গুণগুলো নিয়ে আরও ভালো মানুষ হয়ে উঠতে চাই কেবিসি ঘিরে হিমানীর নানান রঙিন স্মৃতি তবে সবচেয়ে সুন্দর স্মৃতির প্রসঙ্গে তিনি বলেন অমিতাভ স্যার আমার হাতে যখন জলের গ্লাস তুলে দেন সেই মুহূর্তটা আমার সঙ্গে আজীবন থাকবে আর আমার হাত ধরে স্যার কেবিসির মঞ্চে প্রবেশ করেছিলেন আমি তা কোনো দিন ভুলতে পারব না কৌন বনেগা ক্রোড়পতি মঞ্চে হিমানী বুন্দেলা কৌন বনেগা ক্রোড়পতি মঞ্চে হিমানী বুন্দেলা কেবিসির মঞ্চ থেকে কোটি রুপি জয়ের পর নিজের জীবন নিয়ে বেশ কিছু স্বপ্ন এঁকেছেন হিমানী তিনি বলেন বেশ কিছু পরিকল্পনা আছে আমি প্রতিবন্ধী ছেলেমেয়েদের সরকারি প্রবেশিকা পরীক্ষার উপযোগী করে গড়ে তুলতে একটা কোচিং সেন্টার খুলতে চাই করোনার সময় বাবা চাকরি হারিয়েছেন তাই বাবার জন্য নতুন কোনো ব্যবসা শুরু করার পরিকল্পনা আছে ভাইবোনদের শিক্ষার জন্য কিছু অর্থ রাখতে চাই এ ছাড়া কিছু সচেতনতামূলক কাজ করার পরিকল্পনা আছে আগামী দিনে আরও কিছু করার পরিকল্পনা হিমানীর আছে তিনি বলেন আমার এই সংগ্রামে সব সময় আমার পরিবারকে পাশে পেয়েছি আজ আমি যা কিছু করতে পেরেছি তা আমার পরিবারের জন্য ওনারা কখনো আমার মনে নেতিবাচক চিন্তাভাবনা আসতে দেননি,0
আমেরিকার টেক্সাসে আরও একটি ডেটা সেন্টার নির্মাণের ঘোষণা দিয়েছে মার্ক জাকারবার্গের প্রতিষ্ঠান মেটা বুধবার ১৫ অক্টোবর ফেসবুক ইনস্টাগ্রামের মালিক প্রতিষ্ঠানটি জানিয়েছে টেক্সাস অঙ্গরাজ্যের এল পাসোতে নতুন একটি ডেটা সেন্টার তৈরিতে ১ দশমিক ৫ বিলিয়ন ডলার বিনিয়োগ করবে তাঁরা বাংলাদেশি মুদ্রায় অর্থের অঙ্কটা ১৮ হাজার কোটি টাকার বেশি সারা বিশ্বে এটি হতে যাচ্ছে মেটার ২৯তম ডেটা সেন্টার আর টেক্সাসে তৃতীয় কৃত্রিম বুদ্ধিমত্তা বা এআই প্রযুক্তি খাতে ক্রমবর্ধমান চাহিদা মেটাতে নিজেদের পরিকাঠামো উন্নয়নের অংশ হিসেবেই ডেটা সেন্টার তৈরিতে বিলিয়ন বিলিয়ন ডলার বিনিয়োগ করছে মেটা ঠিক যেমনটা করছে মাইক্রোসফট অ্যামাজন ওপেনএআইর মতো শীর্ষস্থানীয় এআই প্রতিষ্ঠানগুলো বিশ্বব্যাপী এআই প্রযুক্তির উন্নয়নের সাথে সাথে বাড়ছে এর ব্যবহারের পরিধিও স্বাভাবিকভাবেই তাই বৃদ্ধি পাচ্ছে এর চাহিদা ক্রমবর্ধমান এই চাহিদা মেটাতেই বড় বড় প্রযুক্তি প্রতিষ্ঠানগুলো নিজেদের ডেটা সেন্টার সক্ষমতা বাড়াতে বিশাল অঙ্কের অর্থ বিনিয়োগ করছে এ খাতে টেক্সাসের এল পাসোতে নির্মিতব্য নতুন ডেটা সেন্টারটি ২০২৮ সালে চালু হবে বলে আশা করছে মেটা সেন্টারটি ১ গিগাওয়াট পর্যন্ত বিদ্যুৎ ব্যবহার করতে সক্ষম হবে বলে জানিয়েছে তাঁরা এই পরিমাণ বিদ্যুৎ দিয়ে সান ফ্রান্সিসকোর মতো শহরের এক দিনের বিদ্যুতের সংস্থান সম্ভব সার্বিকভাবে এটি হতে যাচ্ছে আমেরিকার সবচেয়ে বড় ডেটা সেন্টারগুলোর একটি অ্যামাজন অ্যালফাবেট মেটা এবং মাইক্রোসফটের দাবি অনুযায়ী ২০২৫ সালে তাঁরা এআই খাতে ৩৬০ বিলিয়ন ডলারের বেশি খরচ করবে এই বিনিয়োগের সিংহভাগই ডেটা সেন্টার সক্ষমতা বাড়াতে খরচ করবে প্রতিষ্ঠানগুলো আরও দেখুন  স্বাস্থ্য বীমা এক বিবৃতিতে মেটা জানিয়েছে এল পাসোতে নির্মিতব্য নতুন ডেটা সেন্টারটি চালু হলে সেখানে ১০০ জন কর্মীর কর্মসংস্থান হবে এবং এটির নির্মাণকাজ যখন পুরোদমে চলবে তখন এখানে ১৮ শরও বেশি নির্মাণকর্মী কাজ করবে শক্তিশালী বৈদ্যুতিক গ্রিড এবং দক্ষ কর্মীর সহজলভ্যতার জন্যই ডেটা সেন্টারটির নির্মাণস্থান হিসেবে এল পাসোকে বেছে নেওয়া হয়েছে বলে বিবৃতিতে উল্লেখ করা হয়েছে উল্লেখ্য সাম্প্রতিক বিনিয়োগসহ এখন পর্যন্ত টেক্সাসে ১০ বিলিয়ন ডলারের বেশি বিনিয়োগ করেছে মেটা বিনিয়োগের পাশাপাশি অঙ্গরাজ্যটিতে এখন পর্যন্ত ২ হাজার ৫০০ জনেরও বেশি লোক নিয়োগ করেছে ক্যালিফোর্নিয়াভিত্তিক প্রতিষ্ঠানটি পরিবেশের ওপর ডেটা সেন্টারের বিরুপ প্রভাবের কথা মাথায় রেখেই মেটা বলেছে যে এল পাসোর ডেটা সেন্টারটিতে শতভাগ নবায়নযোগ্য বিদ্যুৎ ব্যবহার করা হবে এর ক্লোজডলুপ লিকুইড কুলিং সিস্টেম ক্রমাগতভাবে পানি পুনর্ব্যবহার করবে মেটার প্রতিশ্রুতি অনুযায়ী স্থানীয় উৎস থেকে ডেটা সেন্টারটি যে পরিমাণ পানি ব্যবহার করবে এর দ্বিগুণ পরিমাণ পানি তাঁরা জলাধারগুলোতে ফিরিয়ে দেবে উল্লেখ্য মেটার দীর্ঘমেয়াদি লক্ষ্য হচ্ছে ২০৩০ সালের মধ্যে বিশ্বব্যাপী তাঁদের ডেটা সেন্টারগুলোতে যে পরিমাণ পানি ব্যবহৃত হবে তার চেয়ে বেশি পানি পরিবেশে ফিরিয়ে দেওয়া,0
অভিনেত্রী আজমেরী হক বাঁধন রেহানা মরিয়ম নূর রবীন্দ্রনাথ এখানে কখনো খেতে আসেননি সিরিজ দিয়ে শিল্পী হিসেবে প্রতিষ্ঠিত করেছেন নিজেকে হেঁটেছেন কান চলচ্চিত্র উৎসবে কুড়িয়েছেন খ্যাতি পেয়েছেন প্রশংসাও এই অভিনেত্রীকে এবার দেখা যাবে ভিন্ন লুকে এশা মার্ডার  কর্মফল সিনেমায় পুলিশ অফিসার চরিত্রে অভিনয় করেছেন বাঁধন সিনেমাটি পরিচালনা করেছেন সানী সানোয়ার মঙ্গলবার ১৯ মার্চ সন্ধ্যা ৭টায় এলো সিনেমাটির টিজার প্রায় এক মিনিটের টিজারটি শেয়ার করে সানী সানোয়ার ক্যাপশনে লিখেছেন বাঁধন কি পারবে এশা খুনএর রহস্য ভেদ করতে এক মিনিটের টিজারেই পুলিশ অফিসারের চরিত্রে মাত করেছেন বাঁধন টিজারে দেখা যায় অর্চনা গোপ জেসমিন টিউলিপ এবং এশা জান্নাত নামের তিনজন মেয়ে একই জেলায় খুনসহ ধর্ষণের শিকার হন যার তদন্তের দায়িত্ব পড়ে পুলিশ অফিসার বাঁধনের ওপর চৌকস পুলিশ অফিসারের সমস্ত কিছুই দুর্দান্তভাবে যে অনুসরণ করেছেন বাঁধন তার আভাস তিনি রেখেছেন এশা মার্ডারএর টিজারে বাঁধন ছাড়াও এই সিনেমায় অভিনয় করেছেন পূজা ক্রুজ মিশা সওদাগর শহিদুজ্জামান সেলিম সুমিত সেনগুপ্ত শতাব্দী ওয়াদুদ শরীফ সিরাজ নিবির আদনান নাহিদ এজাজ আহমেদ মাজনুন মিজান আনিসুল হক বরুণ সুষমা সরকার দীপু ঈমাম আরও পড়ুন অসহায়এতিম বাচ্চাদের জন্য জয়ার আবেগঘন পোস্ট এশা মার্ডার কর্মফল সিনেমাটি মুক্তি পাবে ঈদুল আজহায়,0
গেল বছরের প্রথম ১০ মাসে বাংলাদেশ থেকে ১৯৪০ কোটি ডলারের পোশাক নিয়েছে ইউরোপীয় ইউনিয়নের দেশগুলো ইউরোপীয় পরিসংখ্যান সংস্থা ইউরোস্ট্যাটের সর্বশেষ প্রকাশিত তথ্য অনুসারে জানুয়ারি থেকে অক্টোবর ২০২২ সময়ের মধ্যে ইউরোপীয় ইউনিয়ন বিশ্ব থেকে ৮৬৭৪ বিলিয়ন মার্কিন ডলার মূল্যের পোশাক আমদানি করেছে বছরওয়ারি প্রবৃদ্ধি হয়েছে ২৪৪১ শতাংশ জানুয়ারিঅক্টোবর ২০২২ সালে ইইউ বাংলাদেশ থেকে ১৯৪০ বিলিয়ন মার্কিন ডলার মূল্যের পোশাক আমদানি করেছে ইইউ এর পোশাক আমদানির জন্য বাংলাদেশ দ্বিতীয় বৃহত্তম পোশাক আমদানির উৎসের অবস্থানে রয়েছে ২০২১ সালের একই সময়ের তুলনায় বাংলাদেশ থেকে ইউরোপীয় ইউনিয়নের পোশাক আমদানি ৪১৭৬ শতাংশ বেড়েছে চীন ২৯৩৯ শতাংশ শেয়ার নিয়ে ইউরোপীয় ইউনিয়নে ইইউ সবচেয়ে বড় পোশাক সরবরাহকারীর অবস্থান ধরে রেখেছে ২০২২ সালের প্রথম দশ মাসে চীন থেকে ইউরোপীয় ইউনিয়নের আমদানি বছরওয়ারি ২২৪৩ শতাংশ প্রবৃদ্ধিসহ ২৫৪৯ বিলিয়ন মার্কিন ডলারে পৌঁছেছে একই সময়ে তুরস্ক থেকে আমদানিও বছরওয়ারি ১২৮২ শতাংশ বৃদ্ধি পেয়েছে তুরস্ক থেকে ইউরোপীয় ইউনিয়নের আমদানি ১০১২ বিলিয়ন মার্কিন ডলারে দাঁড়িয়েছে ভারত থেকে আমদানি ৪২৪ বিলিয়ন মার্কিন ডলারে পৌঁছেছে বছরওয়ারি প্রবৃদ্ধি হয়েছে ২৩৪৬ শতাংশ অন্যান্য শীর্ষ সরবরাহকারীদের মধ্যে কম্বোডিয়া ভিয়েতনাম পাকিস্তান মরক্কো শ্রীলঙ্কা এবং ইন্দোনেশিয়া থেকে ইউরোপীয় ইউনিয়নের আমদানি যথাক্রমে ৩৯৬৯ শতাংশ ৩৩০৫ শতাংশ ২৮৫৫ শতাংশ ৯৫৯ শতাংশ ১৮ শতাংশ এবং ৩১৭৬ শতাংশ বৃদ্ধি পেয়েছে,0
আপিল বিভাগে নিয়োগ পেলেন চার নতুন বিচারপতি রোববার সকাল সাড়ে ১০টায় সুপ্রিম কোর্ট অডিটরিয়ামে এদের মধ্যে তিনজনকে শপথ পড়ান প্রধান বিচারপতি হাসান ফয়েজ সিদ্দিকী রাষ্ট্রপতির আদেশক্রমে আইন বিচার ও সংসদ বিষয়ক মন্ত্রণালয়ের আইন ও বিচার বিভাগের সচিব দায়িত্বপ্রাপ্ত মো গোলাম সারওয়ার স্বাক্ষরিত এ সংক্রান্ত প্রজ্ঞাপন আজ জারি করা হয়েছে আপিল বিভাগে নিয়োগ পাওয়া বিচারকরা হলেন বিচারপতি বোরহান উদ্দিন বিচারপতি এম ইনায়েতুর রহিম বিচারপতি এফ আর এম নাজমুল আহাসান এবং বিচারপতি কৃষ্ণা দেবনাথ এদের মধ্যে ৩ জন শপথ নিয়েছেন রোববার সকাল সাড়ে ১০টায় সুপ্রিম কোর্ট অডিটরিয়ামে তাদের শপথ পড়ান প্রধান বিচারপতি হাসান ফয়েজ সিদ্দিকী শপথ নিয়েছেন বিচারপতি বোরহান উদ্দিন বিচারপতি এম ইনায়েতুর রহিম এবং বিচারপতি কৃষ্ণা দেবনাথ তবে বিচারপতি এফ আর এম নাজমুল আহাসান অসুস্থ থাকায় তিনি পরে শপথ নেবেন শপথ অনুষ্ঠান পরিচালনা করেন সুপ্রিম কোর্টের রেজিস্ট্রার জেনারেল মো আলী আকবর এ সময় সুপ্রিম কোর্টের আপিল ও হাইকোর্ট বিভাগের বিচারপতিরা উপস্থিত ছিলেন সংবিধানের ৯৫ এর ১ অনুচ্ছেদ অনুযায়ী প্রধান বিচারপতির সাথে পরামর্শ করে হাইকোর্ট বিভাগ থেকে তাদের সু্প্রিম কোর্টের আপিল বিভাগে নিয়োগ দেন রাষ্ট্রপতি এ নিয়ে আপিল বিভাগের বিচারক সংখ্যা হল ৮ জন সেখানে বলা হয় সংবিধানে প্রদত্ত ক্ষমতাবলে রাষ্ট্রপতি তাদের আপিল বিভাগে নিয়োগ দিয়েছেন শপথ গ্রহণের তারিখ থেকে তাদের এ নিয়োগ কার্যকর হবে,0
আনুষ্ঠানিক ঘোষণা আসেনি তবে মৌসুম শেষে কিলিয়ান এমবাপ্পের পিএসজি ছাড়া অনেকটাই নিশ্চিত এর মধ্যে রিয়াল মাদ্রিদের সঙ্গে এমবাপ্পের চুক্তির বিস্তারিত তথ্যও সামনে এনেছে স্প্যানিশ সংবাদমাধ্যম মার্কাসহ একাধিক ইউরোপীয় সংবাদমাধ্যম গুঞ্জন এ রকম যে চুক্তি সই ছাড়া আর সবকিছুই হয়ে গেছে এমনকি এমবাপ্পের প্রতি পিএসজি ও কোচ লুইস এনরিকের আচরণেও এসেছে বেশ পরিবর্তন লিগ আঁতে টানা চার ম্যাচে ৯০ মিনিট খেলার সুযোগ পাননি এ ফরাসি তারকা ক্লাবের এমন আচরণে বিরক্ত এমবাপ্পে কথা বলেছেন কোচ এনরিকের সঙ্গেও পিএসজি কোচকেও বিষয়টি নিয়ে কথা বলতে হয়েছে সংবাদমাধ্যমের সঙ্গে বলেছেন ভবিষ্যতে চোখ রেখে এমবাপ্পেকে ছাড়া খেলায় অভ্যস্ত হতে চায় তাঁল দল ঘরোয়া লিগে এমবাপ্পেকে না নামানোর ঝুঁকি নিলেও চ্যাম্পিয়নস লিগে অবশ্য সে পথে হাঁটেননি এনরিকে রিয়াল সোসিয়েদাদের বিপক্ষে শেষ ষোলোর দ্বিতীয় লেগে পুরো ৯০ মিনিট মাঠে ছিলেন বিশ্বকাপজয়ী এই তারকা তাঁর জোড়া গোলেই পিএসজি ২১ গোলে জিতে উঠেছে শেষ আটে এর আগে প্রথম লেগেও ২০ ব্যবধানের জয়েও একটি গোল এসেছিল এমবাপ্পের কাছ থেকেই এখন শেষ আটে পিএসজি খেলবে বার্সেলোনার বিপক্ষে গুরুত্বপূর্ণ এ ম্যাচেও পিএসজির সবচেয়ে বড় ভরসার নাম এমবাপ্পে লিগে এ ফরোয়ার্ডকে পুরো সময় না খেলিয়ে দলকে অভ্যস্ত করার ঝুঁকি নেওয়ার সুযোগ থাকলেও চ্যাম্পিয়নস লিগে এমন কিছু হতে পারে আত্মঘাতী সেটি অজানা নয় পিএসজি কোচ এনরিকেরও তবে নিজের টুইচ ভিডিও লাইভস্ট্রিমিং সার্ভিস চ্যানেলে কথা বলার সময় বার্সার বিপক্ষে এমবাপ্পেকে বিশ্রাম দেওয়া নিয়ে বেশ রসিকতাই করলেন এই স্প্যানিশ কোচ পিএসজি কোচ লুইস এনরিকে পিএসজি কোচ লুইস এনরিকেপিএসজি ওয়েবসাইট সাবেক বার্সেলোনা কোচ এনরিকে সম্প্রতি তাঁর প্রয়াত মেয়ের নামের দাতব্য সংস্থা জানা ফাউন্ডেশনের উদ্বোধন করেন ৯ বছর বয়সে ক্যানসারে আক্রান্ত হয়ে মারা যায় জানা দাতব্য সংস্থাটি উদ্বোধনের পর টুইচ চ্যানেলে সেটি নিয়ে কথা বলেন পিএসজি কোচ সেখানে মজা করে এক অনুসারী জিজ্ঞেস করেছেন কতজন সাবস্ক্রাইভার পেলে এমবাপ্পেকে এনরিকে বার্সার বিপক্ষে সেন্টার ব্যাক হিসেবে খেলাবেন এমন প্রশ্ন এড়িয়ে না গিয়ে এনরিকেও উত্তর দেন বেশ মজা করে তিনি বলেছেন সাবস্ক্রাইবার না ৪ বা ৫ মিলিয়ন ইউরো এই দাতব্য সংস্থায় জানা ফাউন্ডেশন দান করে দিন আমি কিলিয়ানকে এমবাপ্পে বিশ্রামও দিয়ে দিতে পারি আপনার রসিদটি আমাকে পাঠিয়ে দেবেন টুইচে মজা করলেও বার্সার বিপক্ষে এমবাপ্পে হবেন এনরিকের তুরুপের তাস এমবাপ্পেরও জন্যও বিদায়ের আগে পিএসজিকে চ্যাম্পিয়নস লিগ শিরোপা এনে দেওয়ার এটিই শেষ সুযোগ বহু আরাধ্যের এই শিরোপাটি যদি এমবাপ্পে পিএসজিকে জেতাতে পারেন তবে বীরের বেশেই প্যারিসের ক্লাবটি থেকে বিদায় নেওয়ার সুযোগ পাবেন ফরাসি তারকা,0
কয়েক সপ্তাহ আগে ইনস্টাগ্রামে কয়েকটি পোস্ট করেছেন মেধা ছবিটি ছড়িয়ে পড়েছে ছবিতে প্রায় ২ লাখ রিঅ্যাক্ট পড়েছেশিল্পীর ইনস্টাগ্রাম থেকে ২  ৫ এসব ছবিতে ১৩ শতাধিক মন্তব্য এসেছে এসব ছবিতে ১৩ শতাধিক মন্তব্য এসেছেশিল্পীর ইনস্টাগ্রাম থেকে আরও পড়ুন টুয়েলভথ ফেল অভিনেত্রী মেধার প্রথম উপার্জন কত ছিল ১৬ মার্চ ২০২৪ টুয়েলভথ ফেল অভিনেত্রী মেধার প্রথম উপার্জন কত ছিল ৩  ৫ এসব ছবিতে ১৩ শতাধিক মন্তব্য এসেছে এসব ছবিতে ১৩ শতাধিক মন্তব্য এসেছেশিল্পীর ইনস্টাগ্রাম থেকে আরও পড়ুন এ বছর ফিল্মফেয়ারে কয়টি পুরস্কার জিতল টুয়েলভথ ফেল ২৯ জানুয়ারি ২০২৪ এ বছর ফিল্মফেয়ারে কয়টি পুরস্কার জিতল টুয়েলভথ ফেল ৪  ৫ ২০১৫ সালে কাজ শুরু করলেও হাতে গোনো কয়েকটি সিনেমা ও সিরিজে কাজ করেছেন মেধা ২০১৫ সালে কাজ শুরু করলেও হাতে গোনো কয়েকটি সিনেমা ও সিরিজে কাজ করেছেন মেধাশিল্পীর ইনস্টাগ্রাম থেকে ৫  ৫ ভারতের উত্তর প্রদেশের নয়ডায় জন্ম মেধা শংকরের সেখানেই বড় হয়েছেন ভারতের উত্তর প্রদেশের নয়ডায় জন্ম মেধা শংকরের সেখানেই বড় হয়েছেনশিল্পীর ইনস্টাগ্রাম থেকে প্রথম আলোর খবর পেতে গুগল নিউজ চ্যানেল ফলো করুন বলিউড থেকে আরও দেখুন সিনেমাবলিউড তারকাবলিউড,0
জুলাইআগস্টের মতো সেপ্টেম্বরেও মূল্যস্ফীতি বাড়বে তবে অক্টোবর থেকে কমতে শুরু করবে বলে আশা প্রকাশ করেছেন পরিকল্পনামন্ত্রী এম এ মান্নান মঙ্গলবার ৬ সেপ্টেম্বর সকালে এনইসি সম্মেলন কক্ষে ডেভেলপমেন্ট জার্নালিস্ট ফোরাম অব বাংলাদেশ ডিজেএফবি আয়োজিত উন্নয়ন সংলাপে এ আশা প্রকাশ করেন তিনি অর্থনীতি স্থিতিশীল হলে বাজারে তার প্রভাব পড়বে বলেও মনে করেন পরিকল্পনামন্ত্রী পরিকল্পনামন্ত্রী এম এ মান্নান বলেন এরইমধ্যে বাজারে চালের দাম কমে এসেছে আমরা আইএমএফের আন্তর্জাতিক মুদ্রা তহবিল ঋণ পেয়ে যাব আমি নিশ্চিত আমরা পাব সুতরাং এসব বিবেচনায় আমি মনে করি আমরা ঘুরে দাঁড়াব আমাদের রেমিট্যান্স আমাদের কৃষি আমাদের শ্রম এগুলো ক্ষতিগ্রস্ত হবে না সংলাপে অর্থনীতির বিভিন্ন দিক নিয়ে সাংবাদিকরা প্রশ্ন করেন জ্বালানি তেলের দাম আর ডলার সংকট নিয়ে করা প্রশ্নে মন্ত্রী আশ্বাস দেন তেলের দাম বাড়বে না বরং কমবে আইএমএফের ঋণ পেলে এবং ডলারের দাম ঠিক রাখতে পারলে অর্থনীতি স্থিতিশীল হবে সরকারি ব্যয় বেড়েছে স্বীকার করে মন্ত্রী বলেন অপ্রয়োজনীয় প্রকল্প নেয়া হচ্ছে না প্রকল্পের দুর্নীতি কমাতে কেনাকাটায় নজরদারি বাড়ানো প্রয়োজন তিনি আরও বলেন সবকিছুর মধ্যেও প্রবৃদ্ধি ৭ শতাংশের নিচে যেন না নামে সেদিকে খেয়াল রাখছে সরকার আমরা প্রকল্পে দুর্নীতি কমিয়ে রাখার চেষ্টা করি মূলত ক্রয়ের ক্ষেত্রে দুর্নীতি হয় আমরা সেখানে আমাদের তদারকি জোরদার করছি সেই সঙ্গে আইন প্রয়োগ করা জরুরি বলে আমি মনে করি,1
ধর্ষণচেষ্টার অভিযোগে সাময়িক বরখাস্ত হয়েছেন চট্টগ্রাম বিশ্ববিদ্যালয়ের রসায়ন বিভাগের অধ্যাপক মাহবুবুল মতিন তবে আন্দোলনকারী শিক্ষার্থীরা ঘোষণা দিয়েছেন স্থায়ী বহিষ্কার না করা পর্যন্ত আন্দোলন চলবে প্রয়োজনে আরও কঠোর হবেন তারা শিক্ষার্থীদের ডাকে চলা টানা এই আন্দোলনে এবার শামিল হয়েছেন শিক্ষকরাও তারা বুধবার দাঁড়ান হাতে হাত ধরে চান জড়িতদের দৃষ্টান্তমূলক বিচার শিক্ষকদের অভিযোগ বিশ্ববিদ্যালয় প্রশাসনের উদাসীনতায় একের পর এক ঘটনা ঘটছে নির্বিকার থাকছেন উপাচার্যও ধর্ষণচেষ্টার অভিযোগে মতিনের দৃষ্টান্তমূলক সাজা চেয়ে কয়েকদিন ধরেই চলছে এই আন্দোলন টানা আন্দোলনের পঞ্চম দিনে অভিযুক্ত শিক্ষককে সামরিক বরখাস্তের সিদ্ধান্তের কথা জানায় বিশ্ববিদ্যালয় প্রশাসন দাবি মেনে নেওয়া হয়েছে জানিয়ে শিক্ষার্থীদের ক্লাসে ফেরার আহ্বান জানায় বিশ্ববিদ্যালয় প্রশাসন বিশ্ববিদ্যালয় কর্তৃপক্ষ বাদী হয়ে রসায়ন বিজ্ঞান বিভাগের ওই শিক্ষকের বিরুদ্ধে মামলা না করায় ক্ষোভও প্রকাশ করেছেন,0
ভারতের শাসক গোষ্ঠী বিভাজনের রাজনীতি ও বাংলাদেশবিরোধী বক্তব্যে লিপ্ত মন্তব্য করে তথ্য ও সম্প্রচার মন্ত্রণালয়ের উপদেষ্টা নাহিদ ইসলাম বলেছেন জুলাইআগস্টে বাংলাদেশে ছাত্রজনতার আন্দোলনের সময় কলকাতা ও দিল্লির ছাত্ররা আমাদের সঙ্গে একাত্মতা প্রকাশ করে শেখ হাসিনার নৃশংসতার বিরুদ্ধে প্রতিবাদ জানায় ভারতের এই গণতন্ত্রপ্রিয় মানুষ আমাদের বন্ধু তবে ভারতের শাসকগোষ্ঠী এবং হিন্দুত্ববাদী শক্তিরা এ ধরনের গণতান্ত্রিক সম্পর্ক ও সম্প্রীতি চায় না তারা বাংলাদেশের অভ্যুত্থান এবং এর ছাত্রদের রাজনৈতিক জাগরণকে হুমকি হিসেবে দেখে ফলে তারা বাংলাদেশের বিরুদ্ধে বিদ্বেষ পোষণ করছে আজ মঙ্গলবার সামাজিক যোগাযোগমাধ্যম এক্সএ নিজের ভেরিফাইড পেজে এ সংক্রান্ত পোস্ট দেন সেখানে তিনি উল্লেখ করেন পশ্চিমবঙ্গ ত্রিপুরা এবং আসামের সঙ্গে বাংলাদেশের ঐতিহাসিক ও সাংস্কৃতিক সম্পর্ক রয়েছে তবে সংখ্যালঘু নিপীড়ন টার্ম ব্যবহার করে দিল্লি ফ্যাসিবাদী আওয়ামী লীগকে পুনর্বাসন এবং বাংলাদেশের গণতান্ত্রিক ও জাতিপুনর্নির্মাণ প্রক্রিয়াকে ব্যাহত করার চেষ্টা করছে তথ্য উপদেষ্টা আরও বলেন শুরু থেকেই আমরা জোর দিয়ে আসছি যে ভারত সরকারকে বাংলাদেশকে আওয়ামী লীগের দৃষ্টিতে দেখা বন্ধ করতে হবে এবং ন্যায় ন্যায্যতা ও পারস্পরিক শ্রদ্ধার ভিত্তিতে একটি নতুন সম্পর্ক স্থাপন করতে হবে বাংলাদেশ হিন্দুসহ সকল সংখ্যালঘু সম্প্রদায়ের জন্য পূর্ণ নাগরিকত্বের অধিকার মর্যাদা এবং নিরাপত্তা নিশ্চিত করতে প্রতিশ্রুতিবদ্ধ সরকার আওয়ামী লীগের আমলেই সংখ্যালঘুরা সর্বোচ্চ নিপীড়নের সম্মুখীন হয়েছিল তবুও দিল্লি নিঃশর্তভাবে আওয়ামী লীগকে সমর্থন করেছিল যদিও ভারত তার নিজ দেশের সংখ্যালঘুদের অধিকার নিশ্চিত করতে ব্যর্থ হয়েছে তারা বাংলাদেশে সংখ্যালঘুদের নিপীড়নকারী দল আওয়ামী লীগকে আশ্রয় ও সমর্থন দিয়েছে তিনি আরও জানান গণহত্যা ও শিশু হত্যার জন্য দায়ী পলাতক শেখ হাসিনাকে আশ্রয় ও ধারাবাহিক সহায়তা অব্যাহত রেখে ভারত সরকার গণতান্ত্রিক মূল্যবোধকে ক্ষুণ্ণ করার ঝুঁকিতে রয়েছে ভারতের স্থিতিশীলতা ও অখণ্ডতা বাংলাদেশের স্থিতিশীলতা ও অখণ্ডতার সঙ্গে ওতপ্রোতভাবে জড়িত তা ভুলে গেলে চলবে না তথ্য উপদেষ্টা নাহিদ বলেন ক্ষমতাসীন বিজেপি বাংলাদেশকে ভারতের অভ্যন্তরীণ রাজনৈতিক ইস্যুতে পরিণত করার চেষ্টা করছে এমনটা হলে তা ভারতের অভ্যন্তরীণ রাজনীতির জন্য ক্ষতিকর হবে বাংলাদেশবিরোধী ও মুসলিমবিরোধী রাজনীতি ভারতের জাতীয় স্বার্থে কাজ করবে না তাই আমরা ভারতকে বাংলাদেশের বিরুদ্ধে মিথ্যা অপপ্রচার বন্ধ করে গণতন্ত্রের প্রতি সম্প্রীতি ও সম্মান বজায় রাখার আহ্বান জানাই,0
চলতি বছর এইচএসসি ও সমমানের পরীক্ষা গ্রহণকালে প্রয়োজনে সময় বাড়ানোর নির্দেশনা দিয়েছে ঢাকা মাধ্যমিক ও উচ্চমাধ্যমিক শিক্ষা বোর্ড আবহাওয়া পরিস্থিতির কারণে ঢাকা চট্টগ্রামসহ বিভিন্ন স্থানে বৃষ্টিপাত ও জলাবদ্ধতা সৃষ্টি হওয়ায় শিক্ষার্থীদের বিষয় বিবেচনায় নিয়ে বোর্ডটি সময় বাড়ানোর নির্দেশনা দিয়েছে ঢাকা শিক্ষা বোর্ডের পরীক্ষা নিয়ন্ত্রক অধ্যাপক মো আবুল বাশারের স্বাক্ষরিত এক জরুরি বিজ্ঞপ্তিতে রোববার এ নির্দেশনা দেওয়া হয়েছে বিজ্ঞপ্তিতে উল্লেখ করা হয় আবহাওয়া অধিদপ্তরের সূত্র হতে জানা যায় যে আগামী কয়েক দিন প্রচুর বৃষ্টিপাতের সম্ভাবনা রয়েছে পরীক্ষার দিনগুলোতে বৃষ্টি থাকলে প্রয়োজনে নির্দিষ্ট সময়ের পূর্বেই কেন্দ্রের মূল গেট খুলে দিয়ে পরীক্ষার্থীদের কেন্দ্রে প্রবেশের ব্যবস্থা করতে হবে অনিবার্য কারণে কোনো কেন্দ্রের পরীক্ষা শুরু করতে আধঘণ্টা কিংবা এক ঘণ্টা দেরি হলে জরুরি পরিস্থিতি বিবেচনায় উক্ত আধ ঘণ্টা কিংবা এক ঘণ্টা সময় সমন্বয় করে পরীক্ষা শেষ করার প্রয়োজনীয় ব্যবস্থা গ্রহণের জন্য বিষয়টি অতীব জরুরি বিবেচনায় এনে এ অনুরোধ জানানো হলো এদিকে ঢাকা শিক্ষা বোর্ডের চেয়ারম্যান ও আন্তবোর্ড সমন্বয় কমিটির সভাপতি তপন কুমার সরকার জানান আবহাওয়া পূর্বাভাসে আগামী পাঁচসাত দিন বৃষ্টিপাতের সম্ভাবনা রয়েছে রোববার পরীক্ষা শুরুর পর বৃষ্টিপাত ও যানজটের কারণে অনেক শিক্ষার্থী দুর্ভোগে পড়েছে সুতরাং পরীক্ষার্থীদের কথা বিবেচনায় নিয়ে তাদের পরীক্ষা চলাকালে অতিরিক্ত সময় দিতে একটি নির্দেশনা দেওয়া হয়েছে তিনি সাংবাদিকদের এক প্রশ্নের জবাবে বলেন বন্যার কারণে স্থগিত হওয়া কারিগরি মাদ্রাসা ও সিলেট বোর্ডের পরীক্ষার্থীরা দুএক দিনের মধ্যে তাদের পরীক্ষার রুটিন পেয়ে যাবে উল্লেখ্য রোববার সকাল ১০টায় সিলেট বাদে সারা দেশে এইচএসসি বা সমমানের পরীক্ষা শুরু হয়েছে রাজধানী ঢাকাসহ দেশের বিভিন্ন স্থানে বৃষ্টি ও যানজটের কারণে নির্ধারিত সময়ে কোনো কোনো পরীক্ষার্থী পরীক্ষাকেন্দ্রে পৌঁছাতে পারেনি এতে অনেক শিক্ষার্থী দুর্ভোগে পড়ে,1
ব্যাংক ঋণের দায়ে জেলে যাওয়া পাবনার সেই আলোচিত ১২ কৃষককে জামিনে মুক্ত করার পর তাদেরসহ ৩৭ কৃষকের খেলাপি ঋণ সুদসহ পরিশোধ করলো বসুন্ধরা গ্রুপ মঙ্গলবার দুপুরে দৈনিক কালের কণ্ঠ মিলনায়তনে পত্রিকাটির প্রধান সম্পাদক ইমদাদুল হক মিলন সমবায় ব্যাংকের ভারপ্রাপ্ত ব্যবস্থাপক ঝর্ণা প্রভা দেবীর হাতে চেকের মাধ্যমে খেলাপি ঋণের অর্থ তুলে দেন চেক প্রধান অনুষ্ঠানে ইমদাদুল হক মিলন বলেন আমার ভীষণ ভালো লাগছে কারণ আমরা আমাদের কৃষকদের পাশে দাঁড়াতে পেরেছি বসুন্ধরা গ্রুপ গরীব কৃষকদের ঋণের সব অর্থ পরিশোধ করেছে কালের কণ্ঠের শুভ সংঘের জন্য কাজ করেছে তিনি আরও বলেন আমি তখন প্রধান সম্পাদকের দায়িত্ব নিয়েছি পত্রিকা খুলেই দেখি পাবনা জেলার ঈশ্বরদীর ভাড়ইমারী উত্তরপাড়া সবজিচাষী সমবায় সমিতি লিমিটেড নামে একটি সমিতির ১২ কৃষককে ঋণ খেলাপি হওয়ার কারণে জেলে যেতে হয়েছে আমি বিষয়টি আমাদের ব্যবস্থাপনা পরিচালক মহোদয়কে বসুন্ধরা গ্রুপের ব্যবস্থাপনা পরিচালক সায়েম সোবহান আনভীর জানাই কৃষকদের ঋণের টাকা পরিশোধ করতে চাই তিনি যেন এটা ব্যবস্থা করেন সেই দাবি করি আমাদের ব্যবস্থাপনা পরিচালক মহোদয় সঙ্গে সঙ্গে জানালেন এটা যেন দ্রুত সময়ে মধ্য শেষ করি এ বিষয়ে অমাদেরকে সার্বিক সহযোগিতা করেছে কালের কণ্ঠের শুভ সংঘ সমবায় ব্যাংকের ভারপ্রাপ্ত ব্যবস্থাপক ঝর্ণা প্রভা দেবী বলেন ভাড়ইমারী উত্তরপাড়া সবজিচাষী সমবায় সমিতি লিমিটেডের ৩৭ সদস্যের কাছে ২৬ ডিসেম্বর ২০২২ পর্যন্ত পাওনা ১৩ লাখ ৯৪ হাজার ৬২৩টাকা এবং মামলা খরচসহ ১৪ লাখ ১৫ হাজার ৭১৩ টাকা বুঝে পেয়েছি দ্রুত সময়ের মধ্যে কৃষকদের মামলা নিষ্পত্তির ব্যবস্থা করবো ঝর্ণা প্রভা দেবী আরও বলেন ২০১৬ সালে কৃষকরা যে ঋণ নিয়েছিলো সেটা এক বছরে পরিশোধ করার কথা কিন্তু তারা সেটা দীর্ঘদিন করেনি পরে ব্যাংকের বোর্ড সভায় সিদ্ধান্ত হয় মামলা করার ২০২১ সালে উকিল নোটিশ দেওয়া হয় যখন ওয়ারেন্ট হলো আমরা সেটা জানি না এর জন্য আমরা দুঃখিত আর বিশেষ ধন্যবাদ বসুন্ধরা গ্রুপকে উল্লেখ্য গত ২৫ নভেম্বর সমবায় ব্যাংক থেকে ঋণ নিয়ে ফেরত না দেওয়ার অভিযোগে করা মামলায় ১২ কৃষককে গ্রেফতার করে পুলিশ পরে আদালতের মাধ্যমে তাদের কারাগারে পাঠানো হয় ২৩ নভেম্বর গ্রেফতার ১২ কৃষকসহ ৩৭ জনের বিরুদ্ধে গ্রেফতারি পরোয়ানা জারি করে পাবনার সিনিয়র জুডিশিয়াল আদালত তাদের বিরুদ্ধে অভিযোগ সমবায় ব্যাংক থেকে ২০১৬ সালে ৪০ জন কৃষক ১০ হাজার থেকে ৩০ হাজার টাকা করে ঋণ নিয়ে তা পরিশোধ করেনি,1
সম্প্রতি নিয়োগ বিজ্ঞপ্তি প্রকাশ করেছে বেসরকারি আইএফআইসি ব্যাংক পিএলসি ব্যাংকটিতে ট্রানজেকশন সার্ভিস অফিসার পদে কর্মী নিয়োগ দেওয়া হবে আগ্রহী প্রার্থীদের অনলাইনে আবেদন করতে হবে পদের নাম ট্রানজেকশন সার্ভিস অফিসার টিএসও গ্রেড ট্রেইনি অ্যাসিস্ট্যান্ট অফিসার টিএও পদসংখ্যা অনির্ধারিত যোগ্যতা যেকোনো বিষয়ে অন্তত স্নাতক ডিগ্রি থাকতে হবে শিক্ষাজীবনের কোনো পর্যায়ে তৃতীয় শ্রেণিবিভাগ বা সমমানের জিপিএসিজিপিএ থাকা যাবে না কম্পিউটার পরিচালনায় দক্ষতা থাকতে হবে অভিজ্ঞতার প্রয়োজন নেই বয়স ১৭ মার্চ ২০২৪ তারিখে সর্বোচ্চ ৩০ বছর কর্মস্থল বাংলাদেশের যেকোনো স্থানে বেতন প্রথম এক বছর প্রবেশনকালে মাসিক বেতন ৩৬৭০০ টাকা আলোচনা সাপেক্ষে প্রবেশনকাল সফলভাবে শেষে অ্যাসিস্ট্যান্ট অফিসার হিসেবে চাকরি স্থায়ী হলে মাসিক বেতন হবে ৪৮২০০ টাকা আলোচনা সাপেক্ষে আবেদন যেভাবে আগ্রহী প্রার্থীরা নিয়োগসংক্রান্ত বিস্তারিত তথ্য এই লিংক থেকে জেনে আবেদন করতে পারবেন আবেদনের শেষ সময় ১৭ মার্চ ২০২৪,0
আলোচিত ইকমার্স প্রতিষ্ঠান ইভ্যালির কর্মকাণ্ডে সহযোগিতার অভিযোগে জনপ্রিয় তারকা তাহসান খান রাফিয়াত রশিদ মিথিলা ও শবনম ফারিয়াসহ নয়জনের বিরুদ্ধে মামলা হয়েছে গত ৪ ডিসেম্বর রাজধানীর ধানমন্ডি থানায় সাদ স্যাম রহমান নামে ইভ্যালির এক গ্রাহক এ মামলা করেন বৃহস্পতিবার রাতে সাংবাদিকদের বিষয়টি নিশ্চিত করেন মামলার তদন্ত কর্মকর্তা উপপরিদর্শক এসআই মো রাজিব হাসান মামলার অন্য আসামিরা হলেন গ্রেপ্তার ইভ্যালির ব্যবস্থাপনা পরিচালক এমডি ও প্রধান নির্বাহী কর্মকর্তা সিইও মোহাম্মদ রাসেল তার স্ত্রী প্রতিষ্ঠানটির চেয়ারম্যান শামীমা নাসরিন আকাশ আরিফ তাহের ও মো আবু তাইশ কায়েস সাদ স্যাম রহমান তার অভিযোগে উল্লেখ করেন প্রতারণামূলকভাবে গ্রাহকদের টাকা আত্মসাৎ ও এতে সহায়তা করা হয়েছে আত্মসাৎ টাকার পরিমাণ তিন লাখ ১৮ হাজার যা তিনি এখনও উদ্ধার করতে পারেননি মামলার এজাহার সূত্রে জানা যায় তাহসান মিথিলা ও শবনম ফারিয়া ইভ্যালির বিভিন্ন দায়িত্বে ছিলেন তাদের উপস্থিতি এবং তাদের বিভিন্ন প্রমোশনাল কথাবার্তার কারণে আস্থা রেখে বিনিয়োগ করেন সাদ স্যাম রহমান এসব তারকার কারণে মামলার বাদী প্রতারিত হয়েছেন বলে অভিযোগে উল্লেখ করা হয় এ বিষয়ে এসআই রাজিব হাসান বলেন মামলায় ইভ্যালির চেয়ারম্যান শামীমা নাসরিন ও এমডি মোহাম্মদ রাসেলকে গ্রেপ্তার দেখানো হয়েছে বাকিদের বিষয়ে তথ্য সংগ্রহ করা হচ্ছে তদন্তে তাদের সংশ্লিষ্টতা পাওয়া গেলে আইনানুগ ব্যবস্থা নেওয়া হবে জানা যায় ইভ্যালির শুভেচ্ছাদূত ছিলেন তাহসান আর মিথিলা ছিলেন ইভ্যালির ফেস অব ইভ্যালি লাইফস্টাইলের শুভেচ্ছাদূত এছাড়া শবনম ফারিয়া প্রধান জনসংযোগ কর্মকর্তা ছিলেন,1
সাদনিমা বিনতে নোমান সাদনিমা বিনতে নোমানছবি সাদনিমার ইনস্টাগ্রাম থেকে গত বছর আলোচনায় ছিলেন তরুণ অভিনেত্রী সাদনিমা বিনতে নোমান চলতি বছরও সে ধারাবাহিকতা অব্যাহত আছে ছোট পর্দা ওটিটির পর বড় পর্দায় অভিষেক হতে যাচ্ছে এ অভিনেত্রীর শোনা যাচ্ছে মেহেদী হাসানের রাক্ষস সিনেমা দিয়ে বড় পর্দায় নাম লিখিয়েছেন তিনি সাদনিমা সাদনিমাছবি সাদনিমার ইনস্টাগ্রাম থেকে আসন্ন ঈদুল ফিতরে মুক্তির পরিকল্পনা নিয়ে রাক্ষস সিনেমার শুটিং নিয়ে ব্যস্ত পুরো টিম চলতি মাসের শুরুতেই শ্রীলঙ্কায় পাড়ি জমিয়েছে শুটিং ইউনিট রোমান্টিকঅ্যাকশন ঘরানার এই সিনেমায় প্রধান চরিত্রে অভিনয় করছেন সিয়াম আহমেদ তাঁর বিপরীতে আছেন কলকাতার অভিনেত্রী সুস্মিতা চ্যাটার্জি দুজনই শ্রীলঙ্কায় একসঙ্গে শুটিংয়ে অংশ নিয়েছেন টালিউড অভিনেত্রী সুস্মিতা চ্যাটার্জি ও ঢালিউডের সিয়াম আহমেদ টালিউড অভিনেত্রী সুস্মিতা চ্যাটার্জি ও ঢালিউডের সিয়াম আহমেদছবি  পরিচালকের সৌজন্যে এরই মধ্যে জানা গেছে ছবিতে অভিনয় করতে দেখা যাবে সাদনিমাকে এ অভিনেত্রী শ্রীলঙ্কায় উড়াল দেন ১৪ জানুয়ারি সেখানে নিজের অংশের শুটিং শেষ করে দেশে ফিরেছেন তিনি দেশটিতে জন্মদিনও পালন করেন সাদনিমা তবে বিষয়টি নিয়ে পরিচালক বা তাঁর টিম এখনো আনুষ্ঠানিকভাবে কোনো মন্তব্য করতে রাজি হয়নি অভিনেত্রীও বিষয়টি এড়িয়ে গেছেন ছবির নির্মাতা মেহেদী হাসানকে হোয়াটসঅ্যাপে কল ও বার্তা পাঠালেও উত্তর আসেনি সাদনিমাও এ বিষয়ে কথা বলেননি আরও পড়ুন শ্রীলঙ্কা ও মালয়েশিয়া দিয়ে শেষ হবে ঢালিউডের রাক্ষস ০৮ জানুয়ারি ২০২৬ শ্রীলঙ্কা ও মালয়েশিয়া দিয়ে শেষ হবে ঢালিউডের রাক্ষস শ্রীলঙ্কায় ড্রামা অংশের দৃশ্যধারণের পাশাপাশি একটি গুরুত্বপূর্ণ অ্যাকশন দৃশ্যের শুটিংও ইতিমধ্যে সম্পন্ন হয়েছে বাকি কিছু দৃশ্যের শুটিং শেষে ৩০ জানুয়ারি পুরো টিমের দেশে ফেরার কথা রয়েছে গত বছরটা সাদনিমার মনে রাখার মতো ভালোবাসা দিবসে মনেরই রঙে রাঙিয়ে নাটকে পার্শ্বচরিত্রে অভিষেক নাটকটিতে জুঁই চরিত্রে অভিনয় করে নির্মাতা পার্থ সরকারের নজরে আসেন এই নির্মাতা পরে সাদনিমাকে নিয়ে তৈরি করেন গোল্ডফিশ নাটকটির সুবাদে প্রধান অভিনেত্রী হিসেবে সুযোগ মেলে চরকি অরিজিনাল ওয়েব সিনেমা লিটল মিস ক্যাওসএ ইরা চরিত্রে কাজ করে প্রশংসা পেয়েছেন তিনি প্রথম আলোর খবর পেতে গুগল নিউজ চ্যানেল ফলো করুন ঢালিউড থেকে আরও পড়ুন সিয়ামতরুণ অভিনয়শিল্পীঢালিউডঢাকাই সিনেমা ঢালিউড নিয়ে আরও পড়ুন মৃত্যুর পর জাভেদের সম্মাননা প্রত্যাখ্যান করলেন স্ত্রী ২৩ জানুয়ারি ২০২৬ মৃত্যুর পর জাভেদের সম্মাননা প্রত্যাখ্যান করলেন স্ত্রী শাবানাববিতাসুচরিতাদের নাচের গুরু তিনি ২২ জানুয়ারি ২০২৬ শাবানাববিতাসুচরিতাদের নাচের গুরু তিনি মাহিজয়ের যুক্তরাষ্ট্রের গ্রিন কার্ড না হওয়ার কারণ ২২ জানুয়ারি ২০২৬ মাহিজয়ের যুক্তরাষ্ট্রের গ্রিন কার্ড না হওয়ার কারণ জাভেদের মৃত্যুতে শাকিব খানের আবেগঘন মন্তব্য ২১ জানুয়ারি ২০২৬ জাভেদের মৃত্যুতে শাকিব খানের আবেগঘন মন্তব্য,0
রাজধানীর ফার্মগেটে ট্রাফিক পুলিশের কনস্টেবল মনিরুজ্জামান তালুকদার হত্যায় জড়িত থাকার অভিযোগে ৪ জনকে গ্রেপ্তার করেছে ঢাকা মহানগর গোয়েন্দা পুলিশ ডিবি শনিবার বিভিন্ন সময়ে রাজধানীতে অভিযান চালিয়ে ডিবি তেজগাঁও বিভাগ তাদের গ্রেপ্তার করে রোববার সকালে ঢাকা ডিবি তেজগাঁও বিভাগের উপকমিশনার মো গোলাম সবুর সমকালকে এ তথ্য নিশ্চিত করেন গোলাম সবুর বলেন মনিরুজ্জামানকে হত্যার অভিযোগে ৪ জনকে গ্রেপ্তার করা হয়েছে একজন হত্যাকাণ্ডের কথা স্বীকার করেছে এ বিষয়ে বিস্তারিত পরে জানানো হবে তিনি আরও বলেন এই চক্রের বাকি সদস্যদের গ্রেপ্তারে আমাদের আরও টিম মাঠে কাজ করছে কনস্টেবল মনিরুজ্জামান শনিবার ভোরে ফার্মগেট সেজান পয়েন্টের সামনে ছুরিকাঘাতে খুন হন মনিরুজ্জামান ঈদের ছুটি কাটিয়ে গতকাল সকালে গ্রামের বাড়ি থেকে ঢাকায় ফেরেন ট্রেনে এসে তেজগাঁও রেলস্টেশনে নামেন তিনি পরে পায়ে হেঁটে কর্মস্থলে যাচ্ছিলেন তিনি তার আগেই ফার্মগেটের সেজান পয়েন্টের সামনে তিনি ছুরিকাঘাতের শিকার হন,1
কিয়েভের সোফিয়া স্কয়ারে ইউক্রেনের সবচেয়ে বড় ক্রিসমাস ট্রি দাঁড়িয়ে আছে সেখানকার পাথুরে পথ ধরে খুঁড়িয়ে হাঁটতে হাঁটতে ইউক্রেনীয় সেনা কর্মকর্তা ভাসিলি আত্মবিশ্বাসের সুরে বলেন রুশ সেনারা ইউক্রেনীয়দের ভয়ে আতঙ্কিত আলজাজিরাকে ভাসিলি বলেন আমি তাদের পরিখায় লাফ দিয়ে ঢুকেছি তারা সত্যিই আমাদের ভয় পায় তবে ভাসিলি মনে করেন রুশ সেনারা ভয় পাওয়ার অর্থ এই নয় ইউক্রেন একতরফাভাবে যুদ্ধ থামানোর ক্ষেত্রে প্রভাব বিস্তার করতে পারবে কারণ রাশিয়ার সেনাসংখ্যা বেশি অর্থনীতি শক্তিশালী এবং যুদ্ধের জন্য প্রয়োজনীয় অর্থভান্ডার অনেক বড় অন্যদিকে ইউক্রেন এখনো জনবল ও অস্ত্রের দিক থেকে পিছিয়ে ভাসিলি বলেন আমি যখন ৮০০ মিটার দূরে শত্রুকে দেখে রেডিওতে চিৎকার করে বলেছিলাম যে আমি একটি ট্যাংক দেখছি সেটির অবস্থানও জানাই কিন্তু ওপাশ থেকে বলা হয় একটু অপেক্ষা করো তখন বুঝে যাই ওটাতে আঘাত করার মতো আমাদের কাছে কিছুই নেই কিয়েভভিত্তিক পেন্টা থিঙ্কট্যাংকের প্রধান ভলোদিমির ফেসেনকোর মতে ইউক্রেনকে হয়তো হোয়াইট হাউসের দাবি মেনে দোনেৎস্ক অঞ্চলের কিয়েভনিয়ন্ত্রিত অংশ ছেড়ে দিতে হবে বিনিময়ে রাশিয়া পূর্ব ও উত্তরাঞ্চলের তিনটি অঞ্চল থেকে সেনা প্রত্যাহার করবে আর তা না হলে যুদ্ধ ২০২৭ সাল পর্যন্ত গড়াতে পারে যুদ্ধক্ষেত্রে অবস্থানকালে গোলার শেলের তীব্র সংকটের প্রসঙ্গ টেনে ভাসিলি এ কথা বলেন ২০২৩ সালে স্থলমাইন বিস্ফোরণে নিজের বাঁ পা হারানোর আগপর্যন্ত ভাসিলি সম্মুখলড়াইয়ে ছিলেন যুদ্ধক্ষেত্রে না থাকলেও ভাসিলি এখনো সেনাবাহিনীতে কর্মরত আছেন তবে যুদ্ধকালীন বিধি মেনে নিজের নামের শেষ অংশ প্রকাশ না করার জন্য আলজাজিরাকে অনুরোধ জানিয়েছেন তিনি যুদ্ধ শেষ হওয়ার আশা করা যায় না তবে ইউক্রেনের এক জেনারেল মনে করেন চলমান যুদ্ধেবিরতি টানাটাই একমাত্র বাস্তবসম্মত অর্জন হতে পারে ২০২৬ সালের ফেব্রুয়ারিতে এ যুদ্ধের পাঁচ বছর পূর্ণ হবে ইউক্রেনের সশস্ত্র বাহিনীর জেনারেল স্টাফের সাবেক উপপ্রধান ইহর রোমানেঙ্কো আলজাজিরাকে বলেন এ ধরনের আগ্রাসী প্রতিবেশী দেশ রাশিয়া থাকলে কেউই যুদ্ধ পুরোপুরি শেষ হওয়ার আশা করতে পারে না রোমানেঙ্কো আরও বলেন যতক্ষণ পর্যন্ত না আমরা ইউক্রেনের সোভিয়েতপরবর্তী ১৯৯১ সালের নির্ধারিত সীমানার ভেতরে থাকা সব ভূখণ্ড মুক্ত করতে পারছি ততক্ষণ পর্যন্ত রাশিয়ার সঙ্গে শান্তি প্রতিষ্ঠা হবে না রোমানেঙ্কো মনে করেন মস্কো যদি যুদ্ধবিরতি লঙ্ঘন করে তাহলে কিয়েভকে যুদ্ধক্ষেত্রেই রাশিয়ার বাহিনীকে ঠেকাতে হবে এর জন্য ইউক্রেনকে বড় পরিসরে নিজের সামরিক শক্তি বাড়াতে হবে ইউক্রেন বাহিনীর সাবেক উপপ্রধান বলেন কোনো ছাড় না দিয়ে কিয়েভকে ন্যায্যভাবে সেনা সমাবেশ ঘটাতে হবে দেশীয় অস্ত্র উৎপাদন আরও বাড়াতে হবে অর্থনৈতিক সিদ্ধান্তের ক্ষেত্রে যুদ্ধকালীন চাহিদাগুলোকে অগ্রাধিকার দিতে হবে এবং আরও কঠোর সামরিক আইন প্রণয়ন করতে হবে রোমানেঙ্কো বলেন চলতি বছর ইউক্রেনের সামরিকশিল্প খাতের কর্তৃপক্ষ সশস্ত্র বাহিনীর মোট চাহিদার ৪০ শতাংশ পর্যন্ত জোগান দিতে পেরেছে বাকি ৬০ শতাংশ সরবরাহ করছে পশ্চিমা মিত্ররা রোমানেঙ্কোর মতে এই সহায়তা হতে হবে দ্রুত ও কার্যকরী ইউক্রেনীয় সেনারা রুশ সেনাদের নিশানা করতে ব্যবহার করার জন্য একটি ড্রোন নিয়ে ভূগর্ভস্থ ঘাঁটি থেকে বের হচ্ছেন ইউক্রেনীয় সেনারা রুশ সেনাদের নিশানা করতে ব্যবহার করার জন্য একটি ড্রোন নিয়ে ভূগর্ভস্থ ঘাঁটি থেকে বের হচ্ছেনছবি রয়টার্স ফাইল ছবি আরেক বিশ্লেষক বলেন ২০২৬ সালের দ্বিতীয়ার্ধে শান্তিচুক্তি স্বাক্ষরের একটি সুবর্ণ সুযোগ তৈরি হতে পারে রাশিয়া যদি যুদ্ধক্ষেত্রে অগ্রসর হতে না পারে এবং বুঝতে পারে যে কিয়েভ দীর্ঘমেয়াদি যুদ্ধ হজম করতে সক্ষম তখন তারা মস্কো শান্তিচুক্তিতে রাজি হতে পারে কিয়েভভিত্তিক চিন্তক প্রতিষ্ঠান পেন্টার প্রধান ভলোদিমির ফেসেনকো আলজাজিরাকে বলেন সবকিছুই নির্ভর করবে ক্রেমলিন এবং ভ্লাদিমির পুতিনের রাশিয়ার প্রেসিডেন্ট ব্যক্তিগত সম্মতি জানানোর প্রস্তুতির ওপর ফেসেনকো বলেন যদি আগামী বছর মস্কোর কাছে যুদ্ধের অচলাবস্থা স্পষ্ট হয়ে ওঠে তাহলে ২০২৬ সালের শেষ নাগাদ একটি শান্তিচুক্তি স্বাক্ষরের আশা করা যেতে পারে ফেসেনকোর মতে পুতিন রাজি হলেও উভয় পক্ষের শান্তি প্রস্তাবগুলো নিয়ে ঐকমত্য হতে কয়েক মাস সময় লেগে যেতে পারে এই বিশেষজ্ঞ আরও বলেন ইউক্রেনকে হয়তো হোয়াইট হাউসের দাবি মেনে দোনেৎস্ক অঞ্চলের কিয়েভনিয়ন্ত্রিত অংশ ছেড়ে দিতে হবে বিনিময়ে রাশিয়া পূর্ব ও উত্তরাঞ্চলের তিনটি অঞ্চল থেকে সেনা প্রত্যাহার করবে আর তা না হলে যুদ্ধ ২০২৭ সাল পর্যন্ত গড়াতে পারে বিশ্লেষকেরা বলছেন ২০২৬ সালের দ্বিতীয়ার্ধে শান্তিচুক্তি স্বাক্ষরের একটি সুবর্ণ সুযোগ তৈরি হতে পারে রাশিয়া যদি যুদ্ধক্ষেত্রে অগ্রসর হতে না পারে এবং বুঝতে পারে যে কিয়েভ দীর্ঘমেয়াদি যুদ্ধ হজম করতে সক্ষম তখন তারা মস্কো শান্তিচুক্তিতে রাজি হতে পারে যুদ্ধ থামবে কি না তা কয়েকটি বিষয়ের ওপর নির্ভর করছে কিয়েভভিত্তিক বিশ্লেষক ইহার তিশকেভিচ বলেন ২০২৬ সালে পশ্চিমা জোটের ধারণাই বদলে যাবে ওয়াশিংটন তার বিশ্বপুলিশ ভূমিকা থেকে সরে যাবে এবং বাকি বিশ্বের ওপর পশ্চিমাদের আধিপত্য শেষ হবে তিশকেভিচের মতে বিশ্বে এবং এশিয়ায় চীন তার প্রভাব বাড়াচ্ছে কিন্তু দেশটি এখনো পুরোপুরিভাবে ওয়াশিংটনের আধিপত্যকে চ্যালেঞ্জ করতে পারছে না এই পরিবর্তন আন্তর্জাতিক আইনকেও দুর্বল করবে এবং ইউক্রেনের অবস্থানকে প্রভাবিত করবে ইহার তিশকেভিচ বলেন ইউক্রেনের জন্য সবচেয়ে খারাপ হবে যদি পরিস্থিতি ১৯৩৯ সালের ফিনল্যান্ড পরিস্থিতির মতো হয় ১৯৩৯ সালে ফিনল্যান্ডসোভিয়েত যুদ্ধে মস্কো একটি প্রদেশের পুনর্দখল নেওয়ার চেষ্টা করেছিল সোভিয়েত বাহিনী তখন ব্যাপক ক্ষয়ক্ষতির সম্মুখীন হয় এমন অবস্থায় ১৯৪১ সালে জার্মানির নাৎসিরা সোভিয়েত ইউনিয়নে হামলা চালায় তবু মস্কো ফিনল্যান্ডের কাছ থেকে ১০ ভাগের ১ ভাগ ভূখণ্ড নিয়ে নিয়েছিল এবং হেলসিংকিকে তা স্বীকার করতে বাধ্য করেছিল তিশকেভিচ আরেকটি সম্ভাব্য পরিস্থিতির কথা বলেছেন সেটি হলো জর্জিয়ান পরিস্থিতি যা ২০০৮ সালে রাশিয়াজর্জিয়া যুদ্ধের সময় দেখা গিয়েছিল তখন মস্কো ছোট জর্জিয়ান বাহিনীকে পরাজিত করে এবং সাউথ ওসেতিয়া ও আবখাজিয়া নামের দুটি বিচ্ছিন্ন অঞ্চলকে স্বাধীন হিসেবে স্বীকৃতি দেয় ইউক্রেনের জন্য জর্জিয়ান পরিস্থিতি তৈরি হওয়ার মানে দাঁড়াবে দখল করা অঞ্চলগুলোর ওপর তাদের নিয়ন্ত্রণ থাকবে না তবে কিয়েভ সেগুলোকে রাশিয়ার অংশ হিসেবে স্বীকারও করবে না এ দুটি সম্ভাব্য পরিস্থিতি ছাড়াও আরেকটি তৃতীয় অন্তর্বর্তী পরিস্থিতি তৈরি হতে পারে বলেও মনে করছেন তিশকেভিচ আর সেটি হলো যুদ্ধ স্থগিত থাকবে এবং আলোচনা চলতে থাকবে তবে জার্মানির ব্রেমেন বিশ্ববিদ্যালয়ের গবেষক নিকোলাই মিত্রোখিনের মতে শুধু একটি পরিস্থিতিতেই যুদ্ধ থামতে পারে আর সেটা হলো ইউক্রেনকে দক্ষিণপূর্ব দোনেৎস্ক অঞ্চলের বাকি একপঞ্চমাংশ এলাকা থেকে সরিয়ে দিতে হবে অথবা স্বেচ্ছায় তাদের সরে যেতে হবে মিত্রোখিনের মতে পাশাপাশি ইউক্রেনকে জাপোরিঝঝিয়া অঞ্চলের ৯০ শতাংশ এবং দিনিপ্রোপেত্রভস্কের ১৫ শতাংশের নিয়ন্ত্রণ হারানোর কথা স্বীকার করে নিতে হবে এসব অংশ এখন রাশিয়ার নিয়ন্ত্রণে আছে দোনেৎস্কই ছিল আমাদের সমস্যার মূল জার্মানির ব্রেমেন বিশ্ববিদ্যালয়ের গবেষক নিকোলাই মিত্রোখিন বলেন পশ্চিমা দেশগুলো নিষেধাজ্ঞা দিয়ে রাশিয়াকে চাপে ফেলার যে কৌশল নিয়েছে তা দুর্বল কারণ অনেক দেশই সেগুলো এড়িয়ে মস্কোর সঙ্গে বাণিজ্যে আগ্রহী এতে ক্রেমলিনের হাতে অন্তত আরও দুই বছর যুদ্ধ চালিয়ে যাওয়ার মতো পর্যাপ্ত সম্পদ রয়েছে বিপরীতে ইউক্রেনের প্রতিরোধ করার সক্ষমতা থাকলেও তাদের দুর্নীতিগ্রস্ত ও ভীরু সরকার পর্যাপ্ত জনবল জোগাড় করতে ব্যর্থ হচ্ছে মিত্রোখিনের মতে পশ্চিমা মধ্যস্থতাকারীরা রাশিয়াকে থামাতে না পারায় গুরুত্বপূর্ণ কয়েকটি জায়গা থেকে ইউক্রেনীয় বাহিনী ধীরে ধীরে পিছু হটছে মিত্রোখিন আলজাজিরাকে বলেন তবে এমন সম্ভাবনা আছে যে ট্রাম্প ও তাঁর প্রশাসন হয় জেলেনস্কিকে দোনেৎস্ক ছেড়ে দিতে বাধ্য করবে নয়তো যুদ্ধকালীন প্রেসিডেন্ট নির্বাচনের আয়োজন করে ইউক্রেনে ক্ষমতার পালাবদল ঘটাবে অনেক সাধারণ ইউক্রেনীয় নাগরিক যুদ্ধ রাশিয়ার গোলাবর্ষণ বিদ্যুৎবিভ্রাট এবং অর্থনৈতিক মন্দায় ক্রমেই ক্লান্ত হয়ে পড়ছেন ৬৩ বছর বয়সী সাবেক অর্থনীতিবিদ তারাস তিমোশচুক আলজাজিরাকে বলেন দোনেৎস্কই ছিল আমাদের সব সমস্যার উৎস রাশিয়া ওটা নিক আর পুনর্গঠনে কোটি কোটি ডলার খরচ করুক তিমোশচুক ২০১৪ সালে দোনেৎস্ক ও পার্শ্ববর্তী লুহানস্কে রুশপন্থীদের বিদ্রোহের প্রসঙ্গ টেনে এ কথা বলেন তিমোশচুক বলেন আমি চাই পাখির ডাক শুনে আমার ঘুম ভাঙুক রুশ ড্রোন আর ক্ষেপণাস্ত্রের শব্দে নয়,1
বার্গারপ্রেমীরা সবসময়ই নতুন টেস্টের বার্গার চান এই বিষয়টি মাথায় রেখেই বার্গার কিং তাদের মেনুতে যোগ করে নতুন সব রেসিপি এবার তারা ইউনিক টেস্ট আর ভিন্ন সাইজের দুটি বার্গার যোগ করল তাদের মেনুতে বিশালাকৃতির ইনক্রেডিবল ক্রিস্পি কিং বার্গারটি বার্গার কিংএর মেনুতে এখনপর্যন্ত সবচেয়ে বড় বার্গার অন্যদিকে ক্রিস্পি কিং বার্গারটিতে অনন্য ফ্লেভারের পাশাপাশি প্রতি বাইটে পাওয়া যাবে এক বিশেষ স্পাইসি সসের ক্রেজি টেস্ট নতুন এ বার্গার দুটি ঢাকায় বার্গার কিংএর ৮টি আউটলেটের সবগুলোতেই পাওয়া যাচ্ছে এর পাশাপাশি ১৬৬০৬ নাম্বরে কল করে ফ্যামিলি কিংবা বন্ধুদের নিয়ে ফ্রি হোম ডেলিভারিতে ঘরে বসে উপভোগের সুযোগও রয়েছে ইনক্রেডিবল ক্রিস্পি কিং বার্গারের ১১টি লেয়ারে আছে মুখরোচক স্বাদের নানা উপাদান রোস্টেড সেসামি সিড দেয়া বানের প্রতিটি বাইটে পাওয়া যাবে স্পেশাল স্পাইসি সস আইসবার্গ লেটুস টমেটো স্লাইস আমেরিকান চেডার চিজ ক্রিস্পি চিকেন প্যাটি স্পেশাল সসের লেয়ার হ্যালাপিনো স্লাইস সুইস চিজ এখানেই শেষ নয় উপরে থাকছে বোনাস আরো একটি চিকেন প্যাটি সব মিলে ফুডিজদের এক নতুন ক্রিস্পি টেস্ট নেয়ার জন্য এটাই হতে যাচ্ছে বেস্ট অপশন অন্যদিকে সব ফুড লাভারদের মাঝে নুতন এক উন্মাদনার নাম হতে যাচ্ছে ক্রিস্পি কিং এর ক্রাঞ্চি চিকেন প্যাটি আইসবার্গ লেটুস স্পেশাল স্পাইসি সস আর সেসামি সিড দেয়া সফট বান দিবে ফুল টেস্টের এক অসাধারণ অনুভূতি ইনক্রেডিবল ক্রিস্পি কিং বার্গারটির মূল্য ৬৪৯ টাকা ক্রিস্পি কিং বার্গারটির মূল্য ৩২৯ টাকায় এগুলোর পাশাপাশি এই আমেরিকান চেইন বার্গার শপে রেগুলার ও সিগনেচার বার্গারতো থাকছেই ফ্লেমগ্রিল্ড হোয়াপার থেকে শুরু করে কিং অব ফ্রাইড চিকেন পাওয়া যাচ্ছে সবই এই ফ্রাইড চিকেনের স্বাদ অটুট রাখতে কোনো ধরনের কৃত্রিম উপাদান ও প্রিজারভেটিভ ব্যবহার করে না বার্গার কিং ২০১৬ সালে এদেশে যাত্রা শুরু করা বার্গার কিংএর ৮টি আউটলেট রয়েছে ঢাকায় বার্গারপ্রেমীরা এই বার্গারগুলো উপভোগ করতে পারবেন বনানী গুলশান২ উত্তরা বসুন্ধরা আবাসিক এলাকা যমুনা ফিউচার পার্ক ধানমন্ডি মিরপুর ও নিউমার্কেট বলাকা বার্গার কিং আউটলেট থেকে,0
মানুষের ব্যস্ত জীবনে বিভিন্ন অনিয়মের ফলে শরীরে রক্তচাপের ওঠানামায় প্রভাব পড়ে অনেকেই মনে করেন উচ্চ রক্তচাপের থেকে নিম্ন রক্তচাপ কম ভয়ের কিন্তু তা একেবারেই নয় চিকিৎসকদের মতে লো ব্লাড প্রেশার বা হঠাৎ প্রেশার কমে যাওয়াতেও বিপদ রয়েছে লো ব্লাড প্রেশারের ফলে হৃৎপিণ্ডে মস্তিষ্কে ও শরীরের অন্যান্য অংশে রক্ত সঞ্চালনের পরিমাণ কমে যায় যার ফলে মাথা ঘোরা দুর্বলতা এমনকী বমি বমি ভাব বেড়ে যায় আবার হঠাৎ প্রেশার কমে গেলেও বিপদ শুয়ে বসে থাকা অবস্থা থেকে হঠাৎ জেগে উঠলে রক্তচাপে ব্যাঘাত ঘটে এর ফলে স্ট্রোকের সম্ভাবনাও বাড়ে ব্লাড প্রেশারের হঠাৎ কমে যাওয়ার ফলে শরীর ভারী লাগতে পারে এই অবস্থায় স্বাভাবিকত্ব বজায় রাখা অত্যন্ত জরুরি জেনে নিন হঠাৎ ব্লাড প্রেশার কমে গেলে কী করবেন ১ চাকফি পান স্বাস্থ্য বিশেষজ্ঞদের মতে হঠাৎ ব্লাড প্রেশার কমে গেলে চা অথবা কফি পান করতে হবে কফিতে থাকা ক্যাফিন সাময়িকভাবে ব্লাড প্রেশার বাড়াতে সাহায্য করে শুধু তাই নয় এর ফলে ক্লান্ত ভাবও কিছুক্ষণের জন্য দূর হবে ২ বেশি পানি পান লো ব্লাড প্রেশারের রোগীদের ক্ষেত্রে ডায়েটে অবশ্যই পানীয় বেশি করে রাখা উচিত প্রতিদিন দুই থেকে তিন লিটার জল খেতে পরামর্শ চিকিৎসকদের এছাড়াও প্রতিদিনের খাবারে নারকেলের জলসহ অন্যান্য পুষ্টিকর ফলের রস স্যুপজাতীয় খাবার রাখা বাধ্যতামূলক উক্ত ডায়েটের ফলে শরীরে জলের মাত্রা বজায় রাখতে প্রয়োজনীয় ইলেকট্রোলাইটের ঘাটতি মেটানো যাবে জেনে রাখা ভালো লো ব্লাড প্রেশারের অন্যতম কারণ হলো ডিহাইড্রেশন ৩ তুলসী পাতা ডায়েটিশানদের পরামর্শ অনুযায়ী লো ব্লাড প্রেশারের রোগীদের রোজ সকালে উঠে কমপক্ষে পাঁছ থেকে সাতটি তুলসী পাতা চিবোনো শরীরের পক্ষে ভালো তুলসী পাতার মধ্যে উচ্চমাত্রায় পটাশিয়াম ম্যাগনেশিয়াম ও ভিটামিন সি রয়েছে যা ব্লাড প্রেশারকে নিয়ন্ত্রিত রাখে এছাড়াও তুলসী পাতায় রয়েছে প্রচুর পরিমাণে ইউজিনোল নামের অ্যান্টিঅক্সিডেন্ট ব্লাড প্রেশার নিয়ন্ত্রণে রাখার পাশাপাশি কোলস্টেরলের মাত্রাও কমাতে সাহায্য করে এটি ৪ সময়মতো খাওয়াদাওয়া লো ব্লাড প্রেশারের রোগীদের জন্য সময়মতো খাওয়াদাওয়া করা অত্যন্ত জরুরি ভারী খাবারের মাঝে স্বাস্থ্যকর মুখরোচক খাবার খেতে হবে বিশেষজ্ঞদের মতে দিনে ৩ বার ভারী খাবার খাওয়ার থেকে পাঁচবার অল্প অল্প করে খাওয়া বেশি উপকারী এর ফলে ব্লাড প্রেশারও হঠাৎ কমে যাওয়া আটকানো সম্ভব সূত্র জিনিউজ,0
জাতীয় প্রেসক্লাবের সামনে দলীয় সমাবেশের ওপর হামলার জন্য পুলিশকে দায়ী করেছেন বিএনপির জ্যেষ্ঠ যুগ্ম মহাসচিব রুহুল কবির রিজভী তিনি অভিযোগ করেছেন শান্তিপূর্ণ সমাবেশের ওপর পুলিশের এই হামলা ছিল পূর্বপরিকল্পিত পুলিশের আচরণ ছিল বেপরোয়া এবং সন্ত্রাসী ক্যাডারদের মতো আজ শনিবার বিকেলে নয়াপল্টনে বিএনপির কেন্দ্রীয় কার্যালয়ে এক সংবাদ সম্মেলনে দলের জ্যেষ্ঠ যুগ্ম মহাসচিব রুহুল কবির এ অভিযোগ করেন রিজভী দাবি করেন পুলিশের লাঠিপেটায় বিএনপির ভাইস চেয়ারম্যান এ জেড এম জাহিদ হোসেনসহ ১১৯ জন নেতাকর্মী আহত হয়েছেন লাঠিপেটা করে অনেকের হাতপা ভেঙে দেওয়া হয়েছে গুরুতর আহত অবস্থায় তাঁদের রাজধানীর বিভিন্ন হাসপাতালে ভর্তি করা হয়েছে পুলিশ সেখান থেকে ২১ জনকে আটক করেছে সংবাদ সম্মেলনে জানানো হয় যুবদল কেন্দ্রীয় সহসভাপতি জাকির সিদ্দিকী স্বেচ্ছাসেবক দল কেন্দ্রীয় সহসাধারণ সম্পাদক সরোয়ার ভূঁইয়া বেসরকারি বিশ্ববিদ্যালয় শাখার যুগ্ম সাধারণ সম্পাদক ওবায়দুল্লাহ নাঈম সহসাধারণ সম্পাদক জাকির হোসেন ঢাকা মহানগর দক্ষিণ স্বেচ্ছাসেবক দলের নেতা জহির মাঝি আনোয়ার হোসেন স্বেচ্ছাসেবক দল ঢাকা মহানগর উত্তরের এবাদুল ব্যাপারী নাদিম হোসেন হিরণ মো আজিজ মো রুবেল ইরান সুমন রাহাদ সজিব আলামিন জয় মো রফিকসহ ২১ জনের অধিক নেতাকর্মীকে পুলিশ গ্রেপ্তার করে রুহুল কবির রিজভী অভিযোগ করেন সমাবেশ শুরুর সময় থেকেই পুলিশ বিনা কারণে উসকানি ও মারমুখী আচরণ করে সরকারের কুকীর্তি নিয়ে দেশবিদেশে নানা জল্পনাকল্পনা আড়াল করতে না পেরে সরকার তার রীতি অনুযায়ী বেপরোয়া ডাণ্ডাতন্ত্র চালু করেছে রিজভী শান্তিপূর্ণ কর্মসূচিতে পুলিশের হামলার তীব্র নিন্দা জানিয়ে গ্রেপ্তার নেতাকর্মীদের নিঃশর্ত মুক্তির দাবি জানান,0
সাদনিমা বিনতে নোমান সাদনিমা বিনতে নোমানছবি সাদনিমার ইনস্টাগ্রাম থেকে গত বছর আলোচনায় ছিলেন তরুণ অভিনেত্রী সাদনিমা বিনতে নোমান চলতি বছরও সে ধারাবাহিকতা অব্যাহত আছে ছোট পর্দা ওটিটির পর বড় পর্দায় অভিষেক হতে যাচ্ছে এ অভিনেত্রীর শোনা যাচ্ছে মেহেদী হাসানের রাক্ষস সিনেমা দিয়ে বড় পর্দায় নাম লিখিয়েছেন তিনি সাদনিমা সাদনিমাছবি সাদনিমার ইনস্টাগ্রাম থেকে আসন্ন ঈদুল ফিতরে মুক্তির পরিকল্পনা নিয়ে রাক্ষস সিনেমার শুটিং নিয়ে ব্যস্ত পুরো টিম চলতি মাসের শুরুতেই শ্রীলঙ্কায় পাড়ি জমিয়েছে শুটিং ইউনিট রোমান্টিকঅ্যাকশন ঘরানার এই সিনেমায় প্রধান চরিত্রে অভিনয় করছেন সিয়াম আহমেদ তাঁর বিপরীতে আছেন কলকাতার অভিনেত্রী সুস্মিতা চ্যাটার্জি দুজনই শ্রীলঙ্কায় একসঙ্গে শুটিংয়ে অংশ নিয়েছেন টালিউড অভিনেত্রী সুস্মিতা চ্যাটার্জি ও ঢালিউডের সিয়াম আহমেদ টালিউড অভিনেত্রী সুস্মিতা চ্যাটার্জি ও ঢালিউডের সিয়াম আহমেদছবি  পরিচালকের সৌজন্যে এরই মধ্যে জানা গেছে ছবিতে অভিনয় করতে দেখা যাবে সাদনিমাকে এ অভিনেত্রী শ্রীলঙ্কায় উড়াল দেন ১৪ জানুয়ারি সেখানে নিজের অংশের শুটিং শেষ করে দেশে ফিরেছেন তিনি দেশটিতে জন্মদিনও পালন করেন সাদনিমা তবে বিষয়টি নিয়ে পরিচালক বা তাঁর টিম এখনো আনুষ্ঠানিকভাবে কোনো মন্তব্য করতে রাজি হয়নি অভিনেত্রীও বিষয়টি এড়িয়ে গেছেন ছবির নির্মাতা মেহেদী হাসানকে হোয়াটসঅ্যাপে কল ও বার্তা পাঠালেও উত্তর আসেনি সাদনিমাও এ বিষয়ে কথা বলেননি আরও পড়ুন শ্রীলঙ্কা ও মালয়েশিয়া দিয়ে শেষ হবে ঢালিউডের রাক্ষস ০৮ জানুয়ারি ২০২৬ শ্রীলঙ্কা ও মালয়েশিয়া দিয়ে শেষ হবে ঢালিউডের রাক্ষস শ্রীলঙ্কায় ড্রামা অংশের দৃশ্যধারণের পাশাপাশি একটি গুরুত্বপূর্ণ অ্যাকশন দৃশ্যের শুটিংও ইতিমধ্যে সম্পন্ন হয়েছে বাকি কিছু দৃশ্যের শুটিং শেষে ৩০ জানুয়ারি পুরো টিমের দেশে ফেরার কথা রয়েছে গত বছরটা সাদনিমার মনে রাখার মতো ভালোবাসা দিবসে মনেরই রঙে রাঙিয়ে নাটকে পার্শ্বচরিত্রে অভিষেক নাটকটিতে জুঁই চরিত্রে অভিনয় করে নির্মাতা পার্থ সরকারের নজরে আসেন এই নির্মাতা পরে সাদনিমাকে নিয়ে তৈরি করেন গোল্ডফিশ নাটকটির সুবাদে প্রধান অভিনেত্রী হিসেবে সুযোগ মেলে চরকি অরিজিনাল ওয়েব সিনেমা লিটল মিস ক্যাওসএ ইরা চরিত্রে কাজ করে প্রশংসা পেয়েছেন তিনি প্রথম আলোর খবর পেতে গুগল নিউজ চ্যানেল ফলো করুন ঢালিউড থেকে আরও পড়ুন সিয়ামতরুণ অভিনয়শিল্পীঢালিউডঢাকাই সিনেমা ঢালিউড নিয়ে আরও পড়ুন মৃত্যুর পর জাভেদের সম্মাননা প্রত্যাখ্যান করলেন স্ত্রী ২৩ জানুয়ারি ২০২৬ মৃত্যুর পর জাভেদের সম্মাননা প্রত্যাখ্যান করলেন স্ত্রী শাবানাববিতাসুচরিতাদের নাচের গুরু তিনি ২২ জানুয়ারি ২০২৬ শাবানাববিতাসুচরিতাদের নাচের গুরু তিনি মাহিজয়ের যুক্তরাষ্ট্রের গ্রিন কার্ড না হওয়ার কারণ ২২ জানুয়ারি ২০২৬ মাহিজয়ের যুক্তরাষ্ট্রের গ্রিন কার্ড না হওয়ার কারণ জাভেদের মৃত্যুতে শাকিব খানের আবেগঘন মন্তব্য ২১ জানুয়ারি ২০২৬ জাভেদের মৃত্যুতে শাকিব খানের আবেগঘন মন্তব্য,0
বিশ্বে সবচেয়ে বেশি বায়ু দূষণ বাংলাদেশে আর সবচেয়ে দূষিত শহরের তালিকায় দ্বিতীয় অবস্থানে রয়েছে রাজধানী ঢাকা শীর্ষে ভারতের রাজধানী দিল্লি বায়ুদূষণ এবং বায়ু পরিশোধন প্রযুক্তি নিয়ে কাজ করা সুইস সংস্থা আইকিউ এয়ারের মঙ্গলবার প্রকাশিত এক প্রতিবেদনে এ তথ্য উঠে এসেছে বিশ্বের ১১৭টি দেশঅঞ্চলের ৬ হাজার ৪৭৫টি শহরের বায়ুর মান পর্যবেক্ষণ করে প্রতিবেদনটি তৈরি করা হয়েছে প্রতিবেদনে বলা হয়েছে গত বছর একটি দেশও বিশ্ব স্বাস্থ্য সংস্থার প্রত্যাশিত বায়ুমানের লক্ষ্যমাত্রা পূরণ করতে পারেনি মধ্য ও দক্ষিণ এশিয়ার বাতাসের মান বিশ্বের মধ্যে সবচেয়ে খারাপ সবচেয়ে দূষিত ৫০ শহরের মধ্যে ৪৬টিই এই অঞ্চলে অবস্থিত বলে জানানো হয়েছে গত বছরের ৬ হাজার ৪৭৫টি শহরের বায়ুতে দূষণের মাত্রা নিয়ে প্রতিবেদনটি তৈরি করা হয়েছে সমীক্ষা বলছে ২০২১ সালে ভারতের সামগ্রিক দূষণের মাত্রা আরো খারাপ হয়েছে এবং নয়াদিল্লি আবারো বিশ্বের সবচেয়ে দূষিত রাজধানীর তকমা পেয়েছে বাংলাদেশ আগের বছরের মতো ২০২১ সালেও সবচেয়ে দূষিত দেশের স্বীকৃতি পেয়েছে অন্যদিকে সমীক্ষায় প্রথমবারের মতো আফ্রিকার দেশগুলোর তথ্য নেয়ায় চাদ দ্বিতীয় স্থানে রয়েছে বায়ুদূষণের দিক থেকে বিশ্বের শীর্ষ ১০টি দেশের মধ্যে বাংলাদেশের পরে রয়েছে চাদ পাকিস্তান তাজিকিস্তান ভারত ওমান কিরগিজস্তান বাহরাইন ইরাক ও নেপালের নাম ২০১৪ সাল থেকে দূষণের বিরুদ্ধে কার্যত যুদ্ধ চালিয়ে যাওয়ায় চীন ২০২১ সালে পিএম ২৫ র্যাঙ্কিংয়ে ২২তম স্থানে নেমে এসেছে এর আগের বছর দেশটির অবস্থান ছিল ১৪তম আইকিউএয়ার বলছে ২০২০ সালের তুলনায় কিছু উন্নতি হয়ে ২০২১ সালে চীনে পিএম ২৫ মাত্রা ৩২৬ মাইক্রোগ্রামে নেমে এসেছে জিনজিয়াং প্রদেশের উত্তরপশ্চিমাঞ্চলীয় হোতান ছিল চীনের সবচেয়ে বায়ু দূষিত শহর যেখানে পিএম২৫ এর গড় মাত্রা ছিল ১০০ মাইক্রোগ্রামেরও বেশি যা মূলত ধূলিঝড়ের কারণে হয়েছিল তবে চীনের হোতান শহর ভারতের ভিওয়াদি ও গাজিয়াবাদকে পেছনে ফেলে বিশ্বের সবচেয়ে দূষিত শহরের তালিকায় তৃতীয় স্থানে নেমে এসেছে,0
সারা দেশের বিভিন্ন জেলায় বিএনপির চেয়ারপারসন ও সাবেক প্রধানমন্ত্রী খালেদা জিয়ার গায়েবানা জানাজা অনুষ্ঠিত হয়েছে আজ বুধবার বিএনপিসহ স্থানীয় লোকজনের উদ্যোগে এ জানাজা অনুষ্ঠিত হয় একই সময়ে বিভিন্ন এলাকায় খালেদা জিয়ার রুহের মাগফিরাত কামনা করে দোয়া মাহফিল অনুষ্ঠিত হয়েছেগতকাল মঙ্গলবার সকালে রাজধানীর এভারকেয়ার হাসপাতালে চিকিৎসাধীন অবস্থায় মারা যান খালেদা জিয়া আজ বুধবার দুপুরে রাজধানীর মানিক মিয়া অ্যাভিনিউয়ে বিপুল মানুষের সমাগমে খালেদা জিয়ার জানাজা অনুষ্ঠিত হয় পরে বিকেলে জিয়া উদ্যানে স্বামী সাবেক রাষ্ট্রপতি ও বিএনপির প্রতিষ্ঠাতা জিয়াউর রহমানের কবরের পাশে রাষ্ট্রীয় মর্যাদায় তাঁকে দাফন করা হয় বিভিন্ন রাজনৈতিক দলের নেতাকর্মী প্রশাসনের কর্মকর্তা ও হাজারো মুসল্লির অংশগ্রহণে রংপুরের কেন্দ্রীয় ঈদগাহে খালেদা জিয়ার গায়েবানা জানাজা অনুষ্ঠিত হয়েছে আজ বেলা সোয়া দুইটায় স্থানীয় বিএনপির উদ্যোগে এ জানাজার আয়োজন করা হয় এতে ইমামতি করেন নগরের নজিরের হাট বায়তুল ফালাহ জামে মসজিদের ইমাম মাওলানা মো হামিদুল ইসলাম জানাজায় পুলিশের রংপুর রেঞ্জের ডিআইজি আমিনুল ইসলাম রংপুর মেট্রোপলিটন পুলিশ কমিশনার মো মজিদ আলী মহানগর বিএনপির সদস্য ও রংপুর সিটি করপোরেশন নির্বাচনে বিএনপির মনোনীত সাবেক মেয়র প্রার্থী কাওসার জামান জেলা যুবদলের জ্যেষ্ঠ সহসভাপতি রাকিবুল ইসলাম জাতীয় নাগরিক পার্টির এনসিপি মহানগরের জ্যেষ্ঠ যুগ্ম আহ্বায়ক আলাল উদ্দিন কাদেরী এনসিপির জেলার যুগ্ম সদস্যসচিব শেখ রেজওয়ান প্রমুখ অংশ নেন রংপুরে খালেদা জিয়ার গায়েবানা জানাজা অনুষ্ঠিত হয়েছে বুধবার নগরের কালেক্টরেট ঈদগাহে রংপুরে খালেদা জিয়ার গায়েবানা জানাজা অনুষ্ঠিত হয়েছে বুধবার নগরের কালেক্টরেট ঈদগাহেছবি এদিকে খালেদা জিয়ার রুহের মাগফিরাত কামনা করে বেগম রোকেয়া বিশ্ববিদ্যালয়ে দোয়া মাহফিল অনুষ্ঠিত হয়েছে আজ বাদ আসর সেন্ট্রাল মসজিদে আয়োজিত দোয়া মাহফিলে বিশ্ববিদ্যালয়ের শিক্ষক শিক্ষার্থী ও কর্মকর্তারা অংশ নেন এ ছাড়া খালেদা জিয়ার মৃত্যুতে শোক প্রকাশ করে অর্ধদিবস দোকানপাট বন্ধ রাখে মহানগর ব্যবসায়ী সমিতি রাজশাহী বিএনপি ও সহযোগী সংগঠনের নেতাকর্মীসহ সর্বস্তরের মানুষের অংশগ্রহণে রাজশাহীর বিভিন্ন স্থানে খালেদা জিয়ার গায়েবানা জানাজা অনুষ্ঠিত হয়েছে আজ দুপুর দুইটার দিকে নগরের টিকাপাড়া ঈদগাহ মাঠে আয়োজিত গায়েবানা জানাজা শেষে খালেদা জিয়ার রুহের মাগফিরাত কামনা করে বিশেষ দোয়া করা হয় রাজশাহীতে খালেদা জিয়ার গায়েবানা জানাজা বুধবার নগরের টিকাপাড়া ঈদগাহ মাঠে রাজশাহীতে খালেদা জিয়ার গায়েবানা জানাজা বুধবার নগরের টিকাপাড়া ঈদগাহ মাঠেছবি শহীদুল ইসলাম এদিকে জেলার গোদাগাড়ী তানোরসহ বিভিন্ন উপজেলায়ও গায়েবানা জানাজা হয়েছে নগরের বিভিন্ন গুরুত্বপূর্ণ স্থানে বিএনপির কার্যালয়ে মাইকে কোরআন তিলাওয়াত প্রচার করা হচ্ছে রাজশাহী প্রকৌশল ও প্রযুক্তি বিশ্ববিদ্যালয়সহ রুয়েট বিভিন্ন শিক্ষাপ্রতিষ্ঠানে শোক পালন করা হচ্ছে রুয়েটের প্রধান ফটকে খালেদা জিয়ার প্রতি শ্রদ্ধা জানিয়ে বড় ব্যানার টানানো হয়েছে রাজশাহী বিশ্ববিদ্যালয়ে আজ জোহরের নামাজের পর কেন্দ্রীয় মসজিদ প্রাঙ্গণে গায়েবানা জানাজা অনুষ্ঠিত হয় এতে ইমামতি করেন কেন্দ্রীয় মসজিদের সহকারী ইমাম মাওলানা সাহাজুল ইসলাম উপাচার্য অধ্যাপক সালেহ হাসান নকীব সহউপাচার্য অধ্যাপক ফরিদ উদ্দীন পদার্থবিজ্ঞান বিভাগের অধ্যাপক এফ নজরুল ইসলামসহ বিভিন্ন বিভাগের শিক্ষক ও প্রশাসনের ঊর্ধ্বতন কর্মকর্তাকর্মচারীরা জানাজায় অংশ নেন সিলেট দুপুরে সিলেট আন্তর্জাতিক ক্রিকেট স্টেডিয়ামে খালেদা জিয়ার গায়েবানা জানাজা অনুষ্ঠিত হয়েছে বাংলাদেশ ক্রিকেট বোর্ডের উদ্যোগে স্টেডিয়ামের গ্রিন গ্যালারির সামনে আয়োজিত জানাজায় বিসিবির কর্মকর্তাসহ বিপিএলের খেলোয়াড় ও সাংবাদিকেরা অংশ নেন সিলেটে খালেদা জিয়ার গায়েবানা জানাজা অনুষ্ঠিত হয় বুধবার বিকেলে সিলেট কেন্দ্রীয় শহীদ মিনারে বিকেল সাড়ে চারটার দিকে সিলেট কেন্দ্রীয় শহীদ মিনারে আরও একটি গায়েবানা জানাজা অনুষ্ঠিত হয় জানাজায় ইমামতি করেন হাফেজ মারজান আহমদ এতে সিলেটের বিভিন্ন শ্রেণিপেশার মানুষ অংশ নেন এ ছাড়া বিএনপির চেয়ারপারসনের উপদেষ্টা ও সিলেট৪ আসনে বিএনপি মনোনীত প্রার্থী আরিফুল হক চৌধুরীর উদ্যোগে নগরের কুমারপাড়ার বাসভবনে খতমে কোরআন ও দোয়া মাহফিলের আয়োজন করা হয়েছে খালেদা জিয়ার মৃত্যুতে নগরের তোপখানা এলাকায় জেলা ও মহানগর বিএনপির অস্থায়ী কার্যালয়ে গতকাল থেকে শোক বই খোলা হয়েছে এতে আজ দুপুর ১২টা থেকে বিএনপি ও অঙ্গসংগঠনের নেতাকর্মীসহ বিভিন্ন শ্রেণিপেশার মানুষ শোক প্রকাশ করে স্বাক্ষর করছেন এ ছাড়া খালেদা জিয়ার প্রতি শ্রদ্ধা জানিয়ে আজ সকাল থেকে দুপুর ১২টা পর্যন্ত অর্ধদিবস সিলেটে বন্ধ ছিল দোকানপাট ব্যবসাপ্রতিষ্ঠান ও বিপণিবিতান ময়মনসিংহ বিপুল মানুষের সমাগমে ময়মনসিংহের ঈশ্বরগঞ্জে খালেদা জিয়ার গায়েবানা জানাজা অনুষ্ঠিত হয়েছে বেলা দুইটায় ঈশ্বরগঞ্জ বড় খেলার মাঠে আয়োজিত এ জানাজায় ইমামতি করেন ঈশ্বরগঞ্জ নুর মসজিদের খতিব মো খলিলুর রহমান জানাজার আগে খালেদা জিয়াকে নিয়ে স্মৃতিচারণা করে বক্তব্য দেন উপজেলা বিএনপির যুগ্ম আহ্বায়ক এ কে এম হারুন অর রশিদ শাহজাহান জয়পুরী মো আহসান পারভেজ আবদুল্লাহ আল মামুন শাহজাহান কবির পৌর বিএনপির সদস্যসচিব মো নূরে আলম জুলফিকার আলী মো হায়দার আলী বীর মুক্তিযোদ্ধা হাবিবুর রহমান আকন্দ প্রমুখ ময়মনসিংহের ঈশ্বরগঞ্জে খালেদা জিয়ার গায়েবানা জানাজা অনুষ্ঠিত হয়েছে আজ দুপুরে স্থানীয় বড় মাঠে ময়মনসিংহের ঈশ্বরগঞ্জে খালেদা জিয়ার গায়েবানা জানাজা অনুষ্ঠিত হয়েছে আজ দুপুরে স্থানীয় বড় মাঠেছবি প্রথম আলো এদিকে খালেদা জিয়ার মৃত্যুতে শোক প্রকাশ করে ময়মনসিংহ শহরের সব ব্যবসাপ্রতিষ্ঠান বন্ধ রাখা হয়েছে গফরগাঁও আসনের বিএনপি মনোনীত প্রার্থী মোহাম্মদ আক্তারুজ্জামানের উদ্যোগে কোরআন খতম ও দোয়া মাহফিল অনুষ্ঠিত হয়েছে বগুড়া বগুড়ার ঐতিহাসিক আলতাফুন্নেছা খেলার মাঠে আজ বেলা তিনটায় খালেদা জিয়ার গায়েবানা জানাজা অনুষ্ঠিত হয়েছে এতে সর্বস্তরের মানুষ অংশ নেন জানাজা শেষে খালেদা জিয়ার মাগফিরাত কামনা করে বিশেষ দোয়া করা হয় বগুড়ায় বিএনপি চেয়ারপারসন ও সাবেক প্রধানমন্ত্রী খালেদা জিয়ার গায়েবানা জানাজা অনুষ্ঠিত হয়  বুধবার বেলা তিনটায় শহরের আশরাফুন্নেছা খেলার মাঠে বগুড়ায় বিএনপি চেয়ারপারসন ও সাবেক প্রধানমন্ত্রী খালেদা জিয়ার গায়েবানা জানাজা অনুষ্ঠিত হয়  বুধবার বেলা তিনটায় শহরের আশরাফুন্নেছা খেলার মাঠেছবি সোয়েল রানা খালেদা জিয়ার মৃত্যুতে শোক ও শ্রদ্ধা জানিয়ে আজ ভোর থেকেই শহরের বিভিন্ন বিপণিবিতান দোকানপাট ব্যবসাপ্রতিষ্ঠান সরকারিবেসরকারি কার্যালয় বন্ধ ছিল শহরের প্রাণকেন্দ্র সাতমাথা থেকে নিউমার্কেট কাঁঠালতলা চুড়িপট্টি শরীফ মার্কেট আল আমিন কমপ্লেক্স রানার প্লাজা পুলিশ প্লাজা জলেশ্বরীতলাসহ শহরের অধিকাংশ এলাকায় দোকানপাট বন্ধ ছিল শহরের হোটেলরেস্তোরাঁ ও সড়কের মোহনায় থাকা বড় পর্দার সামনে ভিড় ছিল শোকার্ত মানুষের সবার দৃষ্টি ছিল টেলিভিশনে সরাসরি সম্প্রচার করা জানাজার দিকে চাঁদপুর আজ বেলা আড়াইটায় চাঁদপুর শহরের হাসান আলী সরকারি উচ্চবিদ্যালয় মাঠে খালেদা জিয়ার গায়েবানা জানাজা অনুষ্ঠিত হয়েছে এতে বিএনপি জামায়াতে ইসলামী বৈষম্যবিরোধী ছাত্র আন্দোলন ইসলামী আন্দোলন বাংলাদেশ এনসিপিসহ বিভিন্ন রাজনৈতিক দলের নেতাকর্মী ও সাধারণ মানুষ অংশ নেন চাঁদপুরের মতলব দক্ষিণ উপজেলায় খালেদা জিয়ার গায়েবানা জানাজার একাংশ উপজেলার নিউ হোস্টেল মাঠে বুধবার দুপুরে চাঁদপুরের মতলব দক্ষিণ উপজেলায় খালেদা জিয়ার গায়েবানা জানাজার একাংশ উপজেলার নিউ হোস্টেল মাঠে বুধবার দুপুরেছবি প্রথম আলো এদিকে জেলার মতলব দক্ষিণ উপজেলায়ও গায়েবানা জানাজা অনুষ্ঠিত হয়েছে বেলা আড়াইটায় উপজেলার নিউ হোস্টেল মাঠে আয়োজিত জানাজার আগে খালেদা জিয়ার জীবন ও কর্মের ওপর স্মৃতিচারণা করে বক্তব্য দেন উপজেলা বিএনপির সভাপতি এনামুল হক উপজেলা জামায়াতের আমির আবদুর রশিদ পাটোয়ারী মতলব পৌর বিএনপির সভাপতি শোয়েব সরকার সাধারণ সম্পাদক মো জাকির হোসেন প্রধান জেলা বিএনপির সম্পাদকমণ্ডলীর সদস্য মোল্লা জাকির হোসেন উপজেলা যুবদলের আহ্বায়ক মুজাহিদুল ইসলাম পৌর যুবদলের আহ্বায়ক মজিবুর রহমান সরকার প্রমুখ জানাজায় বিভিন্ন শ্রেণিপেশার কয়েক হাজার মানুষ অংশ নেন নাটোর নাটোরের ছয়টি উপজেলার অন্তত ১১টি স্থানে খালেদা জিয়ার গায়েবানা জানাজা অনুষ্ঠিত হয়েছে আজ জোহরের নামাজের পর এসব জানাজায় বিএনপির নেতাকর্মীরা ছাড়াও সাধারণ মানুষ অংশ নেন লালপুরের শ্রী সুন্দরী পাইলট স্কুল অ্যান্ড কলেজ মাঠে খালেদা জিয়ার গায়েবানা জানাজা বুধবার দুপুর লালপুরের শ্রী সুন্দরী পাইলট স্কুল অ্যান্ড কলেজ মাঠে খালেদা জিয়ার গায়েবানা জানাজা বুধবার দুপুরছবি প্রথম আলো জেলার সবচেয়ে বড় গায়েবানা জানাজা অনুষ্ঠিত হয় লালপুর উপজেলার শ্রী সুন্দরী পাইলট স্কুল অ্যান্ড কলেজ মাঠে জানাজায় ইমামতি করেন মাওলানা রাশেদুল ইসলাম এ ছাড়া নাটোর শহরের আলাইপুর বাগাতিপাড়ার জামনগর দয়রামপুর সিংড়া উপজেলা সদর বড়াইগ্রামের কালিকাপুর গুরুদাসপুরের চাঁচকৈড়ে ও নলডাঙ্গা স্কুলমাঠে গায়েবানা জানাজা অনুষ্ঠিত হয় জেলা বিএনপির সদস্য নাসিম উদ্দীন নাসিম জানান জ্যেষ্ঠ নেতারা ঢাকার জানাজায় অংশ নিতে গেলেও সাধারণ কর্মীসমর্থকেরা নিজ উদ্যোগে খালেদা জিয়ার জন্য গায়েবানা জানাজার আয়োজন করেন এতে বিপুলসংখ্যক মানুষ অংশ নেন জয়পুরহাট জয়পুরহাটের ক্ষেতলাল উচ্চবিদ্যালয় মাঠে সাবেক প্রধানমন্ত্রী খালেদা জিয়ার গায়েবানা জানাজা অনুষ্ঠিত হয় আজ দুপুরে জয়পুরহাটের ক্ষেতলাল উচ্চবিদ্যালয় মাঠে সাবেক প্রধানমন্ত্রী খালেদা জিয়ার গায়েবানা জানাজা অনুষ্ঠিত হয় আজ দুপুরেছবি সংগৃহীত জয়পুরহাটের বিভিন্ন স্থানে খালেদা জিয়ার গায়েবানা জানাজা অনুষ্ঠিত হয়েছে আজ জোহরের নামাজের পর মাত্রাই উচ্চবিদ্যালয় মাঠ ও বিকেলে ক্ষেতলাল উপজেলার পাইলট উচ্চবিদ্যালয় মাঠে গায়েবানা জানাজা হয় জানাজায় বিএনপির নেতাকর্মীসহ বিভিন্ন শ্রেণিপেশার মানুষ অংশ নেন জানাজা শেষে খালেদা জিয়ার রুহের মাগফিরাত কামনা করে বিশেষ দোয়া ও মোনাজাত করা হয় বরিশাল খালেদা জিয়ার মৃত্যুতে বরিশাল নগরের ৩০টি ওয়ার্ড বিএনপি কার্যালয়ে সাত দিনব্যাপী দোয়া মোনাজাত খতমে কোরআন ও শোক কর্মসূচি পালন করা হচ্ছে জেলা মহানগরসহ প্রতিটি ওয়ার্ড ও ইউনিয়ন বিএনপির কার্যালয়ে কালো পতাকা উত্তোলন করা হয়েছে এ ছাড়া নগরের মসজিদগুলোতে দোয়া মোনাজাত অনুষ্ঠিত হয়েছে বরিশালের উজিরপুরে খালেদা জিয়ার গায়েবানা জানাজা বুধবার বিকেলে উজিরপুর মহিলা কলেজ মাঠে বরিশালের উজিরপুরে খালেদা জিয়ার গায়েবানা জানাজা বুধবার বিকেলে উজিরপুর মহিলা কলেজ মাঠেছবি প্রথম আলো এদিকে জেলার উজিরপুর উপজেলা শ্রমিক দলের উদ্যোগে খালেদা জিয়ার গায়েবানা জানাজা অনুষ্ঠিত হয়েছে বিকেল সাড়ে চারটায় উজিরপুর মহিলা কলেজ মাঠে এ জানাজা অনুষ্ঠিত হয় এ সময় খালেদা জিয়ার আত্মার মাগফিরাত কামনা করে দোয়া করা হয় ঝিনাইদহ ঝিনাইদহের শৈলকুপা ডিগ্রি কলেজ মাঠে উপজেলা বিএনপির উদ্যোগে খালেদা জিয়ার গায়েবানা জানাজা অনুষ্ঠিত হয়েছে আজ দুপুরে অনুষ্ঠিত জানাজায় তৃণমূলের নেতাকর্মীসহ বিভিন্ন শ্রেণিপেশার কয়েক হাজার মানুষ অংশ নেন এদিকে খালেদা জিয়ার মৃত্যুতে সাত দিনের শোক কর্মসূচি নিয়েছে জেলা বিএনপি দলীয় কার্যালয়ে ৩০ ডিসেম্বর সকাল থেকেই শোক বই খোলা হয়েছে এবং কোরআন তিলাওয়াত করা হচ্ছে আগামী ৫ জানুয়ারি পর্যন্ত এ কর্মসূচি চলবে বলে জানিয়েছেন জেলা বিএনপির উপদপ্তর সম্পাদক সাকিব আহমেদ দিনাজপুর দিনাজপুরের নবাবগঞ্জ ও হাকিমপুরে গায়েবানা জানাজা অনুষ্ঠিত হয়েছে আজ বেলা আড়াইটায় হাকিমপুর উপজেলার বোয়ালদাড় ইউনিয়ন বিএনপির উদ্যোগে বোয়ালদাড় মদিনাতুল উলুম মাদ্রাসার মুহতামিম আবুল কালাম আজাদের পরিচালনায় বোয়ালদাড় স্কুল অ্যান্ড কলেজ মাঠে জানাজা অনুষ্ঠিত হয় এতে উপজেলা বিএনপির জ্যেষ্ঠ সহসভাপতি শাহীনুর ইসলাম সহসভাপতি এরফান আলী বোয়ালদাড় ইউনিয়ন বিএনপির সভাপতি আতোয়ার রহমান সাধারণ সম্পাদক নূর ইসলাম সাংগঠনিক সম্পাদক কামরুজ্জামান শুভ প্রমুখ উপস্থিত ছিলেন সৈয়দপুরে খালেদা জিয়ার মৃত্যুর শোকে বেলা ২টা থেকে ৫টা পর্যন্ত সব দোকানপাট বন্ধ রাখা হয় বুধবার বিকেলে সৈয়দপুরে খালেদা জিয়ার মৃত্যুর শোকে বেলা ২টা থেকে ৫টা পর্যন্ত সব দোকানপাট বন্ধ রাখা হয় বুধবার বিকেলেছবি প্রথম আলো অন্যদিকে বিকেল চারটায় নবাবগঞ্জ উপজেলার টুপিরহাট এলাকায় হলাইজানা ফাজিল মাদ্রাসা মাঠে গায়েবানা জানাজা অনুষ্ঠিত হয় জানাজায় ইমামতি করেন দিনাজপুরের নূরজাহান আলিয়া মাদ্রাসার সাবেক অধ্যক্ষ জয়নুল আবেদীন এ ছাড়া বাদ মাগরিব নবাবগঞ্জ সরকারি পাইলট হাইস্কুল মাঠে বিএনপির উদ্যোগে গায়েবানা জানাজা অনুষ্ঠিত হয়েছে জানাজায় ইমামতি করে নবাবগঞ্জ থানা মসজিদের খতিব গোলাম রব্বানী এতে বিএনপি জামায়াত এনসিপিসহ বিভিন্ন সংগঠনের নেতাকর্মী ও সাধারণ মানুষ অংশ নেন নীলফামারী নীলফামারীর সৈয়দপুরে গায়েবানা জানাজা অনুষ্ঠিত হয়েছে বুধবার দুপুরে শহরের শহীদ জিকরুল হক সড়কে বিএনপির কার্যালয়ের সামনে অনুষ্ঠিত জানাজায় ইমামতি করেন ওলামা দলের কাজী শহিদুল হক এ সময় খালেদা জিয়ার আত্মার মাগফিরাত কামনা করে বিশেষ দোয়া ও মোনাজাত করা হয় সৈয়দপুরে খালেদা জিয়ার গায়েবানা জানাজায় মানুষের ঢল নামে বুধবার বিকেলে সৈয়দপুরে খালেদা জিয়ার গায়েবানা জানাজায় মানুষের ঢল নামে বুধবার বিকেলেছবি প্রথম আলো জানাজার আগে পৌর বিএনপির সাধারণ সম্পাদক শেখ বাবলুর সঞ্চালনায় বক্তব্য দেন বিএনপি নেতা ওবায়দুর রহমান শওকত হায়াত শাহ জিয়াউল হক কাজী একরামুল হক উপজেলা জামায়াতের আমির হাফেজ আবদুল মুনতাকিম প্রমুখ এ ছাড়া খালেদা জিয়ার প্রতি শ্রদ্ধা জানিয়ে বেলা দুইটা থেকে বিকেল পাঁচটা পর্যন্ত কাপড়ের দোকান মনিহারি দোকানসহ সব ধরনের দোকান বন্ধ রাখা হয় চট্টগ্রাম চট্টগ্রামের সাতকানিয়া ও লোহাগাড়া উপজেলায় পৃথকভাবে খালেদা জিয়ার গায়েবানা জানাজা অনুষ্ঠিত হয়েছে আজ বিকেল সাড়ে চারটার দিকে লোহাগাড়ার পদুয়া সিকদার দিঘির পাড় এলাকায় ও বেলা দুইটায় সাতকানিয়ার কেরানীহাট স্টেশনে অনুষ্ঠিত জানাজায় স্থানীয় বিএনপি জামায়াত এনসিপিসহ বিভিন্ন রাজনৈতিক দলের নেতাকর্মী ছাড়াও সাধারণ মানুষ অংশ নেন বিএনপির চেয়ারপারসন ও সাবেক প্রধানমন্ত্রী খালেদা জিয়া গায়েবানা জানাজায় অংশ নেন হাজারো মানুষ বুধবার দুপুরে সাতকানিয়ার কেরানীহাটে বিএনপির চেয়ারপারসন ও সাবেক প্রধানমন্ত্রী খালেদা জিয়া গায়েবানা জানাজায় অংশ নেন হাজারো মানুষ বুধবার দুপুরে সাতকানিয়ার কেরানীহাটেছবি সংগৃহীত সাতকানিয়ায় জানাজায় ইমামতি করেন সাতকানিয়া মডেল মসজিদের খতিব মো মিজানুর রহমান ও লোহাগাড়ায় ইমামতি করেন পদুয়া বাজার জামে মসজিদের খতিব এরশাদ উল্লাহ্ জানাজা শেষে খালেদা জিয়ার আত্মার মাগফিরাত কামনা করে দোয়া ও মোনাজাত করা হয়,0
আওয়ামী লীগ সরকার গোটা দেশকে ভয়ের রাজত্বে পরিণত করেছে বলে অভিযোগ করেছেন বিএনপির মহাসচিব মির্জা ফখরুল ইসলাম আলমগীর তিনি বলেন তারা কাউকে সম্মান করে না দেশের আলেমওলামা অধ্যাপক বিখ্যাতকাউকে তারা সম্মান করে না আজ শুক্রবার বিকেলে ঠাকুরগাঁওয়ের হরিপুর উপজেলার হাটপুকুর এলাকায় এক সংক্ষিপ্ত সমাবেশে বক্তব্য দেন মির্জা ফখরুল ৮ এপ্রিল পুলিশি হেফাজতে ঠাকুরগাঁওয়ের হরিপুর উপজেলা যুবদলের সদস্যসচিব মো আকরাম হোসেনের মৃত্যু হয় বলে তাঁর পরিবার ও বিএনপি অভিযোগ তুলেছে আজ যুবদলের এই নেতার কবর জিয়ারত ও পরিবারের সদস্যদের সঙ্গে পবিত্র ঈদুল ফিতরের শুভেচ্ছা বিনিময় করেন মির্জা ফখরুল পরে তিনি ঠাকুরগাঁওয়ের হরিপুরের হাটপুকুর এলাকায় এক সমাবেশে অংশ নেন এ সময় জেলাউপজেলা বিএনপি ও অঙ্গসংগঠনের নেতাকর্মীরা উপস্থিত ছিলেন সমাবেশে বিএনপির মহাসচিব বলেন পুলিশের হেফাজতে আকরামের মৃত্যুর ঘটনা নতুন নয় আমাদের আন্দোলন চলাকালে ৩০ জন নেতাকর্মীকে হত্যা করা হয়েছে তিনি আরও বলেন আমাদের বিরুদ্ধে প্রায় ৬০ লাখ মিথ্যা মামলা দেওয়া হয়েছে ৭০০ থেকে ৮০০ জন নেতাকর্মীকে গুম করা হয়েছে ২৮ অক্টোবরের পর কয়েক দিনের মধ্যে ২৭ হাজার নেতাকর্মীকে গ্রেপ্তার করা হয়েছে তারা আওয়ামী লীগ সরকার সারা দেশকে নির্যাতনের কারখানায় পরিণত করেছে বলেও অভিযোগ করেন তিনি এই সরকার পুলিশ বাহিনী দিয়ে মানুষ হত্যা করছে বলে অভিযোগ করেন মির্জা ফখরুল দলের নেতাকর্মীদের উদ্দেশে তিনি বলেন এবারে আপনাদের ঈদ আনন্দের হয় নাই আওয়ামী লীগ সরকার জনগণের ভোটে কখনো নির্বাচিত হতে পারেনি বলেও দাবি করেন মির্জা ফখরুল তিনি বলেন তারা ভয় দেখিয়ে প্রতারণা করে ভুল বুঝিয়ে জোর করে ক্ষমতায় থাকতে চায় এই রাষ্ট্রকে তারা সত্যিকার অর্থে গভীর পুলিশি রাষ্ট্রে পরিণত করেছে মির্জা ফখরুল বলেন সবাই যেন অবাধে বিনা ভয়ে ভোট দিতে পারেএমন একটা নির্বাচন চাই,0
বিশ্বে সবচেয়ে বেশি বায়ু দূষণ বাংলাদেশে আর সবচেয়ে দূষিত শহরের তালিকায় দ্বিতীয় অবস্থানে রয়েছে রাজধানী ঢাকা শীর্ষে ভারতের রাজধানী দিল্লি বায়ুদূষণ এবং বায়ু পরিশোধন প্রযুক্তি নিয়ে কাজ করা সুইস সংস্থা আইকিউ এয়ারের মঙ্গলবার প্রকাশিত এক প্রতিবেদনে এ তথ্য উঠে এসেছে বিশ্বের ১১৭টি দেশঅঞ্চলের ৬ হাজার ৪৭৫টি শহরের বায়ুর মান পর্যবেক্ষণ করে প্রতিবেদনটি তৈরি করা হয়েছে প্রতিবেদনে বলা হয়েছে গত বছর একটি দেশও বিশ্ব স্বাস্থ্য সংস্থার প্রত্যাশিত বায়ুমানের লক্ষ্যমাত্রা পূরণ করতে পারেনি মধ্য ও দক্ষিণ এশিয়ার বাতাসের মান বিশ্বের মধ্যে সবচেয়ে খারাপ সবচেয়ে দূষিত ৫০ শহরের মধ্যে ৪৬টিই এই অঞ্চলে অবস্থিত বলে জানানো হয়েছে গত বছরের ৬ হাজার ৪৭৫টি শহরের বায়ুতে দূষণের মাত্রা নিয়ে প্রতিবেদনটি তৈরি করা হয়েছে সমীক্ষা বলছে ২০২১ সালে ভারতের সামগ্রিক দূষণের মাত্রা আরো খারাপ হয়েছে এবং নয়াদিল্লি আবারো বিশ্বের সবচেয়ে দূষিত রাজধানীর তকমা পেয়েছে বাংলাদেশ আগের বছরের মতো ২০২১ সালেও সবচেয়ে দূষিত দেশের স্বীকৃতি পেয়েছে অন্যদিকে সমীক্ষায় প্রথমবারের মতো আফ্রিকার দেশগুলোর তথ্য নেয়ায় চাদ দ্বিতীয় স্থানে রয়েছে বায়ুদূষণের দিক থেকে বিশ্বের শীর্ষ ১০টি দেশের মধ্যে বাংলাদেশের পরে রয়েছে চাদ পাকিস্তান তাজিকিস্তান ভারত ওমান কিরগিজস্তান বাহরাইন ইরাক ও নেপালের নাম ২০১৪ সাল থেকে দূষণের বিরুদ্ধে কার্যত যুদ্ধ চালিয়ে যাওয়ায় চীন ২০২১ সালে পিএম ২৫ র্যাঙ্কিংয়ে ২২তম স্থানে নেমে এসেছে এর আগের বছর দেশটির অবস্থান ছিল ১৪তম আইকিউএয়ার বলছে ২০২০ সালের তুলনায় কিছু উন্নতি হয়ে ২০২১ সালে চীনে পিএম ২৫ মাত্রা ৩২৬ মাইক্রোগ্রামে নেমে এসেছে জিনজিয়াং প্রদেশের উত্তরপশ্চিমাঞ্চলীয় হোতান ছিল চীনের সবচেয়ে বায়ু দূষিত শহর যেখানে পিএম২৫ এর গড় মাত্রা ছিল ১০০ মাইক্রোগ্রামেরও বেশি যা মূলত ধূলিঝড়ের কারণে হয়েছিল তবে চীনের হোতান শহর ভারতের ভিওয়াদি ও গাজিয়াবাদকে পেছনে ফেলে বিশ্বের সবচেয়ে দূষিত শহরের তালিকায় তৃতীয় স্থানে নেমে এসেছে,0
কেউ একজন বিস্ফোরক নিয়ে দূতাবাসে প্রবেশ করেছে এমন খবরের পর ফরাসি পুলিশ শুক্রবার প্যারিসে ইরানের কনস্যুলেট ঘেরাও করে রাখে পাশাপাশি তারা মিশনের অনুরোধে সেখানে প্রবেশের প্রস্তুতি নিচ্ছিল বলে একটি নিরাপত্তা সূত্রের বরাতে জানিয়েছে এএফপি সূত্র জানায় একজন প্রত্যক্ষদর্শী এক ব্যক্তিকে গ্রেনেড বা বিস্ফোরক বেল্ট নিয়ে প্রবেশ করতে দেখেছেন কনস্যুলেট থেকে বিষয়টি দেখতে বলা হলে ফরাসি এলিট পুলিশ ইউনিট এখানে চলে আসে এএফপির এক সাংবাদিক বলেছেন রাজধানীর ১৬ জেলায় কনস্যুলেটের আশপাশের পুরো এলাকা বন্ধ করে দেওয়া হয়েছে এবং পুলিশি উপস্থিতি বাড়ানো হয়েছে প্যারিস পরিবহন সংস্থা আরএটিপি অন এক্সএ বলেছে দুটি মেট্রো লাইন বন্ধ রাখা হয়েছে লাইন দুটি কনস্যুলেটের কাছাকাছি স্টেশন দিয়ে চলে গেছে,0
মুক্তির তৃতীয় দিনেই আল্লু অর্জুনের দক্ষিণী ছবি পুষ্পা দ্য রাইজ বিশ্বজুড়ে ১০০ কোটি টাকার ব্যবসা করে ফেলেছে হলিউডের বহুল আলোচিত ছবি স্পাইডারম্যান নো ওয়ে হোমকেও বক্স অফিসে টক্কর দিচ্ছে তামিল তেলুগু মালয়ালম কন্নড়ের পাশাপাশি হিন্দিতেও মুক্তিপ্রাপ্ত এই ছবি খবর আনন্দবাজার পত্রিকার বাণিজ্য বিশ্লেষক রমেশ বালা টুইটে লিখেছেন মাত্র ২ দিনেই সারা বিশ্বে পুষ্পা ১০০ কোটি টাকার ব্যবসা করেছে যুক্তরাষ্ট্র থেকে এই ছবির সংগ্রহ ১৩ লক্ষ ডলার অস্ট্রেলিয়াতেও ৯১ লক্ষ টাকারও বেশি ব্যবসা করেছে লাল চন্দনকাঠের চোরাকারবারি পুষ্পা রাজের কাহিনী নিজের ছবির প্রতি আগাগোড়াই ভরসা রেখেছিলেন অল্লু অর্জুন স্পাইডারম্যানএর মতো জনপ্রিয় ফ্র্যাঞ্চাইজির সঙ্গে প্রতিযোগিতা নিয়েও বিশেষ চিন্তায় ছিলেন না এই দক্ষিণী অভিনেতা ছবি মুক্তির আগে তিনি বলেছিলেন মানুষকে প্রেক্ষাগৃহে ফেরাবে স্পাইডারম্যান তেমনই ভারতীয় দর্শককে প্রেক্ষাগৃহে টানবে পুষ্পা আবার সিনেমাকে উদযাপন করার সময় এসেছে অল্লু অর্জুন ছাড়াও এই ছবিতে রয়েছেন রাশমিকা মন্দানা ফাহাদ ফাসিক এবং সামান্থা প্রভুর মতো অভিনেতারা,1
পশ্চিমবঙ্গের বিধাননগর ফিল্ম সোসাইটি ও ফজলুল হক মণি স্মৃতি সংসদের আয়োজনে এবং কলকাতার পূর্বাঞ্চল সংস্কৃতি কেন্দ্র ও ফেডারেশন অব ফিল্ম সোসাইটির পূর্বাঞ্চল শাখার উদ্যোগে কলকাতায় শুরু হয়েছে তিন দিনব্যাপী ভারতবাংলাদেশ চলচ্চিত্র উৎসব কলকাতার বিধাননগরের পূর্বাঞ্চল সংস্কৃতি কেন্দ্র মিলনায়তনে গতকাল শুক্রবার বিকেলে এ চলচ্চিত্র উৎসবের উদ্বোধন করেন প্রখ্যাত চলচ্চিত্র পরিচালক গৌতম ঘোষ শুক্রবারের উদ্বোধনী ছবি ছিল গৌতম ঘোষের গাঙচিল ছবিটি ভারতবাংলাদেশের যৌথ প্রযোজনায় নির্মিত এ ছাড়া গতকাল আরও দেখানো হয় কলকাতার অমিতাভ চট্টোপাধ্যায়ের ছবি মনোহর অ্যান্ড আই ছবিটিও এ উৎসবে দেখানো হবে বাংলাদেশ ও ভারতের ছয়টি ছবি শনিবার প্রদর্শিত হয় বাংলাদেশের পরিচালক আফজাল হোসেনের মাওয়া থেকে হাওয়া এবং কলকাতার দেবদূত ঘোষের ছবি আদর আর কাল রোববার দেখানো হবে পশ্চিমবঙ্গের চলচ্চিত্র নির্মাতা শর্মিষ্ঠা মাইতির ছবি কালকক্ষএবং বাংলাদেশের পরিচালক মুহাম্মদ কাইয়ূমের ছবি কুড়া পক্ষীর শূন্যে উড়া ছবিটি শুক্রবারের এই চলচ্চিত্র উৎসবের উদ্বোধন করে গৌতম ঘোষ বলেছেন এই চলচ্চিত্র উৎসব আমাদের দুই দেশের সংস্কৃতি অঙ্গনকে আরও সমৃদ্ধ করবে চলচ্চিত্রের নিজস্ব ভাষাকে কাজে লাগিয়ে আমাদের আরও নতুন নতুন বাংলা ছবি তৈরি করে এগিয়ে যেতে হবে উদ্বোধনী অনুষ্ঠানে আরও বক্তব্য দেন বিধাননগর ফিল্ম সোসাইটির সম্পাদক রীতেশ বসাক চিত্র পরিচালক অমিতাভ চট্টোপাধ্যায় ফজলুল হক মণি সংস্কৃতি সংসদের সম্পাদক অধ্যাপক ইমানুল হক প্রমুখ উদ্বোধনী অনুষ্ঠানে সংগীত পরিবেশন করেন ছায়ানট রবীন্দ্রনাথ ঘোষ বাচিক শিল্পী সংসদ বাহার সুর ঝঞ্ঝা ও গানের তরী সংগঠনের শিল্পীরা,1
সাবেক মার্কিন প্রেসিডেন্ট ডোনাল্ড ট্রাম্প ও স্টর্মি ড্যানিয়েলস একটি কথিত যৌন কেলেঙ্কারির ঘটনায় দীর্ঘদিন ধরে বিচারের অপেক্ষায় রয়েছেন নিজের যৌন কেলেঙ্কারি ধামাচাপা দিতে ঘুষ দেওয়ার অভিযোগে ট্রাম্পের বিরুদ্ধে শুনানি চলছে নিউইয়র্কের আদালতে বিবিসির লাইভ প্রতিবেদনে বলা হয়েছে আজ আদালতে সবচেয়ে উত্তেজনাপূর্ণ দিন এদিন আদালতে সাক্ষ্য দিতে এসেছেন ট্রাম্পের একসময়ের কাছের ও সাবেক আইনজীবী মাইকেল কোহেন বর্তমানে তাদের দুইজনের মধ্যে সম্পর্ক তলানিতে ঠেকেছে বিবিসি বলছে এই মুহূর্তে ট্রাম্প এবং কোহেন একই কোর্টরুমে অবস্থান করছেন আদালতরুমে কোহেন সাক্ষ্য দেওয়া শুরু করেছেন তিনি বলেছেন আমি সরাসরি ট্রাম্পের জন্য কাজ করেছি এসময় তিনি উল্লেখ করেছেন ট্রাম্পই তাকে তার এ চাকরির জন্য প্রস্তাব দেন কোহেন বলেন আমি ট্রাম্পের অনেক সমস্যার সমাধান করেছি ট্রাম্পের কোনো মেইল বা মুঠোফোন ছিল না আমি সরাসরি ট্রাম্পের সঙ্গে কথা বলতাম এদিন কোহেন আরও বলেছেন আমি মাঝে মধ্যে ট্রাম্পের জন্য মিথ্যা বলেছি এই রিপোর্ট লেখা পর্যন্ত কোহেন এখনো আলাদতে সাক্ষ্য দিচ্ছেন এবং প্রসিকিউটর তাকে জেরা করছেন প্রসিকিউটররা জানিয়েছেন আরও দুইজন সাক্ষীকে হাজির করা হবে এবং এই সপ্তাহের মধ্যে এই মামলার নিষ্পত্তি হতে পারে এর আগে বিবিসির প্রতিবেদনে বলা হয় ট্রাম্প ব্যবসায়িক রেকর্ড জালিয়াতির ৩৪টি অপরাধমূলক মামলার মুখোমুখি হয়েছেন এর মধ্যে একটি ছিল ট্রাম্পের সঙ্গে সম্পর্কের বিষয়ে মুখ বন্ধ রাখতে ড্যানিয়েলসকে এক লাখ ৩০ হাজার মার্কিন ডলার পরিশোধ করেন কোহেন,0
সরকারি চাকরিতে কোটা পদ্ধতি সংস্কারের দাবি ও চলমান আন্দোলনে দেশের কয়েকটি স্থানে শিক্ষার্থীদের ওপর হামলার প্রতিবাদে মশাল মিছিল করেছেন জাহাঙ্গীরনগর বিশ্ববিদ্যালয়ের জাবি শিক্ষার্থীরা দৈনিক ইত্তেফাকের সর্বশেষ খবর পেতে অনুসরণ করুন শুক্রবার ১২ জুলাই সন্ধ্যা সাড়ে সাতটায় বিশ্ববিদ্যালয়ের কেন্দ্রীয় গ্রন্থাগারের সামনে থেকে বৈষম্যবিরোধী ছাত্র আন্দোলন ব্যানারে একটি মশাল মিছিল বের করেন শিক্ষার্থীরা মিছিলটি ক্যাম্পাসের বটতলা হয়ে শিক্ষার্থীদের আবাসিক হলের সামনের রাস্তাগুলো প্রদক্ষিণ করে কেন্দ্রীয় শহিদ মিনারের গিয়ে শেষ হয় পরে সেখানে সংক্ষিপ্ত সমাবেশ করেন শিক্ষার্থীরা মিছিলে শিক্ষার্থীরা আমার ভাইয়ের ওপর হামলা কেন বিচার চাই বিচার চাই মুক্তিযুদ্ধের বাংলায় বৈষম্যের ঠাঁই নাই সারা বাংলায় খবর দে কোটা প্রথার কবর দে কোটা প্রথা নিপাত যাক মেধাবীরা মুক্তি পাক আঠারোর হাতিয়ার গর্জে উঠুক আরেকবার জেগেছে রে জেগেছে ছাত্রসমাজ জেগেছে ইত্যাদি স্লোগান দেন সমাবেশে শিক্ষার্থীরা বলেন আমাদের যৌক্তিক আন্দোলন চলাকালে দেশের বিভিন্ন বিশ্ববিদ্যালয়ে পুলিশ শিক্ষার্থীদের ওপর হামলা চালিয়েছে আমরা এ ঘটনার তীব্র নিন্দা ও প্রতিবাদ জানাচ্ছি পাশাপাশি যারা এই ন্যক্কারজনক ঘটনার সঙ্গে জড়িত তাদের চিহ্নিত করে শাস্তির আওতায় আনতে হবে ইংরেজি বিভাগের শিক্ষার্থী আলিফ মাহমুদ বলেন হামলামামলা করে আন্দোলন দমিয়ে রাখা যাবে না যতদিন পর্যন্ত আমাদের দাবি মেনে নেওয়া না হবে ততদিন পর্যন্ত আন্দোলন চলবে সমাবেশে বঙ্গবন্ধু তুলনামূলক সাহিত্য ও সংস্কৃতি ইনস্টিটিউটের শিক্ষার্থী আব্দুর রশিদ জিতুর সঞ্চালনায় বক্তব্য দেন পরিবেশ বিজ্ঞান বিভাগের শিক্ষার্থী মাহফুজ ইসলাম মেঘ আন্তর্জাতিক সম্পর্ক বিভাগের শিক্ষার্থী আরিফ সোহেল ও তৌহিদ সিয়ামসহ অনেকে,1
ইউক্রেন যুদ্ধ বন্ধে একটি সম্ভাব্য চুক্তির আওতায় দখলকৃত কিছু ভূখণ্ড বিনিময়ে রাশিয়ার প্রেসিডেন্ট ভ্লাদিমির পুতিন রাজি হতে পারেন বলে খবর প্রকাশ করেছে রুশ সংবাদপত্র কমেরসান্ত তবে বিনিময় হিসেবে পুতিন পুরো দনবাস অঞ্চল রাশিয়ার নিয়ন্ত্রণে রাখার বিষয়ে অনড় অবস্থানে রয়েছেন রাশিয়ার প্রথম সারির দৈনিক কমেরসান্তএর ক্রেমলিন সংবাদদাতা আন্দ্রেই কোলেসনিকভ জানান ২৪ ডিসেম্বর রাতে ক্রেমলিনে এক বৈঠকে দেশের শীর্ষ ব্যবসায়ীদের কাছে এই পরিকল্পনার বিস্তারিত তুলে ধরেন পুতিন প্রতিবেদনে বলা হয়েছে পুতিন ব্যবসায়ীদের আশ্বস্ত করেছেন যে রাশিয়া এখনো অ্যাঙ্কোরেজ সম্মেলনে দেওয়া ছাড়গুলো মেনে নিতে প্রস্তুত অর্থাৎ দনবাস রাশিয়ারই থাকবেএই নীতিতে কোনো পরিবর্তন আসবে না কোলেসনিকভ লিখেছেন দনবাসের বাইরে অন্য অঞ্চলে রুশ নিয়ন্ত্রণাধীন ভূখণ্ডের আংশিক অদলবদল বা হস্তান্তরের সম্ভাবনা উড়িয়ে দেননি পুতিন এদিকে বুধবার ইউক্রেনের প্রেসিডেন্ট ভলোদিমির জেলেনস্কি বলেন গত সপ্তাহে মায়ামিতে অনুষ্ঠিত আলোচনায় ২০ দফার একটি শান্তি পরিকল্পনা চূড়ান্ত করার পথে ইউক্রেন ও যুক্তরাষ্ট্রের প্রতিনিধিদল অনেকটাই এগিয়েছে তবে জেলেনস্কি স্পষ্ট করেছেন যে ইউক্রেনের নিয়ন্ত্রণে থাকা দনবাসের অবশিষ্ট অংশ রাশিয়ার হাতে ছেড়ে দেওয়ার বিষয়ে এখনো কোনো ঐকমত্য হয়নি এ ছাড়া বর্তমানে রুশ সেনাদের দখলে থাকা জাপোরিঝঝিয়া পারমাণবিক বিদ্যুৎকেন্দ্রের ভবিষ্যৎ নিয়েও বিতর্ক রয়ে গেছে মার্কিন প্রেসিডেন্ট ডোনাল্ড ট্রাম্প দ্বিতীয় বিশ্বযুদ্ধপরবর্তী ইউরোপের এই রক্তক্ষয়ী সংঘাত বন্ধের যে প্রতিশ্রুতি দিয়েছিলেন তা বাস্তবায়নে তাঁর বিশেষ দূত স্টিভ উইটকফ এবং জামাতা জ্যারেড কুশনার রাশিয়া ইউক্রেন ও ইউরোপীয় শক্তিগুলোর সঙ্গে আলোচনা চালিয়ে যাচ্ছেন গত আগস্টে আলাস্কার অ্যাঙ্কোরেজে পুতিন ও ট্রাম্পের শীর্ষ বৈঠকে কী কী বিষয়ে বোঝাপড়া হয়েছিল তার পূর্ণাঙ্গ বিবরণ এখনো প্রকাশ করা হয়নি রাশিয়ার দাবি ও বর্তমান অবস্থান রাশিয়ার হিসাব অনুযায়ী তারা বর্তমানে ২০১৪ সালে সংযুক্ত করা ক্রিমিয়া ছাড়াও দনবাসের ৯০ শতাংশ এবং জাপোরিঝঝিয়া ও খেরসন অঞ্চলের ৭৫ শতাংশ নিয়ন্ত্রণ করছে পুতিন এর আগে শর্ত দিয়েছিলেন যে শান্তিচুক্তির জন্য ইউক্রেনকে দনবাস খেরসন ও জাপোরিঝঝিয়া থেকে পুরোপুরি সেনা সরিয়ে নিতে হবে এবং ন্যাটোতে যোগদানের আশা ত্যাগ করতে হবে কমেরসান্ত আরও জানিয়েছে ব্যবসায়ীদের সঙ্গে বৈঠকে ইউরোপের বৃহত্তম পারমাণবিক স্থাপনা জাপোরিঝঝিয়া নিয়ে পুতিন কথা বলেছেন তিনি জানান এই বিদ্যুৎকেন্দ্র রাশিয়া ও যুক্তরাষ্ট্রের যৌথ ব্যবস্থাপনায় পরিচালনার বিষয়টি আলোচনায় রয়েছে এ ছাড়া যুক্তরাষ্ট্র এই কেন্দ্রের কাছে ক্রিপ্টো মাইনিং বা ডিজিটাল মুদ্রা উৎপাদনে আগ্রহ দেখিয়েছে এবং কেন্দ্রটি থেকে উৎপাদিত বিদ্যুতের একটি অংশ ইউক্রেনকেও সরবরাহ করার পরিকল্পনা রয়েছে,1
স্বাধীনতার ৫০ বছর পেরিয়ে সমৃদ্ধির সোপানে বাংলাদেশ ৫১ বছরে মাথাপিছু আয় গড় আয়ু স্বাস্থ্য ও শিক্ষার মতো অর্থনৈতিক ও সামাজিক খাতে ভারত ও পাকিস্তানকে পেছনে ফেলেছে তলাবিহীন ঝুড়ির খেতাব পাওয়া এই বদ্বীপ হচ্ছে নারীর ক্ষমতায়ন কমেছে বৈদেশিক সাহায্যনির্ভরতা তবে চ্যালেঞ্জ রয়ে গেছে বৈষম্য ও সুশাসনের মতো বিষয়ে পাকিস্তানি শৃঙ্খল ভেঙে রক্তক্ষয়ী সংগ্রামের মধ্য দিয়ে জন্ম বাংলাদেশের যুদ্ধবিধ্বস্ত দেশটিকে তলাবিহীন ঝুড়ি আখ্যা দেন তখনকার মার্কিন পররাষ্ট্রমন্ত্রী হেনরি কিসিঞ্জার তার সেই দাম্ভিক উক্তিকে তুচ্ছ করে উন্নয়নের রোল মডেল আজ বাংলাদেশ গত ১৫ বছরের ধারাবাহিক অগ্রগতিতে একজন বাংলাদেশির আয় পাকিস্তানি বা ভারতীয়ের চেয়ে বেশি ২০২০ সালে প্রথমবারের মতো পারক্যাপিটা জিডিপিতে ভারতকে পেছনে ফেলে বাংলাদেশ বাংলাদেশের মাথাপিছু আয় ২৫৯১ ডলার ভারত ১৯৪৭ ডলার আর পাকিস্তান ১৬৬৬ ডলার মাথাপিছু আয়ে ২০১৭১৮ অর্থবছরে পেছনে ফেলে পাকিস্তানকে বিবিএসের হিসাবে গত অর্থবছরে বাংলাদেশের মাথাপিছু আয় বেড়ে হয়েছে ২ হাজার ৫৯১ ডলার যেখানে আইএমএফ ওয়ার্ল্ড ব্যাংক ও রয়টার্সের হিসেবে ভারতের মাথাপিছু আয় ১৯৪৭ ডলার এবং পাকিস্তানের ১৬৬৬ ডলার গড় আয়ুতেও এগিয়ে বাংলাদেশ বাংলাদেশের গড় আয়ু ৭২৬ বছর ভারত ৬৭৭ বছর আর পাকিস্তানের ৬৭৩ বছর স্বাস্থ্যশিক্ষাসহ নানা সামাজিকঅর্থনৈতিক খাতের সুফল মিলছে গড় আয়ুতে ইউএনডিপির ২০২০ সালের মানব উন্নয়ন প্রতিবেদন অনুযায়ী দেশের মানুষের গড় আয়ু এখন ৭২ বছরের ওপরে আর ভারতপাকিস্তানে ৬৮ বছরের নিচে সামাজিক সূচকেও সাফল্য বেশি প্রতিবেশি দুই দেশের চেয়ে বাংলাদেশের শ্রমশক্তিতে ৩৬ শতাংশ নারী অন্যদিকে ভারতে তা সাড়ে ২০ ও পাকিস্তানে ২২ শতাংশ নবজাতক ও শিশুমৃত্যুর হার কমাতেও ভারতপাকিস্তানের চেয়ে ভালো অবস্থানে বাংলাদেশ ভারতে শিশুমৃত্যুর হার ৪ পাকিস্তানে ৭ তবে দেশে তা ৩ শতাংশ শিক্ষাতেও বাংলাদেশের মেয়েরা ২৫ বছরের বেশি বয়সী নারীদের মধ্যে প্রায় ৪০ শতাংশ মাধ্যমিক পাস অন্যদিকে ভারত ও পাকিস্তানে এ হার ২৭ শতাংশ নারীর ক্ষমতায়নের অন্যতম জায়গা জাতীয় সংসদ বাংলাদেশে সংসদ সদস্যের প্রায় ২১ ভাগ নারী ভারত ও পাকিস্তানে তা ১৩ ও ২০ শতাংশ ১৯৭১ সালে যুদ্ধবিধ্বস্ত বাংলাদেশ ছিলো দক্ষিণ এশিয়ার দরিদ্র দেশগুলোর মধ্যে অন্যতম এরপর বঙ্গবন্ধুর নেয়া নানা উদ্যোগে মাত্র সাড়ে ৩ বছরে মাথাপিছু আয় ৯৪ থেকে ২৭৮ ডলারে উন্নীত হয় জিডিপি প্রবৃদ্ধি ছাড়ায় ৯ শতাংশ পরের তিন দশক জিডিপি প্রবৃদ্ধি ও মাথাপিছু আয়ে তেমন গতি দেখা না গেলেও গত একযুগের ধারাবাহিক উন্নয়নে এসেছে নতুন মাত্রা উৎপাদন সক্ষমতা বাড়িয়ে বাংলাদেশ এখন খাদ্যে স্বয়ংসম্পূর্ণ গত ১৫ মার্চ উন্নয়নশীল দেশে উত্তরণের যোগ্যতা অর্জনের আনুষ্ঠানিক ঘোষণা দেয় জাতিসংঘ বাংলাদেশ পরিসংখ্যান ব্যুরো বিবিএসের তথ্য বলছে স্বাধীনতার ৫১ বছরে এসে বাংলাদেশের মাথাপিছু আয় বেড়ে হয়েছে ২ হাজার ৫৯১ ডলার আর দেশের মোট জাতীয় উৎপাদন বেড়ে হয়েছে ৪১৬ বিলিয়ন ডলার এছাড়া করোনা মহামারির পরও দেশের জিডিপি প্রবৃদ্ধি ৬ দশমিক ৯৪ শতাংশ তলাবিহীন ঝুড়ির দেশ এখন ডিজিটাল দুনিয়াকে নেতৃত্ব দেয়ার সাহস দেখায় অর্থনীতিবিদরা বলছেন স্বাধীনতার একান্ন বছরে বাংলাদেশ আর্থসামাজিক খাতে ব্যাপক উন্নতি করেছে তবে দুর্নীতি না থাকলে এই অর্জন আরো বহুগুণ বেশি হতোতাই এখন চ্যালেঞ্জ দূর্নীতি দূর করে ধনীদরিদ্র বৈষম্য দূর করা করোনা মহামারি আর ইউক্রেনরাশিয়ার যুদ্ধাবস্থার মতো আন্তর্জাতিক অস্থিরাবস্থায় যখন উন্নত দেশগুলোও হিমশিম খাচ্ছে পরিস্থিতি সামাল দিতে তখন নানা বাধা মোকাবিলা করে বাংলাদেশ অর্থনৈতিক অগ্রযাত্রা ধরে রেখেছে ২০২১২২ অর্থবছরের বাজেটে ৭ দশমিক ২ শতাংশ জিডিপি প্রবৃদ্ধির লক্ষ্য ধরেছে সরকার,0
লম্বা ও ঘন কালো চুল যেকোনও নারীর সৌন্দর্য কয়েকগুণ বাড়িয়ে দেয় কিন্তু বর্তমান সময়ে অতিরিক্ত দূষণ সময়ের অভাবে নিয়মিত চুল পরিষ্কার না করার কারণে চুলের ক্ষতি হচ্ছে যার ফলে চুল পড়া চুলের বৃদ্ধি কমে যাওয়া ইত্যাদি সমস্যা দেখা দিচ্ছে চুলের নানা ধরনের সমস্যা কমাতে ক্যাস্টর অয়েলের জুড়ি নেই ফ্যাটি অ্যাসিড সমৃদ্ধ এই তেল চুলে পুষ্টি সরবরাহ চুল পড়া বন্ধ এবং চুলের বৃদ্ধিতে সাহায্য করে যেভাবে কাজ করে ক্যাস্টর অয়েল চুল পড়া আটকাতে আধ কাপ ক্যাস্টর অয়েল নিয়ে চুলের গোড়া থেকে নীচে পর্যন্ত লাগান ক্যাস্টর অয়েল ঘন হয় তাই চুল থেকে তেল তুলতে সমস্যা হতে পারে এ কারণে বেশি তেল লাগাবেন না ১৫২০ মিনিট তেল রেখে বেশ কয়েকবার শ্যাম্পু করে নিন শ্যাম্পু করার পর ভালো করে চুল শুকিয়ে নেবেন নতুন চুল গজাতে ক্যাস্টর অয়েল নতুন চুল গজাতে সাহায্য করে ১ টেবিল চামচ ক্যাস্টর অয়েলের সঙ্গে ২ টেবিল চামচ নারকেল তেল ২ টেবিল চামচ আমন্ড তেল ও ২ টেবিল চামচ তিলের তেল মিশিয়ে নিন এরপর হালকা গরম করে মিশ্রণটি চুলের গোড়া ও মাথার তালুতে লাগান ১ ঘণ্টা রাখার পর শ্যাম্পু করে নিন চুলের বৃদ্ধিতে হেয়ার মাস্কে ক্যাস্টর অয়েল মেশালে চুল ময়শ্চারাইজ হবে পুষ্ট হবে এবং পুনরজ্জীবিত হবে চুলের বৃদ্ধির জন্য ক্যাস্টর অয়েল দিয়ে কয়েক ধরনের হেয়ার মাস্ক তৈরি করতে পারেন যেমন ১ এজন্য ১২ টেবিল চামচ ক্যাস্টর অয়েল ১২ টেবিল চামচ অলিভ অয়েল ৫৬টি জবা ফুলের পাপড়ি নিয়ে ভালো করে মেশান ১০ সেকেন্ডের মতো গরম করে তেলটা ভালো করে মাথার তালুতে ম্যাসাজ করুন স্টিম টাওয়েল দিয়ে মাথা ঢেকে রাখতে হবে এক ঘণ্টা পর হালকা গরম পানি দিয়ে শ্যাম্পু করে নিন প্রতি সপ্তাহে এটি করলে চুল বাড়বে ২ দুই টেবিল চামচ ক্যাস্টর অয়েল ২ টেবিল চামচ নারকেল তেল নিয়ে ভালো করে মেশান পাঁচ মিনিট ধরে মাথার তালুতে ভালো করে ম্যাসাজ করুন কম করে ২ ঘণ্টা রেখে শ্যাম্পু করে ধুয়ে নিন নারকেল তেলে থাকে ফ্যাটি অ্যাসিড যা চুলকে মজবুত করে এবং চুলের ক্ষতি আটকায় ৩ আধা কাপ অ্যালোভেরা জেল ২ চা চামচ ক্যাস্টর অয়েল ১ চা চামচ পুদিনা পাতা গুঁড়ো ও ২ চা চামচ মেথি গুঁড়ো নিয়ে পেস্ট বানিয়ে নিন ওই পেস্ট চুল মাথার তালুতে ভালো করে লাগান ২৩ ঘণ্টা রেখে দিন এরপর হালকা গরম পানি দিয়ে শ্যাম্পু করে ধুয়ে নিন,1
বন্ডে বিনিয়োগ শেয়ারবাজার এক্সপোজার থেকে বাদ দেওয়া হচ্ছে শেয়ারবাজারে ব্যাংকের বিনিয়োগ বাজার মূল্যে হিসাব করা হবেমর্মে কিছু গণমাধ্যমে প্রকাশিত খবর ঠিক নয় বলে জানিয়েছে বাংলাদেশ ব্যাংক বুধবার সন্ধ্যায় এক সংবাদ বিজ্ঞপ্তির মাধ্যমে কেন্দ্রীয় ব্যাংক এ তথ্য জানায় কেন্দ্রীয় ব্যাংক বলেছে শেয়ারবাজারে তফসিলি ব্যাংক এবং আর্থিক প্রতিষ্ঠানের বিনিয়োগ সংক্রান্ত অন্যান্য বিষয়ে শেয়ারবাজার নিয়ন্ত্রক সংস্থা বিএসইসির প্রতিনিধি দলের সঙ্গে বিস্তারিত আলোচনা হয়েছে তবে এ বিষয়ে কোনো সিদ্ধান্ত হয়নি সংবাদ বিজ্ঞপ্তিতে বলা হয় ব্যাংক কোম্পানি আইন ১৯৯১ এবং আর্থিক প্রতিষ্ঠান ১৯৯৩এ শেয়ারবাজারে ব্যাংক ও আর্থিক প্রতিষ্ঠানের বিনিয়োগের বিষয়ে বিদ্যমান কতিপয় আইনি সীমাবদ্ধতার বিষয়ে বিএসইসির প্রতিনিধি দলকে স্পষ্ট করে দেওয়া হয়েছে কিন্তু সভার পরে বাংলাদেশ সিকিউরিটিজ অ্যান্ড এক্সচেঞ্জ কমিশনের প্রতিনিধির বরাত দিয়ে বিভিন্ন সংবাদমাধ্যমে ওই সভার কতিপয় বিষয়ে সিদ্ধান্ত গ্রহণের যে সংবাদ প্রচার করা হয়েছে তা সঠিক নয় সংবাদ বিজ্ঞপ্তিতে আরও বলা হয় বাংলাদেশ ব্যাংকের ডেপুটি গভর্নর একেএম সাজেদুর রহমান খানের সভাপতিত্বে বিএসইসির সঙ্গে পূর্ব নির্ধারিত এ সভা কেন্দ্রীয় ব্যাংক কার্যালয়ে অনুষ্ঠিত হয়সভায় বিএসইসির উদ্যোগে ক্যাপিটাল মার্কেট স্ট্যাবিলাইজেশন ফান্ড গঠনের ফলে তফসিলি ব্যাংক ও আর্থিক প্রতিষ্ঠানের ক্ষেত্রে সৃষ্ট জটিলতা নিরসন এবং পুঞ্জিভূত লোকসান বিদ্যমান থাকলেও সংশ্নিষ্ট বছরের মুনাফা হতে নগদ লভ্যাংশ বিতরণের বিষয়ে আলোচনা হয়েছে এছাড়া সভায় ব্যাংক কোম্পানি আইন ১৯৯১ এর ৩৫১গ ধারা ও ২২ ধারা এবং আর্থিক প্রতিষ্ঠান আইন ১৯৯৩ এর ১০ ধারার বিষয়গুলো ব্যাখ্যা করে ক্যাপিটাল মার্কেট স্ট্যাবিলাইজেশন ফান্ডে ব্যাংক ও আর্থিক প্রতিষ্ঠানের অদাবিকৃত তহবিল স্থানান্তর এবং পুঞ্জিভূত লোকসান থাকা সত্ত্বেও নগদ লভ্যাংশ দেওয়া আইনসম্মত নয় বলে অভিহিত করা হয়েছে এ বিষয়ে বিএসইসির নির্দেশনায় প্রয়োজনীয় সংশোধন আনতে অনুরোধ জানিয়েছে বাংলাদেশ ব্যাংক নানা ইস্যুতে গত ২১ নভেম্বর থেকে মঙ্গলবার পর্যন্ত টানা আট কার্যদিবস ধরে দরপতন হয়েছে শেয়ারবাজারে এতে ৯০ শতাংশেরও বেশি শেয়ার দর হারায় এতে প্রধান মূল্য সূচক ডিএসইএক্সের ৩৮৮ পয়েন্ট বা সাড়ে ৫ শতাংশ পতন হয় কিন্তু অনুষ্ঠিত বৈঠকে ইতিবাচক আলোচনা হয়েছে এবং বিবদমান কয়েকটি ইস্যুতে সংশোধন আনতে বাংলাদেশ ব্যাংক রাজি হয়েছে এমন খবর প্রচারের পর বুধবার ডিএসইতে লেনদেন হওয়া ৩৭৩ শেয়ার ও মিউচুয়াল ফান্ডের মধ্যে ২৯৩টিরই বাজার দর বেড়েছে কমেছে মাত্র ৪৫টির এবং অপরিবর্তিত থেকেছে ৩৫টির এতে প্রধান মূল্য সূচক ডিএসইএক্স ১৪৩৭৫ পয়েন্ট বেড়ে ছয় হাজার ৮৪৭ পয়েন্টে গিয়ে দাঁড়ায় তবে শেয়ার লেনদেন ৪৪ কোটি টাকা কমে এক হাজার ১০২ কোটি টাকায় নেমেছে,0
২০১১১২ অর্থ বছরে সরকারি অনুদানের ছবি হাডসনের বন্দুক ২০১৪ সালে এ সিনেমার নির্মাণ কাজ শুরু হয় নানা জটিলতা কাটিয়ে প্রায় ৭ বছর পর সম্প্রতি সেন্সর বোর্ডে জমা পড়েছে সিনেমাটি হাডসনের বন্দুক পরিচালনা করেছেন প্রশান্ত অধিকারী সিলেটের জাফলং শ্রীমঙ্গল মৌলভীবাজার ঢাকার উত্তরা ধানমন্ডিসহ বিভিন্ন স্থানে এর দৃশ্যধারণের কাজ হয়েছে হাডসনের বন্দুক ছবিতে মৌসুমী হামিদ ছাড়াও এতে অভিনয় করেছেন লুৎফুর রহমান জর্জ অন্তু করিম প্রমুখ,0
চট্টগ্রাম বিশ্ববিদ্যালয়ে ২০২৫২৬ শিক্ষাবর্ষের প্রথম বর্ষ স্নাতক সম্মান শ্রেণির ভর্তি পরীক্ষা আগামী শুক্রবার ২ জানুয়ারি ২০২৬ থেকে শুরু হবে এ ইউনিটের পরীক্ষার মধ্য দিয়ে ভর্তি পরীক্ষা শুরু হবে ভর্তি পরীক্ষায় অংশগ্রহণেচ্ছু পরীক্ষার্থী ও সংশ্লিষ্ট ব্যক্তিদের অবগতির জন্য কিছু নির্দেশনা দেওয়া হয়েছে এগুলো হলো ১ পরীক্ষার্থীদের সকাল সাড়ে ১০টার মধ্যে নিজ নিজ আসন নিশ্চিত করতে হবে প্রবেশপত্র প্রদর্শনপূর্বক পরীক্ষার্থীরা পরীক্ষাকেন্দ্রে প্রবেশ করতে পারবেন বেলা ১১টার পর কোনো পরীক্ষার্থীকে পরীক্ষার হলে প্রবেশ করতে দেওয়া হবে না ২ প্রবেশপত্রের নির্দেশনা অনুযায়ী প্রার্থীরা ভর্তির ওয়েবসাইটে লগইন করে সংশ্লিষ্ট ইউনিটউপইউনিটের ভর্তি পরীক্ষার ৪৮ ঘণ্টা আগে থেকে নিজ নিজ আসনের অবস্থান জানতে পারবেন সিট প্ল্যান দেখার আগে অবশ্যই প্রবেশপত্র ডাউনলোড করতে হবে ৩ প্রত্যেক পরীক্ষার্থীর ডাউনলোডকৃত এক কপি প্রবেশপত্র ও উচ্চমাধ্যমিকসমমান পরীক্ষার মূল রেজিস্ট্রেশন কার্ড অথবা এ লেভেলের প্রযোজ্য ক্ষেত্রে এর মূলকপি ভর্তি পরীক্ষার দিন অবশ্যই সঙ্গে নিয়ে আসতে হবে আরও পড়ুন জাতীয় বিশ্ববিদ্যালয়ে অনার্স প্রথম বর্ষে ভর্তি বিজ্ঞপ্তি প্রকাশ ফি ১০০০ ২৩ নভেম্বর ২০২৫ জাতীয় বিশ্ববিদ্যালয়ে অনার্স প্রথম বর্ষে ভর্তি বিজ্ঞপ্তি প্রকাশ ফি ১০০০ ৪ পরীক্ষার্থীরা পরীক্ষার হলে  বা এর নিচে সাধারণ মানের ক্যালকুলেটর  সিম ব্যতীত ব্যবহার করতে পারবে পরীক্ষার হলে প্রার্থীর মোবাইল ফোন স্মার্টওয়াচ ব্লুটুথ ও অন্যান্য মাধ্যমে যোগাযোগ করা যায় এমন যেকোনো ডিভাইস সঙ্গে রাখা সম্পূর্ণভাবে নিষিদ্ধ তবে ইউনিট এবং   ও  উপইউনিট ভর্তি পরীক্ষায় পরীক্ষার হলে পরীক্ষার্থীদের সঙ্গে রাখা ও ব্যবহার করা সম্পূর্ণভাবে নিষিদ্ধ ৫ সামাজিক যোগাযোগমাধ্যম ফেসবুকসহ অন্যকোনো মাধ্যমে যেকোনো ধরনের অপপ্রচারে বিভ্রান্ত না হওয়ার জন্য ভর্তি পরীক্ষার্থী ও তাদের অভিভাবক এবং সংশ্লিষ্ট সবাইকে অনুরোধ জানানো যাচ্ছে ৬ পরীক্ষার্থীদের সঙ্গে আগত অভিভাবকদের নিরাপত্তার স্বার্থে তাঁদের জাতীয় পরিচয়পত্র অথবা নিজস্ব পরিচয়পত্র যদি থাকে সার্বক্ষণিক সঙ্গে রাখার জন্য অনুরোধ করা হলো বিস্তারিত তথ্যাদি চট্টগ্রাম বিশ্ববিদ্যালয় ভর্তির ওয়েবসাইট এ পাওয়া যাবে আরও পড়ুন সহকারী শিক্ষক নিয়োগে স্থগিত পরীক্ষার নতুন তারিখ ঘোষণা ৩০ ডিসেম্বর ২০২৫ সহকারী শিক্ষক নিয়োগে স্থগিত পরীক্ষার নতুন তারিখ ঘোষণা ভর্তি পরীক্ষা তিন বিভাগে ভর্তি পরীক্ষা চট্টগ্রাম ঢাকা ও রাজশাহীতে একই তারিখ ও সময়ে অনুষ্ঠিত হবে তবে   ও  উপইউনিটের পরীক্ষা শুধু চট্টগ্রাম বিশ্ববিদ্যালয় ক্যাম্পাসে অনুষ্ঠিত হবে আবেদনকারীরা কোন কেন্দ্রের পরীক্ষা দিতে চান তা আবেদন করার সময় যথাযথভাবে নির্বাচন করতে হবে বিশ্ববিদ্যালয়ের এ বছর ৪ হাজার ৩০৫টি আসনের বিপরীতে পরীক্ষা নেওয়া হবে এর মধ্যে সাধারণ আসন ৩ হাজার ৭৮৬ ও বাকি ৫১৯টি কোটার জন্য বরাদ্দ গত বছর এ আসন ছিল ৪ হাজার ৬৮৪ টি এর মধ্যে ৪ হাজার ১১টি সাধারণ আসন আর বাকি আসন কোটার জন্য বরাদ্দ ছিল এ বছর পোষ্য কোটায় বরাদ্দ ৫৪টি আসন কমছে পরীক্ষার সূচি আগামী ২ জানুয়ারি এ ইউনিটের পরীক্ষার মধ্য দিয়ে ভর্তি পরীক্ষা শুরু হবে এ ছাড়া ৩ জানুয়ারি ডি ইউনিট ৯ জানুয়ারি সি ইউনিট ও ১০ জানুয়ারি বি ইউনিটের পরীক্ষা হবে অন্যদিকে ৫ জানুয়ারি ডি১ ৭ জানুয়ারি বি১ ও ৮ জানুয়ারি বি২ উপইউনিটের পরীক্ষা অনুষ্ঠিত হবে পরীক্ষার মানবণ্টন সব ইউনিটের ভর্তি পরীক্ষা মোট ১২০ নম্বরের এর মধ্যে বহুনির্বাচনী পদ্ধতিতে ১০০ নম্বরের ভর্তি পরীক্ষা আর বাকি ২০ নম্বর এসএসসি ও এইচএসসির জিপিএ থেকে যুক্ত হবে প্রতিটি ভুল উত্তরের জন্য শূন্য দশমিক ২৫ নম্বর কাটা যাবে ডি১ উপইউনিট ছাড়া সব ইউনিটেই পরীক্ষায় ন্যূনতম পাস নম্বর হবে ৪০ ডি১ উপইউনিট পরীক্ষায় ন্যূনতম পাস নম্বর হবে ৩৫ এ ইউনিটের ভর্তি পরীক্ষায় ইংরেজিতে ২৫ পদার্থবিদ্যা রসায়ন গণিত ও জীববিদ্যা প্রতিটিই ২৫ নম্বর করে শিক্ষার্থীদের যেকোনো তিনটি বিষয়ে উত্তর দিতে হবে থাকবে বি ইউনিটের ভর্তি পরীক্ষায় বাংলা বা ঐচ্ছিক ইংরেজিতে ৩০ ইংরেজিতে ৩০ সাধারণ জ্ঞানে ৪০ নম্বর থাকবে পাস করতে হলে আলাদাভাবে বাংলায় ন্যূনতম ৭ ইংরেজিতে ৬ ও সাধারণ জ্ঞানে ১৩ নম্বর পেতে হবে বি১ উপইউনিটের ভর্তি পরীক্ষায় বাংলা বা ঐচ্ছিক ইংরেজিতে ২৫ ইংরেজিতে ২৫ সাধারণ জ্ঞানে ৫০ নম্বর থাকবে এ ছাড়া আলাদাভাবে বাংলায় ন্যূনতম ৫ ইংরেজিতে ৬ আর সাধারণ জ্ঞানে ১৭ নম্বর পেতে হবে বি২ পইউনিটে বাংলা বা ঐচ্ছিক ইংরেজিতে ২০ ইংরেজিতে ২০ আরবি ইসলামিক স্টাডিজ বুড্ডিস্ট স্টাডিজ ও পালি এবং সাধারণ জ্ঞানে যেকোনো দুটি বিষয় উত্তর দিতে হবে ৬০ নম্বর থাকবে এ ছাড়া আলাদাভাবে বাংলায় ন্যূনতম ৫ ইংরেজিতে ৫ আরবি ও ইসলামিক স্টাডিজে বুড্ডিস্ট স্টাডিজ ও পালি ১২ আর সাধারণ জ্ঞানে ৯ নম্বর পেতে হবে সি ইউনিটে ইংরেজিতে ৪০ বিশ্লেষণ দক্ষতায় ৩০ ও সমস্যা সমাধান অংশে ৩০ নম্বর থাকবে এ ছাড়া আলাদাভাবে ইংরেজিতে ১৩ বিশ্লেষণ দক্ষতা ও সমস্যা সমাধান অংশে ১০ নম্বর পেতে হবে ডি ইউনিটে বাংলা বা ঐচ্ছিক ইংরেজিতে ৩০ ইংরেজিতে ৩০ বিশ্লেষণ দক্ষতায় ২০ সাধারণ জ্ঞান গণিত বা অর্থনীতিতে ২০ নম্বর থাকবে ডি১ উপইউনিটে বাংলা বা ঐচ্ছিক ইংরেজিতে ৩০ ইংরেজিতে ৩০ সাধারণ জ্ঞানে ২৫ গেমস ও স্পোর্টসের নীতিমালায় ১৫ নম্বর থাকবে,1
বন্ডে বিনিয়োগ শেয়ারবাজার এক্সপোজার থেকে বাদ দেওয়া হচ্ছে শেয়ারবাজারে ব্যাংকের বিনিয়োগ বাজার মূল্যে হিসাব করা হবেমর্মে কিছু গণমাধ্যমে প্রকাশিত খবর ঠিক নয় বলে জানিয়েছে বাংলাদেশ ব্যাংক বুধবার সন্ধ্যায় এক সংবাদ বিজ্ঞপ্তির মাধ্যমে কেন্দ্রীয় ব্যাংক এ তথ্য জানায় কেন্দ্রীয় ব্যাংক বলেছে শেয়ারবাজারে তফসিলি ব্যাংক এবং আর্থিক প্রতিষ্ঠানের বিনিয়োগ সংক্রান্ত অন্যান্য বিষয়ে শেয়ারবাজার নিয়ন্ত্রক সংস্থা বিএসইসির প্রতিনিধি দলের সঙ্গে বিস্তারিত আলোচনা হয়েছে তবে এ বিষয়ে কোনো সিদ্ধান্ত হয়নি সংবাদ বিজ্ঞপ্তিতে বলা হয় ব্যাংক কোম্পানি আইন ১৯৯১ এবং আর্থিক প্রতিষ্ঠান ১৯৯৩এ শেয়ারবাজারে ব্যাংক ও আর্থিক প্রতিষ্ঠানের বিনিয়োগের বিষয়ে বিদ্যমান কতিপয় আইনি সীমাবদ্ধতার বিষয়ে বিএসইসির প্রতিনিধি দলকে স্পষ্ট করে দেওয়া হয়েছে কিন্তু সভার পরে বাংলাদেশ সিকিউরিটিজ অ্যান্ড এক্সচেঞ্জ কমিশনের প্রতিনিধির বরাত দিয়ে বিভিন্ন সংবাদমাধ্যমে ওই সভার কতিপয় বিষয়ে সিদ্ধান্ত গ্রহণের যে সংবাদ প্রচার করা হয়েছে তা সঠিক নয় সংবাদ বিজ্ঞপ্তিতে আরও বলা হয় বাংলাদেশ ব্যাংকের ডেপুটি গভর্নর একেএম সাজেদুর রহমান খানের সভাপতিত্বে বিএসইসির সঙ্গে পূর্ব নির্ধারিত এ সভা কেন্দ্রীয় ব্যাংক কার্যালয়ে অনুষ্ঠিত হয়সভায় বিএসইসির উদ্যোগে ক্যাপিটাল মার্কেট স্ট্যাবিলাইজেশন ফান্ড গঠনের ফলে তফসিলি ব্যাংক ও আর্থিক প্রতিষ্ঠানের ক্ষেত্রে সৃষ্ট জটিলতা নিরসন এবং পুঞ্জিভূত লোকসান বিদ্যমান থাকলেও সংশ্নিষ্ট বছরের মুনাফা হতে নগদ লভ্যাংশ বিতরণের বিষয়ে আলোচনা হয়েছে এছাড়া সভায় ব্যাংক কোম্পানি আইন ১৯৯১ এর ৩৫১গ ধারা ও ২২ ধারা এবং আর্থিক প্রতিষ্ঠান আইন ১৯৯৩ এর ১০ ধারার বিষয়গুলো ব্যাখ্যা করে ক্যাপিটাল মার্কেট স্ট্যাবিলাইজেশন ফান্ডে ব্যাংক ও আর্থিক প্রতিষ্ঠানের অদাবিকৃত তহবিল স্থানান্তর এবং পুঞ্জিভূত লোকসান থাকা সত্ত্বেও নগদ লভ্যাংশ দেওয়া আইনসম্মত নয় বলে অভিহিত করা হয়েছে এ বিষয়ে বিএসইসির নির্দেশনায় প্রয়োজনীয় সংশোধন আনতে অনুরোধ জানিয়েছে বাংলাদেশ ব্যাংক নানা ইস্যুতে গত ২১ নভেম্বর থেকে মঙ্গলবার পর্যন্ত টানা আট কার্যদিবস ধরে দরপতন হয়েছে শেয়ারবাজারে এতে ৯০ শতাংশেরও বেশি শেয়ার দর হারায় এতে প্রধান মূল্য সূচক ডিএসইএক্সের ৩৮৮ পয়েন্ট বা সাড়ে ৫ শতাংশ পতন হয় কিন্তু অনুষ্ঠিত বৈঠকে ইতিবাচক আলোচনা হয়েছে এবং বিবদমান কয়েকটি ইস্যুতে সংশোধন আনতে বাংলাদেশ ব্যাংক রাজি হয়েছে এমন খবর প্রচারের পর বুধবার ডিএসইতে লেনদেন হওয়া ৩৭৩ শেয়ার ও মিউচুয়াল ফান্ডের মধ্যে ২৯৩টিরই বাজার দর বেড়েছে কমেছে মাত্র ৪৫টির এবং অপরিবর্তিত থেকেছে ৩৫টির এতে প্রধান মূল্য সূচক ডিএসইএক্স ১৪৩৭৫ পয়েন্ট বেড়ে ছয় হাজার ৮৪৭ পয়েন্টে গিয়ে দাঁড়ায় তবে শেয়ার লেনদেন ৪৪ কোটি টাকা কমে এক হাজার ১০২ কোটি টাকায় নেমেছে,0
টানা বৃষ্টি আর উজান থেকে নেমে আসা পাহাড়ি ঢলে বন্যা পরিস্থিতি ভয়াবহ আকার ধারণ করায় সিলেটের প্রধান প্রধান পর্যটনকেন্দ্র বন্ধ ঘোষণা করা হয়েছে বৃহস্পতিবার ৩০ মে অতিরিক্ত জেলা প্রশাসক সার্বিক মোবারক হোসেন এ তথ্য নিশ্চিত করেছেন জানা গেছে গত কয়েকদিনের বৃষ্টিপাত এবং উজান থেকে নেমে আসা পাহাড়ি ঢলে পানিতে তলিয়ে গেছে সিলেটের জৈন্তাপুর জকিগঞ্জ কানাইঘাট গোয়াইনঘাট ও কোম্পানীগঞ্জ উপজেলা অতিরিক্ত জেলা প্রশাসক বলেন নদনদীর পানি বৃদ্ধি পাওয়ায় এবং বিভিন্ন এলাকা পানিতে তলিয়ে সাদাপাথর জাফলং বিছানাকান্দিসহ অন্যতম পর্যটনকেন্দ্রগুলো খুবই ঝুঁকিপূর্ণ অবস্থায় রয়েছে এ অবস্থায় পর্যটন স্পটগুলোতে যাওয়ার পরিবেশ নেই এ কারণে সিলেটের প্রধান প্রধান পর্যটনকেন্দ্র বন্ধ ঘোষণা করা হয়েছে এদিকে সিলেটে বন্যাদুর্গত পাঁচ উপজেলায় বিতরণের জন্য শুকনো খাবার চাল ও নগদ টাকা উপজেলা প্রশাসনের কাছে হস্তান্তর করা হয়েছে বৃহস্পতিবার দুপুরে বন্যাদুর্গতদের জন্য সিলেট জেলা প্রশাসনের পক্ষ থেকে ত্রাণসামগ্রী সিলেটের পাঁচটি উপজেলার প্রশাসনের কাছে হস্তান্তর করা হয়েছে,1
দরজায় কড়া নাড়ছে ৭৭তম কান চলচ্চিত্র উৎসব তাঁর আগেই শেষ হয়েছে গুরত্বপূর্ণ এই উৎসবের সিনেমা জমা নেওয়ার পালা এখন অপেক্ষা কবে মনোনয়ন ঘোষণা করা হবে তার আগেই গতকাল কানের অফিশিয়াল সাইট একটি সিনেমার প্রিমিয়ারের খবর প্রকাশ করেছে কান চলচ্চিত্র উৎসবে প্রিমিয়ার হতে যাচ্ছে ফিউরিওসা আ ম্যাড ম্যাক্স সাগা সিনেমাটি এটি উৎসবে আউট অব কম্পিটিশন শাখায় আগামী ১৫ মে প্রদর্শিত হবে ম্যাড ম্যাক্স ফ্র্যাঞ্চাইজির ছবিটি নির্মাণ করেছেন জর্জ মিলার এতে অভিনয় করেছেন আনা টেলরজয় ও ক্রিস হেমসওয়ার্থ ৯ বছর পর সিনেমাটির প্রিকুয়েল মুক্তি পাচ্ছে ফিউরিওসা আ ম্যাড ম্যাক্স সাগা সিনেমার শুটিংয়ের ফাঁকে একটি দৃশ্যে ছবি কান উৎসবের অফিশিয়াল সাইট থেকে ফিউরিওসা আ ম্যাড ম্যাক্স সাগা সিনেমার শুটিংয়ের ফাঁকে একটি দৃশ্যে ছবি কান উৎসবের অফিশিয়াল সাইট থেকে মিলার ভ্যারাইটিকে বলেন এই প্রিকুয়েলের আইডিয়া এক যুগের বেশি সময় আগের সিনেমাটি কানে প্রিমিয়ার হতে যাচ্ছে আবার কানে ফিরছি এটা রোমাঞ্চকার একটা বিষয় ফিউরিওসা আ ম্যাড ম্যাক্স সাগা সিনেমার কান উৎসবের প্রিমিয়ারই সবচেয়ে ভালো জায়গা যেখানে সারা বিশ্বের দর্শকদের সঙ্গে সিনেমাটির অভিজ্ঞতা ভাগাভাগি করতে পারব মিলার এর আগে দুবার কান চলচ্চিত্র উৎসবের বিচারকের দায়িত্ব পালন করেছেন এর মধ্যে একবার সদস্য ও একাবার তিনি জুরি প্রেসিডেন্ট হিসেবে দায়িত্ব পালন করেছেন ৭৭তম কান উৎসব ১৪২৫ মে পর্যন্ত চলবে ১৫ মার্চ ছিল কানে সিনেমা জমা দেওয়ার শেষ দিন আগামী ১১ এপ্রিলে জানা যাবে বিভিন্ন শাখায় মনোনীত সিনেমার নাম,0
ড জায়েদ বখত জাতীয় ও আন্তর্জাতিক পর্যায়ে অর্থনীতির নানা শাখায় কাজ করেছেন বর্ণাঢ্য ক্যারিয়ারের অধিকারী এ অর্থনীতিবিদ সম্প্রতি একটি সাক্ষাৎকার দিয়েছেন কথা বলেছেন দেশের ব্যাংকিং খাত মূল্যস্ফীতি ডলার সংকটসহ জাতীয় নির্বাচনপূর্ব অর্থনৈতিক পরিস্থিতি ও নির্বাচন পরবর্তী নতুন সরকারের দায়িত্বগ্রহণ নিয়ে পাশাপাশি এই মুহূর্তে সরকারের করণীয় কী এমন বিষয়েও মত দিয়েছেন তিনি সাক্ষাৎকার নিয়েছেন জাফর আহমদ ছবি তুলেছেন সিনিয়র ফটো করেসপন্ডেন্ট জিএম মজিবুর প্রশ্ন অনেক চ্যালেঞ্জ মাথায় নিয়ে নতুন সরকার দায়িত্ব নিল এখন সরকারের করণীয় কী হতে পারে ড জায়েদ বখত সামষ্টিক অর্থনীতি বেশ চ্যালেঞ্জের মধ্যে ছিল উচ্চ মূল্যস্ফীতি ও টাকার বিনিময় হার একটা চ্যালেঞ্জ ছিল এগুলো নিয়ন্ত্রণ করার জন্য নীতিনির্ধারণী পর্যায় থেকে চেষ্টা করা হলেও নির্বাচনের কারণে সীমাবদ্ধতা ছিল এখন নির্বাচন সুষ্ঠুভাবে হয়ে গেছে সরকারের সফলতার জন্য মূল্যস্ফীতি কমানো মুদ্রার বিনিময় হার বাজারমুখী করা বৈদেশিক মুদ্রার জোগান বা রিজার্ভ ব্যবস্থাপনায় বেশি জোর দেওয়াসহ ব্যাংকিং ও আর্থিক খাতে সংস্কার করতে হবে নির্বাচনপূর্ব পরিস্থিতির উত্তরণ ঘটেছে নির্বাচনপরবর্তী সময়ে নীতিনির্ধারণের যে সীমাবদ্ধতা ছিল সেটা এখন আর নেই এটা অর্থনীতিকে আরও বেগবান করবে স্থানীয় ও আন্তর্জাতিকভাবে অনিশ্চয়তা ছিল দেশে সুষ্ঠু নির্বাচনের কারণে সে অনিশ্চয়তাও কেটে গেছে এরই মধ্যে শেয়ারবাজার ঘুরে দাঁড়াতে শুরু করেছে এখন সরকারের যেসব পদক্ষেপ ধীরগতিতে চলছে সেসবের গতিও বাড়বে নতুন সরকার দায়িত্ব নেওয়ার সঙ্গে সঙ্গে পরিস্থিতি স্বাভাবিক হয়ে যাবে সবাই বিনিয়োগে এগিয়ে আসবেন এতে অর্থনীতিতে গতির সঞ্চার হবে এখন বিনিয়োগ আন্তর্জাতিক বাণিজ্য সবই ত্বরান্বিত হবে সব কিছু মিলিয়ে একটা অনুকূল পরিস্থিতির মধ্যে আমরা যাচ্ছি সরকারের নীতিমালা সংশোধনের কারণে কিছু উন্নতি হবে নতুন উদ্যম নিয়ে প্রায়োরিটিগুলো অগ্রাধিকার ঠিক করে সরকার এগিয়ে যাবে সরকার যথেষ্ট চিন্তাভাবনা করে নতুন মন্ত্রিসভা গঠন করেছে সেখান থেকেই বোঝা যায় অর্থনীতির চাকা সচল হবে ফলে সামষ্টিক অর্থনীতি মুদ্রাস্ফীতি টাকার বিনিময় হার অনেকটা নিয়ন্ত্রণে চলে আসবে কিছু কাঠামোগত সমস্যা আছে যেমন ব্যাংকিং খাতে সংস্কার মানিলন্ডারিং মুদ্রাপাচার এগুলো রাতারাতি সমাধান করা যাবে না পলিসি নীতি করে সমাধান করতে হবে এটার জন্য কারেকটিভ অ্যাকশন সংশোধনমূলক পদক্ষেপ নিতে হবে প্রশ্নমূল্যস্ফীতি এখনো বড় সমস্যা এটা নিয়ন্ত্রণে কী ধরনের পদক্ষেপ নেওয়া যেতে পারে ড জায়েদ বখত প্রথম দিকে হয়তো মূল্যস্ফীতির হার আরেকটু বাড়তে পারে কিন্তু তা সাময়িক পরে দ্রুত সময়ের মধ্যে তা কমে আসবে দেশের ভেতরে কোনো উৎপাদন খাত কিন্তু ব্যাহত হয়নি শিল্প খাতে ডলারের দর বেশি হওয়ার কারণে একটু চাপে পড়েছে অন্যদিকে বিদ্যুৎ ও জ্বালানির দাম বাড়ার কারণে তাদের উৎপাদন খরচ বেড়ে গেছে এটা কিন্তু বিশ্বব্যাপী এর কারণে অর্থনীতি চাপের মধ্যে থাকলেও বিপর্যয় ঘটেনি এর চাপ ব্যাংকেও পড়েছে কারণ ব্যবসায়ীরা ঠিকমতো ঋণের কিস্তি শোধ করতে পারেননি ফলে খেলাপি ঋণ বেড়েছে কোভিড১৯ মহামারির আগে দেশের অর্থনীতি অনন্য উচ্চতায় ছিল কোভিডে অনেক দেশে সমস্যা হলেও আমাদের বিভিন্ন ইতিবাচক নীতির কারণে সেসব সমস্যা হয়নি সুদের হার ৯ শতাংশ থাকার কারণে ব্যবসায়ীরা বড় ক্ষতির মুখে পড়েনি কোভিড কাটিয়ে অর্থনীতি যখন ঘুরে দাঁড়াতে শুরু করে তখন শুরু হয় রাশিয়াইউক্রেন যুদ্ধ ফলে বিশ্বব্যাপী ডলারের বাজারে অস্থিরতা শুরু হয় কিন্তু সেসব ধাক্কাও অনেক কাটিয়ে ওঠা গেছে এ মুহূর্তে আন্তর্জাতিক বাজারে ডলারের যে পরিস্থিতি তা অন্যান্য মুদ্রার ডলার মূল্যের তুলনায় একটু নিচের দিকেই রয়েছে এতে বিশ্ব অর্থনীতিতে মূল্যস্ফীতির হারও কমে এসেছে সুতরাং বিশ্ব অর্থনীতি স্থিতিশীল হলে তার প্রভাব আমাদের অর্থনীতিতে পড়বে বিশ্ববাজারে জ্বালানি তেলের দাম পড়তে শুরু করায় মূল্যস্ফীতি নিম্নমুখী এর সঙ্গে বৈশ্বিক মূল্যস্ফীতি কমে আসার প্রবণতা নতুন বছরে দেশের অর্থনীতিতেও প্রভাব ফেলবে প্রশ্ন ডলার সংকট কিছুটা স্থিতিশীল হয়েছে বা কমেছে মনে করেন কি না ডজায়েদ বখত এখন পর্যন্ত স্থিতিশীল হয়নি কারেন্ট অ্যাকাউন্ট ব্যালান্স দক্ষতার সঙ্গে নিয়ন্ত্রণ করেছি সারপ্লাস হয়েছে কিন্তু ফাইন্যান্সিয়াল অ্যাকাউন্ট ডেফিসিট এখনো রয়েছে ফলে রিজার্ভ কমছে ডলার সংকটে বিনিয়োগও কমেছে সব কিছু মিলিয়ে ফাইন্যান্সিয়াল অ্যাকাউন্টে চাপ যাচ্ছে এখানে খুব বেশি কিছু করার নেই তবে নির্বাচনের পরে ভালো অবস্থানে এসেছি এটা ওভারকাম করা সম্ভব হবে ডলার দর বাজার দরের কাছাকাছি নিতে হবে বিনিময় হার বাজারমুখী হলে বৈদেশিক মুদ্রার ওপর চাপও কমে আসবে এটি রেমিট্যান্স ও রপ্তানি আয় বাড়াতে ভূমিকা রাখবে নির্বাচন সামনে রেখে পুঁজি পাচারের বিষয়টি বড় করে সামনে এসেছে হুন্ডি মার্কেট আগেও ছিল এখনো আছে ২০২২২৩ অর্থবছরে ডলার মার্কেটে গ্যাপ হয়ে গেছে ৭৮ টাকা পার্থক্য দেখা গেছে যেটা আগে কখনো হয়নি তার মানে বড় পুঁজি পাচার হয়েছে বিশেষ করে আন্ডার ও ওভার ইনভয়েসিংয়ের মাধ্যমে অর্থ পাচার হওয়া শুরু হলে বাংলাদেশ ব্যাংক সেটা কন্ট্রোল করতে সক্ষম হয়েছে মোবাইল ব্যাংকিংয়েও অর্থ পাচার কিছুটা রোধ করা গেছে কিন্তু গত এক বা দু্ই বছরে প্রশাসনিকভাবে হুন্ডি মার্কেট নিয়ন্ত্রণ করা যায়নি যারা টাকা পাচার করবে তারা বিদেশে প্রবাসীদের কাছে থেকে বাড়তি দামে সেটা সংগ্রহ করে নিচ্ছে আর দেশে তাদের স্বজনদের সেটা দিয়ে দিচ্ছে সেখানে হুন্ডি কারবারিদের কাছে রেট কোনো ব্যাপার না এ জন্য বাংলাদেশে বসে রেট ঠিক করা সম্ভব হয় না একটা থাকে প্রশাসনিক ব্যবস্থা এক্ষেত্রে আগের গর্ভনর কিছুটা সফল হয়েছিলেন অনোনুমোদিত মোবাইল ব্যাংকিং ব্যবহার করে রেমিট্যান্স আনা হয়েছিল শাস্তিমূলক ব্যবস্থার মাধ্যমে সেটা বন্ধ করা হয়েছিল হুন্ডি রোধে অনেক অর্থনীতিবিদ ডলার দর বাজারের ওপর ছেড়ে দেওয়ার কথা বলেছেন কিন্তু আমি তাদের সঙ্গে একমত নই কারণ মার্কেট রেটের সঙ্গে ডিফারেন্স হচ্ছে পুঁজি পাচারের কারণে বাজারের ওপর ছেড়ে দিলে সেটাতে সাধারণ মানুষ ক্ষতিগ্রস্ত হবে প্রশ্ন অগ্রণী ব্যাংক নিয়ে ভবিষ্যৎ পরিকল্পনা কী ড জায়েদ বখত মেজর ইন্ডিকেটর প্রধান সূচক যেমনআমানত ঋণ আমদানি রপ্তানি রেমিট্যান্সে অগ্রণীর অবস্থান টপ লেভেলে শীর্ষ পর্যায়ে আছে আমদানি ও রপ্তানিতে রাষ্ট্রীয় ব্যাংকগুলোর মধ্যে প্রথম অবস্থানে আছে অগ্রণী সার্বিকভাবে রেমিট্যান্সে সবসময়ই আমাদের অবস্থান দ্বিতীয় অর্থাৎ ইসলামি ব্যাংকের পরেই থাকে কিন্তু বিনিময় হার সমস্যার কারণে একটা বেসরকারি ব্যাংক আমাদের চেয়ে বেশি রেমিট্যান্স আহরণ করেছে বাংলাদেশ ব্যাংকও এটা দেখে অবাক হয়েছে সরকারি ব্যাংক হিসেবে ডলার রেট বাংলাদেশ ব্যাংক যেটা বেঁধে দেয় তার বাইরে দেওয়ার সুযোগ নেই খেলাপি ঋণ বেড়ে গেছে সুদ মওকুফ ও পুনঃতফসিল সুবিধার কারণে কয়েকবছর আগেও খেলাপি ঋণ কমে গিয়েছিল কিন্তু অর্থনীতির বর্তমান অবস্থার কারণে সেটা আবার বেড়ে গেছে অগ্রণী ব্যাংকও তার বাইরে নয় ১২ শতাংশ থেকে খেলাপি ঋণ বেড়ে ১৬১৭ শতাংশে উঠে গেছে ফলে মূলধন ঘাটতি দেখা গেছে কিন্তু খেলাপি ঋণ কমানোর জন্য এরই মধ্যে আমরা উদ্যোগ নিয়েছি এ বছর অর্থনীতি চাঙ্গা হলে এসব সমস্যা কমে আসবে প্রকল্প অর্থায়নও করেছে অগ্রণী ব্যাংক পদ্মা সেতুতে অর্থায়নে বড় অংশীদার আমরা বড় শিল্পেও অর্থায়ন করেছি ক্ষুদ্র ও মাঝারি শিল্পে অর্থায়নের জন্য আমরা বাংলাদেশ ব্যাংক থেকে পুরস্কারও পেয়েছি কৃষির অর্থায়নেও আমরা বাড়তি সুবিধা দিয়েছি ডিজিটাল সার্ভিসের ক্ষেত্রে আমরা পিছিয়ে নেই বর্তমানে অগ্রণী ব্যাংকের ৯৭৫টি শাখায় অনলাইন সার্ভিস চালু আছে অগ্রণী ব্যাংকে হলমার্ক বিসমিল্লাহ অ্যাননটেক্সের মতো বড় কোনো জালিয়াতির ঘটনা নেই এ ধারাবাহিকতা আমরা ধরে রাখতে চাই প্রশ্ন যেমনটা বলছিলেন পদ্মা সেতুতে অগ্রণী ব্যাংক বড় অংশীদার যদি অভিজ্ঞতা বলতেন ড জায়েদ বখত রপ্তানি ও প্রবাসী আয় আহরণের দিক থেকে আমরা এগিয়ে ছিলাম সে কারণে আমাদের যথেষ্ট বৈদেশিক মুদ্রা ছিল এই পদ্মা সেতুর ব্যাপারে বাংলাদেশ ব্যাংকের সঙ্গে আমাদের ইনিশিয়াল আন্ডারস্ট্যান্ডিং প্রাথমিক বোঝাপড়া ছিল আমরা বৈদেশিক মুদ্রা দেবো আর বাংলাদেশ ব্যাংক আমাদের ফেরত দেবে কিন্তু একটি ডলারও ফেরত নেওয়া লাগেনি আমরা চাইনি চাওয়ার প্রয়োজনও হয়নি প্রশ্ন করোনা মহামারি থেকে উত্তরণে সরকার প্রণোদনা ঘোষণা করেছিল প্রণোদনা বিতরণে অগ্রণী ব্যাংকের ভূমিকা কী ছিল ড জায়েদ বখত সরকারের নির্দেশনা অনুসারে বৃহৎ শিল্প ক্ষুদমাঝারি শিল্পসব ক্ষেত্রে আমরা প্রণোদনা বিতরণ করেছি এখন পর্যন্ত রিকোভারিও সন্তোষজনক কোনো কোনো ক্ষেত্রে বাংলাদেশ ব্যাংকের নিয়ম মেনে নবায়ন করা হয়েছে নবায়ন করলে তারা আর ওই ভর্তুকিটা পায় না যেহেতু ব্যবসায়ীরা একটি ক্যাশ ফ্লো ক্রাইসিসে আছে এখন যদি টাকা তুলে নেওয়ার জন্য চাপ দেই তাহলে তারা একটা সংকটে পড়ে যাবে তাই তারা নবায়ন করতে চাইলে আমরা সেটা করে দিচ্ছি নবায়ন করলে তারা একটি ব্রিদিং স্পেস পাবে টাকা ফেরত আসবে প্রশ্ন বেসরকারি ব্যাংকের প্রতি মানুষের আস্থা ছিল বেশি কিছু ঘটনার পর দেখা যাচ্ছে সরকারি ব্যাংকের প্রতি মানুষের আস্থা আবার ফিরছে এটা কেন হলো ড জায়েদ বখত সুদহার ৬৯ শতাংশ করার পরও প্রতিটা বেসরকারির ব্যাংকই কিন্তু মুনাফা করেছে কারণ তারা ঋণের সুদ বাড়িয়ে আমানতের সুদ কমিয়ে দিয়েছে তখন ডিপোজিটররা আমানতদার দেখেছে সরকারি ব্যাংকে টাকা রাখলে লস হচ্ছে না সরকারি সব ব্যাংকের সেবার মানও এখন ভালো ফলে সরকারি ব্যাংকেই গ্রাহকদের আস্থা ফিরেছে বেসরকারি ব্যাংকের মতো সরকারি ব্যাংকও এখন সব ধরনের সেবা দিতে পারছে রপ্তানি রেমিট্যান্সে সরকারি ব্যাংকগুলো বড় ভূমিকা পালন করে অনলাইন সেবা চালু করা হয়েছে ব্যাংক খাতে শৃঙ্খলা ফেরাতে খেলাপি ঋণ কমাতে হবে আমি মনে করি খেলাপি ঋণ একদিনে বাড়েনি সমাধানও একদিনে হবে না খেলাপি ঋণের চলমান মামলাগুলো দ্রুত নিষ্পত্তি করতে হবে মামলার দীর্ঘসূত্রতার কারণে ঋণ আদায় হয় না এককালীন ২ শতাংশ ডাউন পেমেন্ট দিয়ে ঋণ নিয়মিতকরণের সুযোগে লাখকোটি টাকার খেলাপি ঋণ কমে গিয়েছিল প্রশ্ন নির্বাচন শেষ নতুন মন্ত্রিসভা দায়িত্ব নিয়েছে আর্থিক খাতের সংস্কারে কী ধরনের পদক্ষেপ নেওয়া প্রয়োজন ড জায়েদ বখত বিনিময় হার মার্কেট রেটের সঙ্গে সামঞ্জস্য করতে হবে বাংলাদেশ ব্যাংককে সংকোচনমূলক পদক্ষেপ নিতে হবে সরকার যদি আরও শক্তভাবে মানিলন্ডারিংয়ের মুদ্রাপাচার বিষয় মোকাবিলা করে তাহলে পুঁজি পাচার কমে গেলে এক্সটারনাল অভ্যন্তরীণ খাতে স্বস্তি আসবে বিনিয়োগ বাড়ানোর জন্য সরকারের যেসব মেগা প্রকল্প আছে সেগুলো দক্ষতার সঙ্গে বাস্তবায়ন করতে হবে নতুন নতুন মন্ত্রীরা দক্ষতার সঙ্গে এগুলো এগিয়ে নিয়ে যাবেন কারণ এগুলো বাস্তবায়িত হলে বেসরকারি খাতও ঘুরে দাঁড়াবে প্রধানমন্ত্রী শেখ হাসিনার বোল্ড লিডারশিপ বিচক্ষণ নেতৃত্ব আগে যেমন ছিল তেমনিভাবে সামনে এগিয়ে নিলে অর্থনীতি ঘুরে দাঁড়াবে,1
২০২০ সালের প্রতিকূল পরিস্থিতির অভিজ্ঞতা ২০২১ সালে কাজে লাগাতে পারলে বাংলাদেশ হবে সারা বিশ্বের জন্য একটি দৃষ্টান্ত কারণ মহামারির ধাক্কা সামলে নিয়ে বাংলাদেশ দ্রুত গতিতে এগিয়ে চলছে এখনো গ্রামীণ অর্থনীতি চাঙা রয়েছে প্রবাসী আয় দ্রুত গতিতে বাড়ছে রফতানি আয় বাড়ছে মেগা প্রকল্পেও গতি এসেছে সংকটে থাকা শেয়ারবাজার এখন প্রাণ খুঁজে পেয়েছে ব্যাপক বিনিয়োগের জন্য পর্যাপ্ত টাকা রয়েছে ব্যাংকের কাছে দেশিবিদেশি বিভিন্ন আন্তর্জাতিক সংস্থাগুলোও বলছে বাংলাদেশের অর্থনীতি এগিয়ে চলছে সম্প্রতি বিশ্বব্যাংকের পূর্বাভাস প্রতিবেদনে দক্ষিণ এশিয়ার মধ্যে সবচেয়ে বেশি ১৬ শতাংশ প্রবৃদ্ধির প্রত্যাশা করা হয়েছে যদিও সরকারি লক্ষ্যমাত্রার চেয়ে এটি কম তার পরেও করোনার এই সময়ে ধনাত্মক প্রবৃদ্ধি খুব কম দেশই ধরে রাখতে পেরেছে ২০২০ সালের করোনার আঘাতের পরও দেশের অর্থনীতির যেসব সূচক ভালো অবস্থানে দাঁড়িয়ে আছে সেগুলো ২০২১ সালে আরো শক্তিশালী হওয়ার আশা করা হচ্ছে দ্বিতীয় ধাপের করোনায় যদি লকডাউনে যেতে না হয় তাহলে অর্থনীতির সব সূচকই গতিশীল হবে প্রবাসী আয়সহ অর্থনীতির বেশ কয়েকটি সূচক এরই মধ্যে শক্তিশালী অবস্থায় রয়েছে করোনা ভাইরাস মহামারিতে বিশ্বের অর্থনীতি স্থবির হয়ে পড়ায় গত এপ্রিলে বাংলাদেশের রফতানি আয় তলানিতে ঠেকেছিল ঐ মাসে সব মিলিয়ে মাত্র ৫২ কোটি ডলারের পণ্য রফতানি হয়েছিল পোশাক রফতানি থেকে আয় হয়েছিল মাত্র ৩৬ কোটি ডলার এর পর মে মাসে রফতানি আয় বাড়তে শুরু করে জুনে তার চেয়ে অনেক বাড়ে এরপর চলতি ২০২০২১ অর্থবছরের প্রথম তিন মাসেও সেই ইতিবাচক ধারা অব্যাহত ছিল করোনার কারণে লকডাউন আর বিদেশি শ্রমিকপ্রকৌশলীদের অনেকে দেশে ফিরে যাওয়ায় ২০২০ সালে সরকারের অগ্রাধিকারে থাকা পদ্মা সেতু মেট্রোরেল ও কর্ণফুলী টানেলের মতো বড় প্রকল্পের কাজ এগোতে পারেনি কাঙ্ক্ষিত দ্রুততায় তবে বছরের শেষ দিকে এসে গতি পেয়েছে অধিকাংশ প্রকল্প নতুন বছরে মেগা প্রকল্পে গতির মাধ্যমে অর্থনীতি চাঙ্গা থাকবে এমনটাই প্রত্যাশা সবার করোনার বছর ২০২০ কাটিয়ে এসেছে ২০২১ হাজারো মানুষের স্বজন হারানো চাকরি হারানো পুঁজি হারানো অর্থনীতিকে স্থবির করা বছর ২০২০ সালকে পেছনে ফেলে নতুন বছরটি বাংলাদেশের জন্য হবে সম্ভাবনার ২০৩০ সালের মধ্যে ৫০ বিলিয়ন ডলারের শক্তিশালী রিজার্ভ গড়ার লক্ষ্য অর্জনের কাছাকাছি ২০২১ সালেই পৌঁছে যাবে বাংলাদেশ সংশ্লিষ্টরা বলছেন বাংলাদেশের সব মানুষ টিকা পেতে সময় লাগলেও উন্নত দেশগুলো আগেই টিকা পেয়ে যাচ্ছে ফলে তাদের কেনাকাটা ভ্রমণ ভোগ ব্যয় বাড়বে এর ফলে আমাদের রফতানি ও শ্রমবাজার আবার ঘুরে দাঁড়াবে নতুন বছরে,1
দরজায় কড়া নাড়ছে ৭৭তম কান চলচ্চিত্র উৎসব তাঁর আগেই শেষ হয়েছে গুরত্বপূর্ণ এই উৎসবের সিনেমা জমা নেওয়ার পালা এখন অপেক্ষা কবে মনোনয়ন ঘোষণা করা হবে তার আগেই গতকাল কানের অফিশিয়াল সাইট একটি সিনেমার প্রিমিয়ারের খবর প্রকাশ করেছে কান চলচ্চিত্র উৎসবে প্রিমিয়ার হতে যাচ্ছে ফিউরিওসা আ ম্যাড ম্যাক্স সাগা সিনেমাটি এটি উৎসবে আউট অব কম্পিটিশন শাখায় আগামী ১৫ মে প্রদর্শিত হবে ম্যাড ম্যাক্স ফ্র্যাঞ্চাইজির ছবিটি নির্মাণ করেছেন জর্জ মিলার এতে অভিনয় করেছেন আনা টেলরজয় ও ক্রিস হেমসওয়ার্থ ৯ বছর পর সিনেমাটির প্রিকুয়েল মুক্তি পাচ্ছে ফিউরিওসা আ ম্যাড ম্যাক্স সাগা সিনেমার শুটিংয়ের ফাঁকে একটি দৃশ্যে ছবি কান উৎসবের অফিশিয়াল সাইট থেকে ফিউরিওসা আ ম্যাড ম্যাক্স সাগা সিনেমার শুটিংয়ের ফাঁকে একটি দৃশ্যে ছবি কান উৎসবের অফিশিয়াল সাইট থেকে মিলার ভ্যারাইটিকে বলেন এই প্রিকুয়েলের আইডিয়া এক যুগের বেশি সময় আগের সিনেমাটি কানে প্রিমিয়ার হতে যাচ্ছে আবার কানে ফিরছি এটা রোমাঞ্চকার একটা বিষয় ফিউরিওসা আ ম্যাড ম্যাক্স সাগা সিনেমার কান উৎসবের প্রিমিয়ারই সবচেয়ে ভালো জায়গা যেখানে সারা বিশ্বের দর্শকদের সঙ্গে সিনেমাটির অভিজ্ঞতা ভাগাভাগি করতে পারব মিলার এর আগে দুবার কান চলচ্চিত্র উৎসবের বিচারকের দায়িত্ব পালন করেছেন এর মধ্যে একবার সদস্য ও একাবার তিনি জুরি প্রেসিডেন্ট হিসেবে দায়িত্ব পালন করেছেন ৭৭তম কান উৎসব ১৪২৫ মে পর্যন্ত চলবে ১৫ মার্চ ছিল কানে সিনেমা জমা দেওয়ার শেষ দিন আগামী ১১ এপ্রিলে জানা যাবে বিভিন্ন শাখায় মনোনীত সিনেমার নাম,0
দাম বাড়লো এলপিজির বেসরকারি পর্যায়ে এলপিজির দাম প্রতিকেজি ৮৬ টাকা ৭ পয়সা ধরে ১২ কেজি সিলিন্ডারের দাম ১০৩৩ টাকা নির্ধারণ করা হয়েছে একই সঙ্গে বাড়ছে অটোগ্যাসের দামও অটোগ্যাসের দাম প্রতি লিটার ৫০৫৬ টাকা নির্ধারণ করা হয়েছে যা ১ সেপ্টেম্বর থেকে কার্যকর হবে আগস্ট মাসে বেসরকারি পর্যায়ে ১২ কেজি সিলিন্ডারের দাম ৯৯৩ টাকা নির্ধারণ করা হয় এর আগে জুলাই মাসে ছিল ৮৯১ টাকা এবং জুন মাসে ছিল ৮৪২ টাকা এদিকে প্রতি লিটার অটোগ্যাস আগস্টে ছিল ৪৮ টাকা ৭১ পয়সা জুলাইয়ে ছিল ৪৪ টাকা সে হিসেবে আগস্ট মাসের চেয়ে ১২ কেজি এলপিজি সিলিন্ডারের দাম বেড়েছে ৪০ টাকা ও অটোগ্যাসের দাম লিটার প্রতি বেড়েছে ২৩৯ টাকা মঙ্গলবার অনলাইনে এক সংবাদ সম্মেলনে ভোক্তা পর্যায়ে এলপিজির দামের এই ঘোষণা দেন এনার্জি রেগুলেটরি কমিশন বিইআরসি এ সময় বিইআরসির চেয়ারম্যান আব্দুল জলিল কমিশনের সদস্য মোহাম্মদ আবু ফারুক মকবুলই এলাহী বজলুর রহমান কামরুজ্জামান সচিব রুবিনা ফেরদৌসীসহ ঊর্ধ্বতন কর্মকর্তারা উপস্থিত ছিলেন সরকারি পর্যায়ে ১২ কেজি সিলিন্ডারের দাম আগের মতোই ৫৯১ টাকা থাকবে যেহেতু এই দামের সঙ্গে সৌদি সিপির কোনো সম্পর্ক নেই যা কমিশনের ওয়েবসাইটে পাওয়া যাবে রেটিকুলেটেড সিস্টেমে সরবরাহ করা এলপিজির দাম ভোক্তা পর্যায়ে মূসক ছাড়া প্রতিকেজি ৮৩ টাকা ৭৭ পয়সা অথবা লিটার হিসাবে প্রতি লিটার ০ দশমিক ১৮৬১ টাকা পুনর্নির্ধারণ করেছে কমিশন বিইআরসির চেয়ারম্যান জানান বিইআরসি আইনের অনুচ্ছেদ ক অনুযায়ী আগস্ট মাসে সৌদি আরামকো কর্তৃক প্রোপেন ও বিউটেনের ঘোষিত সৌদি সিপির দাম যথাক্রমে প্রতি মেট্রিক টন ৬৬০ ডলার এবং ৬৫৫ ডলার হয়েছে এ অনুযায়ী আগস্ট মাসে প্রোপেন ও বিউটেনের মিশ্রণ অনুপাত ৩৫৬৫ বিবেচনায় প্রোপেন ও বিউটেনের গড় সৌদি সিপি প্রতি মেট্রিক টন ৬৫৬৭৫ ডলার বিবেচনা করে এই দাম নির্ধারণ করা হয়েছে ১২ এপ্রিল প্রথমবারের মতো এলপিজির দাম নির্ধারণের ঘোষণা দেয় কমিশন,0
বাংলাদেশের আর্থিক খাতের লুটপাটের চিত্র পাঠ্যবইয়ে আসা উচিত এবং শিক্ষার্থীদের এ বিষয়ে সচেতন করা উচিত বলে মনে করেন প্রধান উপদেষ্টা অধ্যাপক ড মুহাম্মদ ইউনূস দৈনিক ইত্তেফাকের সর্বশেষ খবর পেতে অনুসরণ করুন রোববার ১ ডিসেম্বর ফরেন সার্ভিস একাডেমিতে সমসাময়িক বিষয়ে আয়োজিত ব্রিফিংয়ে এমন তথ্য জানান প্রেস সচিব শফিকুল আলম প্রেস সচিব বলেন উন্নয়নের বয়ানের পোস্ট মর্টেম করা হয়েছে অর্থনৈতিক শ্বেতপত্র যে চিত্র বেরিয়ে এসেছে তা ভয়াবহ চোখের সামনে বিশাল লুটপাট হয়েছে অধ্যাপক ইউনূস সব শুনে বলেছেন আমরা আতঙ্কিত এই লুটপাটের চিত্র পাঠ্যবইয়ে আসা উচিত তিনি আরও বলেন এই মহাচুরির বিচার অবশ্যই হবে পাশাপাশি পাচার হওয়া টাকা ফেরানোর বিষয়ে আমরা প্রতিশ্রুতিবদ্ধ আমরা সর্বোচ্চভাবে টাকা ফেরানোর চেষ্টা চালিয়ে যাবো,1
সেই ১৯৮৬ মেক্সিকো বিশ্বকাপ ছিলো কানাডার প্রথম ও একমাত্র বিশ্বকাপ মাঝে পেরিয়েছে তিন দশকের বেশি সময় অবশেষে দীর্ঘ সেই প্রতীক্ষার অবসান ঘটিয়ে টরন্টোতে জ্যামাইকার বিপক্ষে বাছাইপর্বের ৪০ গোলের জয়ে আবারো বিশ্বমঞ্চে ফিরলো কানাডার ফুটবল কনকাকাফ অঞ্চলের প্রথম দল হিসাবে ২০২২ কাতার বিশ্বকাপ নিশ্চিত করল তারা ম্যাচ শেষে কানাডার বিভিন্ন শহর উৎসবের নগরিতে পরিণত হয় ৩০ হাজার দর্শকে ঠাসা টরন্টোর বিএমও স্টেডিয়ামে দর্শকদের স্লোগান আর গানে মুখরিত ছিলো লারিন ও বুচানানের গোলে প্রথমার্ধেই এগিয়ে যায় কানাডা দ্বিতীয়ার্ধে আরো দুটি গোল হলে বড় ব্যবধানে জয় পায় দলটি জ্যামাইকার বিপক্ষে এই ম্যাচে স্রেফ ড্র হলেই চলত কানাডার কিন্তু ঘরের দর্শকের সামনে উজ্জীবিত দল আক্রমণাত্মক ফুটবলের পসরা সাজিয়ে ম্যাচ জিতে নেয় ৪০ গোলে এরপর গোটা দল আর স্টেডিয়াম মেতে ওঠে উৎসবে কনকাকাফ অঞ্চলের প্রতিষ্ঠিত শক্তি ও বিশ্বকাপের নিয়মিত মুখ মেক্সিকোযুক্তরাষ্ট্রের মতো দলকে পেছনে ফেলে এক ম্যাচ বাকি রেখেই এবার সবার আগে বিশ্বকাপ নিশ্চিত করে ফেলল কানাডা ১৩ ম্যাচে ২৮ পয়েন্ট তাদের এদিকে পানামাকে ৫১ গোলে হারিয়ে একই অঞ্চল থেকে বিশ্বকাপে কোয়ালিফাই করার দ্বারপ্রান্তে যুক্তরাষ্ট্র হ্যাটট্রিক করে মার্কিনীদের জয়ের নায়ক ক্রিস্টিয়ান পুলিসিচ এদিকে আফ্রিকা অঞ্চলের বাছাইপর্বে ডু অর ডাই ম্যাচে লড়বে সেনেগাল ও মিশর ঘরের মাঠে প্রথম লেগে ১০ গোলের জয়ে এগিয়ে আছে সালাহর দল কদিন আগেই মিশরকে হারিয়ে প্রথমবারের মতো আফ্রিকা কাপ অব নেশন্স জয় করে মানের সেনেগাল এবার তেরাঙ্গা সিংহদের হারিয়ে প্রতিশোধ নিতে মরিয়া ফারাওরা বাছাইপর্বে বলিভিয়ার বিপক্ষে শেষ ম্যাচের আগে ব্রাজিলকে বিশ্বকাপ জয়ের অন্যতম ফেভারিট বলে দাবি করলেন মিডফিল্ডার ফ্রেড ইকুয়েডরের বিপক্ষে বাছাইয়ের শেষ ম্যাচ সামনে রেখে আর্জেন্টাইন কোচ স্কালোনিও দলের ভবিষ্যত নিয়ে কথা বলেছেন ইউরোপের হিসাব নিকাশও জমেছে বেশ প্লেঅফের ফাইনালে জায়ান্ট কিলার নর্থ মেসিডোনিয়ার মুখোমুখি পর্তুগাল ইতালিকে ছিটকে দেয়া দলটিকে আর হালকা করে নেয়ার সুযোগ নেই ক্রিশ্চিয়ানো রোনালদোদের ৩২ দলের কাতার বিশ্বকাপে ২০ দল এখন পর্যন্ত কোয়ালিফাই করেছে যেখানে চমক জাগিয়ে সবশেষ অন্তর্ভুক্তি কানাডা বাকি ১২টি স্পটের জন্য এখনো লড়ছে ২৯ দল,0
অন্তর্বর্তী সরকারের কাছে বিচার চেয়েছেন ছাত্রলীগের সাবেক সাধারণ সম্পাদক ও ডাকসু জিএস গোলাম রাব্বানী শুক্রবার ২৯ নভেম্বর রাত সাড়ে ১০টায় ফেসবুকে নিজের ভেরিফায়েড আইডিতে এক পোস্টে নিজের বিরুদ্ধে ওঠা নানা ধরনের কর্মকাণ্ড ও দুর্নীতির অভিযোগের সুষ্ঠু তদন্ত দাবি করেছেন ছাত্রলীগের সাবেক সাধারণ সম্পাদক গোলাম রাব্বানী লেখেন রাজনৈতিক পথচলার প্রারম্ভ হতে বঙ্গবন্ধুর আদর্শ ধারণ করে দলমত নির্বিশেষে যেকোনো ন্যায়সঙ্গত দাবির প্রতি সংহতিসমর্থন জ্ঞাপন এবং দুর্নীতিঅনিয়মের বিরুদ্ধে সাধ্যমতো প্রতিবাদ জানিয়েছি কর্মআচরণে দলের সুনাম ও জনসমর্থন বৃদ্ধির চেষ্টা করেছি নিজ দলের কাছেও ন্যায়বিচার পাননি জানিয়ে তিনি বলেন যে দলের জন্য লালিত আদর্শের জন্য জীবন যৌবনের শ্রেষ্ঠ সময়টুকু উজাড় করে দিয়েছি কতশত ঝুঁকি নিয়েছি সেই দলের কাছ থেকে চরম অন্যায় আচরণের শিকার হওয়া বারংবার আত্মচিৎকার করেও প্রাপ্য ন্যায়বিচার না পাওয়ার হতাশাকষ্ট যে কতটা তীব্র তা কেবল অন্যায় ভুক্তভোগীই অনুধাবন করতে পারে জাবির সাবেক ভিসি ফারজানাকে বিষয়ে রাব্বানী লেখেন নিজের ও পরিবারের দুর্নীতিঅনিয়ম আড়াল করতে জাহাঙ্গীরনগর বিশ্ববিদ্যালয়ের প্রমাণিত মহাদুর্নীতিবাজ সাবেক ভিসি ফারজানা ম্যাডামের তথ্যপ্রমাণবিহীন মনগড়া মৌখিক অভিযোগ ও কতিপয় স্বার্থান্ধের ষড়যন্ত্রে পরিকল্পিত মিডিয়া ট্রায়ালে আনীত অভিযোগের বিপরীতে আত্মপক্ষ সমর্থনের ন্যূনতম সুযোগ না পেয়ে নির্ধারিত সময়ের আগেই দায়িত্ব থেকে পদত্যাগ করতে হয়েছে যে পদত্যাগপত্রও আপার নাম ব্যবহার করে ছলনার আশ্রয়ে মিথ্যাচার করে নেয়া তিনি আরও বলেন এখন আওয়ামী লীগ ক্ষমতায় নাই তাই প্রভাবমুক্ত সুষ্ঠু তদন্তের মাধ্যমে আমাদের দায়মুক্তি ও দুর্নীতিবাজ ফারজানাকে বিচারের আওতায় আনার জোর দাবি জানাচ্ছি যার বিরুদ্ধে ৬৬ কোটি টাকা অডিট আপত্তি উন্নয়নকাজে ২৯ কোটি টাকা কমিশন নেয়াসহ শতসহস্র অনিয়মদুর্নীতির তথ্যপ্রমাণ জাহাঙ্গীরনগর বিশ্ববিদ্যালয়ের প্রশাসনসহ ছাত্রশিক্ষক সবার কাছেই রয়েছে পোস্টে গোলাম রাব্বানী সরকারকে কিছু চ্যালেঞ্জ দিয়ে লেখেন উদ্ভূত প্রতিকূল পরিস্থিতিতে বর্তমান দায়িত্বশীলদের নিরপেক্ষ যাচাইয়ের পূর্ণ সুযোগ রয়েছে বলেই আমি দ্ব্যর্থহীনভাবে চ্যালেঞ্জ করে বলছি দল ক্ষমতায় থাকার সুদীর্ঘ সময়ে আজ অবধি বাংলাদেশের কোনো মন্ত্রণালয় সরকারিবেসরকারি কোনো দপ্তর থেকে ১ টাকার কোনো কাজের টেন্ডার বা আর্থিক সুবিধা সংশ্লিষ্ট কোনো তদবির করি নাই সাবেকবর্তমান কোনো এমপি মন্ত্রী আমলা বা অন্য কেউ বলতে পারবে না গোলাম রাব্বানী তাদের কাছ থেকে কখনো কোনো কাজ বা আর্থিক সুবিধা নিয়েছে তিনি লেখেন ছাত্রলীগের নেতৃত্বে থাকাকালীন কেন্দ্রীয় কমিটি বা কোনো সাংগঠনিক ইউনিটের কমিটিতে কারও থেকে পদের বিনিময়ে ১ কাপ চাও খাইনি ইনশাআল্লাহ বিভিন্ন কমিটি ও পদের ক্ষেত্রে এমপিমন্ত্রী নেতা ব্যবসায়ীদের অনেক লোভনীয় অফার পেয়েও বিনয়ের সাথে তা ফিরিয়ে দিয়েছি আমার নিজস্ব কোনো সম্পদ প্লট বা ফ্লাট নাই সুযোগ থাকার পরও অন্যদের অনুসরণ করে কোনো দিন সরকারি প্লট ফ্লাটের জন্য আবেদন পর্যন্ত করি নাই উপার্জনের বিকল্প মাধ্যম না থাকায় ছাত্রলীগের শীর্ষ পদে থেকেও বেসরকারি চাকরি করে গত জুলাই থেকে বেতন বন্ধ জীবিকা নির্বাহ এবং নিজের হালাল উপার্জনের অর্থে দলমতনির্বিশেষে অহর্নিশ অসহায় মানুষের জন্য কাজ করা এমনকি অর্থাভাবে নিজের বিয়ের অনুষ্ঠানটা পর্যন্ত করতে না পারা আমাকে নিজ দলের দুর্নীতিবাজদের মিথ্যা ষড়যন্ত্রে দুর্নীতিবাজ তকমা পেতে হয়েছে হায় সেলুকাস তিনি বলেন সঙ্গত কারণেই সংক্ষুব্ধ ভুক্তভোগী হিসেবে সুষ্ঠু তদন্ত সাপেক্ষে আমার সাথে হওয়া অন্যায়ের প্রতিকার তথা ন্যায়বিচার চাই,0
২০২১২২ অর্থবছরের বাজেট প্রস্তাবে তিনি বলেছেন যদি কোনো প্রতিষ্ঠান তার মোট কর্মচারীর ১০ শতাংশ বা ১০০ জনের অধিক তৃতীয় লিঙ্গের ব্যক্তিদের নিয়োগ দেয় তবে ওই কর্মচারীদের পরিশোধিত বেতনের ৭৫ শতাংশ বা প্রদেয় করের ৫ শতাংশ যেটি কম তা নিয়োগকারীকে কর রেয়াত হিসেবে প্রদানের জন্য প্রয়োজনীয় বিধান সংযোজনের প্রস্তাব করছি বাজেট বক্তৃতায় অর্থমন্ত্রী বলেন প্রান্তিক ও সুবিধাবঞ্চিত জনগোষ্ঠীর একটি অংশ হচ্ছে তৃতীয় লিঙ্গের মানুষ এ জনগোষ্ঠী অন্যান্য মানুষের চেয়ে আর্থসামাজিকভাবে পিছিয়ে আছে এবং তারা সমাজের মূলধারার বাইরে রয়েছে ২০২১২০২২ অর্থবছরের জন্য ৬ লাখ ৩ হাজার ৬৮১ কোটি টাকার বাজেট অনুমোদন দিয়েছে মন্ত্রিসভা ২০২১২২ অর্থবছরের বাজেটের আকার ৬ লাখ ৩ হাজার ৬৮১ কোটি টাকা বৃহস্পতিবার ৩ জুন জাতীয় সংসদে বাজেট প্রস্তাব তুলে ধরেন অর্থমন্ত্রী আ হ ম মুস্তফা কামাল এটি অর্থমন্ত্রী হিসেবে মুস্তফা কামালের তৃতীয় বাজেট আর ক্ষমতাসীন আওয়ামী লীগ সরকারের টানা ১৩তম বাজেট,1
পৃথিবীর সবচেয়ে শক্তিশালী রেজিস্টিভ ম্যাগনেট বা প্রতিরোধী চুম্বক তৈরি করেছেন চীনা বিজ্ঞানীরা যার চৌম্বক ক্ষেত্রের শক্তি ৪২ দশমিক ০২ টেসলা পৃথিবীর চৌম্বক ক্ষেত্রের চেয়ে এটি আট লাখ গুণ বেশি শক্তিশালী এতোদিন এই রেকর্ডটির মালিক ছিল যুক্তরাষ্ট্র ২০১৭ সালে তাদের তৈরি রেজিস্টিভ ম্যাগনেটের চৌম্বক ক্ষেত্রের শক্তি ছিল ৪১ দশমিক ৪ টেসলা চাইনিজ একাডেমি অব সায়েন্সেসএর অধীনে হ্যফেই ইনস্টিটিউট অব ফিজিক্যাল সায়েন্সের হাই ম্যাগনেটিক ফিল্ড ল্যাবরেটরি তৈরি করেছে এই রেজিস্টিভ চুম্বকটি চীনের ভবিষ্যৎ আবিষ্কার ও গবেষণায় যা ভূমিকা রাখবে বলে আশা করা হচ্ছে বিভিন্ন বস্তু নিয়ে গবেষণার জন্য প্রয়োজনীয় চরমমাত্রার পরিবেশ তৈরিতে ব্যবহৃত হয় এমন শক্তিশালী বৈদ্যুতিক চুম্বক কয়েক দশক ধরে এ ধরনের চুম্বক ব্যবহার করে বিশ্বব্যাপী বিজ্ঞানীরা উল্লেখযোগ্য সব আবিষ্কার করেছেন এমনকি ১০টিরও বেশি নোবেল পুরস্কারের নেপথ্যে ছিল এ ধরনের চুম্বক প্রতিরোধী চুম্বক হলো এক ধরণের বৈদ্যুতিক বা তড়িৎ চুম্বক ইলেক্ট্রোম্যাগনেট পৃথিবীতে তিন ধরণের বৈদ্যুতিক বা তড়িৎ চুম্বক রয়েছে প্রতিরোধী চুম্বক বা ওয়াটারকুলড চুম্বক সুপারকন্ডাক্টিং চুম্বক এবং এই দুটির সংমিশ্রনে তৈরি হাইব্রিড চুম্বক উল্লেখ্য প্রতিরোধী চুম্বকগুলো বিজ্ঞানীরা বহুকাল ধরেই গবেষণায় ব্যবহার করে আসছেন এর আগে ২০২২ সালে চীনের একই গবেষণাগারে তৈরি করা হয়েছিল এখন পর্যন্ত পৃথিবীর সবচেয়ে শক্তিশালী হাইব্রিড চুম্বকটি যার চৌম্বক ক্ষেত্রের শক্তি ৪৫ দশমিক ২২ টেসলা,1
চতুর্থ ধাপে দেশের তিন শতাধিক পৌরসভার মধ্যে ৫৬টিতে ভোট হবে আগামী ১৪ ফেব্রুয়ারি রোববার ইসির সিনিয়র সচিব মো আলমগীর এ তফসিল ঘোষণা করেন তফসিল অনুযায়ী রিটার্নিং কর্মকর্তার কাছে মনোনয়নপত্র দাখিল শুরু হবে ১৭ জানুয়ারি বাছাই ১৯ জানুয়ারি প্রত্যাহারের শেষ সময় ২৬ জানুয়ারিএর আগে প্রথম ধাপের তফসিলের ২৫টি পৌরসভায় ইভিএমে ভোট হবে ২৮ ডিসেম্বর দ্বিতীয় ধাপের ৬১ পৌরসভায় নির্বাচন হবে ১৬ জানুয়ারি আর তৃতীয় ধাপে ৬৪টি পৌরসভায় ৩০ জানুয়ারি নির্বাচন অনুষ্ঠিত হবেদেশে মোট পৌরসভা রয়েছে ৩২৯টি আইন অনুযায়ী মেয়াদ শেষের আগের ৯০ দিনের মধ্যে স্থানীয় সরকারের এ প্রতিষ্ঠানে ভোট করতে হয় স্থানীয় সরকার আইন সংশোধনের পর ২০১৫ সালে প্রথম দলীয় প্রতীকে ভোট হয় পৌরসভায় সেবার ২০টি দল নির্বাচনে অংশ নেয়,1
মুন্সীগঞ্জের টঙ্গীবাড়ী উপজেলায় আখ চুরির অপবাদে এক শিশুকে ১২ গাছে বেঁধে নির্যাতনের অভিযোগ উঠেছে এ ঘটনায় করা মামলায় মারধরের অভিযুক্ত ব্যক্তিকে গ্রেপ্তার করেছে পুলিশ গ্রেপ্তার ব্যক্তির নাম মো করিম মাতবর ৬০ তিনি ওই গ্রামের মৃত শামসুল মাতবরের ছেলে সোমবার আড়িয়ল ইউনিয়নের পূর্ব নিতীরা গ্রামে শিশুকে গাছে বেঁধে নির্যাতনের ঘটনা ঘটে এ ঘটনায় বুধবার ৩ জুলাই শিশুর চাচা আলমগীর সর্দার বাদী হয়ে মামলা করেন মারধরের শিকার শিশুর নাম মো সিয়াম ১২ সে উপজেলার সোনারং গ্রামের টুটুল সরদারের ছেলে মাবাবার বিচ্ছেদের পর বাবা তাকে নিজের কাছে রাখেনি মা অন্য জায়গায় বিয়ে করাই নানা বাড়িতে মো মন্নান শেখের কাছে থাকত নিতীরা সরকারি প্রাথমিক বিদ্যালয়ের ৪র্থ শ্রেণির ছাত্র সে স্থানীয়রা জানান গত সোমবার তিন কিশোর মো করিম মাতবরের খেতের আখ না জানিয়ে খেয়ে ফেলে এ ঘটনায় চুরির অপবাদ দিয়ে একই গ্রামের সিয়ামের দুই হাত গাছের সঙ্গে বেঁধে ঝুলিয়ে লাঠি দিয়ে মারধর করেন তিনি প্রায় ৪ মিনিট এই নির্যাতন চলে টঙ্গীবাড়ী থানার ওসি মোল্লা শোহেব আলী জানান শিশু নির্যাতনের ঘটনায় থানায় মামলা হয়েছে মামলায় করিম মাতবর নামের একজনকে গ্রেপ্তার করে আদালতে পাঠানো হয়েছে,1
বাংলাদেশ জাতীয় সংসদের স্পিকার ড শিরীন শারমিন চৌধুরী এমপি এবং ভারতের লোকসভার স্পিকার ওম বিরলার সৌজন্য সাক্ষাৎ আজ অস্ট্রিয়ার রাজধানী ভিয়েনায় ইন্টার পার্লামেন্টারি ইউনিয়ন আইপিইউ ভেন্যুতে অনুষ্ঠিত হয়সাক্ষাৎকালে তারা দ্বিপাক্ষিক স্বার্থ সংশ্লিষ্ট বিষয়সহ আন্তঃদেশীয় সম্পর্কোন্নয়ন দুই দেশের সংসদীয় কূটনীতি বিরাজমান কোভিড১৯ পরিস্থিতি ব্যবসাবাণিজ্যের প্রসার লোকসভা টিভি ও সংসদ টিভির পারস্পারিক সহযোগিতামূলক সম্প্রচার সম্প্রসারণ নিয়ে আলোচনা করেনস্পিকার ড শিরীন শারমিন চৌধুরী বলেন ভারতবাংলাদেশ পরস্পর অকৃত্রিম বন্ধু ১৯৭১ এর মহান মুক্তিযুদ্ধে ভারত সরকার ও ভারতের জনগণ বাংলাদেশকে যে সহযোগিতা ও সমর্থন দিয়েছিল তা হৃদয়স্পর্শী মুক্তিযুদ্ধকালীন সহযোগিতার কারণে বাংলাদেশভারত দ্বিপাক্ষিক সম্পর্ক বরাবরই ব্যতিক্রম স্বাধীনতার সুবর্ণ জয়ন্তী ও জাতির পিতা শেখ মুজিবুর রহমানের জন্মশত বার্ষিকীতে ভারতের মাননীয় প্রধানমন্ত্রী নরেন্দ্র মোদি বাংলাদেশ সফরে আসেন যা স্মরণীয় হয়ে থাকবেড শিরীন শারমিন চৌধুরী আরও বলেন ব্যবসাবাণিজ্য যোগাযোগ সংস্কৃতি ইত্যাদি প্রতিটি ক্ষেত্রেই ভারতবাংলাদেশ একে অপরের অকৃত্রিম বন্ধু বাংলাদেশ জাতীয় সংসদের কর্মকর্তাগণ ভারতের লোকসভায় প্রশিক্ষণ গ্রহণ করে থাকেন কোভিড ১৯ পরিস্থিতিতে যা ব্যাহত হয়েছে বাংলাদেশের সংসদ টেলিভিশন এবং ভারতের লোকসভা টেলিভিশন পারস্পরিক অভিজ্ঞতা বিনিময়ের মাধ্যমে নিজেদের আরও সমৃদ্ধ করতে পারে বলে উল্লেখ করেন ড শিরীন শারমিন চৌধুরীভারতের লোকসভা স্পিকার মি ওম বিরলা বলেন প্রধানমন্ত্রী শেখ হাসিনার নেতৃত্বে বাংলাদেশে অভূতপূর্ব অর্থনৈতিকসামাজিক অগ্রগতি সাধিত হয়েছে নারীর ক্ষমতায়নসহ বাংলাদেশে নারীদের অর্থনৈতিক সক্ষমতা বহুগুণ বৃদ্ধি পেয়েছে এ সময় ভবিষ্যতে যে কোন বিষয়ে একত্রে কাজ করার অভিপ্রায় ব্যক্ত করেন লোকসভার স্পীকারভারতের সরকারি হিসাব কমিটির ১০০তম বর্ষপূর্তি উপলক্ষে ওম বিরলা আমন্ত্রণ জানালে স্পিকার ড শিরীন শারমিন চৌধুরী তাকে ধন্যবাদ জানান একই দিনে বাংলাদেশে আন্তর্জাতিক পিস কনফারেন্স থাকায় অংশগ্রহণ করা সম্ভব না হলে ভবিষ্যতে সুবিধাজনক সময়ে ভারত সফরের আশাবাদ ব্যক্ত করেন বাংলাদেশের স্পিকার,1
গাজীপুরের কালিয়াকৈরে চন্দ্রা এলাকায় মঙ্গলবার বিকেলে থেমে থেমে যানজট সৃষ্টি হয়েছে যাত্রীদের সূত্রে জানা গেছে ঢাকাটাঙ্গাইল মহাসড়কের চন্দা এলাকায় চন্দ্রা আশেপাশে ১০ কিলোমিটার যানজট সৃষ্টি হয়েছে এতে ভোগান্তিতে পড়েছে ঘরমুখো যাত্রীরা মঙ্গলবার দুপুরের পর থেকে একসাথে কারখানাগুলো ছুটি হওয়ায় এই যানজটের সৃষ্টি হয়েছে ঢাকাটাঙ্গাইল মহাসড়ক ও কালিয়াকৈর নবীনগর সড়কে যানবাহন চন্দ্রা হয়ে পার হতে হয় দুইটি রুটের যানবাহনে একটি রুটে প্রবেশ করতে হয় এতে যানবাহনের চাপ সৃষ্টি হয়ে যানজট সৃষ্টি হয়েছে রংপুরগামী এক যাত্রী শরিফা আক্তার জানান আশুলিয়া থেকে দুই ঘন্টা চন্দ্রা এসে পৌঁছেছি বাড়িতে যেতে কতক্ষণ লাগবে তা বুঝতে পারতেছি না গাজীপুর রিজিয়ওনের হাইওয়ে পুলিশের এসপি মোস্তাফিজুর রহমান জানান মহাসড়কে যানজট নিরসনের জন্য পুলিশ মহাসড়কে কাজ করছে যাতে ঘরমুখো মানুষ নির্বিঘ্নে বাড়ি পৌঁছাতে পারে,1
ইসরায়েল ১৫ মাস ধরে মিথ্যা প্রচারণার মধ্য দিয়ে গণহত্যার পক্ষে পশ্চিমাদের সমর্থন টিকিয়ে রেখেছিল দেশটি হামাসের যুদ্ধাপরাধ যেমন শিশুর শিরশ্ছেদ ও দলবদ্ধ ধর্ষণের মতো কথা বললেও কোনো প্রমাণ এখনও পাওয়া যায়নি বিপরীতভাবে ইসরায়েল হামাসের প্রতিক্রিয়ার জবাব দিতে গিয়ে গুরুতর যুদ্ধাপরাধ ঘটিয়েছে আন্তর্জাতিক আদালত আইসিজে অনুসারে ইসরায়েলি নেতারা একটি নতুন যুদ্ধের দিকে মনোযোগ সরিয়ে নেওয়ার মরিয়া চেষ্টা করছেন গণহত্যা আবার শুরু করার ন্যায্যতা দিতে তাদের নতুন করে মিথ্যার দরকার পড়েছে এ ক্ষেত্রে বরাবরের মতো পশ্চিমা এস্টাবলিশমেন্ট মিডিয়া সক্রিয় সহায়তা করছে যুদ্ধবিরতির প্রথম পর্যায়ে জিম্মিদের নিয়মিত বিনিময় ব্যবহার করে নৈতিক উচ্চ ভূমি দখল করতে হামাস ও ইসরায়েল উভয় পক্ষ একটি অনুমানযোগ্য প্রোপাগান্ডা চালিয়ে যাচ্ছে ইসরায়েলের কাছে আবার সব ধরনের কার্ড আছে তবুও পাথরের মতো কঠিন পশ্চিমা সমর্থন এবং জনসংযোগ থাকা সত্ত্বেও তারা যুদ্ধে জয়ী হতে ব্যর্থ হচ্ছে ইসরায়েলি প্রধানমন্ত্রী বেনিয়ামিন নেতানিয়াহু সম্প্রতি হামাসকে দায়ী করে ইসরায়েলি জিম্মিদের মুক্তিকে অপমানজনক ও নিন্দনীয় অনুষ্ঠান বলেছে বিবিসিসহ পশ্চিমা মিডিয়া ইসরায়েলকে প্রতিধ্বনিত করে বলেছে ১৯ জানুয়ারি যুদ্ধবিরতি শুরু হওয়ার পর ১৩০ জনের হত্যাকাণ্ড ইসরায়েলিদের নরহত্যার চেয়ে গুরুতর আইনি লঙ্ঘন ছিল মিডিয়া একইভাবে দখলকৃত পশ্চিম তীরে ইসরায়েলি ধ্বংসযজ্ঞের নতুন পদক্ষেপকে হালকাভাবে তুলে ধরেছে হাজার হাজার বাড়ি ভেঙে ফেলা হয়েছে পুরো সম্প্রদায়কে জাতিগতভাবে নিশ্চিহ্ন করা হয়েছে পশ্চিমা মিডিয়া পরিসরগুলো লক্ষ্য করতে ব্যর্থ হয়েছে এই যুদ্ধাপরাধও যুদ্ধবিরতি চুক্তির চরম লঙ্ঘন এখন নেতানিয়াহু পরের সপ্তাহে দ্বিতীয় পর্ব শুরু করার আগে নতুন চক্রান্ত হাতে নিয়েছেন যুদ্ধবিরতি উড়িয়ে দেওয়ার অজুহাত হিসেবে ইসরায়েলি বন্দি ও হামাসের মধ্যে আপাত স্বস্তিদায়ক সম্পর্ককে কাজে লাগিয়েছেন যখনই ইসরায়েল গাজা থেকে নিজেদের পুরোপুরি প্রত্যাহার করে নেবে এবং এর পুনর্গঠনের অনুমতি দেবে তখনই দ্বিতীয় ধাপ শুরু হবে বলে আশা করা হচ্ছে ইসরায়েলি বন্দিরা নেতানিয়াহু ও তাঁর সংকীর্ণমনা ক্ষমাপ্রার্থীদের জন্য কেবল তখনই উপযোগী যখন তারা গণহত্যাকে ন্যায়সংগত করে এমন বয়ান তৈরি করতে সহায়তা করে ট্রাম্পের কাছে কোণঠাসা হয়ে ইসরায়েলি প্রধানমন্ত্রী নির্বিচারে গাজার শিশুদের পুনরায় হত্যা শুরুর আগে দুপক্ষের মধ্যে সমঝোতায় আসতে হয়েছে এ ক্ষেত্রে অন্তত কিছু ব্যাপার তুলে আনতে গিয়ে তাঁকে মূল্য দিতে হয়েছিল যাতে নতুন মার্কিন প্রেসিডেন্ট ও তাঁর নিজের জনসাধারণকে শান্ত রাখা যায় তিনি বারবার স্পষ্ট করেছেন প্রথম পর্যায়ে প্রধান জিম্মি বিনিময়ের পর স্থায়ী যুদ্ধবিরতির দিকে অগ্রসর হওয়ার কোনো ইচ্ছা তাঁর নেই নেতানিয়াহুর ক্ষেত্রে ইসরায়েলি বন্দিদের গুরুত্ব শুধু গণহত্যার পথ উন্মোচন করা অন্যদিকে হামাসের কাছে বন্দিদের মুক্তির মাধ্যমে ক্ষুদ্র পথটি ব্যবহার করার সব প্রণোদনা রয়েছে এতে বোঝানো যায় এটি ইসরায়েলিপ্রকৌশলী ও পশ্চিমা প্রবর্তিত মতবাদ দ্বারা ভীতিগ্রস্ত নয় এতে আশা করা যায় তারা ইসরায়েলের ধ্বংসাত্মক তাণ্ডব সত্ত্বেও এখনও গাজার দায়িত্বে কতটা বহাল হামাসের ইসরায়েলি বন্দিদের সঙ্গে যুক্তিসংগত সম্পর্ক গড়ে তোলার কারণ রয়েছে অন্তত বিদেশি জনসাধারণের কাছে তার ভাবমূর্তি নরম করার জন্য নয় বরং নেতানিয়াহু দ্বারা পুনরায় গণহত্যা চালানো কঠিন করে তোলার জন্য ইসরায়েলের অবশ্য এমন কোনো পারস্পরিক প্রণোদনা নেই তারা যতটা শক্তিশালী যেটি ২০২৩ সালের ৭ অক্টোবরের আগেও ১৭ বছরের ছিটমহল অবরোধের মাধ্যমে গাজার সব মানুষকে জিম্মি করে রেখেছিল এটি পছন্দমতো স্বেচ্ছাচারিতা চালাতে পারে দেশটি এমন জ্ঞানও উৎপাদন করতে পারে পশ্চিমা মিডিয়া যা নিয়ে কখনও প্রশ্ন তুলবে না আন্তর্জাতিক মানবাধিকার পর্যবেক্ষকদের কাছে মুক্ত ফিলিস্তিনি বন্দিরা তাদের নির্যাতন যৌন নিপীড়ন ও ধর্ষণের যেসব সাক্ষ্য দিয়েছেন তা কেবল উপেক্ষা করা হয়েছে ইসরায়েলের পক্ষে বিভিন্ন অবস্থান থাকা সত্ত্বেও পার্থক্যমূলক বাস্তবতা এতটাই তীব্র যে ইসরায়েল তবুও প্রচার যুদ্ধে হেরে যাচ্ছে এ কারণেই নেতানিয়াহু তাঁর প্রয়োজনের চেয়ে এক দিন বেশি বন্দি বিনিময় চালিয়ে যেতে আগ্রহী নয় সমস্যা হলো হামাসের মুক্তিপ্রাপ্ত বন্দি বেশির ভাগই তাঁর উদ্দেশ্যে কাজ করছে না এতে তারা বাধা দিচ্ছে ইসরায়েলপন্থি গোষ্ঠীর মধ্যে যারা গাজার শিশুদের হত্যায় যুক্তি খুঁজে পান তারা অবশ্যম্ভাবীভাবে তৎক্ষণাৎ রাগ ঢেলে দেওয়ার মতো কাজ করছেন আর বিবিসির ভূমিকা গুহা থেকে বিষয়টি উদোম করতে খানিক ধাক্কা দেওয়ার মতো ইসরায়েলপন্থি লবি গোষ্ঠীগুলো যা ভয় পায় তা হলো ফিলিস্তিনিদের কোনো প্রতিকৃতি যা ইসরায়েলি প্রচারের বিরোধিতা করে যেমন গাজার প্রত্যেক ব্যক্তি এমনকি শিশুরাও সহিংস যারা মৃত্যু ও ধ্বংস তাদের নিজের মাথায় নিয়ে এসেছে জোনাথন কুক ইসরায়েলফিলিস্তিনবিষয়ক লেখক মিডল ইস্ট আই থেকে ভাষান্তর ইফতেখারুল ইসলাম বিষয়  আন্তর্জাতিক,0
একাত্তরে নির্যাতন গণহত্যার জন্য পাকিস্তানের ক্ষমা চাওয়া ও দোষীদের শাস্তি দেয়া উচিত বলে জানিয়েছেন পররাষ্ট্রমন্ত্রী এ কে আব্দুল মোমেন শনিবার সকালে রাজধানীর ফরেন সার্ভিস একাডেমিতে স্বাধীনতা দিবস উপলক্ষে আয়োজিত অনুষ্ঠানে এ কথা বলেন তিনি এখনো ক্ষমা না চাওয়ায় পাকিস্তানের লজ্জিত হওয়া উচিত বলেও জানান পররাষ্ট্রমন্ত্রী পরে ইউক্রেন ইস্যু প্রসঙ্গে বলেন বাংলাদেশ শান্তির পক্ষে যুদ্ধ বন্ধ ও ইউক্রেনের বাসিন্দারা যেনো মানবিক সহায়তা পায় সেটাই চায় বাংলাদেশ তাই মানবাধিকার ইস্যুতে ইউক্রেনে মানবিক সংকট নিরসনের প্রস্তাবের পক্ষে জাতিসংঘে ভোট দেয়া হয়েছে তবে ইউক্রেনের পক্ষে ভোট দেয়ায় রাশিয়ার পক্ষ থেকে কোনো ক্ষোভের কারণ নেই বলে জানান পররাষ্ট্রমন্ত্রী তিনি বলেন ভোট দেয়ার ফলে কিছুটা চাপ আসলেও তা সামাল দেয়া সম্ভব,1
রাজধানীর মোহাম্মদপুরে মুদিদোকানি আবু সায়েদকে গুলি করে হত্যার মামলায় সাবেক সমাজকল্যাণ মন্ত্রী দীপু মনি ৪ দিনের রিমান্ডে রয়েছেন আওয়ামী লীগ সরকারের পতনের পর আত্মগোপনে থাকা অবস্থায় রাজধানীর বারিধারা থেকে সোমবার ১৯ আগস্ট রাতে তাকে গ্রেপ্তার করে পুলিশ গত ১১ বছরে পররাষ্ট্র শিক্ষা ও সমাজকল্যাণ মন্ত্রণালয়ের দায়িত্ব সামলেছেন তিনি সবচেয়ে আলোচিত ছিলেন শিক্ষামন্ত্রী থাকাকালে দৈনিক ইত্তেফাকের সর্বশেষ খবর পেতে অনুসরণ করুন দীপু মনির দুর্নীতিঅনিয়ম সম্পর্কে জানলেও ভয়ে মুখ খোলেননি তার মন্ত্রণালয়ের সচিবরা অনেকে বলছেন মাধ্যমিক স্কুলের শিক্ষক থেকে বিশ্ববিদ্যালয়ের ভিসি নিয়োগ পর্যন্ত তার হাত ছিল বিশ্ববিদ্যালয়ের উপাচার্য ভিসি নিয়োগের জন্য দুই কোটি এবং কলেজের অধ্যক্ষ নিয়োগের জন্য তিনি ৫০ লাখ টাকা ঘুষ নিতেন তার সময়ে শিক্ষা খাতে এটি ছিল ওপেন সিক্রেট সংশ্লিষ্টরা জানান আওয়ামী লীগ সরকারের চার মেয়াদের মধ্যে তিন মেয়াদে ভিন্ন তিনটি মন্ত্রণালয়ের মন্ত্রী ছিলেন দীপু মনি ক্ষমতার অপব্যবহার করে দীপু মনি নিজে ও তার স্বজনরা জড়িয়ে পড়েন দুর্নীতিতে দীপু মনি শিক্ষামন্ত্রী থাকাকালে তার ভাই টিটুর মাধ্যমে নিয়োগ বাণিজ্যের এক বিশাল রাজত্ব কায়েম করেন সবচেয়ে আলোচিত বিষয় ছিল সরকারি বিশ্ববিদ্যালয়ে ভিসি ও কলেজের অধ্যক্ষ নিয়োগের বিষয়টি শিক্ষা প্রশাসনে প্রতিটি বদলিতে তার ভাইয়ের হাতে ছিল পূর্ণ নিয়ন্ত্রণ সর্বনিম্ন দুই লাখ থেকে সর্বোচ্চ ২০ লাখ টাকায় বেচাবিক্রি হতো শিক্ষা প্রশাসনের নানা পদ সরকারি বিশ্ববিদ্যালয়ের মধ্যে শুধু ঢাবি রাবি চবি জাহাঙ্গীরনগর বাদে সব বিশ্ববিদ্যালয়ের ভিসি নিয়োগে কমবেশি আর্থিক লেনদেন হয়েছে শেষ সময়ে ২ কোটি দাও ভিসি হও এমন একটি কথা ছড়িয়ে পড়ে এরপর দেশের পাবলিক বিশ্ববিদ্যালয়গুলোতে নিয়োগ বাণিজ্যে মেতে ওঠেন ভিসিরা ইউজিসির সরকারি বিশ্ববিদ্যালয় শাখার একজন কর্মকর্তা জানান বাংলাদেশের ইতিহাসে সরকারি বিশ্ববিদ্যালয়ের ভিসি নিয়োগে আর্থিক লেনদেনের কোনো নজির ছিল না কিন্তু দীপু মনি সেই দৃষ্টান্ত স্থাপন করে গেছেন নতুন শিক্ষাক্রম অনুযায়ী নোট গাইড বিক্রি নিষিদ্ধ হলেও সারা দেশে দেদারসে বিক্রি হচ্ছে এসব বই এক গবেষণায় দেখা গেছে ৯৭ শতাংশ শিক্ষার্থী নোট বা গাইডের ওপর নির্ভরশীল মুখে নোট গাইড বইয়ের বিরোধিতা করলেও দীপু মনি নোটগাইড বিক্রেতাদের কাছ থেকে নিয়মিত কমিশন নিতেন বলে অভিযোগ রয়েছে এ কাজে তাকে সহায়তা করতেন একজন প্রকাশনীর মালিক সেই প্রকাশনীর মালিকের বাড়ি চাঁদপুরে,1
পাকিস্তানের সাবেক প্রধানমন্ত্রী ও বিশ্ব ক্রিকেটের জীবন্ত কিংবদন্তী ইমরান খানের মুক্তির দাবিতে যুক্তরাষ্ট্রের প্রেসিডেন্টকে চিটি দিয়েছেন মার্কিন কংগ্রেসের ৪৬ সদস্য সেই সঙ্গে পাকিস্তানের মানবাধিকার পরিস্থিতি নিয়েও উদ্বেগ প্রকাশ করেছেন তারা দৈনিক ইত্তেফাকের সর্বশেষ খবর পেতে অনুসরণ করুন গত ৫ নভেম্বর অনুষ্ঠিত মার্কিন প্রেসিডেন্ট নির্বাচনের পর চলতি মাসেই ইমরানের দল তেহরিকইইনসাফ পিটিআই বিশাল সমাবেশের আয়োজন করে ওই সমাবেশ থেকে খানের মুক্তির দাবি জানিয়ে আন্দোলন অব্যাহত রাখার ঘোষণা দিয়েছেন দলের শীর্ষ নেতারা ইসলামাবাদ থেকে এএফপি আজ এই খবর জানিয়েছে এদিকে পিটিআই প্রধান গত সপ্তাহে কারাগার থেকেই চুড়ান্ত আন্দোলনের ডাক দেন ইমরান দলীয় নেতাকর্মীদের আগামী ২৪ নভেম্বর রাজধানী ইসলামাবাদ অভিমুখে পদযাত্রার আহ্বান জানিয়েছেন ওই কর্মসুচি নিয়েই কারাগার থেকে গতকাল রোববার একটি বিবৃতি দিয়েছেন ইমরান বিবৃতিতে তিনি বলেছেন ওইদিনই পিটিআইর ভবিষ্যত নির্ধারণ হবে ২৪ নভেম্বরকে সিদ্ধান্ত গ্রহণের দিন হিসেবে উল্লেখ করে সমর্থকদের কর্মসুচি সফলভাবে পালনের আহ্বান জানিয়েছেন তিনি ইমরান বলেছেন শুধু রাজধানীতে নয় সারাদেশে বিক্ষোভ ছড়িতে দিতে হবে এরই মধ্যে ইমরানের মুক্তি চেয়ে মার্কিন প্রেসিডেন্টের কাছে চিঠি দিলেন কংগ্রেসের ৪৬ সদস্য তারা অভিযোগ করেছেন পাকিস্তানে গত ফেব্রুয়ারিতে অনুষ্টিত নির্বাচনে ব্যাপক কারচুপি ও অনিয়ম হয়েছে,1
চট্টগ্রাম বিশ্ববিদ্যালয়ের চবি ২০২৩২৪ শিক্ষাবর্ষের বিজ্ঞান ইউনিটের প্রথম বর্ষ স্নাতক ভর্তি পরীক্ষার ফলাফল শুক্রবার ৮ মার্চ বিকাল ৫টায় প্রকাশিত হয়েছে এতে পাস করেছেন ৪০ হাজার ৮৬৬ জন পরীক্ষার্থী পাসের হার ৫২ দশমিক ৮৯ শতাংশ বিষয়টি নিশ্চিত করেছেন ইঞ্জিনিয়ারিং অনুষদের ডিন অধ্যাপক ড রাশেদ মোস্তফা গত শনিবার ২ মার্চ অনুষ্ঠিত হওয়া বিজ্ঞান ইউনিটের ভর্তি পরীক্ষায় অংশগ্রহণ করেন ৭৭ হাজার ২৫৯ জন এর মধ্যে পাস করেছেন ৪০ হাজার ৮৬৬ জন এবং অকৃতকার্য হয়েছেন ৩৬ হাজার ৩৯৩ জন পাসের হার ৫২৮৯ সর্বোচ্চ নম্বর ১১০ ও সর্বনিম্ন নম্বর ৫২৪৬ ভর্তি পরীক্ষার ফলাফল চট্টগ্রাম বিশ্ববিদ্যালয়ের ফেসবুক পেজের  মাধ্যমে প্রকাশ করা হয়েছে তবে পরীক্ষার্থী বিশ্ববিদ্যালয়ের ওয়েবসাইটের মাধ্যমে ভর্তি পরীক্ষার আইডি লগইন করে ফলাফল জানতে পারবে,0
কৃত্রিম বুদ্ধিমত্তাভিত্তিক গভর্নমেন্ট ব্রেইন তৈরি করা হবে বলে জানিয়েছেন ডাক টেলিযোগাযোগ ও তথ্যপ্রযুক্তি প্রতিমন্ত্রী জুনাইদ আহমেদ পলক শনিবার ১০ ফেব্রুয়ারি সকালে ঢাকার আগারগাঁও এনজিও বিষয়ক ব্যুরোর অফিস ভবনে বাংলাদেশ কম্পিউটার কাউন্সিল বিসিসি এর উদ্যোগে আয়োজিত প্রতিবন্ধী ব্যক্তিদের চাকরি মেলা২০২৪ এর উদ্বোধীন অনুষ্ঠানে তিনি এ কথা জানান অনুষ্ঠান আয়োজনে সহযোগিতা করেছে সেন্টার ফর সার্ভিসেস অ্যান্ড ইনফরমেশন অন ডিজঅ্যাবিলিটি এবং এনজিও বিষয়ক ব্যুরো তিনি বলেন আইসিটি মন্ত্রণালয়ের উদ্যোগে প্রায় ১ হাজার প্রতিবন্ধীদের জন্য চাকরির ব্যবস্থা করা হয়েছে বাকি মন্ত্রণালয়গুলোও এগিয়ে এলে তা দাঁড়াবে ৫০ হাজারে অনুষ্ঠানে বিশেষ অতিথি হিসেবে উপস্থিত ছিলেন তথ্য ও যোগাযোগ প্রযুক্তি বিভাগের সচিব মো সামসুল আরেফিন প্রধানমন্ত্রীর কার্যালয়ের এনজিও বিষয়ক ব্যুরোর মহাপরিচালক গ্রেড১ মো সাইদুর রহমান এবং সিএসআইডির নির্বাহী পরিচালক খন্দকার জহুরুল আলম অনুষ্ঠানে স্বাগত বক্তব্য রাখেন বিসিসির প্রশিক্ষণ ও উন্নয়ন বিভাগের পরিচালক মো গোলাম সারওয়ার অনুষ্ঠানের সভাপতিত্ব করেন বিসিসির নির্বাহী পরিচালক গ্রেড১ রণজিৎ কুমার মেলায় অংশ নেয় ৪৮টি আইসিটিভিত্তিক প্রতিষ্ঠান এবং চাকরিপ্রার্থী প্রতিবন্ধী ব্যক্তিরা এর আগে সারাদেশ থেকে ৫ শতাধিক প্রতিবন্ধী ব্যক্তি সিভি জমা দেন অনলাইনে এছাড়া মেলায় সরাসরি উপস্থিত হয়েও প্রতিবন্ধী ব্যক্তি চাকরিপ্রার্থীরা সিভি বা জীবনবৃত্তান্ত জমা দেওয়ার সুযোগ পান যাদের তথ্য প্রযুক্তির দক্ষতা রয়েছে তাদের নিয়োগের লক্ষ্যে ইন্টারভিউ গ্রহণ করে মেলায় অংশগ্রহণ নেওয়া প্রতিষ্ঠানগুলো কল সেন্টার এজেন্ট ডাটা এন্ট্রি গ্রাফিক্স ডিজাইন ওয়েব ডিজাইন ডিজিটাল মার্কেটিং অ্যানিমেশন প্রোগ্রামিংসহ নানা প্রকার পদের জন্য প্রতিবন্ধী ব্যক্তি চাকরিপ্রার্থীদের সংক্ষিপ্ত তালিকায় অন্তর্ভুক্ত করে চাকরি মেলার শেষে নিয়োগের পরবর্তী প্রক্রিয়া শুরু করা হবে এবার এই মেলার মাধ্যমে প্রায় ৫০ জনকে চাকরি দেওয়া সম্ভব হবে বলে আশা রাখছেন আয়োজক কর্তৃপক্ষ বিসিসির মাধ্যমে ২০১১ সাল থেকে প্রতিবন্ধী ব্যক্তিদের জন্য বিনামূল্যে আইসিটি প্রশিক্ষণ চালু করা হয় পরে আইসিটি প্রশিক্ষণ নেওয়া প্রতিবন্ধী ব্যক্তিদের কর্মসংস্থানের জন্য চাকরিপ্রার্থী ও চাকরিদাতা প্রতিষ্ঠানের অংশগ্রহণে ২০১৫ সাল থেকে চাকরি মেলার আয়োজন করা হচ্ছে এখন পর্যন্ত চাকরি মেলার মাধ্যমে ৯ শতাধিক আইসিটিতে দক্ষ প্রতিবন্ধী ব্যক্তির কর্মসংস্থানের ব্যবস্থা করা হয়েছে কৃত্রিম বুদ্ধিমত্তাভিত্তিক গভর্নমেন্ট ব্রেইন তৈরি করা হবে বলে জানিয়েছেন ডাক টেলিযোগাযোগ ও তথ্যপ্রযুক্তি প্রতিমন্ত্রী জুনাইদ আহমেদ পলক শনিবার ১০ ফেব্রুয়ারি সকালে ঢাকার আগারগাঁও এনজিও বিষয়ক ব্যুরোর অফিস ভবনে বাংলাদেশ কম্পিউটার কাউন্সিল বিসিসি এর উদ্যোগে আয়োজিত প্রতিবন্ধী ব্যক্তিদের চাকরি মেলা২০২৪ এর উদ্বোধীন অনুষ্ঠানে তিনি এ কথা জানান অনুষ্ঠান আয়োজনে সহযোগিতা করেছে সেন্টার ফর সার্ভিসেস অ্যান্ড ইনফরমেশন অন ডিজঅ্যাবিলিটি এবং এনজিও বিষয়ক ব্যুরো তিনি বলেন আইসিটি মন্ত্রণালয়ের উদ্যোগে প্রায় ১ হাজার প্রতিবন্ধীদের জন্য চাকরির ব্যবস্থা করা হয়েছে বাকি মন্ত্রণালয়গুলোও এগিয়ে এলে তা দাঁড়াবে ৫০ হাজারে অনুষ্ঠানে বিশেষ অতিথি হিসেবে উপস্থিত ছিলেন তথ্য ও যোগাযোগ প্রযুক্তি বিভাগের সচিব মো সামসুল আরেফিন প্রধানমন্ত্রীর কার্যালয়ের এনজিও বিষয়ক ব্যুরোর মহাপরিচালক গ্রেড১ মো সাইদুর রহমান এবং সিএসআইডির নির্বাহী পরিচালক খন্দকার জহুরুল আলম অনুষ্ঠানে স্বাগত বক্তব্য রাখেন বিসিসির প্রশিক্ষণ ও উন্নয়ন বিভাগের পরিচালক মো গোলাম সারওয়ার অনুষ্ঠানের সভাপতিত্ব করেন বিসিসির নির্বাহী পরিচালক গ্রেড১ রণজিৎ কুমার মেলায় অংশ নেয় ৪৮টি আইসিটিভিত্তিক প্রতিষ্ঠান এবং চাকরিপ্রার্থী প্রতিবন্ধী ব্যক্তিরা এর আগে সারাদেশ থেকে ৫ শতাধিক প্রতিবন্ধী ব্যক্তি সিভি জমা দেন অনলাইনে এছাড়া মেলায় সরাসরি উপস্থিত হয়েও প্রতিবন্ধী ব্যক্তি চাকরিপ্রার্থীরা সিভি বা জীবনবৃত্তান্ত জমা দেওয়ার সুযোগ পান যাদের তথ্য প্রযুক্তির দক্ষতা রয়েছে তাদের নিয়োগের লক্ষ্যে ইন্টারভিউ গ্রহণ করে মেলায় অংশগ্রহণ নেওয়া প্রতিষ্ঠানগুলো কল সেন্টার এজেন্ট ডাটা এন্ট্রি গ্রাফিক্স ডিজাইন ওয়েব ডিজাইন ডিজিটাল মার্কেটিং অ্যানিমেশন প্রোগ্রামিংসহ নানা প্রকার পদের জন্য প্রতিবন্ধী ব্যক্তি চাকরিপ্রার্থীদের সংক্ষিপ্ত তালিকায় অন্তর্ভুক্ত করে চাকরি মেলার শেষে নিয়োগের পরবর্তী প্রক্রিয়া শুরু করা হবে এবার এই মেলার মাধ্যমে প্রায় ৫০ জনকে চাকরি দেওয়া সম্ভব হবে বলে আশা রাখছেন আয়োজক কর্তৃপক্ষ বিসিসির মাধ্যমে ২০১১ সাল থেকে প্রতিবন্ধী ব্যক্তিদের জন্য বিনামূল্যে আইসিটি প্রশিক্ষণ চালু করা হয় পরে আইসিটি প্রশিক্ষণ নেওয়া প্রতিবন্ধী ব্যক্তিদের কর্মসংস্থানের জন্য চাকরিপ্রার্থী ও চাকরিদাতা প্রতিষ্ঠানের অংশগ্রহণে ২০১৫ সাল থেকে চাকরি মেলার আয়োজন করা হচ্ছে এখন পর্যন্ত চাকরি মেলার মাধ্যমে ৯ শতাধিক আইসিটিতে দক্ষ প্রতিবন্ধী ব্যক্তির কর্মসংস্থানের ব্যবস্থা করা হয়েছে,1
বিজ্ঞান কল্পকাহিনীর অনেককিছুই এখন বাস্তবতা যুদ্ধাস্ত্রের ক্ষেত্রেও এ কথা প্রযোজ্য ইউক্রেন যুদ্ধে কৃত্রিম বুদ্ধিমত্তাসমৃদ্ধ অস্ত্রের ব্যবহার দেখা যাচ্ছে রোবট বন্ধু হতে পারে বিনোদন দিতে পারে কিংবা কিছু কাজেও সহায়ক হতে পারে আরেক ধরনের রোবটও আছে যাকে বলে কিলার রোবট এখন পর্যন্ত হলিউডের মুভিতে আমরা এমন রোবট দেখেছি তারা সব ধ্বংস করে আবেগহীনভাবে হত্যা করে কৃত্রিম বুদ্ধিমত্তার অধ্যাপক টোবি ওয়ালশ বলেন কিলার রোবট শুনলে বৈজ্ঞানিক কল্পকাহিনীর মুভিতে দেখা রোবটের কথা মনে হয় কিন্তু সমস্যা হলো এগুলো এখন বাস্তবে হচ্ছে এগুলো টার্মিনেটর রোবট নয় এগুলো একধরনের ড্রোন যার ব্যবহার আমরা ইউক্রেন যুদ্ধে দেখতে পাচ্ছি এসব ড্রোনকে মানুষের চেয়ে কম্পিউটার দিয়ে নিয়ন্ত্রণের পরিমাণ বাড়ছে ট্যাঙ্ক পরিখায় সৈন্য ইউক্রেনে রাশিয়ার হামলার শুরুতে আমরা এমনটা দেখেছিলাম কিন্তু পরবর্তীতে দুই পক্ষই কৃত্রিম বুদ্ধিমত্তার ব্যবহার শুরু করে যেমন বায়রাক্তার ড্রোন একেকটির দাম ১১ মিলিয়ন ইউরোর বেশি জার্মান প্রতিরক্ষা বিশ্লেষক অধ্যাপক ড গারি শাল বলেন ইউক্রেন ও রাশিয়ার কাছে থাকা অনেক অস্ত্রকে পরবর্তীতে এআইসমৃদ্ধ করা হয়েছে ফলে যুদ্ধে পরিবর্তন এসেছে যেমন রাশিয়াকে আমরা এআইসমৃদ্ধ গ্লাইড বোমা ব্যবহার করতে দেখেছি আর ইউক্রেনের এআইসমৃদ্ধ অস্ত্রের মধ্যে আছে ড্রোন যুদ্ধের প্রথম কয়েক মাসে ইউক্রেন যে কার্যকর ও সফল ছিল তার কারণ ছিল তারা পরিস্থিতি খুব ভালোভাবে বুঝতে পেরেছিল সামরিক সংঘাত মানে হলো তথ্য সংগ্রহ ও সেগুলোর অর্থ বুঝতে পারা কত দ্রুত সেটা করা যাচ্ছে তাও গুরুত্বপূর্ণ এআই সেটা করতে পারে ও সিদ্ধান্ত নিতে পারে মিউনিখের বুন্ডেসভেয়ার ইউনিভার্সিটির আক্সেল শুলটে বলেন এখন অনেক কিছু স্বয়ংক্রিয় হয়ে যাওয়ায় মানুষ ও যন্ত্রের মধ্যে শ্রম বিভাজন করতে গিয়ে আমাদের সতর্কতার সঙ্গে ভাবতে হবে মানুষের উদ্দেশ্য আছে যন্ত্রের নেই আমরা এসব যন্ত্রকে এসব স্বয়ংক্রিয় ব্যবস্থাকে হাতিয়ার হিসেবে ব্যবহার করি কিন্তু ড্রোন কি হিউম্যানয়েড কিলার রোবট বা টার্মিনেটর হতে পারে আক্সেল শুলটে বলেন টার্মিনেটর না সেটা সম্ভব না আমরা এখনও প্রযুক্তিগতভাবে অতদূর আগায়নি হ্যাঁ ইউটিউবে আমরা বস্টন ডাইনামিক্সের দারুণ সব ভিডিও দেখি বটে আমরা দেখি গতি নিয়ন্ত্রণের ক্ষেত্রে এসব যন্ত্রের দক্ষতা বেশ ভালো তারা ডিগবাজি বা সেরকম কিছু দিতে পারে কিন্তু এর মানে এই নয় যে সেগুলো বিপজ্জনক কিলার রোবট হয়ে গেছে ২০২২ সালে বিশ্বব্যাপী সামরিক ব্যয় দুই ট্রিলিয়ন ইউরো ছাড়িয়ে গেছে যা একটি রেকর্ড ৭৫০ বিলিয়ন ইউরো খরচ করে যুক্তরাষ্ট্র শীর্ষ রয়েছে তবে চীনও কাছাকাছি যাওয়ার চেষ্টা করছে ২০২২ সালে রাশিয়া তার সামরিক বাজেট নয় শতাংশ বাড়িয়েছিল জার্মান প্রতিরক্ষা বিশ্লেষক অধ্যাপক ড গারি শাল বলেন যদি আপনার এমন বাহিনী থাকে যেটা এআই ব্যবহার করে তাহলে অন্য যারা এআই ব্যবহার করে না তাদের চেয়ে আপনার কৌশল ভিন্ন হবে এটা শুধু যন্ত্রের মধ্যে কৃত্রিম বুদ্ধিমত্তা ঢোকানোর বিষয় নয় যেসব কোম্পানি শান্তিপূর্ণ প্রয়োজনে রোবট বানাচ্ছে তারাই স্বয়ংক্রিয় যন্ত্র তৈরিতে কাজ করছে এবং এজন্য সরকার থেকে টাকা পাচ্ছে প্রায় ৬০টি দেশে এমন কাজ হচ্ছে,1
আমরা এমন এক দুনিয়ায় বাস করছি যেখানে চারদিকে সেলিব্রিটিদের রমরমা যুক্তরাষ্ট্রের সাবেক ও ভবিষ্যৎ প্রেসিডেন্ট এক দশকের বেশি সময় রিয়েলিটি টিভি তারকা হিসেবে কাটিয়েছেন এই তো কয়েক দিন আগে টেলর সুইফট বিশ্বের ইতিহাসে সবচেয়ে বড় ও লাভজনক পপ মিউজিক ট্যুর শেষ করলেন বৃহৎ বিনোদনমাধ্যমগুলো এখনো তারকানির্ভর এই ছুটির মৌসুমে যাঁরা উইকেড বা গ্ল্যাডিয়েটর২ দেখতে যাচ্ছেন তাঁদের জিজ্ঞাসা করলেই এ কথার প্রমাণ পাবেন আর এর বাইরে আকর্ষণীয় ও বিখ্যাত ব্যক্তিদের ছোটখাটো সব নাটক তো আছেই এগুলো নিয়েই তো আমরা গুজবে মেতে থাকি এখন আমি এমন একটা যুক্তি দিতে যাচ্ছি যা শুনলে আপনাদের কাছে অদ্ভুত মনে হতে পারে কারণ কথাটা যা বললাম তার পুরোপুরি বিপরীত আমরা এই ঐতিহ্যবাহী গণসেলিব্রিটির যুগ থেকে দূরে সরে যাচ্ছি শুধু সরে যাচ্ছি না বরং আমরা এক নতুন ও অনিশ্চিত যুগের দিকে এগিয়ে যাচ্ছি এমনকি কয়েক বছর আগেও যাঁরা অন্ধভক্তি পেতেন এই নতুন জগতে তাঁদের প্রতি এখন নতুন একধরনের বিদ্বেষ দেখা দিয়েছে এই নতুন জগতের একটি বড় অংশ সবচেয়ে তরুণ প্রাপ্তবয়স্ক প্রজন্ম তথাকথিত জেনারেশন জি এবং ৪০এর নিচের বয়সী মিলেনিয়ালদের কাছ থেকে জেনারেশন জি সম্ভবত সবচেয়ে ভুল বোঝা প্রজন্ম তারা এমন একসময় প্রাপ্তবয়স্ক হয়েছে যখন পুরোনো একপক্ষীয় সংস্কৃতি ভেঙে পড়ছিল তাদের অনেকেরই বয়স কম কেব্ল টেলিভিশনের আধিপত্য জুলিয়া রবার্টস থেকে ব্র্যাড পিট পর্যন্ত তারকাদের সোনালি সময় বা স্টিভ জবসের মতো প্রযুক্তি মোগল একসময় যে উন্মত্ত ভক্তির পাত্র ছিলেন এ কথা তাদের জানতে পারার কথা নয় গত পাঁচ বছরে মূল ধারার গণমাধ্যম জেনারেশন জি সম্পর্কে বিভিন্ন কথা বলেছে কথাগুলোর একটার সঙ্গে আরেকটার মিল নেই তারা হয়তো অতিমাত্রায় উদার অতিরিক্ত বৈষম্যসচেতন অথবা ইন্টারনেটের প্রভাবে বিষাক্ত হয়ে পড়া চূড়ান্ত ডানপন্থী এরা বই পড়ে না কিছু পডকাস্টে আসক্ত আগামী দশকের বড় লড়াই বাম ও ডানের মধ্যে হবে না হবে যাঁরা বিদ্যমান প্রতিষ্ঠানগুলোকে প্রকাশ্যে ঘৃণা করেন এবং যাঁরা নতুন ব্যবস্থা প্রতিষ্ঠা করতে চান তাঁদের মধ্যে মাঞ্জিওনের প্রতি এই ভক্তি আসলে মাঞ্জিওনের জন্য নয় এই ভক্তি বরং আমরা কোথায় যাচ্ছি তারই ইঙ্গিত দিচ্ছে এই ক্ষোভ থামবে না বাস্তবতা আরও জটিল কারণ প্রতিটি প্রজন্মই আগের প্রজন্মের চেয়ে জটিল কিছু জেনারেশন জি ও তরুণ মিলেনিয়ালের সাধারণীকরণ করা একটু বেশি কঠিন কারণ তারা এমন একসময়ে বাস করছে যখন সংস্কৃতি ভাঙনের মুখে পড়েছে এখন আর এই লাখ লাখ কিশোর বা তরুণ কোনো নির্দিষ্ট সময়ে প্রচারিত টিভি শো বা নাটক একত্রে উপভোগ করে না তারা আর কোনো টক শো থেকে তাদের রাজনৈতিক ধারণাগুলো গ্রহণ করে না টেলিভিশনের মতো একপক্ষীয় সম্প্রচারের দিন শেষ হয়ে গেছে টেলিভিশন দিয়ে নির্বাচনে প্রভাব রাখা যায় না আর হলিউডও আর সংস্কৃতির কেন্দ্রস্থল হিসেবে নিজের আধিপত্য ধরে রাখতে পারছে না এখন আর কোনো কেন্দ্রীয় সংস্কৃতি নেই অন্তত এটি যে দ্রুত দুর্বল হয়ে পড়ছে তাতে সন্দেহ নেই টিকটকের মতো নতুন প্ল্যাটফর্ম ব্যবহার করে খ্যাতি অর্জন করেছেন অনেকেই সম্প্রতি একটি প্রবণতা ভাইরাল হয়েছে টিকটক ব্যবহারকারীদের ডাক দেওয়া হয়েছে বিভিন্ন সেলিব্রিটি ও প্রভাবশালীকে ইচ্ছাকৃতভাবে উপেক্ষা করতে যাতে প্রমাণ করা যায় যে সেলিব্রিটিদের চেয়ে টিকটকারদের ক্ষমতা কম নয় এর ফলে বিশাল সামাজিক যোগাযোগমাধ্যমে অনুসারী থাকা সেলিব্রিটিদের ভিডিওতে লাইকের সংখ্যা আশঙ্কাজনকভাবে কমে যায় অবশ্য এসব সেলিব্রিটি এতটাই ধনী যে এতে তাঁদের আর্থিক কোনো ক্ষতি হয়নি তবে এই প্রবণতা পাঁচ বছর আগেও অকল্পনীয় ছিল সেলিব্রিটিরা যে সতর্ক হয়েছেন এতে সন্দেহ নেই লেখক মো ডিগস এই প্রবণতাকে বলেন ব্যক্তিত্বে বিরক্তি বিশেষত ইন্টারনেট জগতে সাধারণ মানুষ ধনী ও বিখ্যাত ব্যক্তিদের নিয়ে বিরক্ত হয়ে পড়েছে আর রাজনৈতিকভাবে নেতাদের বা যাঁরা তাদের কী করতে হবে তা বলে বেড়ান তাঁদের মানুষ সন্দেহ করে আগের মতো আর তাঁদের কথা বিনা বাক্যে গ্রহণ করে না এবারের মার্কিন নির্বাচনেও এমন দেখা গেছে টেলর সুইফট ও বিয়ন্সে মারাত্মক জনপ্রিয় কিন্তু উদ্দীপনামূলক সমর্থনের পরও তাঁরা তরুণ ভোটারদের কমলা হ্যারিসের পক্ষে উল্লেখযোগ্যভাবে নিয়ে আসতে পারেননি বামপন্থী ঝোঁকের জেনারেশন জি ভোটাররা বিশেষভাবে ক্ষুব্ধ হয়েছিলেন সেই সব সেলিব্রিটির ওপর যাঁরা গাজার ঘটনায় ইসরায়েলের বিরুদ্ধে প্রকাশ্যে অবস্থান নেননি অভিজাত ব্যক্তিদের প্রতি এই অবিশ্বাস ক্রমাগত বাড়ছে এই শূন্যতায় এসে প্রবেশ করেছেন চূড়ান্ত অ্যান্টিইনফ্লুয়েন্সার ২৬ বছর বয়সী লুইজি মাঞ্জিওনে ইউনাইটেড হেলথকেয়ারের সিইও ব্রায়ান টম্পসনকে হত্যার অভিযোগে অভিযুক্ত মাঞ্জিওনে তিনি এখন অনলাইনে বিশাল এক ভক্তগোষ্ঠী পেয়েছেন সাম্প্রতিক ইতিহাসে এমনটা আগে দেখা যায়নি ২০২৩ সালে ১ বছরেই ১২ লাখ মার্কিন ডলার আয় করা এক সিইওকে হত্যার এই অভিযোগ সম্পূর্ণ রাজনৈতিক কিন্তু তা কোনো দলের সঙ্গে যুক্ত নয় বেন শাপিরো বা ম্যাট ওয়ালশের মতো ডানপন্থী বিশ্লেষক যখন এই হত্যাকাণ্ডের নিন্দা করেন তখন তাঁদের কমেন্ট সেকশন মার্কিন স্বাস্থ্যসেবা ব্যবসার বিরুদ্ধে ক্ষোভ এবং হত্যার প্রতি সমর্থনে ভরে যায় টম্পসনকে হত্যার নিন্দা জানানো উদারপন্থীরাও খুব একটা ভালো অবস্থানে নেই গণমাধ্যম ও রাজনৈতিক প্রতিষ্ঠানগুলো মাঞ্জিওনের প্রতি মানুষের মোহ নিয়ে একমত যে এটা ভালো হচ্ছে না কিন্তু অনলাইনে সাধারণ মানুষের মনোভাব অন্য রকম অ্যামাজনে ভিডিও গেম চরিত্র লুইজি ব্যাপকভাবে বিক্রি হচ্ছে কেউ কেউ মাঞ্জিওনের ছবিসংবলিত মোমবাতিও কিনেছেন এসব থেকে একটা বার্তা স্পষ্ট যদি নতুন কোনো আইডল তৈরি হয় তবে তা আর কোনো গায়ক নৃত্যশিল্পী বা অভিনেতা হবেন না অন্তত তরুণ প্রজন্ম এমনটাই মনে করছে প্রতিষ্ঠানের প্রতি তাদের ক্ষোভ ক্রমেই বাড়ছে তাদের লুইজি মিম বানানো বন্ধ করতে বললে আর কোনো লাভ হবে না যে ট্রাম্প নিজেকে বড় পরিবর্তনকারী বলে দাবি করেন আবার প্রেসিডেন্ট হয়েও এই প্রবণতার আওতার বাইরে তিনি থাকতে পারবেন না আগামী দশকের বড় লড়াই বাম ও ডানের মধ্যে হবে না হবে যাঁরা বিদ্যমান প্রতিষ্ঠানগুলোকে প্রকাশ্যে ঘৃণা করেন এবং যাঁরা নতুন ব্যবস্থা প্রতিষ্ঠা করতে চান তাঁদের মধ্যে মাঞ্জিওনের প্রতি এই ভক্তি আসলে মাঞ্জিওনের জন্য নয় এই ভক্তি বরং আমরা কোথায় যাচ্ছি তারই ইঙ্গিত দিচ্ছে এই ক্ষোভ থামবে না,0
জাপানের নতুন প্রধানমন্ত্রী নির্বাচিত হলেন ফুমিও কিশিদা মাত্র একবছরের মাথায় দেশটির সরকার প্রধানের পদে এলো পরিবর্তনসোমবার ৪ অক্টোবর পার্লামেন্টের বিশেষ অধিবেশনে তাকে প্রধানমন্ত্রী হিসেবে ভোট দেন আইনপ্রণেতারা ষাটোর্ধ এই রাজনীতিক বিগত সরকারের পররাষ্ট্রমন্ত্রী ছিলেন আজই শপথ নেবে নতুন সরকারএর আগে গত মাসেই মহামারি মোকাবেলায় ব্যর্থতা অর্থমন্দা বেকারত্বসহ নানা ইস্যুতে সমালোচনার মুখে প্রধানমন্ত্রীর দায়িত্ব ছাড়েন ইয়োশিহিদা সুগা একইসাথে লিবারেল ডেমোক্র্যাটিক পার্টির প্রধান হিসেবেও পদত্যাগ করেন তিনি গেলো সপ্তাহেই সে জায়গায় স্থলাভিষিক্ত হন কিশিদা তিনি সংস্কারপন্থী হিসেবে পরিচিত,1
টানা চার দিন চিকিৎসা শেষে হাসপাতাল থেকে ছাড়া পেয়েছেন আবিদ আলী হৃদযন্ত্রের জটিলতা সারাতে দুই দিন দুটি অ্যাঞ্জিওপ্লাস্টি করিয়েছেন পাকিস্তানের এ ওপেনার গতকাল শনিবার হাসপাতাল থেকে ছাড়া পেয়েছেন তিনি আবিদের হাসপাতাল থেকে ছাড়া পাওয়ার কথা ক্রিকেট পাকিস্তানকে শনিবার নিশ্চিত করেন তার বাবা তিনি জানান সেরে ওঠার পথে আছেন ৩৪ বছর বয়সী ব্যাটসম্যান তিনি আরও জানান আবিদের পুনর্বাসন প্রোগ্রাম দুই সপ্তাহের এবং করাচিতে চেক আপ করানো হবে পাকিস্তান ক্রিকেট বোর্ড পিসিবি আমাদের থাকার ব্যবস্থা করেছে আবিদের সেরে ওঠার জন্য যারা প্রার্থনা করেছেন তাদের প্রতি আমাদের কৃতজ্ঞতাগত মঙ্গলবার প্রথম শ্রেণির টুর্নামেন্ট কায়েদএআজম ট্রফিতে সেন্ট্রাল পাঞ্জাবের হয়ে ব্যাট করছিলেন আবিদ তখনই প্রথম বুকে ব্যথা অনুভব করেন তিনি এর কিছু পরে আবারও একই জায়গায় বুকে ব্যথা অনুভব করেন আবিদ এরপরই দলের ম্যানেজার আশরাফ আলির তত্বাবধানে তাকে চিকিৎসা ও অন্যান্য পরীক্ষার জন্য দ্রুত হাসপাতালে ভর্তি করা হয় এর কিছু পরেই জানা যায় হৃদযন্ত্রের সমস্যায় পড়েছেন আবিদ,1
সুন্দরবনে কাঠ কাটার সময় বাঘের আক্রমণের শিকার হয়ে রেজাউল পাইক ৪৫ নামের এক জেলে আহত হয়েছেন শনিবার ১০ আগস্ট দুপুর ১২ টার দিকে সুন্দরবনের সবেদ আলী খালে জ্বালানির কাঠ কাটার সময় বাঘের আক্রমণের শিকার হন তিনি রেজাউল শ্যামনগর উপজেলার মুন্সিগঞ্জ ইউনিয়নের পাশ্বেখালি গ্রামের মৃত সুরাত পাইকের ছেলে জানা গেছে শনিবার দুপুর ১২ টার দিকে রেজাউল কাঠ কাটার জন্য একা সুন্দরবনের ছবেদ আলির খালে যায় এ সময় বাঘ আক্রমণ করলে হাতে থাকা দা দিয়ে বাঘের মুখে আঘাত করে তিনি তখন রেজাউলকে ছেড়ে বাঘ পালিয়ে যায় বনবিভাগের কৈখালী স্টেশন কর্মকর্তা সলজ কুমার দ্বীপ বিষয়টি নিশ্চিত করে বলেন আহত রেজাউল শ্রবণ প্রতিবন্ধী বলে জানা গেছে তিনি এখন নিজ বাড়িতে চিকিৎসাধীন আছেন,0
৭ অক্টোবর ইয়াম কিপুর যুদ্ধের ৫০তম বার্ষিকীতে হামাস ইসরায়েলে ব্যাপক হামলা চালায় এ হামলায় সহস্রাধিক মানুষ মারা যায় যাদের অধিকাংশই বেসামরিক অপহরণ করা হয় দুই শতাধিক মানুষকে অপ্রত্যাশিত এ হামলা ইসরায়েলের জন্য ধ্বংস ডেকে আনে ভারতীয় জাতীয় কংগ্রেস দৃঢ়ভাবে বিশ্বাস করে যে সভ্য বিশ্বে সহিংসতার কোনো স্থান নেই সে জন্য পরদিনই কংগ্রেস দ্ব্যর্থহীনভাবে হামাসের হামলার নিন্দা জানায় ট্র্যাজেডি হলো এর পরই ইসরায়েলি বাহিনী গাজা ও তার আশপাশে নির্বিচারে হামলা চালায় প্রায় তিন সপ্তাহে ইসরায়েলের অভিযানে হাজার হাজার বেসামরিক ফিলিস্তিনি প্রাণ হারিয়েছেন এর মধ্যে বিপুল সংখ্যক নিরীহ শিশু ও নারী রয়েছেন ইসরায়েল তার রাষ্ট্রীয় সর্বশক্তি দিয়ে এমন এক জনগোষ্ঠীর ওপর প্রতিশোধ নিচ্ছে যারা একেবারেই অসহায় সামরিকভাবে বিশ্বের অন্যতম শক্তিশালী দেশের অস্ত্র এমন শিশু নারী ও পুরুষদের নিশানা বানাচ্ছে যাদের হামাসের আক্রমণে কোনো হাত নেই বরং তারা কয়েক দশক ধরে বৈষম্য ও দুর্দশা ভোগ করছে ইসরায়েলের নির্বিচার হামলায় গাজায় ধ্বংসাত্মক পরিস্থিতি বিরাজ করছে তাদের হামলায় কোনো কোনো পরিবারের সব সদস্য প্রাণ হারিয়েছে এবং আশপাশের পুরো এলাকা ধ্বংসস্তূপে পরিণত হয়েছে সেখানে যে বিশাল মানবিক সংকট দেখা দিয়েছে তা মোকাবিলায় চিকিৎসাসেবা একেবারেই নগণ্য পানি খাদ্য ও বিদ্যুৎ সুবিধা বন্ধ করে দেওয়া ফিলিস্তিনি জনগণের সম্মিলিত শাস্তির চেয়ে কম নয় অবরুদ্ধ গাজায় বহির্বিশ্বের যে ত্রাণ ও সাহায্য যাচ্ছে তা প্রয়োজনের তুলনায় সামান্য গাজার পরিস্থিতি শুধু অমানবিকই নয় আন্তর্জাতিক আইনেও বেআইনি গাজাবাসীর খুব কম অংশই এ সহিংসতা থেকে বাঁচতে পারছে ছোট্ট আয়তনের জায়গায় গাজাবাসীর ঘনবসতিপূর্ণ বাস তাদের যাওয়ার আর কোনো পথ নেই আর এখন এমনকি অধিকৃত পশ্চিম তীরেও সংঘাত ছড়িয়ে পড়ছে হামলা বন্ধ হওয়ার কোনো সম্ভাবনা দেখা যাচ্ছে না ইসরায়েলি কর্তাব্যক্তিরা গাজার বড় এলাকা ধ্বংস ও জনমানবহীন করার কথা বলেছেন ইসরায়েলি প্রতিরক্ষামন্ত্রী ফিলিস্তিনিদের মনুষ্য জন্তু হিসেবে আখ্যায়িত করেছেন এ অবমাননাকর ভাষা বেদনাদায়ক এবং এমন কথা সে বংশধরদের থেকে আসছে যারা নিজেরাই হলোকাস্ট বা ব্যাপক গণহত্যার শিকার মানবতা এখন কাঠগড়ায় আমরা সম্মিলিতভাবে ইসরায়েলের ওপর হামলায় যেমন বেদনাহত তেমনি এখন গাজায় ইসরায়েলের নির্বিচার হত্যা এবং নৃশংস হামলায়ও মর্মাহত আমাদের সম্মিলিত বিবেক জাগা পর্যন্ত আর কত প্রাণ যাবে ইসরায়েলি সরকার হামাসের আক্রমণের সঙ্গে ফিলিস্তিনিদের যেভাবে সমান অপরাধী করছে সেটা গুরুতর ভুল তারা হামাসকে ধ্বংস করার সংকল্পে গাজার সাধারণ মানুষের ওপর নির্বিচারে হামলা চালাচ্ছে ফিলিস্তিনিদের দুর্দশার দীর্ঘ ইতিহাস বাদ দিলেও কোন যুক্তিতে গোটা জনগোষ্ঠীকে গুটিকতক ব্যক্তির জন্য দায়ী করা যায় ফিলিস্তিনিরা যে জটিল সমস্যা মোকাবিলা করছে তার মূলে রয়েছে বাইরের শক্তির পরিচালনায় সাম্রাজ্যবাদীদের তৈরি সংকট শুধু আলোচনার মাধ্যমে এর সমাধান করা যেতে পারে এটা আবারও বলা দরকার যে এ আলোচনার মাধ্যমে ফিলিস্তিনিদের দাবি পূরণ করতে হবে স্বাধীনসার্বভৌম রাষ্ট্র তাদের অধিকার হলেও কয়েক দশক ধরে তা অস্বীকার করা হয়েছে অথচ অন্যদিকে ইসরায়েলের নিরাপত্তা নিশ্চিত করা হয়েছে ন্যায্যতা ছাড়া শান্তি আসতে পারে না ইসরায়েল গাজাবাসীকে দেড় দেশকেরও অধিক সময় ধরে যেভাবে অবরুদ্ধ করে রেখেছে তারা যেন উন্মুক্ত কারাবন্দি সেখানকার ২০ লক্ষাধিক মানুষ ঘনবসতিপূর্ণ শহর ও শরণার্থী শিবিরে বাস করছে জেরুজালেম ও পশ্চিম তীরে ইসরায়েলি বসতি স্থাপনকারীরা ইসরায়েলি রাষ্ট্রের সহায়তায় ফিলিস্তিনিদের তাদের ভূমি থেকে উচ্ছেদ অব্যাহত রাখছে তাদের আচরণে মনে হয় তারা দ্বিরাষ্ট্রীয় সমাধানের পরিকল্পনা ভণ্ডুল করতে চাইছে শান্তি শুধু তখনই আসবে যখন শক্তিশালী রাষ্ট্রগুলোর নেতৃত্বে দ্বিরাষ্ট্রীয় সমাধানকে বাস্তবে রূপ দেওয়ার কাজ ফের শুরু হবে ভারতীয় জাতীয় কংগ্রেস মনে করে ফিলিস্তিনি ও ইসরায়েলি উভয়েরই শান্তিতে বসবাসের অধিকার রয়েছে ইসরায়েলের সঙ্গে আমাদের বন্ধুত্বের মূল্যায়ন আমরা করি এর অর্থ এই নয় যে শতাব্দীর পর শতাব্দী ধরে ফিলিস্তিনিদের যে ভূমি ছিল সেখান থেকে তাদের জোরপূর্বক উচ্ছেদ এবং বছরের পর বছর ধরে তাদের সম্মান ও মর্যাদার সঙ্গে বেঁচে থাকার অধিকার কেড়ে নেওয়ার বেদনাদায়ক স্মৃতি আমরা ভুলে যাব চলমান অবস্থায় বিশ্বকে অবশ্যই পদক্ষেপ নিতে হবে এটি খুবই দুর্ভাগ্যজনক প্রভাবশালী দেশগুলোর যখন যুদ্ধ বন্ধে সর্বাধিক প্রচেষ্টা করা উচিত তখন তারা এক পক্ষকে দৃঢ়ভাবে সমর্থন দিচ্ছে সামরিক হামলা বন্ধে সবচেয়ে বেশি সরব হওয়া দরকার এবং শক্তিশালী দেশগুলোর এগিয়া আসা উচিত অন্যথায় যুদ্ধের এই চক্র অব্যাহত থাকবে এবং তা দীর্ঘ মেয়াদে এ অঞ্চলের মানুষদের শান্তিতে বসবাস করা কঠিন করে তুলবে,0
তাইওয়ানে অস্ত্র বিক্রির ঘোষণাকে কেন্দ্র করে ১০ ব্যক্তি ও ২০টি মার্কিন প্রতিরক্ষা প্রতিষ্ঠানের বিরুদ্ধে নিষেধাজ্ঞার ঘোষণা দিয়েছে চীনের পররাষ্ট্র মন্ত্রণালয় আজ শুক্রবার এই নিষেধাজ্ঞার ঘোষণা দেওয়া হয় নিষেধাজ্ঞার আওতায় বোয়িংয়ের সেন্ট লুইস শাখাও রয়েছে চীনের পররাষ্ট্র মন্ত্রণালয় জানিয়েছে নিষেধাজ্ঞার আওতায় সংশ্লিষ্ট প্রতিষ্ঠান ও ব্যক্তিদের চীনে থাকা যেকোনো সম্পদ জব্দ করা হবে এ ছাড়া দেশীয় সংস্থা ও ব্যক্তিদের তাঁদের সঙ্গে ব্যবসায়িক লেনদেনে নিষেধাজ্ঞা দেওয়া হবে মন্ত্রণালয় আরও জানিয়েছে তালিকাভুক্ত ব্যক্তিদের মধ্যে প্রতিরক্ষা প্রতিষ্ঠান আন্ডুরিল ইন্ডাস্ট্রিজের প্রতিষ্ঠাতা ও নিষেধাজ্ঞার আওতাধীন প্রতিষ্ঠানগুলোর ৯ জন উচ্চপদস্থ কর্মকর্তা রয়েছেন তাঁদের চীনে প্রবেশেও নিষেধাজ্ঞা আরোপ করা হয়েছে নিষেধাজ্ঞার আওতায় থাকা অন্যান্য প্রতিষ্ঠানের মধ্যে রয়েছে নর্থরপ গ্রুমান সিস্টেমস করপোরেশন এবং এল৩হ্যারিস মেরিটাইম সার্ভিসেস গত সপ্তাহে তাইওয়ানে ১১ দশমিক ১ বিলিয়ন ডলারের অস্ত্র বিক্রির ঘোষণা দেয় যুক্তরাষ্ট্র যা এ পর্যন্ত সবচেয়ে বড় মার্কিন অস্ত্র প্যাকেজ হিসেবে বিবেচনা করা হচ্ছে এ ঘটনার পরই এমন পদক্ষেপের ঘোষণা দিল চীন চীনের পররাষ্ট্র মন্ত্রণালয়ের এক মুখপাত্র শুক্রবার এক বিবৃতিতে বলেন তাইওয়ান সমস্যা চীনের মূল স্বার্থের কেন্দ্রবিন্দু এবং চীনযুক্তরাষ্ট্র সম্পর্কের প্রথম সীমারেখা যা অতিক্রম করা যাবে না বিবৃতিতে বলা হয়েছে তাইওয়ান নিয়ে সীমা অতিক্রমকারী যেকোনো উসকানিমূলক কর্মকাণ্ডের মোকাবিলায় চীন শক্তিশালী জবাব দেবে বিবৃতিতে যুক্তরাষ্ট্রকে দ্বীপটিকে অস্ত্রসজ্জিত করার বিপজ্জনক প্রচেষ্টা বন্ধ করার আহ্বান জানানো হয়েছে চীন গণতান্ত্রিকভাবে শাসিত তাইওয়ানকে নিজের ভূখণ্ডের অংশ হিসেবে দেখে যদিও তাইপেই এই দাবি প্রত্যাখ্যান করে থাকে আইনগতভাবে তাইওয়ানকে আত্মরক্ষার সক্ষমতা অর্জনে সহায়তা দিতে যুক্তরাষ্ট্রের বাধ্যবাধকতা রয়েছে যদিও এ ধরনের অস্ত্র বিক্রি নিয়ে চীনের সঙ্গে যুক্তরাষ্ট্রের উত্তেজনা রয়েছে,1
জাতীয় প্রেসক্লাবের সামনে দলীয় সমাবেশের ওপর হামলার জন্য পুলিশকে দায়ী করেছেন বিএনপির জ্যেষ্ঠ যুগ্ম মহাসচিব রুহুল কবির রিজভী তিনি অভিযোগ করেছেন শান্তিপূর্ণ সমাবেশের ওপর পুলিশের এই হামলা ছিল পূর্বপরিকল্পিত পুলিশের আচরণ ছিল বেপরোয়া এবং সন্ত্রাসী ক্যাডারদের মতো আজ শনিবার বিকেলে নয়াপল্টনে বিএনপির কেন্দ্রীয় কার্যালয়ে এক সংবাদ সম্মেলনে দলের জ্যেষ্ঠ যুগ্ম মহাসচিব রুহুল কবির এ অভিযোগ করেন রিজভী দাবি করেন পুলিশের লাঠিপেটায় বিএনপির ভাইস চেয়ারম্যান এ জেড এম জাহিদ হোসেনসহ ১১৯ জন নেতাকর্মী আহত হয়েছেন লাঠিপেটা করে অনেকের হাতপা ভেঙে দেওয়া হয়েছে গুরুতর আহত অবস্থায় তাঁদের রাজধানীর বিভিন্ন হাসপাতালে ভর্তি করা হয়েছে পুলিশ সেখান থেকে ২১ জনকে আটক করেছে সংবাদ সম্মেলনে জানানো হয় যুবদল কেন্দ্রীয় সহসভাপতি জাকির সিদ্দিকী স্বেচ্ছাসেবক দল কেন্দ্রীয় সহসাধারণ সম্পাদক সরোয়ার ভূঁইয়া বেসরকারি বিশ্ববিদ্যালয় শাখার যুগ্ম সাধারণ সম্পাদক ওবায়দুল্লাহ নাঈম সহসাধারণ সম্পাদক জাকির হোসেন ঢাকা মহানগর দক্ষিণ স্বেচ্ছাসেবক দলের নেতা জহির মাঝি আনোয়ার হোসেন স্বেচ্ছাসেবক দল ঢাকা মহানগর উত্তরের এবাদুল ব্যাপারী নাদিম হোসেন হিরণ মো আজিজ মো রুবেল ইরান সুমন রাহাদ সজিব আলামিন জয় মো রফিকসহ ২১ জনের অধিক নেতাকর্মীকে পুলিশ গ্রেপ্তার করে রুহুল কবির রিজভী অভিযোগ করেন সমাবেশ শুরুর সময় থেকেই পুলিশ বিনা কারণে উসকানি ও মারমুখী আচরণ করে সরকারের কুকীর্তি নিয়ে দেশবিদেশে নানা জল্পনাকল্পনা আড়াল করতে না পেরে সরকার তার রীতি অনুযায়ী বেপরোয়া ডাণ্ডাতন্ত্র চালু করেছে রিজভী শান্তিপূর্ণ কর্মসূচিতে পুলিশের হামলার তীব্র নিন্দা জানিয়ে গ্রেপ্তার নেতাকর্মীদের নিঃশর্ত মুক্তির দাবি জানান,1
জগন্নাথ বিশ্ববিদ্যালয় কেন্দ্রীয় শিক্ষার্থী সংসদ জকসু নির্বাচনে ৩০ ডিসেম্বর ভোট গ্রহণ হবে প্রথমবারের মতো হতে যাওয়া জকসু নির্বাচনকে সামনে রেখে ইসলামী ছাত্রশিবিরসমর্থিত অদম্য জবিয়ান ঐক্য প্যানেল ২১ দফা ইশতেহার ঘোষণা করেছে রোববার বিশ্ববিদ্যালয়ের ভাষাশহীদ রফিক ভবনের নিচে আয়োজিত সংবাদ সম্মেলনে এই ইশতেহার ঘোষণা করেন প্যানেলের সহসভাপতি ভিপি প্রার্থী রিয়াজুল ইসলাম সাধারণ সম্পাদক জিএস প্রার্থী আবদুল আলিম আরিফ সহসাধারণ সম্পাদক এজিএস প্রার্থী মাসুদ রানা আন্তর্জাতিক বিষয়ক সম্পাদক প্রার্থী নওশীন নওয়ার জয়া এবং বিজ্ঞান ও প্রযুক্তিবিষয়ক সম্পাদক প্রার্থী মোছা সুখীমন খাতুন সংবাদ সম্মেলনে প্যানেলের অন্য প্রার্থীরাও উপস্থিত ছিলেন ভিপি প্রার্থী রিয়াজুল ইসলাম বলেন প্রতিষ্ঠালগ্ন থেকেই বিশ্ববিদ্যালয়টি অবকাঠামোগত সীমাবদ্ধতা আবাসনসংকট পরিবহনস্বল্পতাসহ নানা সমস্যায় জর্জরিত একটি শক্তিশালী শিক্ষার্থী সংসদই প্রশাসনের সঙ্গে সরাসরি সংলাপের মাধ্যমে সাধারণ শিক্ষার্থীদের প্রকৃত কণ্ঠস্বর হয়ে উঠতে পারে তাই আমাদের কাছে শিক্ষার্থী সংসদ নির্বাচন শুধু জয়পরাজয়ের লড়াই নয় এটি বরং দীর্ঘদিনের অচলায়তন ভেঙে শিক্ষার্থীদের অধিকার আদায় এবং একটি আধুনিক নিরাপদ ও শিক্ষার্থীবান্ধব ক্যাম্পাস গড়ার লক্ষ্য অর্জনের লড়াই অদম্য জবিয়ান ঐক্য প্যানেল তাদের ২১ দফা ইশতেহারে ক্যাম্পাসকে আধুনিক নিরাপদ ও শিক্ষার্থীবান্ধব করার প্রতিশ্রুতি দিয়েছে এতে বলা হয়েছে দ্বিতীয় ক্যাম্পাস নির্মাণ এবং কেরানীগঞ্জে আবাসন প্রকল্প দ্রুত শেষ করতে সেনাবাহিনীর সঙ্গে সমন্বয় করা হবে পাশাপাশি পুরান ঢাকার হলগুলোর কাজ দ্রুত সম্পন্ন করা হবে ইশতেহারে র্যাগিং সাইবার বুলিং ও মানসিক নির্যাতন বন্ধে জিরো টলারেন্স নীতি গ্রহণ মাদকমুক্ত ও পরিচ্ছন্ন ক্যাম্পাস গড়ার উদ্যোগ এবং নারী শিক্ষার্থীদের জন্য প্রোটেক্ট জবিয়ানস অ্যাপ ও বায়োমেট্রিক ব্যবস্থা চালুর কথা উল্লেখ করা হয়েছে শিক্ষা ও গবেষণার মানোন্নয়নের জন্য আন্তর্জাতিক মানের ওবিই কারিকুলাম বাস্তবায়ন শ্রেণিকক্ষ আধুনিকায়ন স্টারলিংক ইন্টারনেট গবেষণার জন্য স্কলারশিপ বৃদ্ধি ল্যাব সমৃদ্ধকরণ এবং আন্তবিশ্ববিদ্যালয় রিসার্চ ফেস্ট ও কর্মশালার আয়োজনের কথা বলা হয়েছে ইশতেহারে এতে কেন্দ্রীয় লাইব্রেরিতে বই জার্নাল ও ডিজিটাল রিসোর্স বৃদ্ধি এবং শিক্ষার্থীদের স্বাস্থ্যসেবা ক্যাফেটেরিয়া সুবিধা ট্রান্সপোর্ট ব্যবস্থা ও ক্রীড়া অবকাঠামো উন্নয়নেও জোর দেওয়া হয়েছে সংবাদ সম্মেলনে এজিএস প্রার্থী মাসুদ রানা বলেন অদম্য জবিয়ান ঐক্য প্যানেল কোনো প্রতিশ্রুতির ফুলঝুরি নিয়ে আসেনি এসেছে বাস্তবসম্মত ইশতেহার নিয়ে আমরা বিশ্বাস করি ভোট কেবল একজন প্রতিনিধি নির্বাচনের বিষয় নয় বরং জগন্নাথ বিশ্ববিদ্যালয়ের আগামীর ভাগ্য নির্ধারণের চাবিকাঠি মাসুদ রানা আরও বলেন দীর্ঘদিনের বঞ্চনা দূর করতে এবং বিশ্ববিদ্যালয়ের গৌরব পুনরুদ্ধার করতে আমরা স্বতঃস্ফূর্ত সমর্থন ও মূল্যবান ভোট প্রত্যাশা করছি ভয়ের সংস্কৃতিকে বিদায় জানিয়ে আমরা সম্মিলিতভাবে একটি নতুন ভোরের সূচনা করব প্রথম আলোর খবর পেতে গুগল নিউজ চ্যানেল ফলো করুন বাংলাদেশ থেকে আরও পড়ুন ইসলামী ছাত্রশিবিরজগন্নাথ বিশ্ববিদ্যালয়নির্বাচনী ইশতেহারছাত্র সংসদ নির্বাচন ২০২৫জকসু,1
দেশে করোনাভাইরাসের প্রকোপ বেড়ে যাওয়ায় স্থগিত করা হয়েছিলো প্রথম ধাপের ৩৭১টি ইউনিয়ন পরিষদ ১১টি পৌরসভায় নির্বাচন ও লক্ষ্মীপুর২ আসনে উপনির্বাচন যা আগামী ২১ জুন ভোট গ্রহণ অনুষ্ঠিত হবে বলে জানিয়েছেন ইসি সচিব মো হুমায়ুন কবীর খোন্দকার বুধবার ২ জুন রাজধানীর আগারগাঁও নির্বাচন ভবনে এক সংবাদ সম্মেলনে তিনি এ ঘোষণা দেন এর আগে গত ১১ এপ্রিল এসব জায়গায় ভোট গ্রহণের হওয়ার কথা ছিল কিন্তু করোনাভাইরাসের সংক্রমণ বৃদ্ধির কারণে গত ১ এপ্রিল থেকে সব ধরনের নির্বাচন স্থগিত করে কমিশন এছাড়া সিলেট৩ ঢাকা১৪ ও কুমিল্লা৫ শূন্য আসনের উপনির্বাচন আগামী ১৪ জুলাই অনুষ্ঠিত হবে বলে জানিয়েছেন ইসি সচিব সচিব বলেন মনোনয়নপত্রের সংগ্রহের শেষ সময় ১৫ জুন মনোনয়নপত্রের বাছাইয়ের তারিখ ১৭ জুন আপিল দায়ের করতে পারবে ১৮ থেকে ২০ জুনের মধ্যে আপিল নিষ্পত্তির তারিখ ২১২২ জুন প্রার্থিতা প্রত্যাহারের শেষ তারিখ ২৩ জুন প্রতীক বরাদ্দ ২৪ জুন ভোট গ্রহণ ১৪ জুলাই,1
বেসবল খেলোয়াড় হোয়াং জে গিয়োনের সঙ্গে দুই বছরের দাম্পত্য জীবনে ইতি টানলেন কেপপ গায়িকা জিইঅন বিচ্ছেদের ঘোষণার পর ইনস্টাগ্রাম থেকে দুজন দুজনের ছবি সরিয়ে ফেলেন গার্ল গ্রুপ টিআরার গায়িকার আইনজীবী চোই ইউ না জানান বিবাহবিচ্ছেদ চেয়ে আবেদন করেছেন জিইঅন আইনজীবী বলেন দুজনের মতপার্থক্যের জন্য বিবাহবিচ্ছেদের সিদ্ধান্ত নিয়েছেন বিচ্ছেদের আবেদনের পর দুজন আলাদা থাকবেন বিবিসি জানিয়েছে দক্ষিণ সিউলের পারিবারিক আদালতে বিষয়টির সুরাহার আবেদন করেছেন তারা কেউই কারও বিরুদ্ধে কোনো অভিযোগ ও মামলা করবেন না ২০২২ সালের ফেব্রুয়ারিতে দুজনের প্রেমের সম্পর্ককে প্রকাশ্যে এসেছিলেন তারা সেই বছর ডিসেম্বরে বিয়ে সেরেছেন এই জুটি এই বছরের জুনে দুজনের সম্পর্কের টানাপোড়েনের খবর প্রকাশ্যে আসে তারপরেই এই বিচ্ছেদের ঘোষণা আসলো ২০০৯ সালে টিআরার সদস্য হিসেবে আত্মপ্রকাশ করেন জিইঅন,1
রাজশাহী বিশ্ববিদ্যালয়ে রাবি অনুষ্ঠিত হচ্ছে ঢাকা বিশ্ববিদ্যালয়ের ঢাবি নতুন শিক্ষাবর্ষের ভর্তি পরীক্ষা শুক্রবার ২২ অক্টোবর বেলা ১১টায় শুরু হয়ে গ ইউনিটের বাণিজ্য অনুষদের পরীক্ষা চলবে সাড়ে ১২টা পর্যন্ত এই পরীক্ষায় ১ হাজার ৫৭৭ জন অংশ নিচ্ছেন পরীক্ষা কক্ষে কেবলমাত্র প্রবেশপত্র ও পরীক্ষা সংক্রান্ত উপকরণ ও কাগজপত্র ছাড়া সকল ইলেকট্রনিক যন্ত্র নিষিদ্ধ করেছে কর্তৃপক্ষ পরীক্ষা চলাকালীন সময়ে পরীক্ষা কক্ষসহ পু্রো ক্যাম্পাস চার স্তর বিশিষ্ট নিরাপত্তা ব্যবস্থা ও ভ্রাম্যমান আদালত পরিচালিত হচ্ছে উল্লেখ্য এ নিয়ে চতুর্থ দিনের মতো ঢাবির ভর্তি পরীক্ষা রাবিতে অনুষ্ঠিত হচ্ছে আগামী ২৩শে অক্টোবর ঘ ইউনিটের পরীক্ষা এখানে অনুষ্ঠিত হবে,0
৪১তম ও ৪২তম বিসিএসের প্রিলিমিনারি পরীক্ষার তারিখ নির্ধারণ করেছে বাংলাদেশ সরকারি কর্ম কমিশন পিএসসি বুধবার বাংলাদেশ সরকারি কর্ম কমিশনের এক সভায় এ তারিখ নির্ধারণ করা হয় সভায় বলা হয় ৪১তম বিসিএসের প্রিলিমিনারি পরীক্ষা অনুষ্ঠিত হবে এ বছরের ১৯ মার্চ ও ২৬ ফেব্রুয়ারি অনুষ্ঠিত হবে ৪২তম বিসিএসের প্রিলিমিনারি পরীক্ষা ১৯ মার্চ শুক্রবার সকাল ১০টা থেকে দুপুর ১২টা পর্যন্ত ঢাকা চট্টগ্রাম খুলনা রাজশাহী সিলেট বরিশাল রংপুর ও ময়মনসিংহে একযোগে ৪১তম বিসিএসের প্রিলিমিনারি পরীক্ষা অনুষ্ঠিত হবে ৪২তম বিসিএসের প্রিলিমিনারি পরীক্ষাও বিকেল ৩ টা থেকে ৫টা পর্যন্ত অনুষ্ঠিত হবে এছাড়া দুই বিসিএস পরীক্ষার আসন ও বিস্তারিত তথ্য পরে পিএসসির ওয়েবসাইটে জানানো হবে ৪১তম বিসিএসে আবেদন করেছিলেন ৪ লাখ ৭৫ হাজার জন এ বিসিএসে ২ হাজার ১৬৬ জনকে নিয়োগ দেওয়া হবে বিশেষ ৪২তম বিসিএসে ৩১ হাজারের বেশি আবেদন জমা পড়েছে চিকিৎসকদের জন্য এ বিসিএসের আবেদন শুরু হয় গত বছরের ৭ ডিসেম্বর এবং শেষ হয় ২৭ ডিসেম্বর সন্ধ্যায় ৪২তম বিসিএসে সহকারী সার্জন হিসেবে ২ হাজার জনকে নিয়োগ দেওয়া হবে ৪২তম বিসিএসের বিজ্ঞপ্তিতে উল্লেখ করা হয় ৪২তম বিশেষ বিসিএসের বিশেষ এমসিকিউ টাইপ লিখিত পরীক্ষা আগামী ফেব্রুয়ারি মাসে অনুষ্ঠিত হতে পারে সুনির্দিষ্ট তারিখ ও সময় যথাসময়ে কমিশনের ওয়েবসাইট ও সংবাদমাধ্যমে প্রকাশ করা হবে ৪২ তম বিসিএস পরীক্ষার নম্বর বণ্টন পিএসসি বিজ্ঞপ্তিতে জানায় ৪২তম বিশেষ বিসিএসের জন্য পরীক্ষা হবে ৩০০ নম্বরের এর মধ্যে ২০০ নম্বরের প্রিলিমিনারি পরীক্ষা এমসিকিউ টাইপ হবে আর ১০০ নম্বরের হবে মৌখিক পরীক্ষা ২০০ নম্বরের পরীক্ষার জন্য প্রার্থীরা সময় পাবেন দুই ঘণ্টা প্রিলিমিনারিতে মেডিকেল সায়েন্স ১০০ বাংলা ২০ ইংরেজি ২০ বাংলাদেশ বিষয়াবলী ২০ আন্তর্জাতিক বিষয়াবলী ২০ মানসিক দক্ষতা ১০ ও গাণিতিক যুক্তির ১০ ওপর পরীক্ষা হবে পরীক্ষায় প্রতিটি শুদ্ধ উত্তরের জন্য প্রার্থী ১ নম্বর পাবেন তবে ভুল উত্তর দিলে প্রতিটি ভুল উত্তরের জন্য প্রাপ্ত মোট নম্বর থেকে দশমিক ৫০ নম্বর কাটা যাবে,1
দেশে প্রাণঘাতী মহামারী করোনা ভাইরাসে গত ২৪ ঘণ্টায় ৪ জনের মৃত্যু হয়েছে এ নিয়ে মোট প্রাণহানি হলো ২৮ হাজার ৭৬ জনের এ সময়ের মধ্যে নতুন করে কোভিড রোগী শনাক্ত হয়েছে ৩৭০ জন গত কয়েকদিন ধরেই ক্রমাগত বাড়ছিল কোভিড রোগী শনাক্তের সংখ্যা গত দুইদিনে শনাক্ত পাঁচশ ছাড়িয়ে গিয়েছিলো দেশে বৃহস্পতিবার করোনায় ৭ জন মারা যায় তাদের মধ্যে ৪ জন পুরুষ এবং ৩ জন নারী এই সংখ্যা এক মাসের বেশি সময় পর সর্বোচ্চ এর আগে গত ২৫ নভেম্বর ৯ জনের মৃত্যুর খবর দিয়েছিল স্বাস্থ্য অধিদপ্তর শুক্রবার স্বাস্থ্য অধিদপ্তরের বিজ্ঞপ্তিতে জানানো হয় ৮৫২টি ল্যাবে ২৪ ঘণ্টায় ১৫ হাজার ২১৪ জনের নমুনা পরীক্ষায় করোনা শনাক্ত হয়েছে ৩৭০ জনের এ নিয়ে মোট করোনা আক্রান্তের সংখ্যা দাঁড়ালো ১৫ লাখ ৮৫ হাজার ৯০৯ জনে এদিকে গত ২৪ ঘণ্টায় সুস্থ হয়েছেন আরো ২০৩ জন এ নিয়ে মোট সুস্থ ১৫ লাখ ৪৯ হাজার ৩০৪ জন পরীক্ষা বিবেচনায় শনাক্তের হার ২ দশমিক ৪৩ শতাংশ গতকাল শনাক্ত রোগীর সংখ্যা ১১ সপ্তাহের মধ্যে সর্বোচ্চ এর আগে সর্বশেষ ১৩ অক্টোবর এর চেয়ে বেশি রোগীর সংক্রমণ ধরা পড়েছিল সেদিন শনাক্ত হয়েছিল ৫১১ জন রোগী এরপর থেকে দৈনিক শনাক্ত রোগীর সংখ্যা পাঁচশর নিচেই ছিল বুধবার দৈনিক শনাক্ত পাঁচশর কাছাকাছি পৌঁছায় একদিন পরেও তা পাঁচশ ছাড়াল এর আগে সবশেষ ২৩ ডিসেম্বর ৩৮২ জন কোভিড রোগী শনাক্তের খবর এসেছিল গত ১১ ডিসেম্বর প্রথমবারের মতো দেশে করোনা ভাইরাসের নতুন ধরন ওমিক্রনের সংক্রমণ ধরা পড়ার খবর আসে এর আগে ২০১৯ সালের ডিসেম্বরে চীনের উহানে প্রথম করোনার সংক্রমণ দেখা দেয় কয়েক মাসের মধ্যে এই ভাইরাস বিশ্বজুড়ে ছড়িয়ে পড়ে বাংলাদেশে করোনা ভাইরাসের প্রথম সংক্রমণ ধরা পড়েছিল গত বছরের ৮ মার্চ ডেল্টা ভ্যারিয়েন্ট ছড়িয়ে পড়ায় চলতি বছর জুন থেকে রোগীর সংখ্যা হুহু করে বাড়তে থাকে ২৮ জুলাই একদিনে সর্বোচ্চ ১৬ হাজার ২৩ জনের করোনা শনাক্ত হয়েছিল চলতি বছর জুলাইঅগাস্টে পরিস্থিতি ভয়াবহ রূপ পায় ৫ অগাস্ট ও ১০ অগাস্ট ২৬৪ জন করে মৃত্যুর খবর আসে যা মহামারীর মধ্যে একদিনের সর্বোচ্চ সংখ্যা করোনা ভাইরাসের ডেল্টা ভ্যারিয়েন্টের সংক্রমণের ওই সময়টায় প্রতি পাঁচ দিনে মৃত্যুর তালিকায় ১ হাজার নতুন নাম যোগ হচ্ছিল সেপ্টেম্বর থেকে সংক্রমণ কমতে শুরু করলে মৃত্যুর গ্রাফও নেমে আসে শীতের শুরুতে ইউরোপআমেরিকায় নতুন করে সংক্রমণ ও মৃত্যুর বাড়ছে দক্ষিণ আফ্রিকায় শনাক্ত করোনা ভাইরাসের নতুন ধরন ওমিক্রন দ্রুত ছড়িয়ে পড়ছে বিভিন্ন দেশে তবে বাংলাদেশে পরিস্থিতি এখনো নিয়ন্ত্রণে,1
উইন্ডোজ ব্যবহারকারীদের উদ্দেশে নতুন বার্তা দিয়েছে সফটওয়্যার নির্মাতা মাইক্রোসফট আগামী ১৪ অক্টোবর থেকে উইন্ডোজ ১০ অপারেটিং সিস্টেমের জন্য সাপোর্ট বন্ধ করে দিচ্ছে প্রতিষ্ঠানটি আর সে কারণেই উইন্ডোজ ১০ ব্যবহারকারীদেরকে এবার উইন্ডোজ ১১ অপারেটিং সিস্টেমে আপগ্রেড করতে উৎসাহিত করছে মাইক্রোসফট মাইক্রোসফটের সাপোর্ট বন্ধ হওয়ার অর্থ হচ্ছে আগামী মঙ্গলবার ১৪ অক্টোবর থেকে উইন্ডোজ ১০ ডিভাইসগুলো নতুন করে আর নিরাপত্তা আপডেট সিকিউরিটি আপডেটস পাবে না ফলে নিরাপত্তা ঝুঁকির মধ্যে পড়বে উইন্ডোজ ১০ ডিভাইসগুলো বিশেষ করে সাইবার আক্রমণের শিকার হওয়ার সম্ভাবনা বেড়ে যাবে এই প্রেক্ষাপটে মাইক্রোসফট তাঁদের ব্যবহারকারীদেরকে বিনামূল্যে উইন্ডোজ ১১এ আপগ্রেড করার জন্য তাড়া দিচ্ছে তবে সকল কম্পিউটারেই এটি করা সম্ভব হবে না আমেরিকান কনজিউমার গ্রুপ পিআইআরজিএর সিনিয়র ডিরেক্টর নাথান প্রকটর বলেছেন যে উইন্ডোজ ১০এর সাপোর্ট বন্ধ হওয়ায় ভোক্তা যেমন ক্ষতিগ্রস্ত হবেন তেমনি উইন্ডোজ ইকোসিস্টেমের জন্যেও তা বিপর্যয় ডেকে আনবে উল্লেখ্য বিশ্বের সবচেয়ে জনপ্রিয় কম্পিউটার অপারেটিং সিস্টেম হচ্ছে উইন্ডোজ মাইক্রোসফটের তথ্য অনুযায়ী বিশ্বজুড়ে ১৪০ কোটিরও বেশি ১৪ বিলিয়নেরও বেশি ডিভাইসে ব্যবহৃত হয় এই অপারেটিং সিস্টেম স্ট্যাটকাউন্টার থেকে প্রাপ্ত তথ্য অনুসারে জুলাই ২০২৫ পর্যন্ত উইন্ডোজ ব্যবহারকারীদের ৪৩ শতাংশই ব্যবহার করছিল উইন্ডোজ ১০ এ থেকেই বোঝা যাচ্ছে উইন্ডোজ ব্যবহারকারীদের মাঝে কতটা জনপ্রিয় উইন্ডোজ ১০ অপারেটিং সিস্টেমটি সেপ্টেম্বরে চালানো একটি সমীক্ষা দেখা গেছে যে উইন্ডোজ ১০ ব্যবহারকারীদের প্রায় একচতুর্থাংশ মাইক্রোসফটের আনুষ্ঠানিক সাপোর্ট শেষ হওয়ার পরেও এর ব্যবহার চালিয়ে যাওয়ার পরিকল্পনা করছেন এই প্রেক্ষাপটে আরেকটি গুরুত্বপূর্ণ তথ্য হচ্ছে প্রায় সাতজনের মধ্যে একজন নতুন কম্পিউটার কেনার পরিকল্পনা করছেন ব্যবহারকারীদের করণীয় যারা এখনই উইন্ডোজ ১১এ যেতে চাইছেন না তাঁদের জন্য একটি রাস্তা অবশ্য খোলা রেখেছে মাইক্রোসফট আর তা হচ্ছে আগামী ১২ মাসের জন্য এক্সটেন্ডেড সিকিউরিটি আপডেট পেতে সাইনআপ করা অর্থাৎ ব্যবহারকারী চাইলে আরও এক বছরের জন্য নিরাপত্তা আপডেট পাবেন উইন্ডোজ ১০ অপারেটিং সিস্টেম সেজন্য অবশ্য সেটিংসে প্রাইভেসি এন্ড সিকিউরিটি বিভাগে গিয়ে এই সেবার জন্য সাইনআপ করতে হবে এই স্কিমে সাইনআপ করার মাধ্যমে গ্রাহকরা আগামী বছর অক্টোবর পর্যন্ত কেবলমাত্র সিকিউরিটি আপডেট পাবেন অন্য কোনো প্রকার টেকনিক্যাল সাপোর্ট নয় ইউরোপীয় অর্থনৈতিক অঞ্চলের বাসিন্দারা সাইনআপ করার মাধ্যমে এই সুবিধাটি বিনামূল্যে পাবেন অন্যান্য ব্যবহারকারীদের এই সুবিধাটি বিনামূল্যে পেতে চাইলে উইন্ডোজ ১০এর সর্বশেষ আপডেটেড সংস্করণটি ব্যবহার করতে হবে থাকতে হবে একটি মাইক্রোসফট অ্যাকাউন্ট এবং তাঁদের পিসি সেটিংসের ব্যাকআপ নিতে হবে তা না হলে এক্সটেন্ডেড সিকিউরিটি আপডেট ইএসইউএর জন্য এককালীন ৩০ ডলার ফি প্রদান করতে হবে অথবা ১ হাজার মাইক্রোসফট রিওয়ার্ডস পয়েন্ট থাকতে হবে উইন্ডোজ ১০ ব্যবহারকারী বাণিজ্যিক প্রতিষ্ঠানগুলোকে এক্সটেন্ডেড সিকিউরিটি আপডেট পেতে ডিভাইস প্রতি খরচ করতে হবে ৬১ ডলার অঞ্চলভেদে খরচে তারতম্য হতে পারে তবে মাইক্রোসফট চাইছে গ্রাহকরা এখনই বিনামূল্যে উইন্ডোজ ১১এ আপগ্রেড করুক অর্থাৎ উইন্ডোজ ১১ ব্যবহারের জন্য উপযুক্ত ডিভাইসগুলোতে উইন্ডোজ ১০ ব্যবহার করতে নিরুৎসাহিত করছে মাইক্রোসফট তবে উইন্ডোজ ১০এর বহুল ব্যবহার এবং জনপ্রিয়তার কথা বিবেচনা করে এক্সটেন্ডেড সিকিউরিটি আপডেটএর পথ খোলা রেখেছে প্রতিষ্ঠানটি উল্লেখ্য মাইক্রোসফট ২০১৫ সালে প্রকাশ করে উইন্ডোজ ১০ অপারেটিং সিস্টেমটি এর পর থেকে ব্যবহারকারীরা নিয়মিত এবং ঘন ঘন সফটওয়্যার আপডেট পেয়েছে উইন্ডোজ ১০এর জন্য নতুন আপডেটের মাধ্যমে মাইক্রোসফট ব্যবহারকারীদেরকে নতুন ফিচার অফার করেছে প্রয়োজনীয় পরিবর্তন এনেছে এবং বিভিন্ন সময় উদ্ভূত নিরাপত্তা ত্রুটি ও বাগ ঠিক করেছে,0
দাম বাড়লো এলপিজির বেসরকারি পর্যায়ে এলপিজির দাম প্রতিকেজি ৮৬ টাকা ৭ পয়সা ধরে ১২ কেজি সিলিন্ডারের দাম ১০৩৩ টাকা নির্ধারণ করা হয়েছে একই সঙ্গে বাড়ছে অটোগ্যাসের দামও অটোগ্যাসের দাম প্রতি লিটার ৫০৫৬ টাকা নির্ধারণ করা হয়েছে যা ১ সেপ্টেম্বর থেকে কার্যকর হবে আগস্ট মাসে বেসরকারি পর্যায়ে ১২ কেজি সিলিন্ডারের দাম ৯৯৩ টাকা নির্ধারণ করা হয় এর আগে জুলাই মাসে ছিল ৮৯১ টাকা এবং জুন মাসে ছিল ৮৪২ টাকা এদিকে প্রতি লিটার অটোগ্যাস আগস্টে ছিল ৪৮ টাকা ৭১ পয়সা জুলাইয়ে ছিল ৪৪ টাকা সে হিসেবে আগস্ট মাসের চেয়ে ১২ কেজি এলপিজি সিলিন্ডারের দাম বেড়েছে ৪০ টাকা ও অটোগ্যাসের দাম লিটার প্রতি বেড়েছে ২৩৯ টাকা মঙ্গলবার অনলাইনে এক সংবাদ সম্মেলনে ভোক্তা পর্যায়ে এলপিজির দামের এই ঘোষণা দেন এনার্জি রেগুলেটরি কমিশন বিইআরসি এ সময় বিইআরসির চেয়ারম্যান আব্দুল জলিল কমিশনের সদস্য মোহাম্মদ আবু ফারুক মকবুলই এলাহী বজলুর রহমান কামরুজ্জামান সচিব রুবিনা ফেরদৌসীসহ ঊর্ধ্বতন কর্মকর্তারা উপস্থিত ছিলেন সরকারি পর্যায়ে ১২ কেজি সিলিন্ডারের দাম আগের মতোই ৫৯১ টাকা থাকবে যেহেতু এই দামের সঙ্গে সৌদি সিপির কোনো সম্পর্ক নেই যা কমিশনের ওয়েবসাইটে পাওয়া যাবে রেটিকুলেটেড সিস্টেমে সরবরাহ করা এলপিজির দাম ভোক্তা পর্যায়ে মূসক ছাড়া প্রতিকেজি ৮৩ টাকা ৭৭ পয়সা অথবা লিটার হিসাবে প্রতি লিটার ০ দশমিক ১৮৬১ টাকা পুনর্নির্ধারণ করেছে কমিশন বিইআরসির চেয়ারম্যান জানান বিইআরসি আইনের অনুচ্ছেদ ক অনুযায়ী আগস্ট মাসে সৌদি আরামকো কর্তৃক প্রোপেন ও বিউটেনের ঘোষিত সৌদি সিপির দাম যথাক্রমে প্রতি মেট্রিক টন ৬৬০ ডলার এবং ৬৫৫ ডলার হয়েছে এ অনুযায়ী আগস্ট মাসে প্রোপেন ও বিউটেনের মিশ্রণ অনুপাত ৩৫৬৫ বিবেচনায় প্রোপেন ও বিউটেনের গড় সৌদি সিপি প্রতি মেট্রিক টন ৬৫৬৭৫ ডলার বিবেচনা করে এই দাম নির্ধারণ করা হয়েছে ১২ এপ্রিল প্রথমবারের মতো এলপিজির দাম নির্ধারণের ঘোষণা দেয় কমিশন,1
ঢাকা মেডিকেল কলেজ হাসপাতালের গাইনি বিভাগ থেকে এক নবজাতক চুরি হয়েছে মঙ্গলবার ৪ জুন বিকালে এ চুরির ঘটনা ঘটে পুলিশ বলছে সুখি বেগম নামের এক নারী আজ সকাল ৭টার দিকে যমজ কন্যাসন্তান জন্ম দেন দুধ খাওয়ানো ও সহযোগিতা করার কথা বলে এক নারী এক নবজাতককে চুরি করে নিয়ে যান ঢাকা মেডিকেল কলেজ পুলিশ ফাঁড়ির পরিদর্শক বাচ্চু মিয়া বলেন গতকাল সোমবার প্রসবের ব্যথা নিয়ে সুখি বেগমকে হাসপাতালে ভর্তি করা হয় আজ সকালে ওই নারী যমজ কন্যাসন্তানের জন্ম দেন পরে হাসপাতাল থেকে এক নারী কমলা রঙের ওড়না পরিহিত একটি বাচ্চা চুরি করে নিয়ে গেছেন ক্লোজ সার্কিট ক্যামেরা সিসিটিভি দেখে চোরকে গ্রেপ্তারের চেষ্টা চলছে পুলিশ সূত্র জানায় দুই নবজাতক তাদের দাদি হাসিনা বেগম ও বাবা শরিফুলের কাছে ছিল সহযোগিতা করার কথা বলে বাবার কাছ থেকে এক নারী বাচ্চাটিকে কোলে নেন কিছু সময় তার কাছে রাখেন এভাবে দাদি ও বাবার সঙ্গে সম্পর্ক গড়ে তোলেন একসময় তাদের চোখ ফাঁকি দিয়ে এক শিশুকে নিয়ে আনসারদের নিরাপত্তাবেষ্টনী পার হয়ে পালিয়ে যান চুরি হয়ে যাওয়া শিশুটির বাবা শরিফুল ইসলাম বলেন মহিলা ওয়ার্ডের গেটে এক নারীর সঙ্গে তার পরিচয় হয় পুরুষদের ওই ওয়ার্ডে যেতে দেওয়া হয় না এই সুযোগে ওই নারী বাচ্চাকে নিয়ে মায়ের কাছ থেকে দুধ খাওয়ানোর কথা বলে পালিয়ে যান সুখি কুষ্টিয়া জেলার কুমারখালী উপজেলার বাঁশগ্রামের বাসিন্দা তার স্বামী শরিফুল ইসলাম ট্রাকচালকের সহকারী বর্তমানে তারা ধামরাই কালামপুরে থাকেন,0
সেবা রপ্তানি ও ফ্রিল্যান্সারদের আয় দেশে আনা আরও সহজ করলো বাংলাদেশ ব্যাংক এখন থেকে সেবা রপ্তানিকারকরা আন্তর্জাতিক মার্কেট প্লাটফর্মের সঙ্গে মার্চেন্ট অ্যাকাউন্ট খুলতে পারবেন আবার অন্য দেশের লাইসেন্সপ্রাপ্ত পেমেন্ট গেটওয়েতে অনানুষ্ঠানিক হিসাব নোশনাল অ্যাকাউন্ট খোলার সুযোগ পাবেন সোমবার এ সংক্রান্ত একটি সার্কুলার জারি করে ব্যাংকগুলোতে পাঠায় বাংলাদেশ ব্যাংক সার্কুলারে বলা হয়েছে আন্তর্জাতিক মার্কেট প্লাটফর্ম কিংবা বিদেশি পেমেন্ট গেটওয়ের মাধ্যমে পাওয়া আয় প্রথমে বৈদেশিক মুদ্রা লেনদেনকারী ব্যাংকের নস্ট্রো হিসাবে জমা হবে এরপর ব্যাংক সেবা প্রদানকারী গ্রাহকের হিসাবে তা জমা করবে গ্রাহকের ব্যাংক অ্যাকাউন্টের পাশাপাশি স্থানীয় ডিজিটাল ওয়ালেটেও অর্থ জমা করা যাবে গ্রাহক চাইলে প্রযোজ্য অংশ ইআরকিউ হিসাবে জমা করতে পারবেন সব ক্ষেত্রে প্রয়োজনীয় কর পরিশোধের বিধান মেনে চলতে হবে আর সেবা রপ্তানির চার মাসের মধ্যে আয় দেশে আনার বিষয়টি নিশ্চিত করতে হবে এতে আরও বলা হয়েছে আন্তর্জাতিক মার্কেট প্লাটফর্ম বা পেমেন্ট গেটওয়েতে খোলা হিসাবের অর্থ আনার ক্ষেত্রে ব্যাংকগুলোকে কিছু শর্ত পরিপালন করতে হবে বিশেষ করে সেবা প্রদানকারীর আন্তর্জাতিক মার্কেট প্লাটফর্মের সঙ্গে পরিচালিত মার্চেন্ট হিসাব পরিচালনা এবং বিদেশস্থ লাইসেন্সপ্রাপ্ত পেমেন্ট সেবা প্রদানকারীর সঙ্গে তার নোশনাল হিসাব সম্পর্কে তথ্য নিতে হবে সেবা কার্যক্রম বিষয়ে তথ্য সংগ্রহসহ ঘোষণাপত্র নিতে হবে সেবার বিপরীতে পাওয়া আয় নির্ধারিত সময়ের মধ্যে আন্তর্জাতিক মার্কেট প্লাটফর্মের মাধ্যমে প্রত্যাবাসন কিংবা অনানুষ্ঠানিক হিসাবে জমার মাধ্যমে তাৎক্ষণিকভাবে তা দেশে আনার বিষয়ে গ্রাহক থেকে অঙ্গীকার নামা নিতে হবে কেন্দ্রীয় ব্যাংকের একজন কর্মকর্তা জানান ক্ষুদ্র পরিসরে সেবা খাতের আয় প্রত্যাবাসনের জন্য বাংলাদেশ ব্যাংক ২০১১ সালে এডি ব্যাংকগুলোকে বিদেশস্থ ওপিজিএসপির সঙ্গে সম্পর্ক স্থাপনের সুযোগ দেয় এখন নীতিমালা আরও সহজ করা হলো,0
করোনা সংক্রমণ রোধে সরকারি নির্দেশ মেনে অর্ধেক জনবল দিয়ে অফিস পরিচালনায় প্রস্তুতি নিচ্ছে সরকারি আধাসরকারি ও স্বায়ত্ত্বশাসিত বিভিন্ন প্রতিষ্ঠান সচিবালয়সহ সব প্রতিষ্ঠানে আগামীকাল থেকেই নির্দেশনা পুরোপুরি কার্যকর হবে বলে জানিয়েছেন কর্মকর্তারা সোমবার সকাল থেকে সচিবালয়সহ বিভিন্ন অফিস ঘুরে দেখা যায় অধিকাংশ প্রতিষ্ঠানে আজও পূর্ণ জনবল রয়েছে তারা জানান গতকাল বিকেলে প্রজ্ঞাপন হওয়ায় কর্মকর্তা কর্মচারীদের অনেকেই তা জানেন না তাছাড়া অর্ধেক জনবল দিয়ে অফিস পরিচালনার সিডিউলও প্রস্তুত ছিলনা ফলে আজও সবাই অফিস করছে প্রস্তুতি শেষে আগামীকাল থেকে পুরোপুরি সরকারি নির্দেশনা মেনে চলা হবে এদিকে সকালেই সুপ্রিম কোর্ট থেকে এক বিজ্ঞপ্তি দিয়ে জানানো হয় ৬ ফেব্রুয়ারি পর্যন্ত সকল বিচারিক আদলত অর্ধেক জনবল দিয়ে পরিচালিত হবে এছাড়া আজ অর্ধেক জনবল নিয়ে সকল ব্যাংকিং কার্যক্রম পরিচালনা করার নির্দেশ দিয়ে প্রজ্ঞাপন দিয়েছে বাংলাদেশ ব্যাংক বাংলাদেশ ব্যাংকের মহাব্যবস্থাপক মো আনোয়ারুল ইসলাম স্বাক্ষরিত চিঠিতে বলা হয় স্বাস্থ্যবিধি অনুসরণ করে পালাক্রমে রোস্টারিং অর্ধেক কর্মকর্তাকর্মচারী নিয়ে ব্যাংকিং কার্যক্রম পরিচালনা করতে হবে তবে এ সময় অন্যান্য কর্মকর্তাকর্মচারীরা নিজ কর্মস্থল এলাকায় অবস্থান করে দাপ্তরিক কার্যক্রম ভার্চ্যুয়ালি সম্পন্ন করবেন তবে আবশ্যকীয় ব্যাংকিং সেবা অব্যাহত রাখার ক্ষেত্রে প্রয়োজন অনুসারে নিজ বিবেচনায় সংশ্লিষ্ট প্রতিষ্ঠান সিদ্ধান্ত নিতে পারবে বলে জানানো হয় নির্দেশনায় এ ছাড়া ব্যাংকে সেবা নিতে আসা গ্রাহকদের আবশ্যিকভাবে মাস্ক পরাসহ অন্যান্য স্বাস্থ্যবিধি যথাযথভাবে মানারও নির্দেশ দেয়া হয়েছে চিঠিতে এর আগে গতকাল বাংলাদেশ ব্যাংক থেকে পাঠানো অপর এক নির্দেশনায় ব্যাংকে কর্মরত কর্মকর্তাকর্মচারীদের টিকা সনদ গ্রহণের নির্দেশ দেয়া হয় এদিকে করোনাভাইরাসের সংক্রমণ দ্রুত বাড়তে থাকায় ইতোমধ্যে দেশের সব স্কুল কলেজ ৬ ফেব্রুয়ারি পর্যন্ত বন্ধ ঘোষণা করেছে সরকার গত ২১ জানুয়ারি বিশ্ববিদ্যালয়গুলোকেও একই ব্যবস্থা নিতে নির্দেশ দিয়ে একটি প্রজ্ঞাপন জারি করে মন্ত্রিপরিষদ বিভাগ সেখানে বলা হয়েছে কোনো সামাজিক রাজনৈতিক ধর্মীয় রাষ্ট্রীয় অনুষ্ঠানে একশ জনের বেশি মানুষের সমাবেশ করা যাবে না এসব ক্ষেত্রে যারা যোগ দেবেন তাদের অবশ্যই টিকা সনদ অথবা ২৪ ঘণ্টার মধ্যে করা পিসিআরে কোভিড টেস্টের রিপোর্ট দেখাতে হবে সরকারি বেসরকারি অফিস এবং শিল্প কারখানায় কর্মকর্তাকর্মচারীদের টিকা সনদ নিতে হবে সংশ্লিষ্ট কর্তৃপক্ষকে বিষয়টি নিশ্চিত করতে হবে এর আগে ওমিক্রনের বিস্তার রোধে সরকার ১১ দফা বিধিনিষেধ জারি করে যা ১৩ জানুয়ারি থেকে কার্যকর করার ঘোষণা দেয় অর্ধেক যাত্রী নিয়ে বাস ও ট্রেন চালানোর পাশাপাশি উন্মুক্ত স্থানে সামাজিক রাজনৈতিক ও ধর্মীয় জমায়েতে নিষেধাজ্ঞা দেয়া হয় পাশাপাশি রেস্তোরাঁয় বসে খাওয়ার ক্ষেত্রে কোভিড টিকার সনদ থাকা বাধ্যতামূলক করা হয় এবং টিকা সনদ ছাড়া ১২ বছরের বেশি বয়সী শিক্ষার্থীদের শিক্ষা প্রতিষ্ঠানে যেতে নিষেধ করেছিল,1
বড় ধরনের সুখবর পেলেন মার্কিন প্রেসিডেন্ট জো বাইডেন দেশটির প্রেসিডেন্ট নির্বাচনের সাত মাস আগেই কয়েকটি ব্যাটলগ্রাউন্ড অঙ্গরাজ্যে বা সুইং স্টেটে প্রতিদ্বন্দ্বী ডোনাল্ড ট্রাম্পকে ধরে ফেলছেন বাইডেন গত মঙ্গলবার মার্কিন গবেষণা প্রতিষ্ঠান মর্নিং কনসাল্ট ও গণমাধ্যম ব্লুমবার্গ নিউজের এক জরিপে বাইডেন এ সুখবর পান কোনো নির্বাচনের আগে পরিচালিত বিভিন্ন জরিপে যদি দেখা যায় কোনো অঙ্গরাজ্যে দুই দলের কেউই সুস্পষ্ট ফেবারিট নন তখন সেই অঙ্গরাজ্যকে সুইং স্টেট হিসেবে চিহ্নিত করা হয় এদিকে বাইডেনের এগিয়ে থাকার খবরে ডেমোক্র্যাট দলের একজন শীর্ষ নেতা বলেছেন বাইডেনের আচমকা ধাক্কা জরিপের তথ্য অনুযায়ী চার মাস আগে উইসকনসিন অঙ্গরাজ্যে ট্রাম্পের চেয়ে পিছিয়ে ছিলেন বাইডেন সেখানে তিনি এখন এক পয়েন্টে এগিয়ে রয়েছেন পেনসিলভানিয়ায় দুজনের পয়েন্ট সমান সমান গত মাসে এখানে ট্রাম্প ছয় পয়েন্টে এগিয়ে ছিলেন মিশিগানে দুজনের পয়েন্ট সমান সমান আগামী নভেম্বরে মার্কিন প্রেসিডেন্ট নির্বাচনে অন্যান্য অঙ্গরাজ্যে ভোটের ওপর দুজনের ভাগ্য নির্ধারিত হবে এর মধ্যে ট্রাম্প অ্যারিজোনা জর্জিয়া নেভাদা ও নর্থ ক্যারোলাইনায় এগিয়ে ছিলেন কিন্তু এর মধ্যে কেবল জর্জিয়াতেই এখন আগের তুলনায় কেবল এগিয়েছেন ট্রাম্প মঙ্গলবার নর্থ ক্যারোলাইনায় নির্বাচনী প্রচার চালান বাইডেন এদিকে নির্বাচনী তহবিল সংগ্রহে বাইডেনের চেয়ে পিছিয়ে থাকলেও এখন ট্রাম্পের নির্বাচনী প্রচারের কোনো সময় নির্ধারণ করা হয়নি এর মধ্যে গত সোমবার ট্রাম্প নিউইয়র্কের আদালতে হাজির হন সেখানে তাঁর দুটি মামলায় শুনানি হয়েছে এর মধ্যে একটি ফৌজদারি মামলা আরেকটি জালিয়াতির মামলা এর আগে ২০১৬ সালে প্রেসিডেন্ট নির্বাচনের প্রাক্কালে এক পর্নো তারকাকে ঘুষ দিয়ে মুখ বন্ধ করার অভিযোগ উঠেছে তাঁর বিরুদ্ধে অবশ্য ট্রাম্প তাঁর বিরুদ্ধে আনা ৩৪টি অভিযোগের সব কটিই অস্বীকার করেছেন সাবেক এই প্রেসিডেন্টের যুক্তি তাঁর বিরুদ্ধে আনা অভিযোগ অপরাধের পর্যায়ে পড়ে না ওই মামলায় আগামী ১৫ এপ্রিল তাঁর বিচার শুরু হবে বিবাদীপক্ষের সময়ের আবেদন নাকচ করে দিয়ে বিচারপতি জুয়ান মার্চান সোমবার এই দিন ধার্য করেছেন ট্রাম্পের বিরুদ্ধে চারটি ফৌজদারি মামলা হয়েছে তবে নভেম্বরের প্রেসিডেন্ট নির্বাচনের আগে সম্ভবত একমাত্র এই মামলায় আদালতকক্ষে হাজির হতে হচ্ছে রিপাবলিকান পার্টির সম্ভাব্য এই প্রার্থীকে একই দিন প্রতারণার এক মামলায় শেষ মুহূর্তে ট্রাম্পের বন্ডের পরিমাণ ৪৬ কোটি ৪০ লাখ ডলার থেকে কমিয়ে ১৭ কোটি ৫০ লাখ করেছেন নিউইয়র্কের আরেকটি আদালত বন্ডের এই অর্থ জমা দিতে তাঁকে ১০ দিন সময় দেওয়া হয়েছে ট্রাম্পের বিরুদ্ধে নির্বাচনী বিদ্রোহের সঙ্গে সম্পর্কিত ১৪টি ফৌজদারি অভিযোগ এবং গোপনীয় তথ্য কাছে রাখার কারণে ৪০টি অপরাধের অভিযোগ রয়েছে এ ছাড়া ধর্ষণ ও মানহানির মামলায় ট্রাম্প ৯ কোটি ২০ লাখ মার্কিন ডলার বন্ড জমা দিয়েছেন সোমবার বাইডেনের প্রচারশিবিরের একজন মুখপাত্র ট্রাম্পকে ব্যক্তি ও প্রেসিডেন্ট প্রার্থী হিসেবে দুর্বল ও মরিয়া বলে উল্লেখ করেন তিনি বলেন ট্রাম্পের প্রচারশিবির থেকে নির্বাচনী তহবিল সংগ্রহ করা যাবে না ট্রাম্প তাঁর কাউন্ট্রি ক্লাবের বাইরে নির্বাচনে প্রচারে আগ্রহী নন প্রতিবার যখন তিনি মুখ খোলেন তখনই তিনি মধ্যপন্থী এবং শহরতলির ভোটারদের তাঁর বিপজ্জনক অ্যাজেন্ডা থেকে দূরে সরিয়ে দেন ব্লুমবার্গ ও মর্নিং কনসাল্টের জরিপের বিষয়ে বাইডেনের প্রচারশিবির থেকে কোনো মন্তব্য করা হয়নি ট্রাম্পের প্রচারশিবিরের মুখপাত্র জ্যাসন মিলার বলেন সাতটি সুইং স্টেটে ট্রাম্প ৪৭ থেকে ৪৩ শতাংশ এগিয়ে রয়েছেন বারবার জরিপে দেখা গেছে ভোটাররা বাইডেনের নিষ্পেষণ করা মূল্যস্ফীতি দক্ষিণ সীমান্ত ব্যবস্থাপনায় ফাঁক রাখা ও শিল্পকে ধ্বংস করার মতো বৈদ্যুতিক গাড়ি নিয়ে নীতির বিষয়ে বিব্রত বাইডেন হয়তো রিপাবলিকান প্রাইমারিতে ট্রাম্পের প্রতিদ্বন্দ্বী নিকি হ্যালিকে নিয়ে আশায় ছিলেন ট্রাম্পের বিরুদ্ধে বিষোদ্গার করা হ্যালি হয়তো ট্রাম্পকে সমর্থন করবে না বলে ভেবেছিল ডেমোক্র্যাট শিবির কিন্তু সে আশায় গুড়ে বালি নিকি হ্যালির প্রতি ইতিবাচক মনোভাব রাখা ভোটাররাও এখন ট্রাম্পের দিকে ঝুঁকে পড়তে পারেন কিন্তু মত বদলেছেন নিকি হ্যালি ট্রাম্পকে শেষ পর্যন্ত চ্যালেঞ্জে রাখা নিকি বলেছেন আগামী নভেম্বরের নির্বাচনে তিনি ট্রাম্পকেই সমর্থন দেবেন বাইডেনের জন্য ইতিবাচক দিক হচ্ছে দেশের অর্থনৈতিক পরিস্থিতির উন্নতি এ ছাড়া বাইডেন সম্প্রতি তাঁর স্টেট অব দ্য ইউনিয়ন ভাষণে ট্রাম্পের সঙ্গে লড়াই করার ঘোষণা দেন এ মাসের শুরুতে বাইডেন তাঁর ভাষণে যুক্তরাষ্ট্রের সাবেক প্রেসিডেন্ট ডোনাল্ড ট্রাম্পকে গণতন্ত্রের জন্য হুমকি হিসেবে উল্লেখ করেন সেখানে সরাসরি ট্রাম্পের নাম উল্লেখ না করে বাইডেন অভিযোগ করেন ট্রাম্প ও তাঁর দল রিপাবলিকান পার্টির সমর্থকেরা ২০২১ সালের ৬ জানুয়ারি মার্কিন ইতিহাস বদলে দেওয়ার চেষ্টা করেছিলেন ২০২০ সালের প্রেসিডেন্ট নির্বাচনে বাইডেনের জয়ের পর সেদিন যুক্তরাষ্ট্রের পার্লামেন্ট ভবন ক্যাপিটলে হামলাভাঙচুর চালান ট্রাম্পের সমর্থকেরা ডেমোক্র্যাট কৌশলবিদ ও রাজনৈতিক ধারাভাষ্যকার সাইমন রোজেনবার্গ বলেন নির্বাচন এখন স্পষ্টভাবে পরিবর্তিত হচ্ছে এবং তা বাইডেনের দিকে এগিয়ে যাচ্ছে সাম্প্রতিক ১০টি জাতীয় জরিপে বাইডেনকে এগিয়ে থাকতে দেখা গেছে ইকোনমিস্টএর জরিপে তিনি এখন এগিয়ে হ্যারিসের জরিপে বাইডেনকে এগোতে দেখা গেছে এখন ব্লুমবার্গ ও মর্নিং কনসাল্টের জরিপেও বাইডেনের এগিয়ে যাওয়ার চিত্র সামনে এল বাইডেনের ধাক্কা এখন বাস্তব মনে হচ্ছে ব্লুমবার্গ ও মর্নিং কনসাল্টের জরিপে অংশ নেওয়া বাইডেনের অর্ধেকের বেশি ভোটার বলেছেন তাঁরা ট্রাম্পকে প্রেসিডেন্ট হওয়া ঠেকানোর বিষয়ে প্রত্যয়ী মর্নিং কনসাল্টের মার্কিন রাজনীতি বিশ্লেষক এলি ইয়োকলে বলেন নেতিবাচক শক্তি মানুষকে অনুপ্রাণিত করে ২০২০ সালের নির্বাচনী প্রচারের সময় একটি নেতিবাচক শক্তি বাইডেনের প্রচারকে শক্তি জুগিয়েছিল আজকে বাইডেনকে যাঁরা সমর্থন করছেন তাঁরাই ওই নেতিবাচক শক্তি প্রকাশ করেছিলেন,1
বন্যা নিয়ন্ত্রণ সেচ এবং পানি ব্যবস্থাপনার উন্নয়নে এশীয় উন্নয়ন ব্যাংক এডিবি বাংলাদেশকে ৭১ মিলিয়ন মার্কিন ডলারের ঋণ সহায়তা দেবে এই সহায়তা গোপালগঞ্জ ও মাদারীপুর জেলার গ্রামীণ জনগোষ্ঠীর জলবায়ু পরিবর্তনজনিত প্রভাব মোকাবিলার প্রস্তুতি গ্রহণকে জোরদার করবে এ লক্ষ্যে আজ শনিবার ২০ এপ্রিল ঢাকায় অর্থনৈতিক সম্পর্ক বিভাগ ইআরডি ও এডিবির মধ্যে একটি ঋণচুক্তি সই হয়েছে ইআরডি সচিব মো শাহরিয়ার কাদের সিদ্দিকী বাংলাদেশের পক্ষে এবং এডিবির আবাসিক প্রধান এডিমন গিনটিং এডিবির পক্ষে চুক্তিতে সই করেন এডিমন গিনটিং বলেন এই প্রকল্পটি জলবায়ু পরিবর্তন মোকাবিলায় বাংলাদেশকে সাহায্য করার ক্ষেত্রে এডিবির প্রতিশ্রুতির প্রতিফলন ঘটাবে কেননা এর মাধ্যমে বন্যা নিয়ন্ত্রণ এবং পানি ব্যবস্থাপনার অনেক উন্নতি হবে যা প্রধানত জলবায়ুর চ্যালেঞ্জ মোকাবিলায় সাহায্য করবে,0
সৌদি প্রো লিগে উড়ছিল আল নাসর টানা ১০ জয়ের পর অবশেষে তাদের জয়রথ থামাল আল ইত্তিফাক গতকাল রাতে প্রতিপক্ষের মাঠে ২২ গোলে ড্র করেছে ক্রিস্টিয়ানো রোনালদোর দল তবে ম্যাচের স্কোরলাইনের চেয়েও এখন ফুটবলদুনিয়ায় বেশি আলোচনা রোনালদোর ক্যারিয়ারের ৯৫৭ নম্বর গোলটি নিয়ে কেন কারণ গোলটি তিনি পা বা মাথা দিয়ে নয় আক্ষরিক অর্থেই করেছেন কোমর দিয়ে ম্যাচের শুরুটা অবশ্য আল নাসরের জন্য সুখকর ছিল না ১৬ মিনিটেই সাবেক লিভারপুল তারকা জর্জিনিও উইনালদামের গোলে পিছিয়ে পড়ে তারা বিরতির ঠিক পরেই ৪৭ মিনিটে আল নাসরকে সমতায় ফেরান জোয়াও ফেলিক্স এরপরই আসে সেই মুহূর্তম্যাচের ৬৭ মিনিটে রোনালদোর সেই অদ্ভুত গোল গোলটি করতে রোনালদোকে আসলে খুব একটা কসরত করতে হয়নি ফেলিক্সের নেওয়া জোরালো শট রোনালদোর পিঠ বা কোমরের নিচের অংশে লেগে দিক পরিবর্তন করে জালে জড়ায় ভাগ্য সহায় থাকলে যা হয় আরকি বল জালে জড়ানো মাত্রই সিআর সেভেনের সেই চিরচেনা সিউউউ উদ্যাপন তিন কারণে রোনালদো এখনো অপরিহার্য বললেন পর্তুগাল কোচ তবে ভাগ্যের জোরে পাওয়া লিডটা শেষ পর্যন্ত ধরে রাখতে পারেনি আল নাসর ৮০ মিনিটে নিজের দ্বিতীয় গোল করে ইত্তিফাককে সমতায় ফেরান উইনালদাম শেষ পর্যন্ত পয়েন্ট ভাগাভাগি করেই মাঠ ছাড়তে হয় দুই দলকে ম্যাচ জিততে না পারলেও তালিকার শীর্ষ স্থানটা এখনো আল নাসরের দখলেই ১১ ম্যাচে ১০ জয় আর ১ ড্রয়ে ৩১ পয়েন্ট নিয়ে সবার ওপরে তারা বছরটা এমন এক গোল দিয়ে শেষ করে সামাজিক যোগাযোগমাধ্যমে রোনালদো লিখেছেন আমরা সঠিক পথেই আছি এবং জানি ২০২৬ সালে আমাদের কী করতে হবে এদিকে রোনালদোর এই কোমরকাব্য নিয়ে ইন্টারনেটদুনিয়ায় বইছে হাস্যরসের জোয়ার এক ভক্ত তো রোনালদোর কৃতিত্ব দিতে গিয়ে লিখেছেন গোট  চাইলে শরীরের যেকোনো অঙ্গ দিয়েই গোল করতে পারেন,0
জাতীয় নাগরিক পার্টি এনসিপি থেকে পদত্যাগ করে ঢাকা৯ আসনে স্বতন্ত্র প্রার্থী হিসেবে নির্বাচনে অংশ নেবেন তাসনিম জারা প্রার্থী হওয়ার জন্য তাঁর নির্বাচনী এলাকার ১ শতাংশ ভোটারের স্বাক্ষর প্রয়োজন এই সংখ্যা প্রায় পাঁচ হাজার এ লক্ষ্যে আজ রোববার সকাল থেকে স্বাক্ষর সংগ্রহ কার্যক্রম শুরু করেছেন তাসনিম জারা এক দিনেই প্রায় তিন হাজার ভোটারের স্বাক্ষর সংগ্রহ হয়েছে বলে জানিয়েছেন তিনি তাসনিম জারা নিজের ভেরিফায়েড ফেসবুক পেজে আজ রোববার রাত সাড়ে নয়টার দিকে এক পোস্টে বলেছেন আমরা সকাল থেকে আপনাদের স্বাক্ষর সংগ্রহ করছি এখন পর্যন্ত প্রায় ৩ হাজার স্বাক্ষর সংগ্রহ করা হয়েছে আমাদের লক্ষ্যে পৌঁছাতে হলে ৫ হাজার স্বাক্ষর সংগ্রহ করতে হবে স্বাক্ষর সংগ্রহে স্বেচ্ছাসেবকদের ভূমিকার কথা উল্লেখ করে তাসনিম জারা বলেন মাহি সাগরিকা ও রাফির মতো ইনোভেটিভ উদ্ভাবনী বুদ্ধিসম্পন্ন স্বেচ্ছাসেবকেরা আমাদের কাছ থেকে ফর্ম নিয়ে অল্প সময়ের মধ্যে ১০২০টি করে স্বাক্ষর সংগ্রহ করে ফেরত দিচ্ছেন ঢাকা৯ সংসদীয় আসন থেকে স্বতন্ত্র প্রার্থী হিসেবে নির্বাচনে অংশ নিতে এক দিনেই প্রায় তিন হাজার ভোটারের স্বাক্ষর সংগ্রহ করেছেন তাসনিম জারা ২৮ ডিসেম্বর ২০২৫ ঢাকা৯ সংসদীয় আসন থেকে স্বতন্ত্র প্রার্থী হিসেবে নির্বাচনে অংশ নিতে এক দিনেই প্রায় তিন হাজার ভোটারের স্বাক্ষর সংগ্রহ করেছেন তাসনিম জারা ২৮ ডিসেম্বর ২০২৫ছবি তাসনিম জারার ফেসবুক পেজ থেকে নেওয়া তাসনিম জারার জন্য এ কার্যক্রমে অংশ নিতে আগ্রহীদের জন্য দিকনির্দেশনাও দেওয়া হয়েছে ভোটারদের কাছ থেকে স্বাক্ষর সংগ্রহের সময় ফর্মের প্রথম পাতায় নাম ঠিকানা ও স্বাক্ষর নেওয়ার কথা বলা হয়েছে তবে ক্রমিক নম্বর ও ভোটার নম্বরের কলাম ফাঁকা রাখতে হবে দ্বিতীয় পাতায় একই ব্যক্তির নাম পুনরায় লিখে ভোটার আইডি নম্বর উল্লেখ করতে হবে নির্ধারিত নিয়ম না মানলে ফর্ম বাতিল হওয়ার আশঙ্কা রয়েছে বলে জানানো হয়েছে সংগ্রহ করা ফর্ম জমা দেওয়ার জন্য ঢাকা৯ আসনের দুটি স্থানে বুথ স্থাপন করা হয়েছে একটি বুথ খিলগাঁও তালতলা মার্কেটসংলগ্ন ন্যাশনাল আইডিয়াল কলেজের বিপরীতে এবং অন্যটি বাসাবো বালুর মাঠ এলাকায় গত শনিবার সন্ধ্যায় এক ফেসবুক পোস্টে জাতীয় নাগরিক পার্টি এনসিপি থেকে পদত্যাগের পর ঢাকা৯ আসন থেকে স্বতন্ত্র প্রার্থী হিসেবে নির্বাচনে অংশ নেওয়ার ঘোষণা দেন তাসনিম জারা জামায়াতে ইসলামীর সঙ্গে এনসিপির নির্বাচনী সমঝোতার প্রেক্ষাপটে তিনি এই সিদ্ধান্ত নেন,1
অভিবাসন খরচ ছাড়াই ৫ বছরে ২০ হাজার কর্মী নেবে গ্রিস বাংলাদেশের সাথে ৫ বছরের চুক্তি করেছে দেশটি এছাড়াও সেখানে অবৈধভাবে থাকা ১৫ হাজার বাংলাদেশিকে বৈধতা ও কাজের সুযোগ দেবে ইউরোপের দেশটি সকালে প্রবাসীকল্যাণ মন্ত্রণালয়ে দুই দেশের মধ্যে এই চুক্তি স্বাক্ষর হয়েছে বিশ্বের অন্যতম প্রাচীন সভ্যতার দেশ গ্রীস যেখানে ১ কোটির কিছু বেশি লোকের বাস এখানকার অর্থনীতি মূলত পরিষেবা ও পর্যটন খাত নির্ভর দেশটির জাতীয় অর্থনীতির মাত্র ৩ শতাংশ আসে কৃষিখাত থেকে তাই কৃষি সম্প্রসারণের লক্ষ্যে এ খাতে কর্মী নিতে বাংলাদেশের সাথে চুক্তি করেছে গ্রীস প্রবাসী কল্যাণ মন্ত্রণালয়ে বুধবার সকালে গ্রীসের অভিবাসন মন্ত্রী ও প্রবাসী কল্যাণ মন্ত্রীর মধ্যে এ সংক্রান্ত কর্মী চুক্তি স্বাক্ষর হয় নতুন স্বাক্ষরিত চুক্তি অনুসারে শুণ্য অভিবাসন ব্যয়ে প্রতিবছর ৪ হাজার দক্ষ কর্মী নেবে গ্রীস এছাড়া সেদেশে অবস্থান করা ১৫ হাজার বাংলাদেশিদের যাচাই বাছাই শেষে কর্মসংস্থানেরও সুযোগ দেয়া হবে এদিকে কি প্রক্রিয়ায় কর্মী যাবে তা দুই দেশের কারিগরি কমিটি নির্ধারণ করবে তবে কর্মীদের প্রশিক্ষণ ও দক্ষতার বিষয়টিকেই গুরুত্ব দেয়ার কথা জানিয়েছে মন্ত্রণালয় গ্রীসের অভিবাসন ও শরণার্থী বিষয়ক মন্ত্রী পেনাগিওটিস মিতারাচি জানান অবৈধ উপায়ে নয় বৈধভাবেও কাজ নিয়ে গ্রীসে যাওয়ার সুযোগ আছে এই বার্তা দিতে চায় দেশটি মূলত ইউরোপের দেশগুলোর মধ্যে গ্রীসের সাথেই শ্রমবাজার ইস্যুতে প্রথম চুক্তি করলো বাংলাদেশ তবে অবৈধ অভিবাসীদের বিষয়ে এপ্রিলে দেশটির পালার্মেন্টে আইন পাশের পর এ কার্যক্রম শুরু হবে,1
গত ১৫ আগস্ট রাজধানী কাবুল দখলের মাধ্যমে আফগানিস্তানের নিয়ন্ত্রণ নিয়ে নেয় তালেবান এর মধ্য দিয়ে দীর্ঘ ২০ বছর দেশটির ক্ষমতায় আসীন হয় বিদ্রোহী গোষ্ঠীটি কাবুল দখলের ১৫ দিনের মাথায় সোমবার আফগানিস্তানে চূড়ান্তভাবে শেষ হয় মার্কিন অধ্যায় ৩১ আগস্ট পর্যন্ত সময়সীমা থাকলেও স্থানীয় সময় ৩০ আগস্ট সোমবার বিকাল সাড়ে ৩টায় সব শেষ মার্কিন বিমান ছেড়ে যায় কাবুল বিমানবন্দর ফলে নির্ধারিত সময়ের আগেই আফগানিস্তান অভিযানের আনুষ্ঠানিক সমাপ্তি ঘোষণা করল যুক্তরাষ্ট্র এরমধ্য দিয়ে শেষ হয় দেশটিতে আমেরিকার দীর্ঘ ২০ বছরের সামরিক অভিযান সন্ত্রাসবাদের বিরুদ্ধে লড়াইয়ের দোহাই দিয়ে ২০০১ সালের ৭ অক্টোবর আফগানিস্তানে হামলা শুরু করে আমেরিকা হামলা শুরুর কয়েক ঘণ্টা পর পেন্টাগনে হাজির হন তৎকালীন প্রেসিডেন্ট জর্জ ডব্লিউ বুশ সামরিক কর্মকর্তাদের উদ্দেশে তিনি বললেন সামনের মাসগুলোতে ধৈর্য আমাদের শক্তিগুলোর মধ্যে একটি হবে কঠোর নিরাপত্তার জন্য লাগবে দীর্ঘ অপেক্ষার সাথে ধৈর্য আমাদের লক্ষ্য অর্জনের জন্য ধৈর্য ও বোঝাপড়া লাগবে সব আত্মত্যাগের ধৈর্যের মাধ্যমে কাঙ্খিত ফল আসবে প্রেসিডেন্ট জুনিয়র বুশের সেই ভাষণের পর ২০ বছর পেরিয়ে গেছে গত দুই দশকে আমেরিকা ধৈর্য ধরেছে ত্যাগও করেছে তবে সেই কাঙ্ক্ষিত ফল আসেনি শূন্য হাতেই তাদেরকে ছাড়তে হল আফগানিস্তানের মাটি হামলার তিন মাসের মাথায় তালেবান সরকারের পতন ঘটে আফগানিস্তানের ক্ষমতায় বসে পশ্চিমা সমর্থিত হামিদ কারজাইয়ের সরকার কাবুল কবজায় মহাখুশি বুশ জুনিয়র ২০০২ সালের এপ্রিলে ঘোষণা দিলেন আফগানিস্তান পুনর্গঠনের সেরা বাসস্থান হিসেবে আফগানিস্তানকে গড়ে তোলার প্রত্যয় ব্যক্ত করলেন তিনি পরের বছর তিনি ঘোষণা করলেন তালেবানকে খতম করার যে মিশন ছিল তা অর্জিত হয়েছে তবে বুশ জুনিয়রের সেই ঘোষণা যে পুরোপুরি মিথ্যা ছিল তা প্রমাণ করতে যেন কয়েক বছরের মাথায় আফগানিস্তানের প্রত্যন্ত এলাকাগুলোতে হামলা শুরু করে তালেবান তালেবানকে দমন করতে ২০১০ সাল নাগাদ আফগানিস্তানের মাটিতে ১ লাখ মার্কিন সেনা উপস্থিত বছরের পর বছর মার্কিন সেনাদের হতাহতের ঘটনায় আমেরিকার নাগরিকদের মধ্যে যুদ্ধবিরোধী মনোভাব তৈরি হয়ে গেছে বলে বিভিন্ন জরিপে প্রকাশ পেতে শুরু করে মার্কিন প্রশাসনও ততদিনে বুঝতে শুরু করেছে আফগানিস্তানে হয়তো তারা সুবিধা করতে পারবে না ২০১১ সালে প্রেসিডেন্ট বারাক ওবামা ৩০ হাজার মার্কিন সেনা দেশে ফিরিয়ে আনার ঘোষণা দিলেন দিন যতো গড়াচ্ছে আমেরিকার ক্ষতির বোঝা ততই বাড়ছে ২০১৪ সালে এসে ওবামা সব সেনা প্রত্যাহারের পরিকল্পনা ঘোষণা করলেন তবে যতো সহজে আফগানিস্তানে প্রবেশ করেছিল বের হওয়াটা ততোটা সহজ ছিল না যুক্তরাষ্ট্রের জন্য আফগানিস্তানের রাজনৈতিক ও নিরাপত্তা পরিস্থিতি ক্রমেই জটিল হওয়ায় শেষ পর্যন্ত ওবামার পরিকল্পনা বাস্তবায়িত হয়নি তবে ওবামা আমলেও ধাপে ধাপে দেশে ফিরিয়ে নেওয়া হয় মার্কিন সেনাদের ২০১৮ সালে এসে তালেবান তাদের পূর্ণ অস্তিত্ব জানান দিল কাবুলে গোষ্ঠটির হামলায় নিহত হয় ১১৫ জন তালেবানকে প্রশ্রয় দেওয়ার অভিযোগ তুলে দীর্ঘদিনের মিত্র পাকিস্তানের জন্য বরাদ্দ নিরাপত্তা সহায়তা বন্ধ করে দেন প্রেসিডেন্ট ডোনাল্ড ট্রাম্প ওই বছরই মার্কিন সেনা প্রত্যাহারের শর্তে দোহায় যুক্তরাষ্ট্রের প্রতিনিধিদের সঙ্গে আলোচনায় বসে তালেবান এরই মধ্যে কয়েক দফায় আফগানিস্তান থেকে বিপুল সংখ্যক মার্কিন সেনাকে ফিরিয়ে নেওয়া হয় ২০২১ সালের মে মাসে নতুন প্রেসিডেন্ট জো বাইডেন ১ সেপ্টেম্বরের মধ্যে সব মার্কিন সেনাকে দেশে ফিরিয়ে নেওয়ার ঘোষণা দেন জুনে প্রায় ৯০ শতাংশ সেনা যুক্তরাষ্ট্রে ফিরে যায় ওই সময় থেকেই তালেবানরা আফগানিস্তানের বিভিন্ন প্রদেশে হামলা জোরদার করে শেষ পর্যন্ত গত ১৫ আগস্ট তালেবানের হাতে পতন ঘটলো কাবুলের ব্রাউন ইউনিভার্সিটির যুদ্ধের ব্যয় প্রকল্পের হিসাব অনুযায়ী আফগান যুদ্ধে গত দুই দশকে যুক্তরাষ্ট্র দুই লাখ ২৬ হাজার কোটি ডলার খরচ করেছে এর মধ্যে ৮০ হাজার কোটি ডলার খরচ হয় সরাসরি যুদ্ধখাতে আট হাজার ৫০০ কোটি ডলার গেছে আফগান সেনাবাহিনীকে প্রশিক্ষণ দিতে এবং এই বাহিনীর বেতনের জন্য বছরে গুনতে হয়েছে ৭৫ কোটি ডলার তথাকথিত সন্ত্রাসের বিরুদ্ধে লড়তে যুক্তরাষ্ট্রকে গড়ে প্রতিদিন ৩০ কোটি ডলার খরচ করতে হয়েছে এতো গেল প্রত্যক্ষ খরচের হিসাব এবার আসি পরোক্ষ ব্যয়ের তালিকায় ২০ বছরে আফগানিস্তানে যুক্তরাষ্ট্রের দুই হাজার ৪০০ সেনা নিহত হয়েছে এছাড়া মার্কিন সেনাবাহিনীর প্রায় চার হাজার ঠিকাদার নিহত হয়েছে তালেবানদের হামলায় যুদ্ধে আহত হয়েছে আরও ২০ হাজার সেনা এই আহত সেনাদের চিকিৎসা ও অবসর ভাতা হিসেবে আগামী দিনগুলোতে যুক্তরাষ্ট্রকে গুণতে হবে আরও ৩০ হাজার কোটি ডলার বিপুল সংখ্যক প্রাণহানি ও পাহাড় সমান অর্থ খরচের পর আফগানিস্তান থেকে যুক্তরাষ্ট্র কী পেল সম্ভবত শুধুই সমালোচনা আর সমালোচনা দুই দশক আগে তালেবানের বিরুদ্ধে যুদ্ধ শুরু করেন তৎকালীন মার্কিন প্রেসিডেন্ট জর্জ ডব্লিউ বুশ আর ২০২১ সালে সেই তালেবানের হাতেই ক্ষমতা দিয়ে আফগানিস্তান ছেড়ে গেলেন দেশটির বর্তমান প্রেসিডেন্ট জো বাইডেন তাই বলা যায় দীর্ঘ ২০ বছর ধরে আফগানিস্তান যুদ্ধের ফলাফল তালেবান টু তালেবান,1
অপরিচিত কোনো জায়গায় যাওয়ার ক্ষেত্রে গুগল ম্যাপের সহায়তা নেন অনেকেই তবে ফোনে ইন্টারনেট সংযোগ না থাকলে গুগলের এ ম্যাপ ব্যবহার করা যায় না তবে গুগল ম্যাপে এমন একটি ফিচার রয়েছে যাতে ইন্টারনেট সংযোগ ছাড়াই এই অ্যাপটি ব্যবহার করা যায় চলুন জেনে নেওয়া যাক ইন্টারনেট ছাড়াই গুগল ম্যাপ ব্যবহার করার উপায় ১ গুগল ম্যাপের অফলাইন ফিচারটি ব্যবহারের জন্য আপনাকে প্রথমে সেই এলাকার একটি মানচিত্র ডাউনলোড করতে হবে ২ মানচিত্রটি ডাউনলোড করার জন্য প্রথমে গুগল ম্যাপ চালু করে যে অঞ্চলের জন্য মানচিত্রটি ডাউনলোড করতে চান তার জন্য এলাকার নামের উপর ক্লিক করুন ৩ মানচিত্র ডাউনলোড হয়ে গেলে আপনি এটি অফলাইনে দেখতে এবং ব্যবহার করতে পারবেন ৪ অফলাইনে ম্যাপ ব্যবহার করতে প্রথমে গুগল ম্যাপ চালু করুন আপনি যে জায়গাটি দেখতে চান তা সিলেক্ট করুন আপনার ইন্টারনেট কানেকশন না থাকলেও সেই ম্যাপ দেখতে পারবেন ৫ এবার যে জায়গাটির ম্যাপ দেখতে চান তা সার্চ করুন এবার ইন্সট্রাকশন্স ক্লিক করুন পাবলিক ট্রান্সপোর্ট লাইন এবং স্টেশন দেখুন ৬ তবে অফলাইন মানচিত্রে সাম্প্রতিক তথ্য নাও থাকতে পারে ইন্টারনেট না থাকার কারণে ট্র্যাফিক ইনফরমেশন ফিচারটি কাজ নাও করতে পারে ৭ গুগল ম্যাপের অফলাইন ফিচারের সবচেয়ে বড় সুবিধা হচ্ছে এমন অনেক জায়গায় ইন্টারনেট কাজ করে না সেই সব জায়গায় এই ম্যাপ কাজ করবে ফলে নির্দিষ্ট সেই জায়গায় যেতে কোনও সমস্যা হবে না,1
টিকা বিক্রির বিষয়টি তদন্ত করা হচ্ছে স্বাস্থ্য অধিদফতরের কেউ এর সাথে জড়িত থাকলে তার বিরুদ্ধে ব্যবস্থা নেয়া হবে অধিদফতরের মহাপরিচালক অধ্যাপক ডা আবুল বাশার মুহাম্মদ খুরশীদ আলম এ কথা বলেছেন রোববার২২ আগস্ট রাজধানীর বিভিন্ন হাসপাতাল পরিদর্শন শেষে মহাপরিচালক আরও বলেন টিকা নিতে মানুষের আগ্রহ বাড়ায় টিকাদানের ক্ষেত্রে জট তৈরি হয়েছে জট খুলতে কেন্দ্রগুলোতে বুথের সংখ্যা বাড়ানো হবে প্রয়োজন হলে টিকার কেন্দ্রও বাড়ানো হবে বলে তিনি জানিয়েছেন,0
বিশ্বে সবচেয়ে বেশি বায়ু দূষণ বাংলাদেশে আর সবচেয়ে দূষিত শহরের তালিকায় দ্বিতীয় অবস্থানে রয়েছে রাজধানী ঢাকা শীর্ষে ভারতের রাজধানী দিল্লি বায়ুদূষণ এবং বায়ু পরিশোধন প্রযুক্তি নিয়ে কাজ করা সুইস সংস্থা আইকিউ এয়ারের মঙ্গলবার প্রকাশিত এক প্রতিবেদনে এ তথ্য উঠে এসেছে বিশ্বের ১১৭টি দেশঅঞ্চলের ৬ হাজার ৪৭৫টি শহরের বায়ুর মান পর্যবেক্ষণ করে প্রতিবেদনটি তৈরি করা হয়েছে প্রতিবেদনে বলা হয়েছে গত বছর একটি দেশও বিশ্ব স্বাস্থ্য সংস্থার প্রত্যাশিত বায়ুমানের লক্ষ্যমাত্রা পূরণ করতে পারেনি মধ্য ও দক্ষিণ এশিয়ার বাতাসের মান বিশ্বের মধ্যে সবচেয়ে খারাপ সবচেয়ে দূষিত ৫০ শহরের মধ্যে ৪৬টিই এই অঞ্চলে অবস্থিত বলে জানানো হয়েছে গত বছরের ৬ হাজার ৪৭৫টি শহরের বায়ুতে দূষণের মাত্রা নিয়ে প্রতিবেদনটি তৈরি করা হয়েছে সমীক্ষা বলছে ২০২১ সালে ভারতের সামগ্রিক দূষণের মাত্রা আরো খারাপ হয়েছে এবং নয়াদিল্লি আবারো বিশ্বের সবচেয়ে দূষিত রাজধানীর তকমা পেয়েছে বাংলাদেশ আগের বছরের মতো ২০২১ সালেও সবচেয়ে দূষিত দেশের স্বীকৃতি পেয়েছে অন্যদিকে সমীক্ষায় প্রথমবারের মতো আফ্রিকার দেশগুলোর তথ্য নেয়ায় চাদ দ্বিতীয় স্থানে রয়েছে বায়ুদূষণের দিক থেকে বিশ্বের শীর্ষ ১০টি দেশের মধ্যে বাংলাদেশের পরে রয়েছে চাদ পাকিস্তান তাজিকিস্তান ভারত ওমান কিরগিজস্তান বাহরাইন ইরাক ও নেপালের নাম ২০১৪ সাল থেকে দূষণের বিরুদ্ধে কার্যত যুদ্ধ চালিয়ে যাওয়ায় চীন ২০২১ সালে পিএম ২৫ র্যাঙ্কিংয়ে ২২তম স্থানে নেমে এসেছে এর আগের বছর দেশটির অবস্থান ছিল ১৪তম আইকিউএয়ার বলছে ২০২০ সালের তুলনায় কিছু উন্নতি হয়ে ২০২১ সালে চীনে পিএম ২৫ মাত্রা ৩২৬ মাইক্রোগ্রামে নেমে এসেছে জিনজিয়াং প্রদেশের উত্তরপশ্চিমাঞ্চলীয় হোতান ছিল চীনের সবচেয়ে বায়ু দূষিত শহর যেখানে পিএম২৫ এর গড় মাত্রা ছিল ১০০ মাইক্রোগ্রামেরও বেশি যা মূলত ধূলিঝড়ের কারণে হয়েছিল তবে চীনের হোতান শহর ভারতের ভিওয়াদি ও গাজিয়াবাদকে পেছনে ফেলে বিশ্বের সবচেয়ে দূষিত শহরের তালিকায় তৃতীয় স্থানে নেমে এসেছে,0
শরীরে পুষ্টির ভারসাম্য রক্ষায় ফল খাওয়ার কোনো বিকল্প নেই ভিটামিন মিনারেল অ্যান্টি অক্সিডেন্টের পাশাপাশি ফলে রয়েছে নানা উপকারী উপাদান কিছু ফল ওজন কমাতেও সাহায্য করে রোজ চারবার ফল খেলে অতিরিক্ত ক্যালোরি গ্রহণের মাত্রা কমে যায় আর এভাবেই ওজন কমাতে সাহায্য করে ফল আসুন জেনে নেই কোন ফল খেলে দ্রুত ওজন কমে যায়  কলা উচ্চ মাত্রায় ক্যালরি ও শর্করা থাকার কারণে ওজন কমাতে গিয়ে অনেকেই কলা খাওয়া এড়িয়ে যান তবে ক্যালরি বেশি হলেও এই ফলে আরও রয়েছে পটাশিয়াম ম্যাগনেশিয়াম ম্যাঙ্গানিজ আঁশ বিভিন্ন অ্যান্টিঅক্সিডেন্ট এবং ভিটামিন এ বিসিক্স এবং সি এই ফলের শর্করাও শরীরে ধীরে শোষিত হয় তাই বিভিন্ন পুষ্টি উপাদানে ভরপুর কলা দেহের ওজন কম রাখতে সাহায্য করে  তরমুজ মিনারেল সমৃদ্ধ ফল হিসেবে পরিচিত এর ক্যালরির পরিমাণও কম এক কাপ অর্থাৎ ১৫০ থেকে ১৬০ গ্রাম তরমুজ থেকে মিলবে মাত্র ৪৬ থেকে ৬১ ক্যালরি এতে রয়েছে উচ্চ মাত্রায় আশ পটাশিয়াম এবং অ্যান্টিঅক্সিডেন্ট যেমন ভিটামিন সি বেটাক্যারোটিন এবং লাইকোপেন আর এর শর্করা ধীরে রক্তে মিশে ফলে অন্যান্য খাবার খাওয়ার চাহিদা কমায়  আপেল আপেল উচ্চ আঁশ এবং ফ্লাভানয়েড পলিমারস সমৃদ্ধ যা ওজন নিয়ন্ত্রণে রাখতে সাহায্য করে আঁশ ও অ্যান্টিঅক্সিডেন্ট পেতে খোসাসহ আপেল খাওয়া উচিত এটা রক্তের শর্করা নিয়ন্ত্রণে রাখে রক্তের শর্করা নিয়ন্ত্রণে থাকলে তা ক্ষুধা নিয়ন্ত্রণে রেখে ডায়াবেটিস হওয়া থেকে রক্ষা করে  কমলা অন্যান্য টক ফলের মতো কমলা ভিটামিন সি সমৃদ্ধ এবং ক্যালরি কম আর এটা অনেকক্ষণ পেট ভরা রাখতে সাহায্য করে  নাশপাতি নাশপাতি ওজন নিয়ন্ত্রণে রাখতে সহায়তা করে কারণ এতে আছে ফ্লাভানয়েড পলিমারস প্রতি ১৩৮ মিগ্রা বাড়তি ফ্লাভানয়েড পলিমারস ওজন কম হারে বাড়ায়  স্ট্রবেরি ব্লুবেরি বা স্ট্রবেরি এই ধরনের ফলে ক্যালরির মাত্রা কম কিন্তু অন্যান্য পুষ্টিগুণ অনেক আমাদের দেশে ব্লুবেরি সহজলভ্য না হলেও স্ট্রবেরি পাওয়া যায় এক কাপ বা ১৫২ গ্রাম স্ট্রবেরিতে ৫০এর কম ক্যালরি থাকে,1
ভাঙা হাত নিয়েই ঐশ্বরিয়া রাই গিয়েছিলেন ৭৭তম কান চলচ্চিত্র উৎসবে সঙ্গে ছিল মেয়ে আরাধ্যা বিমানবন্দর থেকে ব়্যাম্প ওয়াক সব জায়গাতেই মায়ের সঙ্গে থেকেছে আরাধ্যাভাঙা হাতে যাতে কোনও সমস্যা না হয় সেদিকে সবসময় নজর রেখেছে কিন্তু ভারতে ফিরেই হাসপাতালে যেতে হচ্ছে বছর পঞ্চাশের প্রাক্তন বিশ্বসুন্দরীকে কান চলচ্চিত্র উৎসব থেকে রবিবার সকালে মুম্বাই ফিরেছেন ঐশ্বর্য অভিনেত্রীর ঘনিষ্ঠ সূত্রের খবর কানে যাওয়ার আগের সপ্তাহেই হাতের কবজি ভেঙে গিয়েছিল তাড়াতাড়ি প্লাস্টার করেছেন কান চলচ্চিত্র উৎসবের লালগালিচায় হাঁটার ট্র্যাডিশন ভাঙতে চাননি ঐশ্বর্য আরও জানা যাচ্ছে চিকিৎসকের পরামর্শ নিয়েই ফ্রান্সে গিয়েছিলেন রাই সুন্দরী ফিরে এসেই অস্ত্রোপচারের পরামর্শ দিয়েছিলেন চিকিৎসক আগামী সপ্তাহেই হাসপাতালে ভর্তি হবেন ঐশ্বর্য প্রসঙ্গত প্রত্যেকবারের মতো এবারও বচ্চন বধূর পোশাক থেকে মোহময়ী ভঙ্গিমায় হেঁটেছেন নজর কেড়েছেন অন্যদের,1
১৯৪৫ সালের পর এবার রাশিয়া ইউরোপে বড় ধরনের যুদ্ধের পরিকল্পনা করছে বলে অভিযোগ করেছেন ব্রিটিশ প্রধানমন্ত্রী বরিস জনসন বিবিসিকে দেয়া এক সাক্ষাৎকারে এমন মন্তব্য করেন তিনি জনসন বলেন রাশিয়ার নানা কর্মকাণ্ডই প্রমাণ দিচ্ছে যে বড় ধরনের পরিকল্পনা নিয়ে এগুচ্ছে মস্কো এসময় রাশিয়ার কারণে ইউক্রেনের অসংখ্য মানুষের জীবন হুমকির মুখে রয়েছে বলেও মন্তব্য করেন তিনি এর আগে মিউনিকে নিরাপত্তা বিষয়ক সম্মেলনেও কথা বলেন ব্রিটিশ প্রধানমন্ত্রী সেখানে জনসন আবারো সতর্ক করেছেন যে ইউক্রেনে হামলা হলে রাশিয়ার বিরুদ্ধে পূর্বে উল্লেখিত কঠোর নিষেধাজ্ঞা আরোপ করবে যুক্তরাজ্য জনসন বলেছেন তাদের হাতে থাকা তথ্যপ্রমাণ বলছে রাশিয়া ১৯৪৫ সালের পর ইউরোপে সবচেয়ে বড় যুদ্ধের পরিকল্পনা করছে পরিকল্পনার বাস্তবায়ন এরই মধ্যে এক রকম শুরুও হয়ে গেছে বলে সব লক্ষণ বলছে বিবিসিকে দেওয়া এক সাক্ষাৎকারে তিনি এমনটাই বলেছেন জনসন জানান গোয়েন্দাদের ধারণা রাশিয়া এমনভাবে আক্রমণ চালাতে চায় যা ইউক্রেইনের রাজধানী কিয়েভকে ঘিরে ফেলবে এতে যে কেবল মানুষের জীবনই খরচ হবে তা সকলের বোঝা দরকার বলেছেন তিনি ব্রিটিশ এ প্রধানমন্ত্রী বিবিসির সঙ্গে কথা বলেছেন মিউনিখ থেকে বার্ষিক এক নিরাপত্তা সম্মেলনে যোগ দিতে বিশ্ব নেতারা জার্মানির এ শহরে জড়ো হয়েছেন পশ্চিমা কর্মকর্তারা গত কয়েক সপ্তাহ ধরেই রাশিয়া যে কোনো মুহূর্তে ইউক্রেইনে হানা দিতে পারে বলে বারবার সতর্ক করে এলেও মস্কো বলছে প্রতিবেশী দেশটিতে হামলা চালানোর কোনো পরিকল্পনা তাদের নেই ইউক্রেইন সীমান্তে অবস্থান করা সৈন্যরা ওই এলাকাগুলোতে সামরিক মহড়ায় অংশ নিচ্ছে বলেও দাবি করেছে তারা মার্কিন সরকারের সাম্প্রতিক অনুমানে ইউক্রেইন সীমান্তের কাছে এখন এক লাখ ৬৯ হাজার থেকে এক লাখ ৯০ হাজারের মতো রুশ যোদ্ধা অবস্থান করছে বলে ধারণা দেওয়া হয়েছে এই সংখ্যার ভেতর পূর্ব ইউক্রেইনের রুশপন্থি বিচ্ছিন্নতাবাদীরাও অন্তর্ভুক্ত,0
প্রতিটি স্মারক স্বর্ণমুদ্রার দাম ৩ হাজার টাকা করে বাড়িয়ে ৭৫ হাজার টাকা পুনর্নির্ধারণ করা হয়েছে আন্তর্জাতিক ও স্থানীয় বাজারে স্বর্ণের দাম বাড়ায় স্বর্ণমুদ্রার দাম বাড়ানো হয়েছে বলে জানিয়েছে কেন্দ্রীয় ব্যাংক সোমবার ৫ ডিসেম্বর এক বিজ্ঞপ্তিতে কেন্দ্রীয় ব্যাংক এ তথ্য জানিয়েছে নতুন এ দাম মঙ্গলবার ৬ ডিসেম্বর থেকে কার্যকর হবে বলে জানানো হয়েছে বিজ্ঞপ্তিতে জানানো হয় বাংলাদেশ ব্যাংকের মুদ্রিত আন্তর্জাতিক মাতৃভাষা দিবস২০০০ জাতির পিতা বঙ্গবন্ধু শেখ মুজিবুর রহমান জন্মশতবর্ষ ১৯২০২০২০ এবং স্বাধীনতার সুবর্ণ জয়ন্তী ১৯৭১২০২১ শীর্ষক স্মারক স্বর্ণমুদ্রার দাম পুনর্নির্ধারণ করা হয়েছে প্রতিটি স্মারক মুদ্রা ২২ ক্যারেট মানের স্বর্ণে তৈরি ও প্রতিটির ওজন ১০ গ্রাম স্মারক স্বর্ণমুদ্রা বাক্সসহ প্রতিটি ৭৫ হাজার টাকায় পুনর্নির্ধারণ করা হয়েছে এতোদিন এ স্বর্ণ স্মারকমুদ্রা ৭২ হাজার টাকায় বিক্রি হতো,1
ইউনিভার্সিটি অব ক্যালিফোর্নিয়া রিভারসাইডের ইউসিআর জ্যোতির্বিজ্ঞানী আলেকজান্ডার ডি লা ভেগাকে নিয়ে জেমস ওয়েব স্পেস টেলিস্কোপের সহায়তায় একটি আন্তর্জাতিক গবেষণা দল মিল্কিওয়ের অনুরূপ সবচেয়ে দূরবর্তী সীমাবদ্ধ সর্পিল গ্যালাক্সিটি শনাক্ত করেছে সিয়ার্স২১১২ নামের এই গ্যালাক্সিটি গ্যালাক্সি বিবর্তন সম্পর্কে পূর্ববর্তী ধারণাগুলিকে চ্যালেঞ্জ করে এটা ইঙ্গিত দেয় যে সর্পিল গ্যালাক্সিগুলি মহাবিশ্বের ইতিহাসে ধারণা করার চেয়ে অনেক আগেই গঠন এবং ক্রম প্রদর্শন করতে পারে নেচার জার্নালে প্রকাশিত এই গবেষণায় স্পেনের সেন্ট্রো ডি অ্যাস্ট্রোবায়োলজিয়ার বিজ্ঞানীরা সিয়ার্স২১১২এর ওপর আলোকপাত করেছেন ঐতিহ্যগতভাবে মিল্কিওয়ের মতো নিষিদ্ধ সর্পিল গ্যালাক্সিগুলি মহাবিশ্বের প্রায় ১৩৮ বিলিয়ন বছরের বর্তমান বয়সের অর্ধেকে পৌঁছানোর পরে উদ্ভূত হয়েছিল বলে মনে করা হতো,1
ভারতের শাসক গোষ্ঠী বিভাজনের রাজনীতি ও বাংলাদেশবিরোধী বক্তব্যে লিপ্ত মন্তব্য করে তথ্য ও সম্প্রচার মন্ত্রণালয়ের উপদেষ্টা নাহিদ ইসলাম বলেছেন জুলাইআগস্টে বাংলাদেশে ছাত্রজনতার আন্দোলনের সময় কলকাতা ও দিল্লির ছাত্ররা আমাদের সঙ্গে একাত্মতা প্রকাশ করে শেখ হাসিনার নৃশংসতার বিরুদ্ধে প্রতিবাদ জানায় ভারতের এই গণতন্ত্রপ্রিয় মানুষ আমাদের বন্ধু তবে ভারতের শাসকগোষ্ঠী এবং হিন্দুত্ববাদী শক্তিরা এ ধরনের গণতান্ত্রিক সম্পর্ক ও সম্প্রীতি চায় না তারা বাংলাদেশের অভ্যুত্থান এবং এর ছাত্রদের রাজনৈতিক জাগরণকে হুমকি হিসেবে দেখে ফলে তারা বাংলাদেশের বিরুদ্ধে বিদ্বেষ পোষণ করছে আজ মঙ্গলবার সামাজিক যোগাযোগমাধ্যম এক্সএ নিজের ভেরিফাইড পেজে এ সংক্রান্ত পোস্ট দেন সেখানে তিনি উল্লেখ করেন পশ্চিমবঙ্গ ত্রিপুরা এবং আসামের সঙ্গে বাংলাদেশের ঐতিহাসিক ও সাংস্কৃতিক সম্পর্ক রয়েছে তবে সংখ্যালঘু নিপীড়ন টার্ম ব্যবহার করে দিল্লি ফ্যাসিবাদী আওয়ামী লীগকে পুনর্বাসন এবং বাংলাদেশের গণতান্ত্রিক ও জাতিপুনর্নির্মাণ প্রক্রিয়াকে ব্যাহত করার চেষ্টা করছে তথ্য উপদেষ্টা আরও বলেন শুরু থেকেই আমরা জোর দিয়ে আসছি যে ভারত সরকারকে বাংলাদেশকে আওয়ামী লীগের দৃষ্টিতে দেখা বন্ধ করতে হবে এবং ন্যায় ন্যায্যতা ও পারস্পরিক শ্রদ্ধার ভিত্তিতে একটি নতুন সম্পর্ক স্থাপন করতে হবে বাংলাদেশ হিন্দুসহ সকল সংখ্যালঘু সম্প্রদায়ের জন্য পূর্ণ নাগরিকত্বের অধিকার মর্যাদা এবং নিরাপত্তা নিশ্চিত করতে প্রতিশ্রুতিবদ্ধ সরকার আওয়ামী লীগের আমলেই সংখ্যালঘুরা সর্বোচ্চ নিপীড়নের সম্মুখীন হয়েছিল তবুও দিল্লি নিঃশর্তভাবে আওয়ামী লীগকে সমর্থন করেছিল যদিও ভারত তার নিজ দেশের সংখ্যালঘুদের অধিকার নিশ্চিত করতে ব্যর্থ হয়েছে তারা বাংলাদেশে সংখ্যালঘুদের নিপীড়নকারী দল আওয়ামী লীগকে আশ্রয় ও সমর্থন দিয়েছে তিনি আরও জানান গণহত্যা ও শিশু হত্যার জন্য দায়ী পলাতক শেখ হাসিনাকে আশ্রয় ও ধারাবাহিক সহায়তা অব্যাহত রেখে ভারত সরকার গণতান্ত্রিক মূল্যবোধকে ক্ষুণ্ণ করার ঝুঁকিতে রয়েছে ভারতের স্থিতিশীলতা ও অখণ্ডতা বাংলাদেশের স্থিতিশীলতা ও অখণ্ডতার সঙ্গে ওতপ্রোতভাবে জড়িত তা ভুলে গেলে চলবে না তথ্য উপদেষ্টা নাহিদ বলেন ক্ষমতাসীন বিজেপি বাংলাদেশকে ভারতের অভ্যন্তরীণ রাজনৈতিক ইস্যুতে পরিণত করার চেষ্টা করছে এমনটা হলে তা ভারতের অভ্যন্তরীণ রাজনীতির জন্য ক্ষতিকর হবে বাংলাদেশবিরোধী ও মুসলিমবিরোধী রাজনীতি ভারতের জাতীয় স্বার্থে কাজ করবে না তাই আমরা ভারতকে বাংলাদেশের বিরুদ্ধে মিথ্যা অপপ্রচার বন্ধ করে গণতন্ত্রের প্রতি সম্প্রীতি ও সম্মান বজায় রাখার আহ্বান জানাই,0
আদালতের আদেশের পরও নির্ধারিত সময়ের মধ্যে আইন বিষয়ক প্রতিনিধি নিয়োগ না করায় ব্রাজিলে নিষিদ্ধ হলো জনপ্রিয় সামাজিক যোগাযোগমাধ্যম এক্স স্থানীয় সময় শনিবার বিবিসি এক প্রতিবেদনে এ তথ্য জানিয়েছে আদালত অবিলম্বে এবং সম্পূর্ণ স্থগিতাদেশ কার্যকরের আদেশ দিয়েছে এক্স কর্তৃপক্ষ যতক্ষণ না আদালতের সমস্ত আদেশ মেনে চলে এবং নির্ধারিত জরিমানা প্রদান করে ততক্ষণ এই নিষেধাজ্ঞা থাকবে আদালতের সিদ্ধান্তের প্রতিক্রিয়ায় এক্স মালিক ইলন মাস্ক বলেছেন স্বাধীনতা হলো গণতন্ত্রের ভিত্তি ব্রাজিলের একজন অনির্বাচিত ছদ্মবেশী বিচারক রাজনৈতিক উদ্দেশে এটিকে ধ্বংস করছে মাইক্রোব্লগিং প্ল্যাটফর্ম এক্স নিয়ে ব্রাজিলে ২৪ ঘণ্টার মধ্যে আইন বিষয়ক প্রতিনিধি পাঠানোর জন্য সময় দিয়েছিল দেশটির আদালত এই সময় শেষ হয়ে গেলেও প্রতিনিধি পাঠায়নি এক্স বার্তা সংস্থা রয়টার্স বলছে অ্যাকাউন্ট বন্ধ করা নিয়ে ব্রাজিলে এক্সের সঙ্গে দ্বন্দ্ব শুরু হয় গত এপ্রিলে ওই সময় ভুল তথ্য ছড়ানোর অভিযোগ এনে এক্সের বেশকিছু অ্যাকাউন্ট বন্ধের নির্দেশ দেন সুপ্রিম কোর্টের বিচারক আলেক্সান্দ্রে দে মোরায়েস কিন্তু তা মানেননি ইলন মাস্ক পরে এ ব্যাপারে আইন বিষয়ক প্রতিনিধি পাঠাতে বলা হয় ধনকুবের ইলন মাস্ককে গত বুধবার এই আদেশ দেওয়া হয় ব্রাজিলের স্থানীয় সময় বৃহস্পতিবার রাত ৮টা ৭ মিনিটে ওই সময় শেষ হয় এরপর মাস্ক জানান তিনি প্রতিনিধি পাঠাবেন না এ কারণে ব্রাজিলে বন্ধ করে দেওয়া হয় এই মাইক্রোব্লগিং প্ল্যাটফর্ম ব্রিটিশ সংবাদমাধ্যম গার্ডিয়ান বলছে ব্রাজিলের প্রেসিডেন্ট লুলা দা সিলভার মন্তব্যেও এক্স নিষিদ্ধের আভাস মিলেছিল শুক্রবার দেশটির একটি রেডিও চ্যানেলকে দেওয়া সাক্ষাৎকারে লুলা বলেন উনার ইলন মাস্ক অনেক টাকা আছে বলে তিনি আমাদের অসম্মান করতে পারেন না তিনি নিজেকে কী মনে করেন সম্প্রতি ব্রাজিলে এক্সের কার্যক্রম বন্ধের ঘোষণা দেন ইলন মাস্ক সুপ্রিম কোর্টের বিচারক আলেক্সান্দ্রে দে মোরায়েসের আদেশকে সেন্সরশিপ বলে আখ্যায়িত করেন তিনি এরপর গত ১৭ আগস্ট থেকেই ব্রাজিলে এক্সের কোনো আইন বিষয়ক প্রতিনিধি নেই,0
প্রথম সিনেমা আয়নাবাজি মুক্তির পর থেকেই অভিনেত্রী ও মডেল মাসুমা রহমান নাবিলাকে নিয়ে দর্শক ও সমালোচকদের মধ্যে আলাদা আলোচনা শুরু হয় এরপর একাধিক সিনেমা ও নাটকে কাজ করলেও গেল বছরের রোজার ঈদে ঢালিউড সুপারস্টার শাকিব খানের সঙ্গে তাঁর অভিনীত সিনেমা তুফান মুক্তি পায় সিনেমাটি দর্শক মহলে ভালো সাড়া ফেললে আবারও আলোচনায় আসেন নাবিলা এবার আসন্ন ঈদকে সামনে রেখে মুক্তি পেতে যাচ্ছে তাঁর অভিনীত নতুন সিনেমা বনলতা সেন সিনেমাটি নিয়ে দারুণ আশাবাদী এই অভিনেত্রী নাবিলা বলেন বেশ কিছুদিন বিরতির পর আমার অভিনীত কোনো সিনেমা মুক্তি পাচ্ছে এটা ভেবেই ভালো লাগছে আমি সত্যিই আশাবাদী যে বনলতা সেন দর্শকের প্রত্যাশা পূরণ করতে পারবে গল্প নির্মাণ আর অভিনয় সব মিলিয়ে এটি আলাদা অভিজ্ঞতা হয়ে উঠবে বলে আমার বিশ্বাস আগামী রোজার ঈদে একগুচ্ছ সিনেমা মুক্তির গুঞ্জন শোনা যাচ্ছে এরই মধ্যে প্রিন্স দম রাক্ষস বনলতা এক্সপ্রেস পিনিকসহ আরও কয়েকটি সিনেমার নাম প্রকাশ্যে এসেছে সেই তালিকায় নতুন করে যুক্ত হলো বনলতা সেন ২০২৪ সালেই সিনেমাটি মুক্তির প্রস্তুতি নিয়েছিলেন নির্মাতা মাসুদ হাসান উজ্জ্বল তবে দেশের সার্বিক পরিস্থিতি বিবেচনা করে তখন মুক্তি পিছিয়ে দেওয়া হয় অবশেষে জানা গেছে নতুন বছরে দর্শকের সামনে আসছে সিনেমাটি বাংলা সাহিত্যের শক্তিমান কবি জীবনানন্দ দাশের কাল্পনিক চরিত্র বনলতা সেনকে ঘিরেই নির্মিত হয়েছে এই সিনেমা সরকারি অনুদানে নির্মিত ছবিটিতে নাম ভূমিকায় অভিনয় করেছেন মাসুমা রহমান নাবিলা সিনেমায় কবি জীবনানন্দ দাশের চরিত্রে দেখা যাবে খায়রুল বাসারকে আরও অভিনয় করেছেন সোহেল মণ্ডল নাজিবা বাশার প্রিয়ন্তী উর্বী রুপন্তী আকীদ শরিফ সিরাজ ও সুমাইয়া খুশি প্রমুখ বনলতা সেন ২০২১২২ অর্থবছরে সরকারি অনুদান পায় নির্মাতা মাসুদ হাসান উজ্জ্বল জানিয়েছেন সিনেমাটি নির্মাণে তিনি কোনো ধরনের আপস করেননি সময় বেশি লাগলেও যত্ন নিয়ে কাজ শেষ করেছেন তিনি বলেন জীবনানন্দ দাশকে নিয়ে কাজ করা মানেই বাড়তি দায়বদ্ধতা গবেষণা প্রস্তুতি উপযুক্ত অভিনয়শিল্পী নির্বাচন সবকিছুই ছিল কঠিন ও সময়সাপেক্ষ দীর্ঘদিন রিহার্সাল করা হয়েছে এবং প্রোডাকশন ডিজাইনের দিকেও বিশেষ মনোযোগ দেওয়া হয়েছে সিনেমাটির মুক্তি প্রসঙ্গে নির্মাতা জানান ২০২৬ সালের ঈদুল ফিতরকে সামনে রেখেই বনলতা সেন মুক্তির পরিকল্পনা করা হয়েছে শিগগিরই আনুষ্ঠানিক ঘোষণার মাধ্যমে প্রচারপ্রচারণা শুরু হবে,1
বিগত সরকারের জ্বালানি খাতের ভুল নীতি ও দায়মুক্তি যে গোষ্ঠীতন্ত্রের স্বার্থ রক্ষার জন্যই চালু ছিল সৌরবিদ্যুৎ প্রকল্প নিয়ে ট্রান্সপারেন্সি ইন্টারন্যাশনাল বাংলাদেশের টিআইবি গবেষণা প্রতিবেদন থেকে সেটা আরেকবার পরিষ্কার হলো বাংলাদেশের অর্থনৈতিক অচলাবস্থা দারিদ্র্যের ঊর্ধ্বমুখী সূচি সামাজিক অসন্তোষের পেছনে নিশ্চিত করেই জ্বালানি খাতের অবাধ লুটপাটের বড় অবদান আছে টিআইবির গবেষণা জানাচ্ছে গত ১৫ বছরে ছয়টি সৌরবিদ্যুৎ প্রকল্পে প্রায় ৩ হাজার কোটি টাকা অতিরিক্ত ব্যয় হয়েছে গড়ে প্রতি মেগাওয়াট সৌরবিদ্যুৎ উৎপাদনের জন্য যেখানে ৮ কোটি টাকা প্রয়োজন সেখানে ৬টি প্রকল্পে গড়ে ১৩ কোটি ৮ লাখ টাকা ব্যয় দেখানো হয়েছে টিআইবির প্রতিবেদনে উঠে এসেছে পিডিবির আইপিপি বিভাগের কর্মকর্তা থেকে শুরু করে স্থানীয় জনপ্রতিনিধি পর্যন্ত বিস্তৃত একটি নেটওয়ার্ক কীভাবে দুর্নীতির সঙ্গে জড়িয়ে পড়েছিল এমনকি সরকারি জমিতে প্রকল্প বাস্তবায়িত হলেও সেখানে মেগাওয়াটপ্রতি উৎপাদন খরচ দেখানো হয়েছে ১৪ কোটি টাকা শ্রেণি পরিবর্তন করে কৃষিজমিতে সৌরবিদ্যুৎ প্রকল্প করা হয়েছে যোগসাজশের মাধ্যমে মৌজামূল্যও বেশি দেখানো হয়েছে এখানে একদিকে যেমন আর্থিক দুর্নীতি হয়েছে আবার কৃষি উৎপাদনকেও ক্ষতিগ্রস্ত করা হয়েছে প্রতিবেশী দেশগুলোর তুলনায় চার গুণ বেশিতে চুক্তি করা হয়েছে বিদ্যুৎ বিক্রির ক্ষেত্রেও আন্তর্জাতিক মানদণ্ড অনুসরণ করা হয়নি এ দুর্নীতি ও অনিয়মের সবটাই করা হয়েছে ২০১০ সালের বিদ্যুৎ ও জ্বালানির দ্রুত সরবরাহ বৃদ্ধি বিশেষ আইন আইনের অপব্যবহার করে অন্তর্বর্তী সরকার জ্বালানি খাতের দায়মুক্তি আইন বাতিল করলেও জ্বালানি খাত সংস্কারে কার্যকর কোনো উদ্যোগ নিতে পারেনি পরবর্তী নির্বাচিত সরকারকে অবশ্যই জ্বালানি খাতকে অতীতের ভুল নীতির খেসারত থেকে টেনে তুলতে হবে বাংলাদেশে যে জ্বালানির চাহিদা তার ৯৫ শতাংশের বেশি জোগান আসে জীবাশ্ম জ্বালানি বা কয়লা গ্যাস ও তেল থেকে আমাদের জ্বালানির যে মহাপরিকল্পনা সেটা জীবাশ্ম জ্বালানিনির্ভর শুধু জীবাশ্ম জ্বালানির ওপর নির্ভর করে একটি স্বনির্ভর টেকসই পরিবেশবান্ধব ও সাশ্রয়ী জ্বালানিব্যবস্থা গড়ে তোলা সম্ভব নয় এটা সত্যি যে জীবাশ্ম জ্বালানি থেকে একলাফেই আমাদের পক্ষে নবায়নযোগ্য জ্বালানিতে রূপান্তরিত হওয়া যাবে না কিন্তু জ্বালানি রূপান্তরের সুস্পষ্ট পথনকশা থাকতে হবে ধাপে ধাপে নবায়নযোগ্য জ্বালানির হিস্যা বাড়াতে হবে ফলে বিক্ষিপ্ত ও বিচ্ছিন্নভাবে নয় সময় এসেছে নবায়নযোগ্য জ্বালানিকে কেন্দ্রে রেখে নতুন করে জ্বালানি মহাপরিকল্পনা তৈরি করা বাতিল হওয়া কয়লা ও এলএনজিনির্ভর বিদ্যুৎকেন্দ্রের জন্য অধিগ্রহণ করা জমিতে সৌরবিদ্যুৎ প্রকল্প বাস্তবায়ন করা সম্ভব আমরা আশা করি রাজনৈতিক দলগুলো নিজেদের ইশতেহারে নবায়নযোগ্য জ্বালানিকে প্রাধান্য দিয়ে বিদ্যুৎ খাত নিয়ে তাদের পরিকল্পনা নাগরিকদের সামনে উপস্থাপন করবে,0
মুক্তির তৃতীয় দিনেই আল্লু অর্জুনের দক্ষিণী ছবি পুষ্পা দ্য রাইজ বিশ্বজুড়ে ১০০ কোটি টাকার ব্যবসা করে ফেলেছে হলিউডের বহুল আলোচিত ছবি স্পাইডারম্যান নো ওয়ে হোমকেও বক্স অফিসে টক্কর দিচ্ছে তামিল তেলুগু মালয়ালম কন্নড়ের পাশাপাশি হিন্দিতেও মুক্তিপ্রাপ্ত এই ছবি খবর আনন্দবাজার পত্রিকার বাণিজ্য বিশ্লেষক রমেশ বালা টুইটে লিখেছেন মাত্র ২ দিনেই সারা বিশ্বে পুষ্পা ১০০ কোটি টাকার ব্যবসা করেছে যুক্তরাষ্ট্র থেকে এই ছবির সংগ্রহ ১৩ লক্ষ ডলার অস্ট্রেলিয়াতেও ৯১ লক্ষ টাকারও বেশি ব্যবসা করেছে লাল চন্দনকাঠের চোরাকারবারি পুষ্পা রাজের কাহিনী নিজের ছবির প্রতি আগাগোড়াই ভরসা রেখেছিলেন অল্লু অর্জুন স্পাইডারম্যানএর মতো জনপ্রিয় ফ্র্যাঞ্চাইজির সঙ্গে প্রতিযোগিতা নিয়েও বিশেষ চিন্তায় ছিলেন না এই দক্ষিণী অভিনেতা ছবি মুক্তির আগে তিনি বলেছিলেন মানুষকে প্রেক্ষাগৃহে ফেরাবে স্পাইডারম্যান তেমনই ভারতীয় দর্শককে প্রেক্ষাগৃহে টানবে পুষ্পা আবার সিনেমাকে উদযাপন করার সময় এসেছে অল্লু অর্জুন ছাড়াও এই ছবিতে রয়েছেন রাশমিকা মন্দানা ফাহাদ ফাসিক এবং সামান্থা প্রভুর মতো অভিনেতারা,0
স্বাধীনতার ৫০ বছর পেরিয়ে সমৃদ্ধির সোপানে বাংলাদেশ ৫১ বছরে মাথাপিছু আয় গড় আয়ু স্বাস্থ্য ও শিক্ষার মতো অর্থনৈতিক ও সামাজিক খাতে ভারত ও পাকিস্তানকে পেছনে ফেলেছে তলাবিহীন ঝুড়ির খেতাব পাওয়া এই বদ্বীপ হচ্ছে নারীর ক্ষমতায়ন কমেছে বৈদেশিক সাহায্যনির্ভরতা তবে চ্যালেঞ্জ রয়ে গেছে বৈষম্য ও সুশাসনের মতো বিষয়ে পাকিস্তানি শৃঙ্খল ভেঙে রক্তক্ষয়ী সংগ্রামের মধ্য দিয়ে জন্ম বাংলাদেশের যুদ্ধবিধ্বস্ত দেশটিকে তলাবিহীন ঝুড়ি আখ্যা দেন তখনকার মার্কিন পররাষ্ট্রমন্ত্রী হেনরি কিসিঞ্জার তার সেই দাম্ভিক উক্তিকে তুচ্ছ করে উন্নয়নের রোল মডেল আজ বাংলাদেশ গত ১৫ বছরের ধারাবাহিক অগ্রগতিতে একজন বাংলাদেশির আয় পাকিস্তানি বা ভারতীয়ের চেয়ে বেশি ২০২০ সালে প্রথমবারের মতো পারক্যাপিটা জিডিপিতে ভারতকে পেছনে ফেলে বাংলাদেশ বাংলাদেশের মাথাপিছু আয় ২৫৯১ ডলার ভারত ১৯৪৭ ডলার আর পাকিস্তান ১৬৬৬ ডলার মাথাপিছু আয়ে ২০১৭১৮ অর্থবছরে পেছনে ফেলে পাকিস্তানকে বিবিএসের হিসাবে গত অর্থবছরে বাংলাদেশের মাথাপিছু আয় বেড়ে হয়েছে ২ হাজার ৫৯১ ডলার যেখানে আইএমএফ ওয়ার্ল্ড ব্যাংক ও রয়টার্সের হিসেবে ভারতের মাথাপিছু আয় ১৯৪৭ ডলার এবং পাকিস্তানের ১৬৬৬ ডলার গড় আয়ুতেও এগিয়ে বাংলাদেশ বাংলাদেশের গড় আয়ু ৭২৬ বছর ভারত ৬৭৭ বছর আর পাকিস্তানের ৬৭৩ বছর স্বাস্থ্যশিক্ষাসহ নানা সামাজিকঅর্থনৈতিক খাতের সুফল মিলছে গড় আয়ুতে ইউএনডিপির ২০২০ সালের মানব উন্নয়ন প্রতিবেদন অনুযায়ী দেশের মানুষের গড় আয়ু এখন ৭২ বছরের ওপরে আর ভারতপাকিস্তানে ৬৮ বছরের নিচে সামাজিক সূচকেও সাফল্য বেশি প্রতিবেশি দুই দেশের চেয়ে বাংলাদেশের শ্রমশক্তিতে ৩৬ শতাংশ নারী অন্যদিকে ভারতে তা সাড়ে ২০ ও পাকিস্তানে ২২ শতাংশ নবজাতক ও শিশুমৃত্যুর হার কমাতেও ভারতপাকিস্তানের চেয়ে ভালো অবস্থানে বাংলাদেশ ভারতে শিশুমৃত্যুর হার ৪ পাকিস্তানে ৭ তবে দেশে তা ৩ শতাংশ শিক্ষাতেও বাংলাদেশের মেয়েরা ২৫ বছরের বেশি বয়সী নারীদের মধ্যে প্রায় ৪০ শতাংশ মাধ্যমিক পাস অন্যদিকে ভারত ও পাকিস্তানে এ হার ২৭ শতাংশ নারীর ক্ষমতায়নের অন্যতম জায়গা জাতীয় সংসদ বাংলাদেশে সংসদ সদস্যের প্রায় ২১ ভাগ নারী ভারত ও পাকিস্তানে তা ১৩ ও ২০ শতাংশ ১৯৭১ সালে যুদ্ধবিধ্বস্ত বাংলাদেশ ছিলো দক্ষিণ এশিয়ার দরিদ্র দেশগুলোর মধ্যে অন্যতম এরপর বঙ্গবন্ধুর নেয়া নানা উদ্যোগে মাত্র সাড়ে ৩ বছরে মাথাপিছু আয় ৯৪ থেকে ২৭৮ ডলারে উন্নীত হয় জিডিপি প্রবৃদ্ধি ছাড়ায় ৯ শতাংশ পরের তিন দশক জিডিপি প্রবৃদ্ধি ও মাথাপিছু আয়ে তেমন গতি দেখা না গেলেও গত একযুগের ধারাবাহিক উন্নয়নে এসেছে নতুন মাত্রা উৎপাদন সক্ষমতা বাড়িয়ে বাংলাদেশ এখন খাদ্যে স্বয়ংসম্পূর্ণ গত ১৫ মার্চ উন্নয়নশীল দেশে উত্তরণের যোগ্যতা অর্জনের আনুষ্ঠানিক ঘোষণা দেয় জাতিসংঘ বাংলাদেশ পরিসংখ্যান ব্যুরো বিবিএসের তথ্য বলছে স্বাধীনতার ৫১ বছরে এসে বাংলাদেশের মাথাপিছু আয় বেড়ে হয়েছে ২ হাজার ৫৯১ ডলার আর দেশের মোট জাতীয় উৎপাদন বেড়ে হয়েছে ৪১৬ বিলিয়ন ডলার এছাড়া করোনা মহামারির পরও দেশের জিডিপি প্রবৃদ্ধি ৬ দশমিক ৯৪ শতাংশ তলাবিহীন ঝুড়ির দেশ এখন ডিজিটাল দুনিয়াকে নেতৃত্ব দেয়ার সাহস দেখায় অর্থনীতিবিদরা বলছেন স্বাধীনতার একান্ন বছরে বাংলাদেশ আর্থসামাজিক খাতে ব্যাপক উন্নতি করেছে তবে দুর্নীতি না থাকলে এই অর্জন আরো বহুগুণ বেশি হতোতাই এখন চ্যালেঞ্জ দূর্নীতি দূর করে ধনীদরিদ্র বৈষম্য দূর করা করোনা মহামারি আর ইউক্রেনরাশিয়ার যুদ্ধাবস্থার মতো আন্তর্জাতিক অস্থিরাবস্থায় যখন উন্নত দেশগুলোও হিমশিম খাচ্ছে পরিস্থিতি সামাল দিতে তখন নানা বাধা মোকাবিলা করে বাংলাদেশ অর্থনৈতিক অগ্রযাত্রা ধরে রেখেছে ২০২১২২ অর্থবছরের বাজেটে ৭ দশমিক ২ শতাংশ জিডিপি প্রবৃদ্ধির লক্ষ্য ধরেছে সরকার,1
অদৃশ্য শক্তি করোনা মহামারির এই সংকটময় মুহূর্তে দেশের মানুষকে বাঁচাতে বিএনপিসহ সবাইকে দলমতনির্বিশেষে দায়িত্বশীল ভূমিকা পালনের আহ্বান জানিয়েছেন আওয়ামী লীগ সাধারণ সম্পাদক ওবায়দুল কাদের সড়ক পরিবহন ও সেতুমন্ত্রী আজ সোমবার সকালে তাঁর সরকারি বাসভবনে সমসাময়িক বিষয় নিয়ে আয়োজিত নিয়মিত সংবাদ সম্মেলনে এই আহ্বান জানান ওবায়দুল কাদের বলেন সংকটকালে সাহস জোগানের পরিবর্তে বিএনপি বিভ্রান্তি ছড়িয়ে মানুষের মনোবল ভেঙে দেওয়ার অপচেষ্টা করছে আমি তাদের বিষোদ্গার ও সমালোচনার বৃত্ত থেকে বেরিয়ে এসে মানুষের পাশে দাঁড়ানোর আহ্বান জানাচ্ছি করোনা ভাইরাস দলমত চেনে না সরকার একলা চলো নীতিতে বিশ্বাসীবিএনপির নেতাদের এমন বক্তব্যের জবাবে আওয়ামী লীগের সাধারণ সম্পাদক বলেন সংকটের শুরু থেকেই প্রধানমন্ত্রী শেখ হাসিনা বারবার দলমতনির্বিশেষে সবার সহযোগিতার জন্য আহ্বান জানিয়েছেন প্রধানমন্ত্রী বিশেষজ্ঞ কমিটির সুপারিশের ভিত্তিতেই করোনা মোকাবিলায় বিভিন্ন সিদ্ধান্ত বাস্তবায়ন করছেন বিএনপি করোনার শুরু থেকে নিজেদের আইসোলেশনে রেখে লিপসার্ভিস দিয়ে যাচ্ছে বলে মন্তব্য করেন সড়ক পরিবহনমন্ত্রী তিনি বলেন শেখ হাসিনার সরকার ও আওয়ামী লীগ সংকটের শুরু থেকে জনগণের পাশে আছে থাকবে সেতুমন্ত্রী বলেন সংক্রমণের উচ্চমাত্রার সঙ্গে তাল মিলিয়ে বিএনপির অপপ্রচারও চলছে উচ্চমাত্রায় অসহায় মানুষের জন্য তাদের মায়াকান্না বক্তৃতাবিবৃতিতেই সীমাবদ্ধ বিএনপির নেতাদের প্রতি প্রশ্ন রেখে আওয়ামী লীগের সাধারণ সম্পাদক বলেন বিএনপি একবার বলে কঠোর লকডাউন আবার বলে লকডাউনে মানুষ হয়রানির শিকার হয় এখন আবার বলছে কারফিউ সমাধান নয় আমি বিএনপির নেতাদের কাছে প্রশ্ন রেখে জানতে চাই সরকার কি বলছে কারফিউতে সমাধান ওবায়দুল কাদের বলেন মানুষ না বাঁচলে কাদের জন্য রাজনীতি করব অথচ বিএনপির নেতারা মানুষ বাঁচানোর পরিবর্তে সরকারের সমালোচনা আর দুর্নীতির গন্ধ খোঁজাকেই এই সংকটকালে রাজনীতি হিসেবে চর্চা করে যাচ্ছে সেতুমন্ত্রী বলেন শেখ হাসিনা সরকার জনকল্যাণে কাজ করছে কোথাও অনিয়ম দেখলে কঠোর ব্যবস্থা নিচ্ছে জনগণকে বাঁচানোই হচ্ছে এখন রাজনীতি আওয়ামী লীগের সাধারণ সম্পাদক বলেন করোনার এই মহামারিতে শুধু বাংলাদেশ নয় বিশ্বের যেসব দেশে সংক্রমণ ভয়ানক রূপ নিয়েছে সেখানেও বিশেষজ্ঞদের মতামত নিয়ে কাজ করা হচ্ছে বিশেষজ্ঞরা কোনো দলের নয় অথচ বিএনপি চায় তাদের নিয়ে কমিটি হোক পৃথিবীর কোথাও দলীয় কমিটির রেওয়াজ নেই,1
আজ মধ্যরাতের আকাশে দেখা যাবে বছরের প্রথম সুপারমুন চাঁদটি স্বাভাবিকের চেয়ে বড় দেখায় তাই একে সুপারমুন বলা হয় নাসার বিবৃতিতে জানানো হয় রোববার রাত ১২টা ৪৮ মিনিটে কক্ষপথে প্রদক্ষিণ করতে করতে পৃথিবীর সবচেয়ে কাছে চলে আসবে চাঁদ এজন্য এটিকে আমাদের চোখে বড় মনে হবে ওই সময় পৃথিবীর দ্রাঘিমাংশ অনুযায়ী চাঁদ আর সূর্য থাকবে একে অন্যের ঠিক বিপরীতে নাসার ভাষ্য রাতের আকাশে টানা ৩ দিন ধরে বেশ বড় চাঁদ দেখা যাবে সংবাদমাধ্যমটি আরও জানায় ১৯৭৯ সালে এমন বড় আকারের চাঁদের নাম সুপারমুন দেয়া হয় এদিকে নাসার জ্যোতির্বিজ্ঞানীদের একাংশের ভাষ্য চলতি বছরে ৪টি সুপারমুন হবে মার্চ থেকে জুনের মধ্যে দেখা যাবে কেউ কেউে আবার বলছেন ৩টি সুপারমুন হবে এপ্রিল ও মে মাসে,0
সিরিয়ার প্রেসিডেন্ট বাশার আলআসাদের আসাদের পতন বহু বছর ধরে দুর্বল শাসন অর্থনৈতিক সংকট এবং সামাজিক সমস্যার ফল এমনকি তাঁর নিজের সমর্থক আলাওয়ি সম্প্রদায়ও তাঁর পক্ষে লড়াই করতে এগিয়ে আসেনি আসাদের পতনের আরেকটি কারণ হলো রাশিয়া ও ইরানের মতো প্রধান মিত্রদের সমর্থন হারানো ইউক্রেন যুদ্ধ রাশিয়াকে দুর্বল করেছে অন্যদিকে ইসরায়েলের হামাস ও হিজবুল্লাহর বিরুদ্ধে অভিযানের ফলে ইরানের অবস্থানও দুর্বল হয়ে পড়েছে সিরিয়ার মানুষ আসাদের জন্য দুঃখ করবে না কারণ তিনি এক কঠোর শাসক ছিলেন যিনি দেশের মানুষকে সব দিক থেকে ব্যর্থ করেছেন এখন অনেকেই রাস্তায় নেমে আনন্দ প্রকাশ করছেন যাঁরা দেশ ছেড়ে পালিয়ে শরণার্থীশিবিরে ছিলেন তাঁরা ঘরে ফিরতে শুরু করেছেন আসাদের পতন শুধু সিরিয়ার ভেতরেই নয় পুরো অঞ্চলে ইতিবাচক প্রভাব ফেলতে পারে আসাদের শাসন ইরান থেকে হিজবুল্লাহর কাছে অস্ত্র পরিবহন সহজ করেছিল নতুন নেতৃত্ব এই প্রভাব কমাতে এবং একটি স্থিতিশীল আঞ্চলিক ব্যবস্থা গড়ে তুলতে সহায়তা করতে পারে মধ্যপ্রাচ্যে শক্তিশালী শাসকদের পতনের পর সাধারণত সহিংস অরাজকতা দেখা গেছে শেষমেশ সেখানে স্থিতিশীল ও অন্তর্ভুক্তিমূলক শাসনব্যবস্থা গড়ে ওঠেনি আসাদের শাসনকালে সংখ্যালঘু আলাওয়ি সম্প্রদায় সংখ্যাগরিষ্ঠ সুন্নি জনগোষ্ঠীর ওপর শাসন চালিয়েছিল এটি প্রতিশোধের তথা খুনোখুনির আশঙ্কা তৈরি করেছে তা ছাড়া সিরিয়ার বৈচিত্র্যময় জনসংখ্যা জাতিগত ও সাম্প্রদায়িক বিভাজনের রাজনীতির শিকার হতে পারে গৃহযুদ্ধের কারণে দেশটির বিভিন্ন অঞ্চল শত্রুতাপূর্ণ বিভিন্ন গোষ্ঠীর নিয়ন্ত্রণে ছিল এর মধ্যে সিরিয়ার কুর্দিরা পিকেকের কুর্দিস্তান ওয়ার্কার্স পার্টি সঙ্গে যুক্ত আর পিকেকে তুরস্কে একটি সন্ত্রাসী সংগঠন হিসেবে পরিচিত তুরস্কও সিরিয়ার উত্তরাঞ্চলের একটি বড় অংশ দখলে নিয়েছিল এই বিদ্যমান বিভাজনের মধ্যে চরমপন্থী গোষ্ঠীগুলো আসাদের পতন এবং এর ফলে সৃষ্ট অস্থিরতার সুযোগ নিতে পারে ২০১৪ সালের মতো ইসলামিক স্টেট আইএস আবারও দেশটির বড় অংশ দখলে নেওয়ার চেষ্টা চালাতে পারে এ কারণেই ইসরায়েল সিরিয়ার সীমান্তের বাইরে একটি নিরাপত্তা অঞ্চল তৈরি করছে এবং সিরিয়ার অস্ত্রভান্ডার ধ্বংস করছে যাতে সেগুলো ইসরায়েলের স্বার্থবিরোধী কোনো গোষ্ঠীর হাতে না পড়ে বাশারকে হটিয়ে দেওয়া গোষ্ঠী হায়াত তাহরির আলশাম এইচটিএস প্রথমে আলকায়েদার শাখা হিসেবে গঠিত হয়েছিল এবং এখনো যুক্তরাষ্ট্রসহ অনেক দেশের কাছে এইচটিএস সন্ত্রাসী সংগঠন হিসেবে তালিকাভুক্ত যদিও এইচটিএস নেতারা একটি জাতীয় সরকার গঠনের লক্ষ্যে সংযম ও অন্তর্ভুক্তিমূলক নীতির প্রতিশ্রুতি দিয়েছেন তবে তাঁদের দমনপীড়নের অতীত ইতিহাস আছে এ ছাড়া সিরিয়ার প্রতিদ্বন্দ্বী গোষ্ঠীগুলো একসঙ্গে কাজ করতে রাজি না হয়ে নিজেদের মধ্যে প্রতিশোধ নেওয়ার চেষ্টা চালাতে পারে অন্যদিকে সিরিয়ায় ইরানের প্রভাব অনেক কমে গেলেও ইরান এখনো তার ক্ষমতা ধরে রাখার চেষ্টা করবে বিশেষ করে ইরানের পুরোনো মিত্র আলাওয়ি সম্প্রদায় ক্ষমতা দখলের জন্য তাদের প্রতিদ্বন্দ্বীদের সঙ্গে লড়াই করতে পারে এসব কারণে সিরিয়ার ভবিষ্যৎ নিয়ে উদ্বেগ থেকেই যাচ্ছে একটি কার্যকর রাষ্ট্র পুনর্গঠন করতে হলে প্রথমে দেশের আঞ্চলিক অখণ্ডতা ফিরিয়ে আনতে হবে এটি তখনই সম্ভব যখন বিভিন্ন গোষ্ঠী নিজেদের স্বায়ত্তশাসনের কিছুটা ছাড় দিয়ে জাতীয় ঐক্যের স্বার্থে ক্ষমতা ভাগাভাগি করতে রাজি হবে পাশাপাশি একটি নতুন সামাজিক চুক্তি তৈরি করতে হবে যা জনগণকে যথাযথ নিরাপত্তা এবং অর্থনৈতিক সুযোগ দেবে এই পুনর্গঠনের মূল দায়িত্ব যদিও সিরিয়ানদেরই নিতে হবে তবে আন্তর্জাতিক সম্প্রদায়ের ভূমিকাও এখানে গুরুত্বপূর্ণ ইরাকের অভিজ্ঞতা থেকে শিক্ষা নিয়ে বাইরের শক্তিগুলো সিরিয়ার বিরোধী দলগুলোকে চাপ দিতে পারে তুরস্ক ও যুক্তরাষ্ট্রকে সিরিয়ায় তাদের মিত্রগোষ্ঠীর ওপর চাপ প্রয়োগ করতে হবে যাতে তারা নতুন অন্তর্বর্তীকালীন সরকারকে সহযোগিতা করে নিদেনপক্ষে বিরোধিতা না করে বাইরের শক্তিগুলো সিরিয়ার রাষ্ট্র এবং অর্থনীতিকে আরও ভেঙে পড়ার হাত থেকে রক্ষা করতেও ভূমিকা রাখতে পারে সেখানকার সংঘাতপরবর্তী স্থায়ী সমাধান অর্জন কঠিন হয়ে পড়বে যদি জীবনযাত্রার মান আরও খারাপ হয় এমন প্রতিকূল পরিবেশেই ইরাকে শাসন পরিবর্তনের পর উগ্রপন্থার উত্থান এবং রাষ্ট্রের ব্যর্থতা দেখা দিয়েছিল সিরিয়ার জন্য আগামী কয়েক মাস অত্যন্ত গুরুত্বপূর্ণ কারণ সংঘাতপরবর্তী সমাজগুলোকে স্থিতিশীল করার প্রচেষ্টাগুলোর ইতিহাস ব্যর্থতায় ভরা গত ১৩ বছরের সিরিয়া আফগানিস্তান ইরাক ও লিবিয়া তার উদাহরণ সে কারণে সিরিয়া পুনর্গঠন সঠিকভাবে করতে হবে সেটি করার সময় এখনই,1
ইউনাইটেড ইন্টারন্যাশনাল ইউনিভার্সিটির ইউআইইউ অষ্টম সমাবর্তন আজ শনিবার ২৭ ডিসেম্বর ২০২৫ রাজধানীর ইউআইইউ ক্যাম্পাসে অনুষ্ঠিত হয়েছে সমাবর্তনে ১ হাজার ৭৩৬ শিক্ষার্থীকে গ্র্যাজুয়েশন ও পোস্টগ্র্যাজুয়েশন ডিগ্রি এবং কৃতিত্বপূর্ণ ফলাফলের জন্য চারজন শিক্ষার্থীকে স্বর্ণপদক দেওয়া হয় বিশ্ববিদ্যালয়ের আচার্য ও রাষ্ট্রপতির পক্ষে তাঁর প্রতিনিধি হিসেবে বাংলাদেশ প্রকৌশল ও প্রযুক্তি বিশ্ববিদ্যালয়ের বুয়েট উপাচার্য আবু বোরহান মোহাম্মদ বদরুজ্জামান সমাবর্তনে সভাপতিত্ব করেন তিনি শিক্ষার্থীদের উদ্দেশে বলেন আমাদের নতুন নতুন উদ্ভাবনকে কীভাবে স্কেলেবল সমাধানের মাধ্যমে আরও উন্নত ও টেকসই করা যায় সেই দিকে নজর দিতে হবে এ জন্য তিনি শিক্ষার্থীদের উচ্চশিক্ষা অর্জনের পাশাপাশি বিভিন্ন ধরনের শ্রমভিত্তিক শিক্ষাকে জ্ঞানভিক্তিক শিক্ষায় রূপান্তরের তাগিদ দিয়েছেন সমাবর্তন বক্তা হিসেবে উপস্থিত ছিলেন যুক্তরাষ্ট্রের ইলিনয় বিশ্ববিদ্যালয় আরবানাচ্যাম্পেইন ইলিনয় এবং গ্রেইঞ্জার ডিস্টিংগুইশড চেয়ার ইন ইঞ্জিনিয়ারিং অধ্যাপক এম তাহের এ সাইফ সমাবর্তন বক্তা হিসেবে উপস্থিত ছিলেন যুক্তরাষ্ট্রের ইলিনয় বিশ্ববিদ্যালয় আরবানাচ্যাম্পেইন ইলিনয় এবং গ্রেইঞ্জার ডিস্টিংগুইশড চেয়ার ইন ইঞ্জিনিয়ারিং অধ্যাপক এম তাহের এ সাইফছবি বিজ্ঞপ্তি বাংলাদেশ বিশ্ববিদ্যালয় মঞ্জুরি কমিশনের সদস্য অধ্যাপক মোহাম্মদ আনোয়ার হোসেন বিশেষ অতিথির বক্তব্য গ্র্যাজুয়েটদের উদ্দেশে বলেন আজকের এই অর্জিত জ্ঞান ও দক্ষতা শুধু ব্যক্তিসমৃদ্ধির কাজে নয় বরং সমাজ উন্নয়নের কাজেও লাগাতে হবে সমাবর্তন বক্তা যুক্তরাষ্ট্রের ইলিনয় বিশ্ববিদ্যালয় আরবানাচ্যাম্পেইন ইলিনয়র অধ্যাপক এম তাহের এ সাইফ ডিগ্রি প্রাপ্ত শিক্ষার্থীদের অভিনন্দন জানান এবং তাঁদের কর্মক্ষেত্রে সফলতা কামনার পাশাপাশি মানবকল্যাণে একনিষ্ঠভাবে কাজের পরামর্শ দেন ইউআইইউর বোর্ড অব ট্রাস্টিজের চেয়ারম্যান হাসান মাহমুদ রাজা বলেন ইউআইইউর স্নাতক শিক্ষার্থীরা তাঁদের পেশাগত প্রচেষ্টা এবং কৃত্বিতের মাধ্যমে তাঁদের পরিবার ও দেশের জন্য গর্ব বয়ে আনবেন সমাবর্তনে ১ হাজার ৭৩৬ শিক্ষার্থীকে গ্র্যাজুয়েশন ও পোস্টগ্র্যাজুয়েশন ডিগ্রি প্রধান করা হয় সমাবর্তনে ১ হাজার ৭৩৬ শিক্ষার্থীকে গ্র্যাজুয়েশন ও পোস্টগ্র্যাজুয়েশন ডিগ্রি প্রধান করা হয়ছবি বিজ্ঞপ্তি ইউআইইউর উপাচার্য মো আবুল কাশেম মিয়া শিক্ষার্থীদের ভালো মানুষ হওয়ার পাশাপাশি সমাজ ও দেশের মানুষের কল্যাণে নিজেদের আত্মনিয়োগ করার আহ্বান জানান সমাবর্তনে অন্যদের মধ্যে বক্তব্য দেন ইউনাইটেড ইন্টারন্যাশনাল ইউনিভার্সিটির বোর্ড অব ট্রাস্টিজের চেয়ারম্যান হাসান মাহমুদ রাজা সমাবর্তন অনুষ্ঠানে বিভিন্ন বিশ্ববিদ্যালয়ের উপাচার্য ইউআইইউর বোর্ড অব ট্রাস্টিজের সম্মানিত সদস্য সব অনুষদের ডিন বিভাগীয় প্রধান শিক্ষকশিক্ষিকা কর্মকর্তাকর্মচারী সাংবাদিক শিক্ষাবিদ ও সমাজের বিভিন্ন স্তরের বিশিষ্ট ব্যক্তিরা উপস্থিত ছিলেন,1
৭ অক্টোবর ইয়াম কিপুর যুদ্ধের ৫০তম বার্ষিকীতে হামাস ইসরায়েলে ব্যাপক হামলা চালায় এ হামলায় সহস্রাধিক মানুষ মারা যায় যাদের অধিকাংশই বেসামরিক অপহরণ করা হয় দুই শতাধিক মানুষকে অপ্রত্যাশিত এ হামলা ইসরায়েলের জন্য ধ্বংস ডেকে আনে ভারতীয় জাতীয় কংগ্রেস দৃঢ়ভাবে বিশ্বাস করে যে সভ্য বিশ্বে সহিংসতার কোনো স্থান নেই সে জন্য পরদিনই কংগ্রেস দ্ব্যর্থহীনভাবে হামাসের হামলার নিন্দা জানায় ট্র্যাজেডি হলো এর পরই ইসরায়েলি বাহিনী গাজা ও তার আশপাশে নির্বিচারে হামলা চালায় প্রায় তিন সপ্তাহে ইসরায়েলের অভিযানে হাজার হাজার বেসামরিক ফিলিস্তিনি প্রাণ হারিয়েছেন এর মধ্যে বিপুল সংখ্যক নিরীহ শিশু ও নারী রয়েছেন ইসরায়েল তার রাষ্ট্রীয় সর্বশক্তি দিয়ে এমন এক জনগোষ্ঠীর ওপর প্রতিশোধ নিচ্ছে যারা একেবারেই অসহায় সামরিকভাবে বিশ্বের অন্যতম শক্তিশালী দেশের অস্ত্র এমন শিশু নারী ও পুরুষদের নিশানা বানাচ্ছে যাদের হামাসের আক্রমণে কোনো হাত নেই বরং তারা কয়েক দশক ধরে বৈষম্য ও দুর্দশা ভোগ করছে ইসরায়েলের নির্বিচার হামলায় গাজায় ধ্বংসাত্মক পরিস্থিতি বিরাজ করছে তাদের হামলায় কোনো কোনো পরিবারের সব সদস্য প্রাণ হারিয়েছে এবং আশপাশের পুরো এলাকা ধ্বংসস্তূপে পরিণত হয়েছে সেখানে যে বিশাল মানবিক সংকট দেখা দিয়েছে তা মোকাবিলায় চিকিৎসাসেবা একেবারেই নগণ্য পানি খাদ্য ও বিদ্যুৎ সুবিধা বন্ধ করে দেওয়া ফিলিস্তিনি জনগণের সম্মিলিত শাস্তির চেয়ে কম নয় অবরুদ্ধ গাজায় বহির্বিশ্বের যে ত্রাণ ও সাহায্য যাচ্ছে তা প্রয়োজনের তুলনায় সামান্য গাজার পরিস্থিতি শুধু অমানবিকই নয় আন্তর্জাতিক আইনেও বেআইনি গাজাবাসীর খুব কম অংশই এ সহিংসতা থেকে বাঁচতে পারছে ছোট্ট আয়তনের জায়গায় গাজাবাসীর ঘনবসতিপূর্ণ বাস তাদের যাওয়ার আর কোনো পথ নেই আর এখন এমনকি অধিকৃত পশ্চিম তীরেও সংঘাত ছড়িয়ে পড়ছে হামলা বন্ধ হওয়ার কোনো সম্ভাবনা দেখা যাচ্ছে না ইসরায়েলি কর্তাব্যক্তিরা গাজার বড় এলাকা ধ্বংস ও জনমানবহীন করার কথা বলেছেন ইসরায়েলি প্রতিরক্ষামন্ত্রী ফিলিস্তিনিদের মনুষ্য জন্তু হিসেবে আখ্যায়িত করেছেন এ অবমাননাকর ভাষা বেদনাদায়ক এবং এমন কথা সে বংশধরদের থেকে আসছে যারা নিজেরাই হলোকাস্ট বা ব্যাপক গণহত্যার শিকার মানবতা এখন কাঠগড়ায় আমরা সম্মিলিতভাবে ইসরায়েলের ওপর হামলায় যেমন বেদনাহত তেমনি এখন গাজায় ইসরায়েলের নির্বিচার হত্যা এবং নৃশংস হামলায়ও মর্মাহত আমাদের সম্মিলিত বিবেক জাগা পর্যন্ত আর কত প্রাণ যাবে ইসরায়েলি সরকার হামাসের আক্রমণের সঙ্গে ফিলিস্তিনিদের যেভাবে সমান অপরাধী করছে সেটা গুরুতর ভুল তারা হামাসকে ধ্বংস করার সংকল্পে গাজার সাধারণ মানুষের ওপর নির্বিচারে হামলা চালাচ্ছে ফিলিস্তিনিদের দুর্দশার দীর্ঘ ইতিহাস বাদ দিলেও কোন যুক্তিতে গোটা জনগোষ্ঠীকে গুটিকতক ব্যক্তির জন্য দায়ী করা যায় ফিলিস্তিনিরা যে জটিল সমস্যা মোকাবিলা করছে তার মূলে রয়েছে বাইরের শক্তির পরিচালনায় সাম্রাজ্যবাদীদের তৈরি সংকট শুধু আলোচনার মাধ্যমে এর সমাধান করা যেতে পারে এটা আবারও বলা দরকার যে এ আলোচনার মাধ্যমে ফিলিস্তিনিদের দাবি পূরণ করতে হবে স্বাধীনসার্বভৌম রাষ্ট্র তাদের অধিকার হলেও কয়েক দশক ধরে তা অস্বীকার করা হয়েছে অথচ অন্যদিকে ইসরায়েলের নিরাপত্তা নিশ্চিত করা হয়েছে ন্যায্যতা ছাড়া শান্তি আসতে পারে না ইসরায়েল গাজাবাসীকে দেড় দেশকেরও অধিক সময় ধরে যেভাবে অবরুদ্ধ করে রেখেছে তারা যেন উন্মুক্ত কারাবন্দি সেখানকার ২০ লক্ষাধিক মানুষ ঘনবসতিপূর্ণ শহর ও শরণার্থী শিবিরে বাস করছে জেরুজালেম ও পশ্চিম তীরে ইসরায়েলি বসতি স্থাপনকারীরা ইসরায়েলি রাষ্ট্রের সহায়তায় ফিলিস্তিনিদের তাদের ভূমি থেকে উচ্ছেদ অব্যাহত রাখছে তাদের আচরণে মনে হয় তারা দ্বিরাষ্ট্রীয় সমাধানের পরিকল্পনা ভণ্ডুল করতে চাইছে শান্তি শুধু তখনই আসবে যখন শক্তিশালী রাষ্ট্রগুলোর নেতৃত্বে দ্বিরাষ্ট্রীয় সমাধানকে বাস্তবে রূপ দেওয়ার কাজ ফের শুরু হবে ভারতীয় জাতীয় কংগ্রেস মনে করে ফিলিস্তিনি ও ইসরায়েলি উভয়েরই শান্তিতে বসবাসের অধিকার রয়েছে ইসরায়েলের সঙ্গে আমাদের বন্ধুত্বের মূল্যায়ন আমরা করি এর অর্থ এই নয় যে শতাব্দীর পর শতাব্দী ধরে ফিলিস্তিনিদের যে ভূমি ছিল সেখান থেকে তাদের জোরপূর্বক উচ্ছেদ এবং বছরের পর বছর ধরে তাদের সম্মান ও মর্যাদার সঙ্গে বেঁচে থাকার অধিকার কেড়ে নেওয়ার বেদনাদায়ক স্মৃতি আমরা ভুলে যাব চলমান অবস্থায় বিশ্বকে অবশ্যই পদক্ষেপ নিতে হবে এটি খুবই দুর্ভাগ্যজনক প্রভাবশালী দেশগুলোর যখন যুদ্ধ বন্ধে সর্বাধিক প্রচেষ্টা করা উচিত তখন তারা এক পক্ষকে দৃঢ়ভাবে সমর্থন দিচ্ছে সামরিক হামলা বন্ধে সবচেয়ে বেশি সরব হওয়া দরকার এবং শক্তিশালী দেশগুলোর এগিয়া আসা উচিত অন্যথায় যুদ্ধের এই চক্র অব্যাহত থাকবে এবং তা দীর্ঘ মেয়াদে এ অঞ্চলের মানুষদের শান্তিতে বসবাস করা কঠিন করে তুলবে,1
ঘূর্ণিঝড় রেমালের প্রভাবে ক্ষতিগ্রস্ত সুন্দরবনের বিভিন্ন চর থেকে আরও ৩১টি মৃত হরিণ উদ্ধার করা হয়েছে শনিবার ১ জুন দুপুর পর্যন্ত উদ্ধার করা এসব হরিণ মাটিচাপা দিয়েছেন বনরক্ষীরা এর আগে ঝড়ের পর থেকে বুধবার পর্যন্ত বনের বিভিন্ন চর থেকে ৯৬টি মৃত হরিণ ও ৪টি মৃত শূকর উদ্ধার করা হয় এ নিয়ে ঘূর্ণিঝড় রেমালের পরে সুন্দরবন থেকে ১২৭ মৃত হরিণসহ ১৩১ মৃত বন্যপ্রাণি উদ্ধার করল বন বিভাগ এছাড়া জীবিত ও আহত অবস্থায় ১৮টি হরিণ ও একটি অজগর উদ্ধার করে বনে অবমুক্ত করা হয়েছে খুলনা অঞ্চলের বন সংরক্ষক মিহির কুমার দে বলেন ঘূর্ণিঝড় রেমালের তাণ্ডবে সুন্দরবনের অনেক ক্ষতি হয়েছে জোয়ারজলোচ্ছ্বাসের পানিতে সুন্দরবনের বেশিরভাগ অংশ প্লাবিত হয়েছে মিষ্টি পানির পুকুরগুলো সব লবণ পানিতে প্লাবিত হয়েছে ঝড়ের পরে বনের কটকা কচিখালী করমজল পক্ষীরচর ডিমেরচর শেলারচর নারিকেলবাড়িয়াসহ বিভিন্ন এলাকা থেকে ১২৭ মৃত হরিণ উদ্ধার করা হয়েছে,0
আগ্নেয়াস্ত্র কেনার সময় মাদকাসক্তি নিয়ে মিথ্যা তথ্য দেওয়ার মামলায় দোষী সাব্যস্ত হয়েছেন যুক্তরাষ্ট্রের প্রেসিডেন্ট জো বাইডেনের ছেলে হান্টার বাইডেন মঙ্গলবার যুক্তরাষ্ট্রের ডেলাওয়ার অঙ্গরাজ্যের একটি আদালত এবিষয়ক ফৌজদারি অপরাধের তিনটি অভিযোগেই তাঁকে দোষী সাব্যস্ত করে রায় দিয়েছেন এ মামলায় হান্টার বাইডেনের সর্বোচ্চ ২৫ বছরের কারাদণ্ড হতে পারে আগ্নেয়াস্ত্র কেনার সময় মিথ্যা তথ্য দেওয়ার জন্য তাঁর সর্বোচ্চ ১০ বছরের কারাদণ্ড হতে পারে অস্ত্র বিক্রেতার নথিতে মিথ্যা তথ্য সন্নিবেশের অপরাধে সর্বোচ্চ ৫ বছর এবং মাদকাসক্ত অবস্থায় অবৈধভাবে আগ্নেয়াস্ত্র রাখায় তাঁর সর্বোচ্চ ১০ বছরের কারাদণ্ড হতে পারে বাইডেনপুত্রের বিরুদ্ধে প্রথম অভিযোগ আগ্নেয়াস্ত্র কেনার সময় তিনি মিথ্যা তথ্য দেন দ্বিতীয় অভিযোগ অস্ত্র বিক্রেতার নথিপত্রেও মিথ্যা তথ্য থাকার বন্দোবস্ত করেন তৃতীয় অভিযোগ হলো হান্টার বাইডেন অবৈধভাবে আগ্নেয়াস্ত্র কাছে রেখেছিলেন এ মামলায় বলা হয় ২০১৮ সালে একটি হ্যান্ডগান কিনেছিলেন হান্টার বাইডেন সেই অস্ত্র কেনার সময়ই নিজের মাদকাসক্তি নিয়ে মিথ্যা তথ্য দিয়েছিলেন তিনি মাদকাসক্তি ও ব্যক্তিগত জীবন নিয়ে সমালোচনার মুখে পড়তে হয়েছে হান্টার বাইডেনকে দীর্ঘদিন ধরে এসব বিষয় নিয়ে তাঁকে ভুগতেও হয়েছে তিনি ২০১৮ সালে কোকেনে আসক্তির কথা স্বীকার করেন ২০১৫ সালে ক্যানসারে আক্রান্ত হয়ে মারা যান হান্টারের বড় ভাই বিউ বাইডেন হান্টার বাইডেন তাঁর আত্মজীবনী বিউটিফুল থিংসএ লিখেছেন ভাইয়ের মৃত্যুর পর তিনি মাদকাসক্ত হয়ে পড়েন ২০১৯ সালে হান্টার মাদক ছাড়েন যুক্তরাষ্ট্রের আইন অনুযায়ী দেশটির নাগরিকদের অস্ত্র কেনার অধিকার রয়েছে কিন্তু অস্ত্র কেনার সময় একজন ব্যক্তিকে আবেদনপত্রে অবশ্যই এটা উল্লেখ করতে হবে যে তিনি মাদকে আসক্ত কি না,1
পাকিস্তানের সুপ্রিম কোর্ট কার্যালয় রাষ্ট্রীয় উপহার বিক্রির তোশাখানা মামলায় দেশটির সাবেক প্রধানমন্ত্রী ইমরান খানের তিন বছরের সাজা বাতিল চেয়ে করা আপিল আবেদন ফিরিয়ে দিয়েছে গত শনিবার আইনজীবী সর্দার লতিফ খোসার মাধ্যমে এই আপিল আবেদন করেন ইমরান খান সুপ্রিম কোর্ট কার্যালয় জানিয়েছে অসম্পূর্ণ হওয়ায় আপিলের আবেদন ফেরত পাঠানো হয়েছে এর আগে ১১ ডিসেম্বর ইসলামাবাদ হাইকোর্টে একই ধরনের একটি আপিল আবেদন করেন ইমরান হাইকোর্ট এই আবেদন খারিজ করে দেন এরপর সুপ্রিম কোর্টের দ্বারস্থ হন ইমরান খান ইমরান খান রাষ্ট্রীয় দায়িত্বে থাকা অবস্থায় পাওয়া উপহার বিক্রির দায়ে দোষী সাব্যস্ত হয়েছেন গত ৫ আগস্ট তাকে তিন বছরের কারাদণ্ড দেন ইসলামাবাদের জেলা ও দায়রা জজ আদালত দোষী সাব্যস্ত ও কারাদণ্ড হওয়ায় ইমরানকে পাঁচ বছরের জন্য নির্বাচনে অযোগ্য ঘোষণা করা হয় আগামী ৮ ফেব্রুয়ারি পাকিস্তানের জাতীয় পরিষদের নির্বাচনের ভোট গ্রহণ হবে নির্বাচনে অংশ নেওয়ার চেষ্টার অংশ হিসেবে সেই রায়ের বিরুদ্ধে প্রথমে ইসলামাবাদ হাইকোর্ট ও পরে সুপ্রিম কোর্টের দ্বারস্থ হন পাকিস্তানের বিরোধী দল পাকিস্তান তেহরিকইইনসাফের প্রতিষ্ঠাতা ইমরান খান গত বছরের এপ্রিলে দেশটির পার্লামেন্টে বিরোধী দলগুলোর আনা অনাস্থা ভোটে হেরে প্রধানমন্ত্রিত্ব হারান ইমরান খান এরপর তার বিরুদ্ধে শতাধিক মামলা করা হয়েছে দুর্নীতিসহ আরও কয়েকটি মামলায় গ্রেফতার হয়ে ইমরান এখন রাওয়ালপিন্ডির আদিয়ালা কারাগারে আছেন ইমরান খান ও তার দলের দাবি ক্ষমতাসীন সরকার ও সেনাবাহিনীর চক্রান্তে উদ্দেশ্যমূলকভাবে তার বিরুদ্ধে এসব মামলা হয়েছে যাতে তিনি আসন্ন জাতীয় নির্বাচনে অংশ নিতে না পারেন,1
দীর্ঘ ১৭ বছর পর বিএনপির ভারপ্রাপ্ত চেয়ারম্যান তারেক রহমানের দেশে ফেরা বাংলাদেশের রাজনীতিতে একটি ইতিবাচক পরিবর্তনের বার্তা নিয়ে এসেছে বলে মন্তব্য করেন দলটির মহাসচিব মির্জা ফখরুল ইসলাম আলমগীর মির্জা ফখরুল ইসলামের মতে এই প্রত্যাবর্তনের মধ্য দিয়ে দেশের রাজনৈতিক অঙ্গনে নতুন আশার সঞ্চার হয়েছে আজ শুক্রবার বাদ জুমা রাজধানীর শেরেবাংলা নগরে বিএনপির প্রতিষ্ঠাতা ও স্বাধীনতার ঘোষক প্রয়াত রাষ্ট্রপতি জিয়াউর রহমানের সমাধিতে শ্রদ্ধা নিবেদন শেষে সাংবাদিকদের সঙ্গে আলাপকালে মির্জা ফখরুল ইসলাম আলমগীর এ কথা বলেন মির্জা ফখরুল ইসলাম বলেন ২০০৬ সালের পর দীর্ঘ সময় নির্বাসিত থাকার পর তারেক রহমান গতকাল বৃহস্পতিবার দেশে ফিরেছেন তাঁর এই প্রত্যাবর্তন ছিল রাজকীয় ও অভূতপূর্ব দেশের মানুষ স্বতঃস্ফূর্তভাবে তাঁকে সংবর্ধনা জানিয়েছেন এবং আনন্দউচ্ছ্বাসে অংশ নিয়েছেন জনগণ তাঁদের প্রিয় নেতাকে ফিরে পেয়েছেন বিএনপির মহাসচিব বলেন বাংলাদেশের রাজনৈতিক ইতিহাসে খুব কম নেতার পক্ষেই এমন স্বতঃস্ফূর্ত জনসমর্থন ও গণঅভ্যর্থনা পাওয়া সম্ভব হয়েছে তরুণ ও সম্ভাবনাময় নেতৃত্ব হিসেবে তারেক রহমানকে আজ দেশের মানুষ শুধু নয় বিশ্ব গণমাধ্যমও বাংলাদেশের ভবিষ্যৎ প্রধানমন্ত্রী হিসেবে দেখছে বাংলাদেশের রাজনৈতিক আকাশে এখন সুবাতাস বইতে শুরু করেছে উল্লেখ করে মির্জা ফখরুল ইসলাম আরও বলেন তারেক রহমানের দেশে ফেরা শুধু একটি ব্যক্তিগত প্রত্যাবর্তন নয় এটি দেশের রাজনীতিতে একটি নতুন অধ্যায়ের সূচনা এর মাধ্যমে গণতন্ত্র পুনরুদ্ধার ও জনগণের প্রত্যাশা বাস্তবায়নের পথ আরও সুগম হবে বিএনপির মহাসচিব বলেন ১৭ বছর পর দেশে ফিরে আজ তারেক রহমান তাঁর পিতা শহীদ রাষ্ট্রপতি জিয়াউর রহমানের সমাধিতে শ্রদ্ধা নিবেদন করবেন এ সময় তিনি পুষ্পস্তবক অর্পণ করে তাঁর আত্মার মাগফিরাত কামনা করবেন,1
২০১১১২ অর্থ বছরে সরকারি অনুদানের ছবি হাডসনের বন্দুক ২০১৪ সালে এ সিনেমার নির্মাণ কাজ শুরু হয় নানা জটিলতা কাটিয়ে প্রায় ৭ বছর পর সম্প্রতি সেন্সর বোর্ডে জমা পড়েছে সিনেমাটি হাডসনের বন্দুক পরিচালনা করেছেন প্রশান্ত অধিকারী সিলেটের জাফলং শ্রীমঙ্গল মৌলভীবাজার ঢাকার উত্তরা ধানমন্ডিসহ বিভিন্ন স্থানে এর দৃশ্যধারণের কাজ হয়েছে হাডসনের বন্দুক ছবিতে মৌসুমী হামিদ ছাড়াও এতে অভিনয় করেছেন লুৎফুর রহমান জর্জ অন্তু করিম প্রমুখ,0
প্রথম সিনেমা প্রিয়তমা দিয়েই বাজিমাত করেছেন নাট্যনির্মাতা হিমেল আশরাফ আর প্রথম সিনেমাতেই এই নির্মাতা পেয়েছেন ঢাকাই সিনেমার সুপারস্টার শাকিব খানকে পর্দায় তার সঙ্গে জুটি হয়েছেন কলকাতার অভিনেত্রী ইধিকা পাল দেশজুড়ে এখনও প্রিয়তমার ঝড় বইছে আর এর মাঝেই নতুন সিনেমার ঘোষণা দিলেন হিমেল আশরাফ সিনেমার নামও হিমেল জানিয়েছেন তার নতুন সিনেমার নাম হচ্ছে রাজকুমার নির্মাণের পাশাপাশি এর কাহিনি ও চিত্রনাট্য এবং সংলাপ তিনি নিজেই লিখছেন সোমবার হিমেল আশরাফ তার ফেসবুকে এ তথ্য জানিয়ে একটি পোস্ট দিয়েছেন,1
কারা অস্ত্র সরবরাহ করেন এবং ঘটনার নেপথ্যে মাস্টারমাইন্ড কারা এমন প্রশ্ন করলে অতিরিক্ত পুলিশ কমিশনার হাফিজ আক্তার জানান এ বিষয়ে এখনও বিস্তর জিজ্ঞাসাবাদ চলছে অভিযুক্ত মাসুমকে কীভাবে শনাক্ত করা হলো এমন প্রশ্নের জবাবে পুলিশ জানায় বিভিন্ন স্থানের সিসিটিভি ফুটেজ দেখে এবং গোয়েন্দা তথ্যের ভিত্তিতে শতভাগ নিশ্চিত হয়ে তারপর মাসুমকে গ্রেপ্তার করা হয় তার বিরুদ্ধে একাধিক মামলা রয়ে বলেও জানা গেছে এসব মামলায় বিষণ্ন ছিলেন তিনি তাকে কেউ প্ররোচণা দিয়ে কিলিং মিশন সম্পন্ন করেছে কিনা তা যাচাই বাছাই করা হচ্ছে মো মাসুম ওরফে আকাশ গ্রাফিক আর্টস ও ডিজাইনে পড়াশুনা করেছেন বলে জানিয়েছে পুলিশ তার বাবা স্কুল শিক্ষক এবং মাসুম বিবাহিত বলে জানা গেছে,1
বুয়েটের ভর্তি পরীক্ষায় প্রথম হওয়া মেফতাউল আলম সিয়াম সবাইকে তাক লাগিয়ে দিয়েছেন ঢাকা বিশ্ববিদ্যালয়ে ক ইউনিটের ভর্তি পরীক্ষায় আগেই প্রথম হয়েছিলেন এছাড়া দেশের তিনটি প্রকৌশল ও প্রযুক্তি বিশ্ববিদ্যালয়ের গুচ্ছ ভর্তি পরীক্ষায় তৃতীয় ইসলামিক ইউনিভার্সিটি অব টেকনোলজির আইইউটি ভর্তি পরীক্ষায় প্রথম আর মেডিকেলের ভর্তি পরীক্ষায় ৫৯তম হয়েছিলেন তিনি এবার বাংলাদেশ প্রকৌশল বিশ্ববিদ্যালয়ের বুয়েট ভর্তি পরীক্ষায়ও প্রথম হলেন মেফতাউল বৃহস্পতিবার রাতে ২০২০২১ শিক্ষাবর্ষে স্নাতক প্রথম বর্ষের ভর্তি পরীক্ষার ফলাফলে দেখা যায় প্রথম হয়েছেন বগুড়ার সরকারি আজিজুল হক কলেজ থেকে উচ্চমাধ্যমিক পাস করা মেফতাউল গণমাধ্যমের খবর বলছে পঞ্চম শ্রেণিতে মেফতাউলের রোল নম্বর ছিল ২৫২ তবে হাইস্কুলে ভর্তি হয়েই পড়াশোনায় মনোযোগ দেন তিনি ষষ্ঠ শ্রেণিতে তার রোল নম্বর ছিল ২০ এরপর অষ্টম শ্রেণি থেকে প্রথম হতে শুরু করেন মাধ্যমিক ও উচ্চ মাধ্যমিক দুটিতেই জিপিএ ৫ পেয়েছেন মেফতাউল পঞ্চমের সমাপনী পরীক্ষায় জিপিএ ৫ পান তিনি অষ্টম শ্রেণিতে জিপিএ ৫ ও জেনারেল বৃত্তি এবং এসএসসিতে জিপিএ ৫ ও ট্যালেন্টপুলে বৃত্তি পান বগুড়ার অবসরপ্রাপ্ত এনজিও কর্মকর্তা খোরশেদ আলমের তিন ছেলের মধ্যে মেফতাউল আলম সিয়াম সবার বড় তার মা মা মুনজিলা আলম গৃহিণী তাদের অনুপ্রেরণায়ই সাফল্য লাভ করেছেন বলে জানিয়েছেন তিনি,0
সাবেক মার্কিন প্রেসিডেন্ট ডোনাল্ড ট্রাম্প ও স্টর্মি ড্যানিয়েলস একটি কথিত যৌন কেলেঙ্কারির ঘটনায় দীর্ঘদিন ধরে বিচারের অপেক্ষায় রয়েছেন নিজের যৌন কেলেঙ্কারি ধামাচাপা দিতে ঘুষ দেওয়ার অভিযোগে ট্রাম্পের বিরুদ্ধে শুনানি চলছে নিউইয়র্কের আদালতে বিবিসির লাইভ প্রতিবেদনে বলা হয়েছে আজ আদালতে সবচেয়ে উত্তেজনাপূর্ণ দিন এদিন আদালতে সাক্ষ্য দিতে এসেছেন ট্রাম্পের একসময়ের কাছের ও সাবেক আইনজীবী মাইকেল কোহেন বর্তমানে তাদের দুইজনের মধ্যে সম্পর্ক তলানিতে ঠেকেছে বিবিসি বলছে এই মুহূর্তে ট্রাম্প এবং কোহেন একই কোর্টরুমে অবস্থান করছেন আদালতরুমে কোহেন সাক্ষ্য দেওয়া শুরু করেছেন তিনি বলেছেন আমি সরাসরি ট্রাম্পের জন্য কাজ করেছি এসময় তিনি উল্লেখ করেছেন ট্রাম্পই তাকে তার এ চাকরির জন্য প্রস্তাব দেন কোহেন বলেন আমি ট্রাম্পের অনেক সমস্যার সমাধান করেছি ট্রাম্পের কোনো মেইল বা মুঠোফোন ছিল না আমি সরাসরি ট্রাম্পের সঙ্গে কথা বলতাম এদিন কোহেন আরও বলেছেন আমি মাঝে মধ্যে ট্রাম্পের জন্য মিথ্যা বলেছি এই রিপোর্ট লেখা পর্যন্ত কোহেন এখনো আলাদতে সাক্ষ্য দিচ্ছেন এবং প্রসিকিউটর তাকে জেরা করছেন প্রসিকিউটররা জানিয়েছেন আরও দুইজন সাক্ষীকে হাজির করা হবে এবং এই সপ্তাহের মধ্যে এই মামলার নিষ্পত্তি হতে পারে এর আগে বিবিসির প্রতিবেদনে বলা হয় ট্রাম্প ব্যবসায়িক রেকর্ড জালিয়াতির ৩৪টি অপরাধমূলক মামলার মুখোমুখি হয়েছেন এর মধ্যে একটি ছিল ট্রাম্পের সঙ্গে সম্পর্কের বিষয়ে মুখ বন্ধ রাখতে ড্যানিয়েলসকে এক লাখ ৩০ হাজার মার্কিন ডলার পরিশোধ করেন কোহেন,0
পাবনায় ১০০ মেগাওয়াট গ্রিডসংযুক্ত সৌর ফটোভোলটাইক বিদ্যুৎ কেন্দ্র নির্মাণ ও পরিচালনার জন্য এশীয় উন্নয়ন ব্যাংক এডিবি ডাইনামিক সান এনার্জি প্রাইভেট লিমিটেডের সঙ্গে ১২১৫৫ মিলিয়ন ডলার অর্থায়নের একটি প্যাকেজ স্বাক্ষর করেছে এক বিজ্ঞপ্তিতে বলা হয়েছে বিদেশি অর্থায়নে নির্মিতব্য বিদ্যুৎ কেন্দ্রটি দেশের প্রথম বেসরকারি খাতের ইউটিলিটিস্কেল সৌর সুবিধা অর্থায়ন প্যাকেজটিতে এডিবি থেকে ৪৬৭৫ মিলিয়ন ডলার ফান্ডের ২৮০৫ মিলিয়ন ডলারের বিলোন সিন্ডিকেড যা এডিবির লেন্ডার অব রেকর্ড হিসাবে টেকসই উন্নয়ন লক্ষ্যমাত্রা অর্জনে সহায়তায় একটি আমস্টারডামভিত্তিক উদীয়মান বাজার ক্রেডিট তহবিল থেকে এসেছে এবং জাপান ইন্টারন্যাশনাল কোঅপারেশন এজেন্সি থেকে ৪৬৭৫ মিলিয়ন ডলার সমান্তরাল ঋণ পাওয়া যাবে এডিবি প্রাইভেট সেক্টর অপারেশন বিভাগের মহাপরিচালক সুজান গ্যাবরি বলেন এশিয়ার ক্লাইমেট ব্যাংক হিসাবেএডিবি বাংলাদেশে নবায়নযোগ্য জ্বালানিকে সমর্থন করার সুযোগকে স্বাগত জানায় যেখানে এই ধরনের প্রকল্পের জন্য দীর্ঘমেয়াদী অর্থায়ন পাওয়া একটি চ্যালেঞ্জ তিনি আরও বলেন এই অংশীদারিত্ব পরিচ্ছন্ন জ্বালানি সুবিধার জন্য অর্থায়ন সংগ্রহ করতে ও যেখানে এটির সবচেয়ে বেশি প্রয়োজন সেখানে আরো বিনিয়োগকে উদ্দীপিত করার ক্ষেত্রে আমাদের প্রধান ভূমিকার এটি একটি উদাহরণ সৌর বিদ্যুৎ কেন্দ্রটি বার্ষিক ১৯৩৫ গিগাওয়াটঘন্টা বিদ্যুৎ উৎপাদন করবে এবং বার্ষিক ৯৩৬৫৪ টন কার্বন ডাই অক্সাইড নির্গমন এড়াবে পিটি ব্যবস্থাপনা পরিচালক শাখাওয়াত হোসেন বলেন এডিবির নেতৃত্বে আন্তর্জাতিক ঋণদাতাদের সহায়তায় বাংলাদেশে এখন পর্যন্ত সবচেয়ে বড় বেসরকারি খাতের একটি সৌর প্রকল্পের জন্য অর্থায়ন নিশ্চিত করতে পেরে আমরা আনন্দিত তিনি আরো বলেন এডিবির মতো একটি আন্তর্জাতিকভাবে প্রশংসিত আর্থিক প্রতিষ্ঠানের সাথে অংশীদারিত্বটেকসই প্রবৃদ্ধির দিকে আমাদের যাত্রায় সক্ষমতার প্রতি স্বীকৃতি ও একটি উল্লেখযোগ্য অগ্রগতি হিসেবে চিহ্নিত করে বাংলাদেশের অন্যতম বৃহত্তম শীতবস্ত্র প্রস্তুতকারক প্যারামাউন্ট টেক্সটাইল পিএলসি পিটি এর মালিকানাধীন ডিএসই বেশ কয়েকটি পাওয়ার প্ল্যান্টও পরিচালনা করছে,1
বিশ মাস আগে ভ্লাদিমির পুতিন ইউক্রেনে পূর্ণমাত্রায় আগ্রাসন শুরু করার পর অনেক উচ্চপদস্থ রাশিয়ান বিশ্বাস করেছিলেন যুদ্ধ শিগগিরই শেষ হতে যাচ্ছে তাদের বিবেচনায় রুশ অর্থনীতি বিপর্যয়ের মুখে পড়েছিল এবং পুতিন সরকারও ছিল পতনের দ্বারপ্রান্তে আজ তাদের সেই মনোভাব নাটকীয়ভাবে পাল্টে গেছে ব্যবসায়ী নেতা ও কর্মকর্তারা এবং সাধারণ মানুষ আমাকে বলেছেন পশ্চিমা নিষেধাজ্ঞা উপেক্ষা করে অর্থনীতি স্থিতিশীল হয়েছে পুতিনের শাসনও গত দুই বছরে অন্য যে কোনো সময়ের চেয়ে বেশি স্থিতিশীল দেখাচ্ছে মস্কোর রেস্তোরাঁগুলো লোকে গিজগিজ করছে একজন শীর্ষ রাশিয়ান রেস্তোরাঁ মালিক বলেছেন অভ্যন্তরীণ পর্যটনের বিকাশ ঘটায় রেস্তোরাঁর বাজার দিন দিন বাড়ছে শুধু মস্কোতে নয় রাশিয়াজুড়ে এবং খাবারের মানও দিন দিন ভালো হচ্ছে ২০২২ সালের গোড়ার দিকে অবশ্যই এ শিল্পকে আতঙ্ক জেঁকে ধরেছিল তবে এটি দ্রুত কেটে গেছে বলছিলেন তিনি আবাসনের দাম বাড়ছে এবং নির্মাণ শিল্পে বেশ তেজি ভাব চলছে ২০২২এর শুরুতে মল এবং রাস্তায় খালি দোকান রেখে বেশির ভাগ বৈশ্বিক ব্র্যান্ড রাশিয়া ছেড়ে চলে যায় এখন একটি খুচরা চেইনশপের প্রধান নির্বাহী আমাকে বলেছেন ওই ব্যবসায়ীদের রাশিয়ান সমকক্ষরা শূন্যস্থান পূরণ করেছে পুতিনের মুখপাত্র দিমিত্রি পেসকভ সম্প্রতি স্বীকার করেছেন রাশিয়ার অর্থনীতি আক্রমণের কয়েক মাস পরে পতনের হুমকির সম্মুখীন হয়েছিল কিন্তু তাঁর মতে দেশটি ইতোমধ্যে সবচেয়ে খারাপ সময় কাটিয়ে উঠেছে যুদ্ধের আগে রাশিয়ান ব্যবসা প্রতিষ্ঠানের নির্বাহীরা সাধারণত পশ্চিমে তাদের টাকা জমা রাখতেন তারা সেখানে আবাসন ও ভূসম্পত্তিও কিনেছিলেন যাতে তা প্রয়োজনে তাদের পরিবারের জন্য দ্বিতীয় বাড়ি হিসেবে কাজ করে তবে এখন একজন রাশিয়ান ধনকুবের যেমন আমাকে বলেছেন সেই দরজাটি বন্ধ হওয়ায় দেশেই বিনিয়োগের ধুম লেগেছে তাদের অর্থ বিনিয়োগের আর কোনো জায়গা নেই পূর্ব সাইবেরিয়ার আলতাই পর্বতমালা থেকে ফিনল্যান্ডের সীমান্তে কারেলিয়া পর্যন্ত স্থানগুলোয় এখন বড় বড় বিল্ডিং নির্মাণের প্রকল্প চলছে সেপ্টেম্বরে ব্লুমবার্গ রিপোর্ট করেছে রাশিয়ার ধনকুবেররা ইউক্রেন যুদ্ধ শুরুর পর থেকে এ পর্যন্ত দেশটিতে কমপক্ষে ৫০ বিলিয়ন ডলার ফেরত এনেছেন আমি যাদের সাক্ষাৎকার নিয়েছি তাদের মতে এ হিসাব খুবই রক্ষণশীল বাস্তবে তা অনেক বেশি রাশিয়ান শিল্প খাত বিকশিত হচ্ছে অবশ্য সমরাস্ত্র কারখানাগুলো এতে নেতৃত্ব দিচ্ছে যেগুলোর মধ্যে কিছু এ বছর ৩০ শতাংশের বেশি প্রবৃদ্ধি পাবে বলে ধারণা করা হচ্ছে মস্কো বিদেশি ক্রেতাদের কাছে তেল ও গ্যাস বিক্রি করে চলেছে শুধু চীন ও ভারত নয় ইউরোপীয় দেশগুলোও তা কিনছে এ গ্রাহক বেশির ভাগই তুরস্ক আজারবাইজান বা মিসরের মতো মধ্যস্থতাকারীদের মাধ্যমে রাশিয়ান পেট্রোলিয়াম সামগ্রী ক্রয় করে পশ্চিমারা হয়তো রাশিয়ার সঙ্গে বেশির ভাগ ক্ষেত্রে সম্পর্ক ছিন্ন করতে সফল হয়েছে কিন্তু বাকি বিশ্বের সঙ্গে মস্কোর বাণিজ্য বাড়ছে সোভিয়েত ইউনিয়নের শীতল যুদ্ধকালীন বিচ্ছিন্নতার পুনরাবৃত্তি এবার ঘটেনি পুতিনের রাশিয়া চীন থেকে প্রয়োজনীয় অনেক সরবরাহ পেতে পারে মস্কোর অনেক বাসিন্দার জন্য রাস্তায় সম্ভবত সবচেয়ে বড় চমক হলো পশ্চিমা গাড়িগুলোর জায়গায় ব্যাপক হারে চীনা মডেলের গাড়ি চলছে নিষেধাজ্ঞার কারণে রাশিয়ান ব্যবসায়ী নেতাদের দেশে থাকা ছাড়া আর কোনো বিকল্প নেই এমনকি যারা পশ্চিমে থাকতে এবং ইউক্রেনকে সাহায্য করতে চেয়েছিলেন তাদেরও এ শাস্তি পেতে হয়েছে রাশিয়ার সবচেয়ে বড় প্রাইভেট ব্যাংকের সহপ্রতিষ্ঠাতা ধনকুবের মিখাইল ফ্রিডম্যান একটু রয়েসয়ে যুদ্ধের সমালোচনা করেছিলেন তাঁকেও ব্রিটিশ কর্তৃপক্ষ অল্প সময়ের জন্য হলেও গ্রেপ্তার করে এবং মার্কিন নিষেধাজ্ঞার নিচে পড়তে হয় কয়েক সপ্তাহ আগে ফ্রিডম্যান হাল ছেড়ে দিয়ে প্রাথমিকভাবে তাঁর লন্ডনের বাড়ি থেকে তেল আবিব চলে যান শেষ অবধি মস্কো ফিরে আসেন ফ্রিডম্যানের প্রত্যাবর্তন রাশিয়ান ব্যবসায়িক অভিজাতদের ওপর একটি প্রতীকী প্রভাব ফেলেছিল এটি তাদের মনে এ বিশ্বাসের জন্ম দিয়েছে যে পশ্চিম তাদের কেবল শত্রু হিসেবে দেখে তার মানে তাদের বেঁচে থাকার একমাত্র উপায় হলো ক্রেমলিনকে সহযোগিতা করা কারণ পুতিন পশ্চিমের মতো এখনও কোনো ব্যবসায়ী নেতাকে শাস্তি দেননি এমনকি যারা যুদ্ধের বিরুদ্ধে কথা বলেছিলেন তাদেরও কিছু বলেননি তবে মধ্যপ্রাচ্যের যুদ্ধই রাশিয়ান ব্যবসায়ী নেতাদের নিশ্চিত করেছে পুতিন জয়ী হচ্ছেন তাদের দৃষ্টিতে পশ্চিমের জনমত ইউক্রেন থেকে দূরে সরে যাচ্ছে এদিকে পুতিন গ্লোবাল সাউথ বা বৈশ্বিক দক্ষিণের কাছে তাঁর অবস্থান শক্তিশালী করবেন গাজার সংকটের জন্য মার্কিন যুক্তরাষ্ট্র দায়ী বলে তাঁর দাবি বিশ্বজুড়ে লাখ লাখ মানুষের মনে অনুরণিত হচ্ছে চলমান যুদ্ধ বিষয়ে বললে বলতে হয় সেনা সংগ্রহের জন্য রুশ কর্তৃপক্ষ রাশিয়ার সবচেয়ে দরিদ্র ও হতাশাগ্রস্ত অঞ্চলে মনোনিবেশ করেছে নবীন সেনাদের গড়ে ১০ গুণ বেতনের প্রতিশ্রুতি দেওয়া হচ্ছে পুতিনের কোষাগারে এখনও প্রচুর অর্থ আছে যার মানে শিগগিরই তাঁর কামানের খোরাক সংগ্রহে ভাটা পড়ার কোনো সম্ভাবনা নেই রাশিয়ার অগ্রসর বা প্রভাবশালী মানুষ ভালো করেই জানেন পুতিনের শাসন ব্যবস্থায় এখনও অনেক দুর্বলতা রয়েছে রাশিয়া এখনও তার প্রয়োজনীয় অনেক পণ্য উৎপাদন করতে পারে না তাঁর বন্ধুদের কাছ থেকে সেগুলো সংগ্রহ করা বেশ জটিল একজন ব্যবসায়ী আমাকে বলেছিলেন যাত্রীবাহী বিমানের খুচরা যন্ত্রাংশের অভাবে শিগগিরই তাদের এয়ারলাইন্স বন্ধ হয়ে যেতে পারে তা সত্ত্বেও পুতিনের পক্ষে জনমত পরিবর্তন বিষয়ে সন্দেহ পোষণের সুযোগ নেই ২০ মাস আগে রাশিয়ার অগ্রসর ও প্রভাবশালী মানুষ নিশ্চিত ছিলেন দীর্ঘ সময় কোনো চ্যালেঞ্জবিহীন থাকা পুতিন অবশেষে তাঁর তুরুপের তাসটি খেলে ফেলেছেন এবং সম্ভবত তাঁকে তাঁর ভুল হিসাবের জন্য কঠোর মূল্য দিতে হবে এখন তাদের বেশির ভাগই মত পরিবর্তন করেছেন বলে মনে হচ্ছে রাশিয়ান প্রেসিডেন্ট তাদের মতে স্পষ্ট দেখিয়ে দিয়েছেন তিনি এখানে থাকার জন্যই আছেন মিখাইল জাইগার নির্বাসিত রুশ লেখক দ্য ওয়াশিংটন পোস্ট থেকে ভাষান্তর করেছেন সাইফুর রহমান তপন,0
মানুষের ব্যস্ত জীবনে বিভিন্ন অনিয়মের ফলে শরীরে রক্তচাপের ওঠানামায় প্রভাব পড়ে অনেকেই মনে করেন উচ্চ রক্তচাপের থেকে নিম্ন রক্তচাপ কম ভয়ের কিন্তু তা একেবারেই নয় চিকিৎসকদের মতে লো ব্লাড প্রেশার বা হঠাৎ প্রেশার কমে যাওয়াতেও বিপদ রয়েছে লো ব্লাড প্রেশারের ফলে হৃৎপিণ্ডে মস্তিষ্কে ও শরীরের অন্যান্য অংশে রক্ত সঞ্চালনের পরিমাণ কমে যায় যার ফলে মাথা ঘোরা দুর্বলতা এমনকী বমি বমি ভাব বেড়ে যায় আবার হঠাৎ প্রেশার কমে গেলেও বিপদ শুয়ে বসে থাকা অবস্থা থেকে হঠাৎ জেগে উঠলে রক্তচাপে ব্যাঘাত ঘটে এর ফলে স্ট্রোকের সম্ভাবনাও বাড়ে ব্লাড প্রেশারের হঠাৎ কমে যাওয়ার ফলে শরীর ভারী লাগতে পারে এই অবস্থায় স্বাভাবিকত্ব বজায় রাখা অত্যন্ত জরুরি জেনে নিন হঠাৎ ব্লাড প্রেশার কমে গেলে কী করবেন ১ চাকফি পান স্বাস্থ্য বিশেষজ্ঞদের মতে হঠাৎ ব্লাড প্রেশার কমে গেলে চা অথবা কফি পান করতে হবে কফিতে থাকা ক্যাফিন সাময়িকভাবে ব্লাড প্রেশার বাড়াতে সাহায্য করে শুধু তাই নয় এর ফলে ক্লান্ত ভাবও কিছুক্ষণের জন্য দূর হবে ২ বেশি পানি পান লো ব্লাড প্রেশারের রোগীদের ক্ষেত্রে ডায়েটে অবশ্যই পানীয় বেশি করে রাখা উচিত প্রতিদিন দুই থেকে তিন লিটার জল খেতে পরামর্শ চিকিৎসকদের এছাড়াও প্রতিদিনের খাবারে নারকেলের জলসহ অন্যান্য পুষ্টিকর ফলের রস স্যুপজাতীয় খাবার রাখা বাধ্যতামূলক উক্ত ডায়েটের ফলে শরীরে জলের মাত্রা বজায় রাখতে প্রয়োজনীয় ইলেকট্রোলাইটের ঘাটতি মেটানো যাবে জেনে রাখা ভালো লো ব্লাড প্রেশারের অন্যতম কারণ হলো ডিহাইড্রেশন ৩ তুলসী পাতা ডায়েটিশানদের পরামর্শ অনুযায়ী লো ব্লাড প্রেশারের রোগীদের রোজ সকালে উঠে কমপক্ষে পাঁছ থেকে সাতটি তুলসী পাতা চিবোনো শরীরের পক্ষে ভালো তুলসী পাতার মধ্যে উচ্চমাত্রায় পটাশিয়াম ম্যাগনেশিয়াম ও ভিটামিন সি রয়েছে যা ব্লাড প্রেশারকে নিয়ন্ত্রিত রাখে এছাড়াও তুলসী পাতায় রয়েছে প্রচুর পরিমাণে ইউজিনোল নামের অ্যান্টিঅক্সিডেন্ট ব্লাড প্রেশার নিয়ন্ত্রণে রাখার পাশাপাশি কোলস্টেরলের মাত্রাও কমাতে সাহায্য করে এটি ৪ সময়মতো খাওয়াদাওয়া লো ব্লাড প্রেশারের রোগীদের জন্য সময়মতো খাওয়াদাওয়া করা অত্যন্ত জরুরি ভারী খাবারের মাঝে স্বাস্থ্যকর মুখরোচক খাবার খেতে হবে বিশেষজ্ঞদের মতে দিনে ৩ বার ভারী খাবার খাওয়ার থেকে পাঁচবার অল্প অল্প করে খাওয়া বেশি উপকারী এর ফলে ব্লাড প্রেশারও হঠাৎ কমে যাওয়া আটকানো সম্ভব সূত্র জিনিউজ,0
চট্টগ্রাম বিশ্ববিদ্যালয়ের চবি ২০২৩২৪ শিক্ষাবর্ষের বিজ্ঞান ইউনিটের প্রথম বর্ষ স্নাতক ভর্তি পরীক্ষার ফলাফল শুক্রবার ৮ মার্চ বিকাল ৫টায় প্রকাশিত হয়েছে এতে পাস করেছেন ৪০ হাজার ৮৬৬ জন পরীক্ষার্থী পাসের হার ৫২ দশমিক ৮৯ শতাংশ বিষয়টি নিশ্চিত করেছেন ইঞ্জিনিয়ারিং অনুষদের ডিন অধ্যাপক ড রাশেদ মোস্তফা গত শনিবার ২ মার্চ অনুষ্ঠিত হওয়া বিজ্ঞান ইউনিটের ভর্তি পরীক্ষায় অংশগ্রহণ করেন ৭৭ হাজার ২৫৯ জন এর মধ্যে পাস করেছেন ৪০ হাজার ৮৬৬ জন এবং অকৃতকার্য হয়েছেন ৩৬ হাজার ৩৯৩ জন পাসের হার ৫২৮৯ সর্বোচ্চ নম্বর ১১০ ও সর্বনিম্ন নম্বর ৫২৪৬ ভর্তি পরীক্ষার ফলাফল চট্টগ্রাম বিশ্ববিদ্যালয়ের ফেসবুক পেজের  মাধ্যমে প্রকাশ করা হয়েছে তবে পরীক্ষার্থী বিশ্ববিদ্যালয়ের ওয়েবসাইটের মাধ্যমে ভর্তি পরীক্ষার আইডি লগইন করে ফলাফল জানতে পারবে,0
দুর্নীতি ও অসদাচরণের দায়ে একজন সহকারী পুলিশ সুপারকে বাধ্যতামূলক অবসরে পাঠিয়েছে সরকার ওই পুলিশ কর্মকর্তার নাম ইয়াকুব হোসেন তিনি সহকারী পুলিশ সুপার এএসপি পদে সারদা পুলিশ একাডেমিতে কর্মরত ছিলেন আজ রোববার ৩০ জুন স্বরাষ্ট্র মন্ত্রণালয়ের জননিরাপত্তা বিভাগ থেকে জারি একটি প্রজ্ঞাপনে ইয়াকুব হোসেনকে বাধ্যতামূলক অবসর দেওয়ার কথা জানানো হয়েছে প্রজ্ঞাপনে বলা হয় ইয়াকুব হোসেনের বিরুদ্ধে অসদাচরণ ও দুর্নীতির অভিযোগ প্রমাণিত হওয়ায় রাষ্ট্রপতি তাঁকে বাধ্যতামূলক অবসর প্রদান বিষয়ে সম্মতি দিয়েছেন ইয়াকুব হোসেন আগে কুষ্টিয়া জেলার মিরপুর সার্কেলে কর্মরত ছিলেন প্রজ্ঞাপনে বলা হয়েছে ওই সময় তিনি আর্থিকভাবে লাভবান হওয়ার অসৎ উদ্দেশ্যে একটি টিম গঠন করেন এসআই জীবন বিশ্বাস কনস্টেবল আল আমিন কনস্টেবল মো আবদুস সবুর গাড়িচালক কনস্টেবল সামিউল ও কনস্টেবল অনিক এই টিমের সদস্য ছিলেন ২০১৯ সালের ১৯ জানুয়ারি এসআই জীবন বিশ্বাস ও অন্যান্য পুলিশ সদস্যরা পূর্বপরিকল্পনা অনুযায়ী মিরপুর পৌর এলাকার মোশারফপুর ৩ নম্বর ওয়ার্ডের লিপি কমিশনারের বাড়িতে আকস্মিকভাবে যান সেখানে মায়া নামের এক নারীর সঙ্গে মো আশরাফ হোসেন ও মো শামীম রেজা অবস্থান করছিলেন তখন পুলিশ সদস্যরা তাঁদের অবৈধ কাজ করার অভিযোগে হাতকড়া পরিয়ে বেধড়ক মারধর করেন এবং তাঁদের অর্ধনগ্ন অবস্থায় ছবি তোলেন পরে মিরপুর বাজারের এমএসএফ মুঠোফোনে অর্থ লেনদেন ব্যবসায়ী সোহেল রানার মাধ্যমে ওই দুজনের কাছ থেকে এক লাখ টাকা নিয়ে তাঁদের ছেড়ে দেন স্বরাষ্ট্র মন্ত্রণালয়ের প্রজ্ঞাপনে বলা হয় বিষয়টি তিনি ইয়াকুব হোসেন অবগত থাকা সত্ত্বেও আইনানুগ ব্যবস্থা গ্রহণ না করে অপকর্মে সহায়তা করেন এ অভিযোগের ভিত্তিতে ২০২০ সালের ৯ নভেম্বর ইয়াকুব হোসেনের বিরুদ্ধে সরকারি কর্মচারী শৃঙ্খলা ও আপিল বিধিমালা ২০১৮এর বিধি ৩খ ও ৩ঘ অনুযায়ী অসদাচরণ ও দুর্নীতির অভিযোগে অভিযোগনামা ও অভিযোগ বিবরণী জারি করা হয় অভিযুক্ত কর্মকর্তাকে কারণ দর্শানোর নোটিশ দেওয়া হয় অভিযুক্ত কর্মকর্তা ব্যক্তিগত শুনানির আবেদন করেন এবং তাঁর জবাব পর্যালোচনা করা হয় অভিযোগ প্রমাণিত হওয়ায় গুরুদণ্ড আরোপের সম্ভাবনা থাকায় তদন্ত প্রতিবেদন প্রদানের জন্য তদন্ত কর্মকর্তা নিয়োগ করা হয় তদন্ত কর্মকর্তা যথাযথভাবে তদন্ত করে প্রতিবেদন দেন যেখানে ইয়াকুব হোসেনের বিরুদ্ধে আনা অভিযোগ প্রমাণিত হয় তদন্ত প্রতিবেদন অপরাধের গুরুত্ব ও প্রাসঙ্গিক বিষয় বিবেচনা করে ইয়াকুব হোসেনের বিরুদ্ধে সরকারি কর্মচারী শৃঙ্খলা ও আপিল বিধিমালা ২০১৮এর বিধি ৪এর উপবিধি ৩খ অনুযায়ী বাধ্যতামূলক অবসর গুরুদণ্ড দেওয়ার সিদ্ধান্ত হয় এ পরিপ্রেক্ষিতে তাঁকে বাধ্যতামূলক অবসরের আদেশ কার্যকর করা হয়েছে,1
ঘুমের সমস্যাটি প্রকট হয়েছে করোনা মহামারির সময় গবেষণায়ও দেখা গেছে মানুষের ঘুম কমেছে করোনাকালে ২০২৩ সালে বিশ্বখ্যাত নেচার সাময়িকীর সায়েন্টেফিক রিপোর্টে বাংলাদেশের মানুষের ঘুম নিয়ে একটি গবেষণা প্রবন্ধ ছাপা হয়েছে ২০২০ সালের এপ্রিল মাসে ৯ হাজার ৭৩০ জনের ঘুমের তথ্য সংগ্রহ করা হয়েছিল তাতে দেখা গেছে কম সময় ঘুমানো মানুষের সংখ্যা বেড়েছে তবে স্বাভাবিক জীবনযাপন করতে হলে পর্যাপ্ত ঘুমের বিকল্প নেই জেনে নিন কী করলে ভালো ঘুম হবে ১ শোবার ঘর ঘুমানোর জন্য শোবার ঘরের আয়োজন যথাযথ হওয়া খুবই জরুরি শোবার ঘরে চাই নীরবতা শান্তি আর অন্ধকার খেয়াল রাখতে হবে যাতে বাইরের আলো না আসে এবং ঘরের সব আলো নিভিয়ে রাখা যায় আলো ও শব্দের পাশাপাশি শোবার ঘরের পরিষ্কারপরিচ্ছন্নতাটাও খুব জরুরি বিছানাবালিশ আর ঘুমাতে যাওয়ার পোশাকআশাক যতটা সম্ভব পরিচ্ছন্ন ও আরামদায়ক হওয়া চাই ২ ঘুমের রুটিন আসলে ঘুমের রুটিন ঠিক করতে হলে পুরো দিনের রুটিনটাই ঠিকঠাক মেনে চলতে হবে তার পরও দিন যেভাবেই কাটুক না কেন প্রতি রাতে একই সময়ে ঘুমাতে যাওয়ার অভ্যাস করাটা খুবই জরুরি পাশাপাশি প্রতি রাতেই ঘুমাতে যাওয়ার আগে পড়া হালকা গান শোনা বা এমন নির্দিষ্ট অভ্যাস তৈরি করতে পারলে আরও ভালো ঘুমানোর এই প্রস্তুতিগুলো মস্তিষ্ককে ঘুমানোর সংকেত পাঠাতে থাকে ৩ আসক্তি ছাড়ুন ঠান্ডা থাকুন ঘুমাতে যাওয়ার জন্য শরীরকে প্রস্তুত করতে হলে অ্যালকোহল এমনকি ক্যাফেইনের মতো উত্তেজনা সৃষ্টিকারী বিষয়গুলোকে এড়িয়ে চলতে হবে কেননা এগুলোর প্রভাব না কাটিয়ে ঘুমানো যায় না আর ঘুমানোর জন্য ঘরের তাপমাত্রার মতোই শরীরের তাপমাত্রা নিয়ন্ত্রণ করতে পারাটা জরুরি একটু ঠান্ডা ঠান্ডা ঘরে ঘুম ভালো হয় আর শরীর ঠান্ডা রাখতে রাতে কম ক্যালরিযুক্ত খাবারদাবার খাওয়া ভালো ৪ ব্যায়াম ও গোসল প্রতিদিন হালকা ব্যায়ামের অভ্যাস করতে পারা মানসিক চাপ কমায় এবং শরীরে প্রশান্তি আনে এটা ঘুমের জন্য ভালো তবে ব্যায়ামে যেহেতু শরীরের তাপমাত্রা বেড়ে যায় তাই রাতের বদলে দিনে ব্যায়ামের অভ্যাসটাই ভালো আর রাতে ঘুমাতে যাওয়ার তিনচার ঘণ্টা আগে হালকা গরম পানিতে গোসল করতে পারলে খুবই ভালো এতে যদিও প্রথমে শরীরের তাপ একটু বাড়ে কিন্তু ধীরে ধীরে তাপ কমে এলে শরীরে প্রশান্তি আসে এবং তা ঘুমাতে সাহায্য করে আরও কিছু বিষয় নিয়মিত এসব অভ্যাস মেনে চলার পাশাপাশি নিজেকে নিজের দেহমন সম্পর্কে আরও জানার চেষ্টা করুন কিছু যোগাসন মেডিটেশন বা ধ্যান এবং গভীরভাবে শ্বাসপ্রশ্বাস নেওয়ার অভ্যাস রপ্ত করতে পারেন প্রয়োজনে আলো থেকে রেহাই পেতে চোখ ঢেকে রাখার কাপড়ের আইশেড বাড়তি শব্দ থেকে রেহাই পেতে কানে ইয়ারপ্লাগ ব্যবহারের মতো টোটকার আশ্রয় নিন আর সবচেয়ে জরুরি হলো ঘুমাতে যাওয়ার সময় জীবন সম্পর্কে ইতিবাচক চিন্তা করা সুখ আর আনন্দের স্মৃতি রোমন্থন করা সুন্দরভাবে সকাল শুরু করে একটা ভালো দিন কাটানোর জন্য নিজেকে মানসিকভাবে প্রস্তুত করা,0
আগের প্রায় সব সংকটকে অতিক্রম করে জনতা ব্যাংকের সব সূচক এখন ঊর্ধ্বগতিতে রয়েছে ব্যাংকখাত বিশ্লেষকদের মতে এ অবস্থা অব্যাহত থাকলে আবার আগের অবস্থানে ফিরে যাবে ব্যাংকটি জনতা ব্যাংক সূত্রে জানা গেছে ২০২১ সালের ব্যাংকের অনুমোদিত চূড়ান্ত আর্থিক বিবরণী অনুযায়ী জনতা ব্যাংক ৩০০ কোটি টাকার বেশি নিট মুনাফা অর্জন করেছে যা ব্যাংকটি প্রতিষ্ঠার পর প্রথমবার নিট মুনাফায় এ রেকর্ড গড়ল এছাড়া ব্যাংকের অপারেটিং প্রফিট পরিচালন মুনাফা এক হাজার কোটি টাকা ছাড়িয়েছে ২০১২ সালের পর অপারেটিং প্রফিটে আবার ব্যাংকটি এ অবস্থান ফিরে পেয়েছে ব্যাংকের লোকসানি ৫১ টি শাখা থেকে কমে এখন ৩৯ টি শাখায় দাঁড়িয়েছে ২০২০ সালে ব্যাংকটির ইপিএস যেখানে ছিল শতকরা ০৬২ ভাগ ২০২১ সালে তা বেড়ে দাঁড়িয়েছে ১২৯৮ ভাগ শ্রেণিকৃত ঋণ হ্রাসে উল্লেখযোগ্য উন্নতি দেখিয়েছে জনতা ব্যাংক গত বছরের চেয়ে শ্রেণিকৃত ঋণ শতকরা ৫ দশমিক ০৮ ভাগ হ্রাস পেয়েছে ১৩ হাজার ৭০০ কোটি টাকা থেকে এখন ব্যাংকটির মোট শ্রেণীকৃত ঋণ ১২ হাজার ৩০০ কোটি টাকায় নেমে এসেছে ব্যাংকটির মোট আমানত বেড়ে এখন ১ লাখ ২ হাজার কোটি টাকায় উন্নীত হয়েছে এছাড়া অ্যাডভান্স রপ্তানি স্প্রেড এবং ইল্ড অব অ্যাডভান্স ঋণ থেকে আয় বৃদ্ধি এবং কস্ট অব ফান্ড হ্রাস পেয়েছে ব্যাংকের অন্যান্য সূচকগুলোতেও উল্লেখযোগ্য উন্নতি হয়েছে গত শনিবার এসব বিষয় ব্যাংকের পরিচালনা পর্ষদ কর্তৃক অনুমোদিত হয়,1
আইনশৃঙ্খলা রক্ষাকারী বাহিনীর সাত সদস্যের ওপর মার্কিন নিষেধাজ্ঞা ও গণতন্ত্র সম্মেলনে না ডাকার মতো ঘটনা বাংলাদেশে এখন আলোচ্য বিষয় এসব ঘটনা এবং সেগুলোর প্রভাব নিয়ে প্রথম আলোর সঙ্গে কথা বলেছেন ঢাকা বিশ্ববিদ্যালয়ের আন্তর্জাতিক সম্পর্ক বিভাগের অধ্যাপক ইমতিয়াজ আহমেদ তাঁর সঙ্গে কথা বলেছেন পার্থ শঙ্কর সাহা প্রশ্ন  প্রথম আলো মার্কিন পররাষ্ট্র দপ্তর ও রাজস্ব দপ্তর বাংলাদেশের আইজিপি র্যাবের মহাপরিচালকসহ আইনশৃঙ্খলা রক্ষাকারী বাহিনীর সাত সদস্যের বিরুদ্ধে নিষেধাজ্ঞা জারি করেছে ঠিক এই সময়ে এ নিষেধাজ্ঞা কেন র্যাব তো গঠিত হয়েছে অনেক আগে অধ্যাপক ইমতিয়াজ আহমেদ এসব নিষেধাজ্ঞার ক্ষেত্রে নানা প্রক্রিয়া আছে আর সে কারণে সময় লাগতেই পারে এই সময়ে এসে নিষেধাজ্ঞার কারণ হতে পারে জো বাইডেন ক্ষমতায় আসার পর যুক্তরাষ্ট্র গণতন্ত্রকে পুনরুদ্ধারের চেষ্টা করছে বেশ কিছু কারণেই তিনি এটা করছেন প্রথমে বলা যায় ক্যাপিটল হিলের ওপর যে হামলা হলো তাতে বিশ্বজুড়ে মার্কিন গণতন্ত্র একটি কার্টুনে পরিণত হয়ে পড়ে এটা তো অস্বীকার করলে চলবে না এটা অন্য কোনো দেশে হলে তার পেছনে একেবারে ব্যর্থ রাষ্ট্র তকমা জুড়ে দেওয়া হতো এটা যুক্তরাষ্ট্রের জন্য অচিন্তনীয় বিষয় আরেকটি বিষয় কিন্তু অনেকেই খেয়াল রাখছে না সেটি হলো এখন পর্যন্ত জো বাইডেনকে স্বীকার করে নেননি ডোনাল্ড ট্রাম্প এখন পর্যন্ত বলছেন তিনি অবৈধ প্রেসিডেন্ট তাঁর পেছনে প্রায় সাত কোটি ভোটারের সমর্থন আছে এর কিছু প্রভাব আমরা দেখছি যুক্তরাষ্ট্রের অনেক রাজ্যে টিকা না নেওয়া থেকে শুরু করে নানা কর্মকাণ্ডে এসব চোখে পড়ছে গণতন্ত্রের প্রধান রক্ষাকারী যুক্তরাষ্ট্রের এ অবস্থা তো কাঙ্ক্ষিত নয় প্রশ্ন  প্রথম আলো দেশের অভ্যন্তরে গণতন্ত্রের নাজুক অবস্থান থেকে তাহলে যুক্তরাষ্ট্রে এসব কাজ করছে ইমতিয়াজ আহমেদ হ্যাঁ আবার এর পাশাপাশি আফগানিস্তান থেকে যে পরিস্থিতিতে যুক্তরাষ্ট্রকে প্রায় বাধ্য হয়ে চলে যেতে হলো সেই লজ্জাজনক পরিস্থিতিরও একটা প্রলেপ তো চাই রাতের অন্ধকারে চলে যাওয়া আফগান সরকারের না জানাএসব পরিস্থিতিকে সামলাতে চায় যুক্তরাষ্ট্র তাই এই আফগানিস্তানে পরাজয় ক্যাপিটল হিলে হামলা ব্ল্যাক লাইভ ম্যাটারসের মতো বিষয়গুলোসব মিলে তার গণতন্ত্রকে উদ্ধারের চেষ্টা সে করবেই আর এমন একটা সময় এসে পড়েছে যখন চীন বড় ধরনের একটি অর্থনৈতিক শক্তিতে পরিণত হয়েছে ভিয়েতনাম যুদ্ধের পর যুক্তরাষ্ট্র গণতন্ত্র নিয়ে একই অবস্থায় পড়ে ছিল তখন কিন্তু সোভিয়েত ইউনিয়ন অর্থনৈতিক শক্তি ছিল না আর চীন তো আশপাশেই ছিল না কিন্তু চীন এখন একটি বিশাল অর্থনৈতিক শক্তি ঠিক এ সময়ে গণতন্ত্রের এই সম্মেলনের মূলে আছে চীনের বিরোধিতা চীন ও উত্তর কোরিয়ার মতো দেশের পাশাপাশি এখানে বাংলাদেশকেও অন্তর্ভুক্ত করা হয়েছে এটা তো ঠিক বাংলাদেশের লবি খুব দুর্বল যুক্তরাষ্ট্রের নীতি লবি দ্বারা নিয়ন্ত্রিত এখানে তাদের দূত কী বললেন বিষয়টি তেমন নয় প্রশ্ন  প্রথম আলো একটি কথা আওয়ামী লীগ ঘরানার কেউ কেউ বলছেন যে বিএনপিঘনিষ্ঠ ব্যক্তিদের লবি এসব নিষেধাজ্ঞার পেছনে ভূমিকা রেখেছে এটা কতটুকু যৌক্তিক ইমতিয়াজ আহমেদ আমার কাছে কোনো প্রমাণ যেহেতু নেই একজন গবেষক হিসেবে আমি এটা বলতে পারি না সেটা যদি নাও বলি তবে এটা তো সত্যি বাংলাদেশের ভেতরেই র্যাবের একটি সমালোচনা দীর্ঘদিন ধরেই আছে দেশের মানবাধিকার সংগঠনগুলোই র্যাবের কর্মকাণ্ডের সমালোচনা করেছে তাদের বিভিন্ন প্রতিবেদনে কিন্তু যুক্তরাষ্ট্রের কাছে গিয়ে বাংলাদেশের বিচারবহির্ভূত হত্যাকাণ্ড নিয়ে বলার মধ্যে একধরনের আপাতবিরোধ আছে বাংলাদেশের চেয়ে যুক্তরাষ্ট্রে বিচারবহির্ভূত হত্যাকাণ্ডের সংখ্যা অনেক বেশি আমার কথা হলো বাংলাদেশের বিষয়টা বাংলাদেশে সমাধান হওয়া উচিত তাদের অনেক বেশি হয় বলে আমাদের দেশেও হতে হবে সেটা কখনোই হতে পারে না আমাদের দেশে একটিও বিচারবহির্ভূত হত্যা হতে পারবে নাএই পরিবেশ সৃষ্টি করা দরকার কিন্তু কেউ যদি বাংলাদেশের এসব ঘটনা নিয়ে অন্য দেশের কাছে ধরনা দেয় এবং সেসব দেশের বিচারবহির্ভূত হত্যার কথা না বলে তবে সেটা অন্যায্য হবে কোন নৈতিক অবস্থান নিয়ে এসব দেশ কথাগুলো বলছে সে প্রশ্নও থাকা উচিত প্রশ্ন  প্রথম আলো তাহলে এসবের পেছনে রাজনীতি আছে ইমতিয়াজ আহমেদ অবশ্যই একটি দেশে এত বিচারবহির্ভূত হত্যা হচ্ছে সে আবার অন্য দেশের সমস্যা নিয়ে কথা বলছে এটা রাজনৈতিক বিষয় না হয়ে পারে না যুক্তরাষ্ট্রে গুমের সংখ্যা বিপুল লবির ক্ষেত্রে আমাদের দেশের বিরোধী দলের লবির চেয়ে বিভিন্ন দেশের লবিগুলো কাজ করেছে এটা হতেই পারে যে তারা হয়তো বাংলাদেশের অবস্থা নিয়ে নেতিবাচক কথা শুনেছে আর এসব দেশের নেতিবাচক অবস্থানের বিপক্ষে বাংলাদেশের কোনো শক্তিশালী লবি ছিল না হয়তো তা ছাড়া উত্তর কোরিয়া ও চীনের সঙ্গে বাংলাদেশকে মেলানো সেটা আশ্চর্যজনক শুধু যুক্তরাষ্ট্রের নয় আমাদের প্রতিবেশী দেশ ভারতের মানবাধিকারের রেকর্ড খুব ভালো নয় আমি যদি কাশ্মীর বা ভারতবাংলাদেশ সীমান্তের হত্যার কথা বলি তাহলে সেগুলোও তো বিচারবহির্ভূত হত্যা আমাদের সীমান্তে যে পরিমাণ মানুষকে হত্যা করা হয় সেগুলো নিয়ে তো যুক্তরাষ্ট্রকে কখনো বলতে শুনি না এসব নিয়ে যুক্তরাষ্ট্র কথা বলতে গেলে ভারতীয় লবির তৎপরতায় সেটি পাসই হবে না আসলে বাংলাদেশের ক্ষেত্রে বর্তমান নিষেধাজ্ঞা আমাদের দুর্বল লবির কারণে হতে পারে এটা নিয়ে চিন্তিত হওয়ার কোনো কারণ নেই নিউজিল্যান্ডের প্রধানমন্ত্রী জেসিন্ডা আরডার্নের একটি বক্তব্য এখন অনেক ভাইরাল হয়েছে এক সাক্ষাৎকারে তিনি বলেছেন আই ডোন্ট আন্ডারস্ট্যান্ড ইউএস অ্যাট অল আমি যুক্তরাষ্ট্রকে একেবারে বুঝতে পারি না আমারও এমনটা মনে হয় তারা সব যে বুঝেশুনে করে তা মনে হয় না প্রশ্ন  প্রথম আলো তাহলে এই নিষেধাজ্ঞা বাংলাদেশ সরকারের জন্য নেতিবাচক বার্তা বহন করছে না বলে মনে করেন এ ঘটনায় সরকার যেভাবে প্রতিক্রিয়া জানিয়েছে সেটাকে কেমন করে দেখেন ইমতিয়াজ আহমেদ আমাদের সরকার যা করেছে তা ঠিকই আছে মার্কিন সরকারও নিশ্চয়ই দেখতে চাইছিল বাংলাদেশের প্রতিক্রিয়া পররাষ্ট্রসচিব মার্কিন দূতকে তলব করেছেন এর আগে একইভাবে চীন ও যুক্তরাজ্যের দুই রাষ্ট্রদূতকে তলব করেছিল বাংলাদেশ এর কারণ হলো ১৯৭০এর দশকের বাংলাদেশ এবং এখনকার বাংলাদেশ কিন্তু এক নয় বিভিন্ন ক্ষেত্রে দেখেছি বাংলাদেশ অন্য দেশের সঙ্গে কথা বলার সময় তার শরীরী ভাষায় পরিবর্তন এনেছে এর একটা বড় কারণ অপেক্ষাকৃত একটা উন্নয়ন বাংলাদেশে ঘটেছে তার প্রবৃদ্ধি অনেকেরই আগ্রহের বিষয় সরকার মহামারি সামলেছে যেভাবে সেটা নিয়েও খুব বেশি সমালোচনা নেই এবার নিষেধাজ্ঞার পর মার্কিন রাষ্ট্রদূতকে বাংলাদেশ স্পষ্ট জানিয়ে দিয়েছে তারা খুশি নয় মার্কিন দূত নিজেও জানেন না এ বিষয়ে বাংলাদেশ যদি এভাবে না ডাকত তাহলে ধরে নেওয়া যেত যে বাংলাদেশ ঘাবড়ে গেছে ঘাবড়ানোর অবস্থায় কিন্তু বাংলাদেশ নেই আরেকটা বিষয় বলে রাখি যুক্তরাষ্ট্রের সঙ্গে আমাদের সম্পর্কের ইতিহাস বর্ণিল নয় ১৯৭১ সালে তাদের ভূমিকা নিয়ে কথা আছে এর চেয়ে বড় বিষয় ১৯৭৪ সালের দুর্ভিক্ষের সময় তাদের ভূমিকা এটা তো অনেকেই ভুলতে পারবে না পর্যাপ্ত খাবার থাকার পরও তারা দেয়নি মার্কিন নীতিনির্ধারকেরা সে সময় বলতেন বাংলাদেশ একটি বাস্কেট কেস আজ ৫০ বছরের বাংলাদেশের স্বাধীনতার সুবর্ণজয়ন্তীর এই সময়ে এসেও বাংলাদেশের গণতন্ত্র নিয়েও প্রশ্ন তুলেছে তারা প্রশ্ন  প্রথম আলো তাহলে সাম্প্রতিক নিষেধাজ্ঞা বাংলাদেশ মার্কিন সম্পর্কে বড় ধরনের কোনো সমস্যা তৈরি করবে না বলে আপনার মনে হয় ইমতিয়াজ আহমেদ যুক্তরাষ্ট্র জাপান অস্ট্রেলিয়া ও ভারতের জোট কোয়াডএ যোগ দিলে সম্ভাব্য পরিস্থিতি নিয়ে চীনের রাষ্ট্রদূতের মন্তব্যের পর তাঁকে ডেকে পাঠানো হয় কিন্তু এর ফলে দুই দেশের সম্পর্কে কোনো চিড় ধরেনি যুক্তরাষ্ট্রের সঙ্গেও আমাদের বহুস্তরের সম্পর্ক আছে ব্যবসাবাণিজ্য তো আছেই আমাদের সামরিক বাহিনীর সঙ্গে সম্পর্ক আছে প্রচুর বাংলাদেশি সেখানে আছেন তাই এ নিষেধাজ্ঞার কোনো বড় ধরনের প্রভাব পড়বে না কিছুদিন এ নিয়ে আলোচনা হবে পত্রপত্রিকায় লেখা হবে তারপর মিইয়ে যাবে মার্কিন রাষ্ট্রদূতকে তলবের মাধ্যমে বাংলাদেশ খুব শক্ত করে জানিয়ে দিয়েছে তোমরা বলে যাবে আর আমরা শুনব তা হবে না যখন বাংলাদেশকে বাস্কেট কেস বলা হয়েছিল তখন কেউ এর প্রতিবাদ করেনি এবার করেছে প্রশ্ন  প্রথম আলো একটা কথা মনে করা হয় যে চীনের সঙ্গে আমাদের বেশি ঝুঁকে পড়াটা যুক্তরাষ্ট্র ভালোভাবে নিচ্ছে না বর্তমান ঘটনার পেছনে তার কিছু প্রভাব আছে বলে মনে হয় ইমতিয়াজ আহমেদ বাংলাদেশের সঙ্গে চীনের সম্পর্কের মূল ভিত্তি কিন্তু অর্থনীতি আমরা কোনো সামরিক জোটে কিন্তু নেই যুক্তরাষ্ট্রকে যেটি অসন্তুষ্ট করতে পারে তা হলো সবার সঙ্গে বন্ধুত্ব কারও সঙ্গে শত্রুতা নয় নীতি এ দেশে যারা তাদের বন্ধু আছে এমনকি দলের মধ্যেও তারা বলে যে এভাবে না থেকে একটি দিক বেছে নেওয়া ভালো তারা এটা বুঝতে পারে না যে বাংলাদেশ এর দায়ভার নিতে পারবে না তারা হয়তো এটাও জানে না এই নীতি স্বাধীনতার পর কিন্তু নেওয়া হয়নি বঙ্গবন্ধুর নেতৃত্বে ১৯৭০ সালের আওয়ামী লীগের নির্বাচনী ইশতেহারেই এটি ছিল শুধু তাই নয় সে সময় ইশতেহারে লেখা হচ্ছে আমরা সিয়াটো বা সেন্টো কোনোটিতেই থাকতে পারি না সেই সময় সারা বিশ্ব স্নায়ুযুদ্ধে উত্তপ্ত সেই পরিপ্রেক্ষিতে বঙ্গবন্ধু সবার সঙ্গে বন্ধুত্ব কারও সঙ্গে শত্রুতা নয় বলতে পেরেছিলেন তাহলে আজকের দিনে এটা বলতে অসুবিধা কোথায় বঙ্গবন্ধু ১৯৭২ সালে দেশে ফিরে প্রথমবারে মতো ওই বছরের ফেব্রুয়ারিতে ভারতে গিয়েছিলেন সেখানে তাঁকে দেওয়া সংবর্ধনা সভায় ইন্দিরা গান্ধীর সামনে বঙ্গবন্ধু বলেছিলেন দক্ষিণ এশিয়ার সব দেশকে পারস্পরিক বৈরিতা ভুলে একসঙ্গে উন্নয়নের জন্য কাজ করতে হবে তিনি দক্ষিণ এশিয়ার সব দেশের বৈরিতার অবসান চেয়েছিলেন সেই সময় তখনকার পরিপ্রেক্ষিতে তাঁর সে কথা ছিল যুগান্তকারী কারণ তখন কেবল যুদ্ধ থেকে ঘুরে দাঁড়ানোর পথে আছে ভারত অনেক সহযোগিতা করেছিল সেই যুদ্ধে সেখানে ইন্দিরা গান্ধীর সামনে দাঁড়িয়েই এ কথা বলেছিলেন তিনি সেই সাহস কোনো নেতার মধ্যে আর দেখা যায়নি,1
পুলিশের ইউনিফর্ম ও লোগোয় পরিবর্তন আনার সিদ্ধান্ত হয়েছে রোববার বিকেলে স্বরাষ্ট্র মন্ত্রণালয়ে উপদেষ্টা ব্রিগেডিয়ার জেনারেল অবসরপ্রাপ্ত এম সাখাওয়াত হোসেনের সঙ্গে আন্দোলনরত পুলিশ সদস্যদের একটি প্রতিনিধিদলের বৈঠকে এ সিদ্ধান্ত হয় বৈঠকে স্বরাষ্ট্র মন্ত্রণালয়ের সুরক্ষা সেবা বিভাগের সিনিয়র সচিব মশিউর রহমান জননিরাপত্তা বিভাগের সচিব মো জাহাঙ্গীর হোসেন পুলিশের মহাপরিদর্শক আইজিপি মো ময়নুল ইসলাম বিজিবির মহাপরিচালক পাসপোর্ট ও ইমিগ্রেশন অধিদপ্তরের মহাপরিচালকসহ মন্ত্রণালয়ের বিভিন্ন পর্যায়ের কর্মকর্তারা উপস্থিত ছিলেন বৈঠকে পুলিশের ১১ দফা দাবির কয়েকটি অল্প সময়ের মধ্যে পূরণের আশ্বাস দেওয়া হয়েছে অন্য দাবিগুলো পূরণ করা হবে দীর্ঘ মেয়াদে বৈঠকের সিদ্ধান্ত অনুযায়ী এখন থেকে পুলিশের ওপর কোনো ধরনের হামলা চালানো যাবে না পুলিশের কোনো সদস্যের বিরুদ্ধে অভিযোগ থাকলে ঊর্ধ্বতন কর্মকর্তাদের জানাতে হবে পুলিশ সদস্যদের সঙ্গে বসার আগে শিক্ষার্থীদের সঙ্গে বৈঠক করেন উপদেষ্টা এম সাখাওয়াত হোসেন গত কয়েক দিনের ঘটনায় পুলিশের মনোবল ভেঙে গেছে বলে বৈঠক শেষে জানান উপদেষ্টা ব্রিগেডিয়ার জেনারেল এম সাখাওয়াত হোসেন তিনি বলেন তারা যে দাবিদাওয়া পেশ করেছে সেগুলো যৌক্তিক তাই আমি প্রতিশ্রুতি দিয়েছি যে আমরা স্বল্প ও দীর্ঘ মেয়াদে তাদের দাবিগুলো মেনে নেব কিছু দাবি আমরা এখনই মেনে নেব রাজনৈতিক সরকারের সমালোচনা করে তিনি বলেন পুলিশের যতখানি না দোষ তার চেয়ে বেশি দোষ তাদের যারা কমান্ড করেছে তাদের দিয়ে অনেক রাজনৈতিক কাজ করানো হয়েছে এসব বিষয়ে আমরা বিস্তারিত মন্ত্রিসভার বৈঠকে আলোচনা করব পুলিশ সদস্যরা আমাকে প্রতিশ্রুতি দিয়েছেন যে এখন থেকে তাঁরা ঠিকমতো কাজ করবেন এর আগে বিকেলে আমি ছাত্রদের সঙ্গে বৈঠক করেছি ছাত্ররা আমাকে বলেছে পুলিশের সঙ্গে তাদের কোনো বিরোধ নেই পুলিশ তাদের দায়িত্ব পালন করবে পুলিশ সদস্যদের জন্য স্বাধীন একটি কমিশন গড়ে তোলার বিষয়ে ঐকমত্যে পৌঁছেছেন জানিয়ে এম সাখাওয়াত হোসেন বলেন পুলিশ কমিশন হওয়া উচিত সেই কমিশনের অধীনে পুলিশ পরিচালিত হবে তারা কোনো রাজনৈতিক দলের অধীনে থাকবে না পুলিশকে যেন রাজনৈতিকভাবে ব্যবহার না করা হয় সেটা নিশ্চিত করতে হবে বৈঠক শেষে পুলিশের কর্মবিরতি প্রত্যাহারের ঘোষণা দিয়েছেন আন্দোলনকারী পুলিশ সদস্যদের সমন্বয়ক পরিদর্শক জাহিদুল ইসলাম ও কনস্টেবল শোয়েবুর রহমান তাঁরা বলেন আমরা সরকারের কাছে যেসব দাবি জানিয়েছিলাম তার বেশির ভাগই মেনে নেওয়ার আশ্বাসে কর্মবিরতি প্রত্যাহারের ঘোষণা দিচ্ছি আশা করি সবাই সুন্দরভাবে নিজ নিজ দায়িত্বে ফিরবেন,1
মার্কিন প্রেসিডেন্ট ডোনাল্ড ট্রাম্প গতকাল শুক্রবার সকালে অ্যাপলকে হুমকি দিয়েছিলেন আমেরিকায় তৈরি না হলে আমদানিকৃত সকল আইফোনের ওপর তিনি ২৫ শতাংশ শুল্ক আরোপ করবেন বিকেলে ঠিক একই হুমকি দিলেন আরেক জনপ্রিয় স্মার্টফোন নির্মাতা স্যামসাংকে সকালের হুমকিটি দিয়েছেন নিজের সোশ্যাল মিডিয়া প্ল্যাটফর্ম ট্রুথ সোশ্যালে আর বিকেলেরটি দিয়েছেন হোয়াইট হাউজে সাংবাদিকদের সামনে গতকাল বিকেলে হোয়াইট হাউজে উপস্থিত সাংবাদিকদের তিনি জানান স্যামসাং এবং অন্য যেকোনো স্মার্টফোন নির্মাতার ওপর তিনি ২৫ শতাংশ শুল্ক আরোপ করবেন যদি না তাঁদের তৈরি স্মার্টফোন আমেরিকায় তৈরি হয় আমেরিকার বাজারে বিক্রি হওয়া প্রতিটি স্মার্টফোন আমেরিকায় তৈরি হোক এমনটাই তাঁর প্রত্যাশা ট্রাম্প বলেন তাঁরা নির্মাতারা যদি এখানে আমেরিকায় কারখানা স্থাপন করে তাহলে কোনো শুল্ক দিতে হবে না অতএব তাঁরা এখানে কারখানা নির্মাণ করবে আমেরিকার বাইরে অন্য কোনো দেশে তৈরি আইফোন আমদানির ক্ষেত্রে ২৫ শতাংশ শুল্ক আরোপ করা না হলে বিষয়টি অন্যায্য হবে বলেই মত তাঁর ভারত বা অন্য কোথাও তৈরি আইফোনে ২৫ শতাংশ শুল্ক দিতে হবে ট্রাম্পভারত বা অন্য কোথাও তৈরি আইফোনে ২৫ শতাংশ শুল্ক দিতে হবে ট্রাম্প এর আগে অ্যাপলকে উদ্দেশ্য করে শেয়ার করা পোস্টে ট্রাম্প বলেছেন যে ভারত বা অন্য কোথাও উৎপাদিত আইফোন আমেরিকার বাজারে বিক্রি করতে হলে কমপক্ষে ২৫ শতাংশ শুল্ক আরোপ করা হবে এই ঘোষণার পর অ্যাপলের শেয়ারে দরপতন হয়েছে ২৬ শতাংশ এবং বাজার থেকে প্রতিষ্ঠানটির ৭০ বিলিয়ন ডলার মূলধন গায়েব হয়ে গেছে সার্বিকভাবে তাঁদের বাজার মূলধনও ৩ ট্রিলিয়ন ডলারের নিচে নেমে গেছে গত মাসে চীনআমেরিকা শুল্কযুদ্ধের প্রেক্ষাপটে আইফোনের উৎপাদন চীন থেকে ভারতে স্থানান্তরের সিদ্ধান্ত নেয় অ্যাপল এই প্রেক্ষাপটে ভারতে আইফোনের উৎপাদন বৃদ্ধির পরিকল্পনা করে মার্কিন এই টেক জায়ান্ট উৎপাদন বাড়াতে অ্যাপল ভারতে নতুন করে বড় অঙ্কের বিনিয়োগের পরিকল্পনা করছে বলেও শোনা গেছে সাম্প্রতিক সময়ে শুধু তাই নয় আমেরিকার বাজারে আইফোনের চাহিদার পুরোটাই ভারত থেকে আমদানির পরিকল্পনা গ্রহণ করে প্রতিষ্ঠানটি চলতি মাসেই অ্যাপলের সিইও টিম কুক তাঁদের আর্থিক বিবরণী প্রকাশের অনুষ্ঠানে জানিয়েছেন যে এপ্রিলজুন প্রান্তিতে আমেরিকায় বিক্রি হওয়া সকল আইফোন ভারতে তৈরি করা হয়েছে উল্লেখ্য চীনমার্কিন শুল্কযুদ্ধ শুরু হওয়ার আগ পর্যন্ত অ্যাপলের ৯০ শতাংশ স্মার্টফোন তৈরি হয়েছে চীনের বিভিন্ন প্রতিষ্ঠানে আইফোনের সবচেয়ে বড় বাজার হচ্ছে আমেরিকা যেখানে বছরে ৬০ মিলিয়ন বা ৬ কোটিরও বেশি আইফোন বিক্রি হয় স্যামসাং অ্যাপলসহ স্মার্টফোন নির্মাতা প্রতিষ্ঠানগুলোকে ২৫ শতাংশ শুল্কের হুমকি দিলেও এ প্রসঙ্গে আনুষ্ঠানিক কোনো ঘোষণা এখনও আসেনি ট্রাম্প প্রশাসনের তরফ থেকে স্যামসাং গ্যালাক্সি ও অ্যাপল আইফোনের মতো প্রিমিয়াম স্মার্টফোনের উৎপাদন আমেরিকায় করা হলে উৎপাদন খরচ তিন গুণ পর্যন্ত বৃদ্ধি পেতে পারে বলে প্রযুক্তি বিশ্লেষকরা জানিয়েছেন সেক্ষেত্রে বাড়তি খরচের ভার নির্মাতা প্রতিষ্ঠানগুলোকে মুনাফার পরিমাণ হ্রাস করার মাধ্যমে বহন করতে হবে অন্যথায় সাধারণ গ্রাহকদেরকে তিনগুণ বেশি দাম দিয়ে কিনতে হবে গ্যালাক্সি ও আইফোনের মতো ফ্ল্যাগশিপ ফোন এখন দেখার বিষয় অ্যাপল স্যামসাংকে লক্ষ্য করে দেওয়া ট্রাম্পের ২৫ শতাংশ শুল্কারোপের হুমকি আনুষ্ঠানিক ঘোষণা আকারে আসে কিনা,0
প্রায় দুই মাসের জন্য নতুন একটি চাঁদ পেতে যাচ্ছে বিশ্ব শুনতে অবাক লাগলেও এটাই সত্যি আগামীকাল রোববার ২৯ সেপ্টেম্বর থেকেই দেখা যাবে এই মিনি মুন বিজ্ঞানীরা বলছেন একটি ছোট গ্রহাণু আমাদের গ্রহকে প্রদক্ষিণ করতে শুরু করবে আর তখনই এটি চাঁদের মতো দেখা যাবে এই চাঁদের নাম রাখা হয়েছে মিনি মুন কারণ মহাকাশ কেন্দ্র ছাড়া তা দেখা যাবে না বলে জানিয়েছেন গবেষকরা মার্কিন সংবাদমাধ্যম সিবিএস নিউজের প্রতিবেদনে বলা হয় ২৯ সেপ্টেম্বর থেকে নভেম্বরের ২৫ তারিখ পর্যন্ত পৃথিবীর আকাশে উদয় হবে ক্ষুদ্র চাঁদ আমেরিকান অ্যাস্ট্রোনমিক্যাল সোসাইটির প্রকাশিত প্রতিবেদন বলা হয় ২০২৪ পিটিফাইভ নামে একটি গ্রহাণু পৃথিবীকে অতিক্রম করবে সেপ্টেম্বরের শেষের দিকে গত মাসেই এই গ্রহাণুর অস্তিত্ব মিলেছে বিজ্ঞানীরা বলছেনপৃথিবীর পাশ দিয়ে যাওয়ার সময়ে গ্রহাণুর একটি অংশ মহাকর্ষ বলের কারণে কক্ষপথে ঢুকে যাবে তা পৃথিবীকে প্রদক্ষিণ করবে আগামী ২ মাস তার পর ধীরে ধীরে আকর্ষণ কাটিয়ে ফের চলে যাবে নিজের পথে আর এই প্রদক্ষিণরত গ্রহাণুর অংশকে উপগ্রহ হিসেবে মনে করছেন বিজ্ঞানীরা তুলনা করা হচ্ছে চাঁদের ছোট অংশের সঙ্গে গবেষণার প্রধান লেখক কার্লোস দে লা ফুয়েন্তে মার্কোস বলেন মিনিমুনটি সাধারণ টেলিস্কোপ বা দূরবীন দিয়ে দেখতে খুব ছোট হবে তবে শক্তিশালী সরঞ্জাম দিয়ে পেশাদার জ্যোতির্বিজ্ঞানীরা এটি সনাক্ত করতে সক্ষম হবেন,0
রাজধানীর সচিবালয় এলাকায় আনসার সদস্যদের সঙ্গে শিক্ষার্থীদের সংঘর্ষে আহত বৈষম্যবিরোধী ছাত্র আন্দোলনের অন্যতম সমন্বয়ক হাসনাত আব্দুল্লাহকে দেখতে হাসপাতলে গেলেন বাংলাদেশ বিমান বাহিনী প্রধান এয়ার চীফ মার্শাল হাসান মাহমুদ খাঁন মঙ্গলবার ২৭ আগস্ট তাকে দেখতে ঢাকা সিএমএইচ পরিদর্শনে যান তিনি এসময় বিমান বাহিনী প্রধান তার শারিরীক অবস্থার খোঁজখবর নেন গত রোববার রাতে আনসার সদস্যদের হামলায় আহত হয়ে অন্তত ৪০ জন ঢাকা মেডিকেল কলেজ হাসপাতালে চিকিৎসা নেন সেখানে চিকিৎসাধীন ছিলেন হাসনাতও পরে তাকে ঢাকা সিএমএইচে নেওয়া হয়,0
ইউনাইটেড ইন্টারন্যাশনাল ইউনিভার্সিটির ইউআইইউ অষ্টম সমাবর্তন আজ শনিবার ২৭ ডিসেম্বর ২০২৫ রাজধানীর ইউআইইউ ক্যাম্পাসে অনুষ্ঠিত হয়েছে সমাবর্তনে ১ হাজার ৭৩৬ শিক্ষার্থীকে গ্র্যাজুয়েশন ও পোস্টগ্র্যাজুয়েশন ডিগ্রি এবং কৃতিত্বপূর্ণ ফলাফলের জন্য চারজন শিক্ষার্থীকে স্বর্ণপদক দেওয়া হয় বিশ্ববিদ্যালয়ের আচার্য ও রাষ্ট্রপতির পক্ষে তাঁর প্রতিনিধি হিসেবে বাংলাদেশ প্রকৌশল ও প্রযুক্তি বিশ্ববিদ্যালয়ের বুয়েট উপাচার্য আবু বোরহান মোহাম্মদ বদরুজ্জামান সমাবর্তনে সভাপতিত্ব করেন তিনি শিক্ষার্থীদের উদ্দেশে বলেন আমাদের নতুন নতুন উদ্ভাবনকে কীভাবে স্কেলেবল সমাধানের মাধ্যমে আরও উন্নত ও টেকসই করা যায় সেই দিকে নজর দিতে হবে এ জন্য তিনি শিক্ষার্থীদের উচ্চশিক্ষা অর্জনের পাশাপাশি বিভিন্ন ধরনের শ্রমভিত্তিক শিক্ষাকে জ্ঞানভিক্তিক শিক্ষায় রূপান্তরের তাগিদ দিয়েছেন সমাবর্তন বক্তা হিসেবে উপস্থিত ছিলেন যুক্তরাষ্ট্রের ইলিনয় বিশ্ববিদ্যালয় আরবানাচ্যাম্পেইন ইলিনয় এবং গ্রেইঞ্জার ডিস্টিংগুইশড চেয়ার ইন ইঞ্জিনিয়ারিং অধ্যাপক এম তাহের এ সাইফ সমাবর্তন বক্তা হিসেবে উপস্থিত ছিলেন যুক্তরাষ্ট্রের ইলিনয় বিশ্ববিদ্যালয় আরবানাচ্যাম্পেইন ইলিনয় এবং গ্রেইঞ্জার ডিস্টিংগুইশড চেয়ার ইন ইঞ্জিনিয়ারিং অধ্যাপক এম তাহের এ সাইফছবি বিজ্ঞপ্তি বাংলাদেশ বিশ্ববিদ্যালয় মঞ্জুরি কমিশনের সদস্য অধ্যাপক মোহাম্মদ আনোয়ার হোসেন বিশেষ অতিথির বক্তব্য গ্র্যাজুয়েটদের উদ্দেশে বলেন আজকের এই অর্জিত জ্ঞান ও দক্ষতা শুধু ব্যক্তিসমৃদ্ধির কাজে নয় বরং সমাজ উন্নয়নের কাজেও লাগাতে হবে সমাবর্তন বক্তা যুক্তরাষ্ট্রের ইলিনয় বিশ্ববিদ্যালয় আরবানাচ্যাম্পেইন ইলিনয়র অধ্যাপক এম তাহের এ সাইফ ডিগ্রি প্রাপ্ত শিক্ষার্থীদের অভিনন্দন জানান এবং তাঁদের কর্মক্ষেত্রে সফলতা কামনার পাশাপাশি মানবকল্যাণে একনিষ্ঠভাবে কাজের পরামর্শ দেন ইউআইইউর বোর্ড অব ট্রাস্টিজের চেয়ারম্যান হাসান মাহমুদ রাজা বলেন ইউআইইউর স্নাতক শিক্ষার্থীরা তাঁদের পেশাগত প্রচেষ্টা এবং কৃত্বিতের মাধ্যমে তাঁদের পরিবার ও দেশের জন্য গর্ব বয়ে আনবেন সমাবর্তনে ১ হাজার ৭৩৬ শিক্ষার্থীকে গ্র্যাজুয়েশন ও পোস্টগ্র্যাজুয়েশন ডিগ্রি প্রধান করা হয় সমাবর্তনে ১ হাজার ৭৩৬ শিক্ষার্থীকে গ্র্যাজুয়েশন ও পোস্টগ্র্যাজুয়েশন ডিগ্রি প্রধান করা হয়ছবি বিজ্ঞপ্তি ইউআইইউর উপাচার্য মো আবুল কাশেম মিয়া শিক্ষার্থীদের ভালো মানুষ হওয়ার পাশাপাশি সমাজ ও দেশের মানুষের কল্যাণে নিজেদের আত্মনিয়োগ করার আহ্বান জানান সমাবর্তনে অন্যদের মধ্যে বক্তব্য দেন ইউনাইটেড ইন্টারন্যাশনাল ইউনিভার্সিটির বোর্ড অব ট্রাস্টিজের চেয়ারম্যান হাসান মাহমুদ রাজা সমাবর্তন অনুষ্ঠানে বিভিন্ন বিশ্ববিদ্যালয়ের উপাচার্য ইউআইইউর বোর্ড অব ট্রাস্টিজের সম্মানিত সদস্য সব অনুষদের ডিন বিভাগীয় প্রধান শিক্ষকশিক্ষিকা কর্মকর্তাকর্মচারী সাংবাদিক শিক্ষাবিদ ও সমাজের বিভিন্ন স্তরের বিশিষ্ট ব্যক্তিরা উপস্থিত ছিলেন,0
তৈরি পোশাকশিল্পের শ্রমিকদের ঈদ বোনাস না দিলে সংশ্লিষ্ট কারখানা মালিকদের বাড়ি ঘেরাওয়ের ঘোষণা দিয়েছেন জাতীয় গার্মেন্টস শ্রমিক ফেডারেশনের নেতাকর্মীরা সাভারের হেমায়েতপুর বাসস্ট্যান্ডে আজ শুক্রবার বিকেলে পতাকা র্যালি ও সমাবেশে জাতীয় গার্মেন্টস শ্রমিক ফেডারেশন এই ঘোষণা দিয়েছে শ্রমিকসংগঠনটির নেতাকর্মীরা ঈদের আগে পোশাকশ্রমিকদের এক মাসের মজুরির সমপরিমাণ অর্থ ঈদ বোনাস হিসেবে দেওয়ার দাবি করেছেন সভায় সভাপতিত্ব করেন ফেডারেশনের সভাপতি আমিরুল হক বক্তব্য দেন ফেডারেশনের সাধারণ সম্পাদক রফিকুল ইসলাম যুগ্ম সাধারণ সম্পাদক মো কবির হোসেন সাংগঠনিক সম্পাদক ফরিদুল ইসলাম সহসভাপতি জেসমিন আক্তার প্রমুখ শ্রমিক সংগঠনটির পাঠানো সংবাদ বিজ্ঞপ্তিতে বিষয়টি জানানো হয় শ্রমিকনেতারা অভিযোগ করে বলেন এখনো অনেক পোশাক কারখানা ঈদ বোনাস ও বেতনভাতা পরিশোধ করেনি অনেক কারখানার মালিক ঈদের আগে মার্চ মাসের মজুরি না দেওয়া কিংবা অর্ধেক দেওয়ার কৌশল নিয়েছেন একইভাবে অনেকে নামমাত্র ঈদ বোনাস দেওয়ার পরিকল্পনা করছেন মালিকদের বাড়ি ঘেরাওয়ের ঘোষণার বিষয়ে জানতে চাইলে ফেডারেশনের সভাপতি আমিরুল হক প্রথম আলোকে বলেন তৈরি পোশাকশিল্পের অনেক মালিক ছুটির আগের দিন বেতন ও ঈদ বোনাস দেওয়ার কথা বলছেন অতীতে আমরা এমন ঘটনা দেখেছি যে ছুটির আগের দিন কারখানায় তালা ঝুলিয়ে লাপাত্তা হয়েছেন মালিক আমরা তেমন দৃশ্য আর দেখতে চাই না ফলে কোনো কারখানার শ্রমিকেরা যদি ঈদ বোনাস না পান তাহলে সংশ্লিষ্ট কারখানার মালিকদের বাড়ি ঘেরাও করা হবে,1
ধসে পড়া ভারত শিবিরের হাল ধরে দেশকে জিতিয়েছেন শক্ত হাতের বিরাট কোহলি অস্ট্রেলিয়ার করা ১৯৯ রান তাড়া করতে নেমে শুরুতেই ২ রানে ৩ উইকেট হারায় ভারত কোহলিই দলের ভরসা হয়ে হাল ধরলেন রেকর্ডও গড়লেন আইসিসির প্রতিযোগিতায় ভারতীয়দের মধ্যে সব থেকে বেশি রানের রেকর্ড এত দিন ছিল শচীন টেন্ডুলকারের রবিবার বিরাট সেই রেকর্ড ভেঙে দিলেন আইসিসি প্রতিযোগিতায় ৫৮টি ইনিংস খেলে শচীন করেছিলেন ২৭১৯ রান বিরাট এ দিন ৬৪তম ইনিংস খেলছেন সেই ইনিংসেই শচীনকে টপকে গেলেন কোহলি ভারতীয়দের মধ্যে সচীন এবং কোহলি ছাড়া একমাত্র রোহিত শর্মা আইসিসি প্রতিযোগিতায় ২০০০ রানের গণ্ডি পার করেছেন যদিও মাঠে নেমেই অনিল কুম্বলের রেকর্ড ভেঙে দিয়েছিলেন কোহলি অস্ট্রেলিয়া ব্যাট করার সময় স্লিপে ক্যাচ ধরেন তিনি সঙ্গে সঙ্গে ভারতীয়দের মধ্যে এক দিনের বিশ্বকাপে সব থেকে বেশি ক্যাচ নেওয়ার রেকর্ড গড়েন তিনি টপকে যান অনিল কুম্বলেকে এত দিন এক দিনের বিশ্বকাপে সব থেকে বেশি ক্যাচ নেওয়ার রেকর্ড ছিল কুম্বলের তিনি ১৪টি ক্যাচ নিয়েছিলেন বিরাট নিলেন ১৫তম ক্যাচ ভারতীয়দের মধ্যে সেটাই এই প্রতিযোগিতায় সব থেকে বেশি ক্যাচ নেওয়ার রেকর্ড তবে সব দেশ মিলিয়ে শীর্ষে রয়েছেন রিকি পন্টিং অস্ট্রেলিয়ার বিশ্বকাপজয়ী অধিনায়ক ২৮টি ক্যাচ ধরেছিলেন তাকে এ বারের বিশ্বকাপে টপকে যাওয়ার সুযোগ রয়েছে ইংল্যান্ডের জো রুটের তিনি এখনও পর্যন্ত এক দিনের বিশ্বকাপে ২০টি ক্যাচ ধরেছেন এই তালিকায় কোহলি রয়েছেন পাঁচ নম্বরে রবিবারের ম্যাচ পর্যন্ত এক দিনের বিশ্বকাপে ১৬টি ক্যাচ ধরা পড়েছে বিরাটের হাতে,1
দুই বাংলায় জনপ্রিয় অভিনেত্রী জয়া আহসান অভিনয়ে পেয়েছেন জাতীয় চলচ্চিত্র পুরস্কার সম্প্রতি ভারতে অনুষ্ঠিত ফিল্মফেয়ার অ্যাওয়ার্ড বাংলায়ও পুরস্কার জিতেছেন অভিনয়শিল্পী জয়াকে এবার দেখা গেল গানের মঞ্চে কোক স্টুডিও বাংলায় সংগীতের ফিউশনধর্মী অনুষ্ঠান হিসেবে বিপুল জনপ্রিয়তা পেয়েছে কোক স্টুডিও বাংলা এরই মধ্যে আয়োজনটির দুটি সিজন প্রচার হয়েছে এবার আসছে তৃতীয় অধ্যায় কাল শনিবার এর প্রথম গান প্রকাশিত হচ্ছে বরাবরের মতো কোক স্টুডিও বাংলার মিউজিক কিউরেটর হিসেবে থাকছেন শায়ান চৌধুরী অর্ণব তাঁর সঙ্গে এবার সংগীত প্রযোজক হিসেবে থাকছেন প্রীতম হাসান ইমন চৌধুরী শুভেন্দু দাশ শুভ প্রমুখ যাঁরা প্রত্যেকেই গেল আসরে তুমুল জনপ্রিয় গান উপহার দিয়েছেন আনুষ্ঠানিক ঘোষণা না দিলেও ধারণা করা হচ্ছে এবারের সিজনে বিশেষ চমক হিসেবে থাকছেন অভিনেত্রী জয়া আহসান গতকাল বৃহস্পতিবার ঈদের দিন সামাজিক যোগাযোগমাধ্যমে প্রকাশিত এক প্রমোতে একঝলক দেখা গেছে দুই বাংলার জনপ্রিয় এই অভিনেত্রীকে যেখানে তিনি কোক স্টুডিওর সুসজ্জিত সেটে গান গাই আমার মন রে বোঝাই গানের সঙ্গে ঠোঁট মিলিয়েছেন কোক স্টুডিও বাংলার মঞ্চে জয়ার ভূমিকা কী বিষয়টি এখনই খোলাসা করছে না কোক স্টুডিও বাংলা কর্তৃপক্ষ এবারের কোনো গানে তিনি কণ্ঠ দেবেন নাকি বরাবরের মতো অভিনয়ে মুগ্ধতা ছড়াবেন তা জানতে কিছুটা অপেক্ষা করতেই হচ্ছে ভক্তদের কোক স্টুডিও বাংলার পক্ষ থেকে এক সংবাদ বিজ্ঞপ্তিতে জানানো হয় বাংলাদেশ ও বিশ্বের বিভিন্ন দেশ থেকে ১৮০ জনের বেশি শিল্পী সুরকার নিয়ে এবারের আয়োজন সাজানো হয়েছে এতে মোট ১১টি গান থাকছে এর মধ্যে নতুন চমক হিসেবে পাওয়া যাবে সংগীত তারকা হাবিব ওয়াহিদের গান এ ছাড়া গেল আসরের মতো এবারও থাকছে ব্যান্ড মেঘদলএর একটি গান তৃতীয় সিজন নিয়ে আয়োজনটির মিউজিক কিউরেটর অর্ণব বলেন দারুণ কিছু গান নিয়ে দেশীয় সংস্কৃতি উদ্যাপন করতে আরও একবার হাজির হয়েছি আমরা এই সিজনে আমরা গান ও স্টোরিটেলিংয়ের ক্ষেত্রে আরও নতুনত্ব আনার চেষ্টা করেছি যা উদ্ভাবন ও সৃজনশীলতার প্রতি আমাদের প্রতিশ্রুতি আরও ফুটিয়ে তুলবে ট্র্যাডিশনাল থেকে আধুনিক সুর সবকিছু মিলিয়ে কোক স্টুডিও বাংলার তৃতীয় সিজন হয়ে উঠবে শৈল্পিক বৈচিত্র্য ও সৃষ্টিশীলতা প্রকাশের এক অনন্য প্ল্যাটফর্ম কোকাকোলা বাংলাদেশের ব্যবস্থাপনা পরিচালক জুউন নাহার বলেন গত দুই সিজনে ভক্তদের কাছ থেকে যে ভালোবাসা আমরা পেয়েছি তার সত্যিই তুলনা হয় না তাঁদের ভালোবাসা ও উৎসাহই আমাদের প্রথাগত প্র্যাকটিসের বাইরে গিয়ে নতুন ও অসাধারণ কিছু করার জন্য অনুপ্রাণিত করে এ সিজনে দর্শকশ্রোতাদের জন্য আমাদের বেশ কিছু চমক আছে আশা করছি এ সিজনও সবাই পছন্দ করবেন,1
এবার পদত্যাগ করলেন জাতীয় বিশ্ববিদ্যালয়ের উপচার্য প্রফেসর মশিউর রহমান আজ রবিবার বিকেলে তিনি শিক্ষা মন্ত্রণালয়ের সচিবের কাছে পদত্যাগপত্র জমা দেন বিষয়টি নিশ্চিত করেছেন জাতীয় বিশ্ববিদ্যালয়ের জনসংযোগ শাখার কর্মকর্তা মহিউদ্দিন মাহি অধ্যাপক ড মশিউর রহমান বলেন জাতীয় বিশ্ববিদ্যালয়ের উপাচার্যের পদ থেকে অব্যাহতি নিয়ে ঢাকা বিশ্ববিদ্যালয়ে যোগদান করেছি ২০২১ সালের মে মাসে ঢাকা বিশ্ববিদ্যালয়ের সমাজবিজ্ঞান বিভাগের এই অধ্যাপক জাতীয় বিশ্ববিদ্যালয়ের উপাচার্য হিসেবে নিয়োগ পান এর আগে তিনি বিশ্ববিদ্যালয়টির উপউপাচার্য হিসেবে দায়িত্ব পালন করেছেন জানা গেছে ৫ আগস্ট ছাত্রজনতার অভ্যুত্থানের মুখে পদত্যাগ করে দেশ ছাড়েন আওয়ামী লীগ সভানেত্রী ও সাবেক প্রধানমন্ত্রী শেখ হাসিনা এরপর থেকে বিশ্ববিদ্যালয়ে অনুপস্থিত ছিলেন মশিউর রহমান,1
রাজা যায় রাজা আসে কিন্তু দেশে অনেক কিছুতেই অরাজকতার চেহারা আর বদলায় না অনিয়মের জায়গাগুলো কখনো শূন্যও থাকে না কোনো না কোনোভাবে তা পূর্ণ হয়ে ওঠে হাট ঘাট বাজার ফুটপাত পরিবহনে চাঁদা নদী দখল সরকারি জায়গাসম্পত্তি দখলএসবে হাতবদল হয় কখনোই যেন এসব দখল বা চাঁদামুক্ত রাখা যায় না একদল বিদায় নিলে আরেক দল সে জায়গা পূরণ করে ফেলে এসব চাঁদাবাজ বা দখলদার সব সময় সরকারদলীয় প্রশাসন তাদের সাহায্য করে কোথাও কোথাও প্রশাসন আর এ সব দখলদারচাঁদাবাজরা মিলেমিশেই এ কাজ চালিয়ে যায় পরিবহনে এ অরাজকতার চিত্র ভয়াবহ যুগ যুগ ধরে সারা দেশে গণপরিবহন নিয়ে এক অরাজক পরিস্থিতি বহাল রয়েছে সরকার তাদের দলীয় লোকজনকে অনৈতিক সুবিধা দিতে পরিবহনে সিন্ডিকেট গড়ে তোলে যে সিন্ডিকেট বছরের পর বছর সাধারণ যাত্রীদের জিম্মি করে রাখে শেখ হাসিনা সরকারের বিগত শাসনামলে এই অরাজকতা ভয়াবহ বৃদ্ধি পেয়েছে গত ২২ অক্টোবর বিভিন্ন জাতীয় দৈনিকে প্রকাশিত তথ্য অনুযায়ী সরকারের সাবেক নৌ পরিবহনমন্ত্রী শাহজাহান খান একাই গত ১৫ বছরে পরিবহন খাত থেকে চাঁদাবাজি করেছেন ২৪ হাজার কোটি টাকা সম্প্রতি ট্রান্সপারেন্সি ইন্টারন্যাশনাল টিআইবি তাদের এক গবেষণায় বলেছে বিগত ১৪ বছরে শুধু সড়ক ও মহাসড়ক প্রকল্পের নির্মাণকাজে ২৯ হাজার থেকে ৫০ হাজার কোটি টাকার দুর্নীতি হয়েছে তারা জানায় সড়ক ও পরিবহন খাতে চাঁদাবাজির ব্যাপকতা ও গভীরতা অনেক বেশি রাজনীতির কাছে এই খাত জিম্মি হয়ে আছে শেখ হাসিনা সরকার জনগণের বিরুদ্ধে গিয়ে সব সময় অযৌক্তিকভাবে কিলোমিটারপ্রতি গণপরিবহনের ভাড়া নির্ধারণ করেছে ভাড়ানির্ধারণী সভায় সব সময়ই মালিকপক্ষের আধিপত্য বজায় থেকেছে তারা যেভাবে চেয়েছে ভাড়া সেভাবেই নির্ধারণ করা হয়েছে সরকারের এ গণবিরোধী নীতির সঙ্গে মিল রেখে বাংলাদেশ সড়ক পরিবহন কর্তৃপক্ষও বিআরটিএ জনগণের স্বার্থকে অবজ্ঞা করে বিভিন্ন স্থানের ভাড়া নির্ধারণ করেছে নারায়ণগঞ্জে পরিবহন নিয়ে অরাজকতা দীর্ঘদিনের আওয়ামী লীগের শাসনামলে বিভিন্ন খাতের মতো পরিবহন খাতও ছিল ওসমান পরিবারের চাঁদাবাজির অন্যতম উৎস যথেচ্ছভাবে ভাড়া বাড়িয়ে জনগণের দুর্ভোগ তৈরিতে স্থানীয় বিআরটিএ ও প্রশাসন সব সময় তাদের সাহায্য করেছে ২০১১ সালের জুন মাসে ঢাকানারায়ণগঞ্জ রুটের বাসভাড়া ২২ টাকা থেকে বাড়িয়ে ৩২ টাকা করায় সে সময় নারায়ণগঞ্জে আন্দোলন গড়ে উঠেছিল সে সময় নারায়ণগঞ্জে যাত্রীদের অধিকার রক্ষায় স্থানীয় সামাজিক রাজনৈতিক ও সাংস্কৃতিক সংগঠন মিলে গড়ে উঠেছিল যাত্রী অধিকার সংরক্ষণ ফোরাম এর কিছুদিন আগে স্থানীয় পরিবহনের মালিকপক্ষ চাঁদা থেকে পরিত্রাণ পেতে স্থানীয় র্যাবকে চিঠি দিয়েছিল চিঠিতে তারা উল্লেখ করেছিল প্রতি মাসে শামীম ওসমান ও নাসিম ওসমানকে কীভাবে চাঁদা দেওয়া হয় সে সময় আন্দোলনের মুখে ভাড়া কমিয়ে ২৭ টাকা করা হয়েছিল ৫ আগস্ট শেখ হাসিনার সঙ্গে সঙ্গে নারায়ণগঞ্জের পরিবহন সিন্ডিকেটের কেউ কেউ দেশ ছেড়েছেন কেউবা গা ঢাকা দিয়েছেন দেশের পরিবর্তিত বাস্তবতায় এখন নারায়ণগঞ্জের সাধারণ জনতার দাবি উঠেছে এই পরিবহন সেক্টর যেন আবার অন্য কোনো চাঁদাবাজ বা গডফাদারের হাতে বন্দী হয়ে না পড়ে জনগণের পকেট কেটে তাদের জিম্মি করে নতুন কোনো গডফাদার যেন আর ফুলেফেঁপে উঠতে না পারে আর সে জন্যই ৫ আগস্টের পর নারায়ণগঞ্জ থেকে ঢাকাসহ সব রুটের ভাড়া যৌক্তিক পর্যায়ে কমিয়ে আনার এবং শিক্ষার্থীদের জন্য অর্ধেক ভাড়া দ্রুত কার্যকর করার দাবি উঠেছে সে লক্ষ্যে স্থানীয় জেলা প্রশাসকের সঙ্গে বিআরটিএ পরিবহন মালিক ও যাত্রী অধিকার সংরক্ষণ ফোরামের নেতারা যৌথ কয়েকটি সভা করলেও দাবি বাস্তবায়নে কার্যকর কোনো উদ্যোগ এখনো পরিলক্ষিত হয়নি ২ এপ্রিল ২০২৪ বিআরটিএ নারায়ণগঞ্জ রুটে বাসভাড়াসংক্রান্ত একটি প্রজ্ঞাপন জারি করে প্রজ্ঞাপনটি মালিকদের স্বার্থ রক্ষার জন্য হলেও সে প্রজ্ঞাপন মালিকপক্ষ মানেনি তারা প্রজ্ঞাপনটির বাইরে গিয়ে বছরের পর বছর অতিরিক্ত ভাড়া আদায় করছে এটি বন্ধ করার জন্য জেলা প্রশাসন বা বিআরটিএর কোনো ভূমিকা নেই প্রজ্ঞাপনে ঢাকানারায়ণগঞ্জের দূরত্ব সাড়ে ১৯ কিলোমিটার দেখিয়ে ২ দশমিক ৩২ টাকা কিলোমিটারপ্রতি ভাড়া দেখানো হয় ৪৫ টাকা ফ্লাইওভার টোল ৫ টাকা ও সানারপাড় ইউটার্ন ৩ টাকা দেখিয়ে বলা হয় এই রুটে মোট ভাড়া ৫৩ টাকা সে প্রজ্ঞাপনেই আবার বলা হয় যে ঢাকানারায়ণগঞ্জের ভাড়া হবে ৫৪ টাকা কিন্তু বাস্তবে নেওয়া হচ্ছে ৫৫ টাকা প্রজ্ঞাপনে দেখানো হয়েছে নারায়ণগঞ্জ টার্মিনাল থেকে যাত্রী উঠলে ভাড়া ৪৫ টাকা ফ্লাইওভার ও ইউটার্ন ছাড়া চাষাঢ়া থেকে উঠলে ৪২ টাকা নতুন কোর্ট থেকে উঠল ৪০ টাকা শিবু মার্কেট থেকে ৩৭ টাকা জালকুড়ি থেকে ৩১ টাকা ইত্যাদি কিন্তু সব জায়গা থেকেই ভাড়া নেওয়া হচ্ছে ৪৫ টাকা করে প্রজ্ঞাপনে মতিঝিল শাপলা চত্বর ঘুরে দূরত্ব দেখানো হয়েছে সাড়ে ১৯ কিলোমিটার কিন্তু বাস্তবতা হচ্ছে কোনো বাসই শাপলা চত্বর ঘুরে যাতায়াত করে না হিসাবমতে বর্তমান দূরত্ব ১৭ কিলোমিটার ৩০ আগস্ট সরকার ডিজেলের দাম লিটারপ্রতি ১ দশমিক ৫০ টাকা এবং পরে শূন্য দশমিক ৫০ টাকা কমালেও ভাড়া কমানোর কোনো উদ্যোগ বিআরটিএ বা প্রশাসন গ্রহণ করেনি জেলা প্রশাসন ও বিআরটিএ এসব অসঙ্গতি জেনেও তা নিরসনে কার্যকর কোনো পদক্ষেপ গ্রহণ করেনি অন্যদিকে শিক্ষার্থীদের জন্য অর্ধেক ভাড়ার দীর্ঘদিনের দাবিও রয়েছে অমীমাংসিত এমন বাস্তবতায় ঢাকানারায়ণগঞ্জের ভাড়া ৪৫ টাকা নারায়ণগঞ্জ থেকে সব রুটে সিএনজি চালিত বাসের ভাড়া যৌক্তিক পর্যায়ে কমানো শিক্ষার্থীদের জন্য অর্ধেক ভাড়া কার্যকর করা এবং এসি বাসে বিআরটিসি ৬০ টাকা ও বেসরকারি ৬৫ টাকা করার দাবি উত্থাপিত হচ্ছে এসব দাবির সঙ্গে ইতিমধ্যে স্থানীয় বিভিন্ন সামাজিক সাংস্কৃতিক ও রাজনৈতিক সংগঠন একাত্মতা প্রকাশ করেছে স্থানীয় বিএনপি বাম দল ও ইসলামিক দলগুলো একাত্মতা প্রকাশ করেছে ১৫ নভেম্বরের মধ্যে দাবিগুলো বাস্তবায়নের জন্য সময় বেঁধে দেওয়া হয়েছে যাত্রী অধিকার সংরক্ষণ ফোরামের পক্ষ থেকে জেলা প্রশাসক নারায়ণগঞ্জের মানুষের গণদাবির প্রতি শ্রদ্ধাশীল হয়ে তা বাস্তবায়ন করবেন বলে নারায়ণগঞ্জবাসী মনে করে,1
আসন্ন শিক্ষাবর্ষের জন্য প্রণীত প্রাথমিক ও মাধ্যমিক স্তরের ৬৪৭টি পাঠ্যপুস্তকের অনলাইন সংস্করণ পিডিএফ প্রকাশ করেছে এনসিটিবি সংস্থাটির ওয়েবসাইটে  বইগুলোর পিডিএফ কপি দেওয়া হয়েছে ফলে কেউ চাইলে শিক্ষাবর্ষ শুরুর আগেই সেখান থেকে বই ডাউনলোড করে নিতে পারবে আজ রোববার মতিঝিলে এক অনুষ্ঠানের এই কার্যক্রম উদ্বোধন করেন শিক্ষা উপদেষ্টা অধ্যাপক চৌধুরী রফিকুল আবরার সি আর আবরার এবং প্রাথমিক ও গণশিক্ষা উপদেষ্টা বিধান রঞ্জন রায় পোদ্দার এ সময় মাধ্যমিক ও উচ্চশিক্ষা বিভাগের সচিব রেহানা পারভীন কারিগরি ও মাদ্রাসা শিক্ষা বিভাগের সচিব মুহাম্মদ রফিকুল ইসলাম প্রাথমিক ও গণশিক্ষা মন্ত্রণালয়ের সচিব আবু তাহের মো মাসুদ রানা এনসিটিবির চেয়ারম্যান অতিরিক্ত দায়িত্ব মো মাহবুবুল হক পাটওয়ারী প্রমুখ বক্তব্য দেন এবার প্রাথমিক ও মাধ্যমিক স্তরের জন্য মোট বইয়ের সংখ্যা ৩০ কোটি ২ লাখ ৫৫ হাজার ১৫৪ কপি এর মধ্যে ইবতেদায়ি স্তরসহ প্রাথমিকের ১১ কোটি ৭০ লাখ ৪৬ হাজারের বেশি বইয়ের শতভাগই বই সরবরাহ করা হয়েছে মাধ্যমিকে মোট বই ইবতেদায়ি ছাড়া ১৮ কোটি ৩২ লাখ ৮ হাজার ৬৯৩ কপি এর মধ্যে ২৭ ডিসেম্বর পর্যন্ত মাধ্যমিকের ৫৮ দশমিক ৬৮ শতাংশ পাঠ্যবই সরবরাহ হয়েছে,0
আজ মধ্যরাতের আকাশে দেখা যাবে বছরের প্রথম সুপারমুন চাঁদটি স্বাভাবিকের চেয়ে বড় দেখায় তাই একে সুপারমুন বলা হয় নাসার বিবৃতিতে জানানো হয় রোববার রাত ১২টা ৪৮ মিনিটে কক্ষপথে প্রদক্ষিণ করতে করতে পৃথিবীর সবচেয়ে কাছে চলে আসবে চাঁদ এজন্য এটিকে আমাদের চোখে বড় মনে হবে ওই সময় পৃথিবীর দ্রাঘিমাংশ অনুযায়ী চাঁদ আর সূর্য থাকবে একে অন্যের ঠিক বিপরীতে নাসার ভাষ্য রাতের আকাশে টানা ৩ দিন ধরে বেশ বড় চাঁদ দেখা যাবে সংবাদমাধ্যমটি আরও জানায় ১৯৭৯ সালে এমন বড় আকারের চাঁদের নাম সুপারমুন দেয়া হয় এদিকে নাসার জ্যোতির্বিজ্ঞানীদের একাংশের ভাষ্য চলতি বছরে ৪টি সুপারমুন হবে মার্চ থেকে জুনের মধ্যে দেখা যাবে কেউ কেউে আবার বলছেন ৩টি সুপারমুন হবে এপ্রিল ও মে মাসে,0
একদুবার নয় অন্তত ৪৫ বার কারাভোগ করেছেন আবুল কালাম আজাদ ৫৫ এর পরও শোধরাননি তিনি ছাড়েননি চুরি জামিনে মুক্ত হয়ে আবার নামেন চুরি করতে ৫৩টি মামলায় এজাহারনামীয় আসামি কালাম প্রথম দিকে রিকশা চুরি করতেন কারাগারে গিয়ে এক মোটরসাইকেল চোরের সঙ্গে পরিচয় হওয়ার পর জামিনে বেরিয়ে রিকশা চুরি বাদ দেন হাত পাকান মোটরসাইকেল চুরিতে প্রতি মাসে চারপাঁচটি মোটরসাইকেল চুরি করেন তবে চুরি করে যে আয় তা মামলার পেছনেই চলে যায় গত মঙ্গলবার রাতে কালামকে গ্রেপ্তার করে ঢাকা মহানগর গোয়েন্দা ডিবি পুলিশের ওয়ারী বিভাগ এর পর চুরির কথা স্বীকার করেন তিনি ডিবি জানায় কালামের বাড়ি বরিশালের বাকেরগঞ্জ থানার দক্ষিণ দুধাল এলাকায় প্রায় তিন দশক ঢাকা ও নারায়ণগঞ্জে বসবাস করেন তিনি কখনও রিকশা চালিয়ে কখনও ঠেলাগাড়ি ঠেলে জীবিকা নির্বাহ করতেন ২০১০ সালে রাজধানীর রামপুরা এলাকায় তার রিকশা চুরি হয় এর পর নিজেই নামেন রিকশা চুরি করতে বছরখানেক পর চুরি করতে গিয়ে ধরা পড়ে কারাগারে যান এ পর্যন্ত কালাম অন্তত ৪৫ বার গ্রেপ্তার হন এবং কারাগারে যান ১০১২ বার পুলিশের রিমান্ডে এসেছেন বিভিন্ন মামলায় একটি মামলায় কালামকে সর্বোচ্চ ১৩ মাস কারাগারে থাকতে হয় গ্রেপ্তারের পর স্ত্রী ধারদেনা করে তাকে জামিন করান জামিনে বেরিয়ে বাইক চুরি করে বিক্রির টাকা পাওয়ার পর ঋণ পরিশোধ করেন কারাগারে মোটরসাইকেল চোর চক্রের সদস্য জসিম রাকিব রহিমসহ কয়েকজনের সঙ্গে কালামের পরিচয় হয় জামিনে বেরিয়ে একসঙ্গে চুরি করলেও পরে কালাম ছাড়া অন্যরা চোর চক্রের হোতা বনে যান আলাদা চক্র গড়ে তুলে চুরি করেন তারা সাধারণত আবাসিক ভবনের গ্যারেজ থেকে মোটরসাইকেল চুরি করেন কালাম ও খালেক চক্রে আরও কয়েকজন আছেন একটি চুরি মামলায় তিন মাস আগে কারাগারে যান কালাম দুই মাস আগে জামিনে মুক্ত হন যাত্রাবাড়ী এলাকায় মোটরসাইকেল চুরি মামলায় মঙ্গলবার তাকেসহ চারজনকে যাত্রাবাড়ী এলাকা থেকে গ্রেপ্তার করে ডিবির ওয়ারী বিভাগের একটি টিম গতকাল তাদের আদালতে পাঠানো হয়,1
নেপাল থেকে ভারতের ভেতর দিয়ে ৪০ মেগাওয়াট জলবিদ্যুৎ আমদানি করতে একটি ত্রিপক্ষীয় চুক্তি সই করেছে বাংলাদেশ চুক্তি অনুযায়ী নেপাল প্রতি বছর ১৫ জুন থেকে ১৫ নভেম্বর পর্যন্ত পাঁচ মাস ভারতের ভেতরের সঞ্চালন লাইন দিয়ে বাংলাদেশে এই বিদ্যুৎ রপ্তানি করবে বৃহস্পতিবার কাঠমান্ডুতে বাংলাদেশের বিদ্যুৎ উন্নয়ন বোর্ড বিপিডিবি নেপালের বিদ্যুৎ কর্তৃপক্ষ এনইএ এবং ভারতের এনটিপিসি বিদ্যুৎ ব্যবসা নিগম লিমিটেড এনভিভিএন এর প্রতিনিধিরা চুক্তি স্বাক্ষর করেন চুক্তি সই অনুষ্ঠানে বাংলাদেশের পরিবেশ বন জলবায়ু পরিবর্তন ও পানি সম্পদ মন্ত্রণালয়ের উপদেষ্টা সৈয়দা রিজওয়ানা হাসান নেপালের জ্বালানি পানিসম্পদ ও সেচমন্ত্রী দীপক খাড়কা জ্বালানি প্রতিমন্ত্রী পূর্ণ বাহাদুর তামাং বাংলাদেশ পাওয়ার ডেভেলপমেন্ট বোর্ডের চেয়ারম্যান মো রেজাউল করিম নেপাল বিদ্যুৎ কর্তৃপক্ষের নির্বাহী পরিচালক কুলমান ঘিসিং ও ভারতের ন্যাশনাল থার্মাল পাওয়ার করপোরেশনের সিইও ডিনো নারান উপস্থিত ছিলেন এছাড়া বাংলাদেশের পানি সম্পদ সচিব নজমুল আহসান এবং বাংলাদেশে নিযুক্ত নেপালের রাষ্ট্রদূত ঘনশ্যাম ভান্ডারিও উপস্থিত ছিলেন চুক্তি অনুযায়ী ভারতের ৪০০ কেভি ধলকেবারমুজাফফরপুর আন্তঃসীমান্ত ট্রান্সমিশন লাইনের মাধ্যমে নেপাল এ বিদ্যুৎ সরবরাহ করবে এবং ভারত প্রচলিত লাইনের মাধ্যমে তা বাংলাদেশে পাঠাবে প্রতি ইউনিট বিদ্যুতের দাম নির্ধারণ করা হয়েছে ৬ দশমিক ৪ সেন্ট ১০০ সেন্টে ১ ডলার বাংলাদেশি মুদ্রায় যা প্রায় সাড়ে সাত টাকা চুক্তির বিষয়ে সৈয়দা রিজওয়ানা হাসান বলেন এই চুক্তি আঞ্চলিক জ্বালানি বাণিজ্য সম্প্রসারণে একটি গুরুত্বপূর্ণ পদক্ষেপ এটি শুধু তাৎক্ষণিক বিদ্যুৎ চাহিদা পূরণের বিষয় নয় বরং আমাদের দেশগুলোর দীর্ঘমেয়াদী এবং পরিবেশবান্ধব জ্বালানি নিরাপত্তা নিশ্চিত করার প্রক্রিয়াও এই ঐতিহাসিক বিদ্যুৎ চুক্তি সইয়ের সাক্ষী হতে পরিবেশ উপদেষ্টা দুই দিনের সফরে নেপালে অবস্থান করছেন চুক্তির আগে নেপালের প্রধানমন্ত্রী কে পি শর্মা ওলির সঙ্গে সিংহ দরবারে সাক্ষাৎ করেন পরিবেশ উপদেষ্টা সৈয়দা রিজওয়ানা হাসান দ্বিপক্ষীয় স্বার্থসংশ্লিষ্ট বিষয় নিয়ে আলোচনা করেন তারা,1
শোভাযাত্রায় পতাকা হাতে অন্তর্বর্তী সরকারের সদ্য সাবেক উপদেষ্টা আসিফ মাহমুদ সজীব ভুঁইয়া শোভাযাত্রায় পতাকা হাতে অন্তর্বর্তী সরকারের সদ্য সাবেক উপদেষ্টা আসিফ মাহমুদ সজীব ভুঁইয়াছবি সাজিদ হোসেন বিজয় শোভাযাত্রার মাধ্যমে ঢাকা১০ আসনে দৃশ্যত নির্বাচনী শোডাউন দিয়েছেন আসিফ মাহমুদ সজীব ভুঁইয়া তিনি অন্তর্বর্তী সরকারের সদ্য সাবেক উপদেষ্টা আসিফ মাহমুদ এই আসন থেকে স্বতন্ত্রভাবে নির্বাচন করবেন বলে ঘোষণা দিয়েছেন বিজয়ের মাস উপলক্ষে আজ শুক্রবার বিকেলে ধানমন্ডি নিউমার্কেট কলাবাগান ও হাজারীবাগ অঞ্চলের সর্বস্তরের জনগণের ব্যানারে আয়োজিত শোভাযাত্রায় অংশ নেন আসিফ মাহমুদ বিকেল সাড়ে চারটার দিকে ঢাকার কলাবাগানের ১০ নম্বর রোডের সামনে থেকে শোভাযাত্রা শুরু হয় শোভাযাত্রাটি সায়েন্স ল্যাব মোড় ঘুরে সীমান্ত স্কয়ার জিগাতলা হয়ে ধানমন্ডি ৭এতে গিয়ে শেষ হয় সরেজমিন দেখা যায় বিভিন্ন স্থান থেকে আসিফ মাহমুদের সমর্থকেরা পায়ে হেঁটে বা যানবাহনে করে কলাবাগান আসছেন বিআরটিসির ডাবল ডেকার বাসসহ বাস ছোট ট্রাক পিকআপসহ বিভিন্ন যানবাহনে করে আসা মানুষ এই শোভাযাত্রায় অংশ নেন একটি দলকে শোভাযাত্রার শৃঙ্খলা নিয়ন্ত্রণে রাখতে ওয়াকিটকির ব্যবহার করতে দেখা গেছে একটি দলকে শোভাযাত্রার শৃঙ্খলা নিয়ন্ত্রণে রাখতে ওয়াকিটকির ব্যবহার করতে দেখা গেছেছবি সাজিদ হোসেন শোভাযাত্রায় অনেকে বিভিন্ন প্ল্যাকার্ড নিয়ে আসেন প্ল্যাকার্ডের ওপরে লেখা ঢাকা১০ প্ল্যাকার্ডগুলোতে আপনার ভোটেই গড়ে উঠবে আগামীর বাংলাদেশ পরিবর্তন শুরু হোক আপনার ভোট দিয়ে ভোট আপনার ১৭ বছরে প্রথমবারসহ বিভিন্ন স্লোগান লেখা ছিল বেলা সাড়ে চারটার দিকে শোভাযাত্রা শুরু হয় শোভাযাত্রার ঠিক সামনে কয়েকটি বাইকে ধীরে ধীরে এগোচ্ছিলেন আসিফ মাহমুদের অনুসারীরা তাঁদের ঠিক পেছনে নির্দিষ্ট পোশাক গায়ে ছিল একটি দল তারা মোটা দড়ির মাধ্যমে শোভাযাত্রার লাইন ঠিক রাখার চেষ্টা করছিল একটি দলকে শোভাযাত্রার শৃঙ্খলা নিয়ন্ত্রণে রাখতে ওয়াকিটকির ব্যবহার করতে দেখা গেছে আরেকটি দল ক্যামেরা ড্রোন দিয়ে শোভাযাত্রার ভিডিও করছিল অনেকেই বিআরটিসির ডাবল ডেকার বাসে করে এসে শোভাযাত্রায় যোগ দেন অনেকেই বিআরটিসির ডাবল ডেকার বাসে করে এসে শোভাযাত্রায় যোগ দেনছবি সাজিদ হোসেন শোভাযাত্রায় আসিফ মাহমুদের অনুসারীরা ঢাকা১০এর আসিফ ভাই সংসদে আসিফ ভাই এবার যাবে আসিফ ভাইসহ বিভিন্ন স্লোগান দেন এ সময় আসিফ মাহমুদ জাতীয় পতাকা হাতে ধীর পায়ে এগোচ্ছিলেন একপর্যায়ে মাইক লাগানো রিকশায় উঠে স্লোগান ধরেন আসিফ মাহমদু এ সময় তিনি ইনকিলাব মঞ্চের মুখপাত্র শরিফ ওসমান হাদিকে গুলির ঘটনার প্রতিবাদ জানান আসিফ মাহমুদ হাদির গায়ে গুলি কেন প্রশাসন জবাব দে হাদি ভাইয়ের কিছু হলে জ্বলবে আগুন ঘরে ঘরে আমার ভাইয়ের রক্ত বৃথা যেতে পারে না হাদি তোমার ভয় নাই রাজপথ ছাড়ি নাই হাদি ভাই ভয় নাই আমরা আছি লাখো ভাইসহ বিভিন্ন স্লোগান দেন এদিকে গণমাধ্যমকর্মীরা শোভাযাত্রার কাছাকাছি গিয়ে ছবি ও ভিডিও নিতে গেলে বেশ কয়েকবার বাধা দেওয়ার ঘটনা ঘটেছে এ নিয়ে গণমাধ্যমকর্মীদের সঙ্গে আসিফ মাহমুদের অনুসারীদের তর্কবিতর্কও হয় একই সময় শোভাযাত্রার ভেতরে ক্যামেরা হাতে অনেককে দেখা গেছে তাঁরা নিজেদের আসিফ মাহমুদের প্রোডাকশন টিমের লোক বলে পরিচয় দেন আরও পড়ুন ঢাকা১০ আসনে স্বতন্ত্র প্রার্থী হিসেবে নির্বাচন করবেন আসিফ মাহমুদ ১২ ডিসেম্বর ২০২৫ ঢাকা১০ আসনে স্বতন্ত্র প্রার্থী হিসেবে নির্বাচন করবেন আসিফ মাহমুদ প্রথম আলোর খবর পেতে গুগল নিউজ চ্যানেল ফলো করুন রাজনীতি থেকে আরও পড়ুন ত্রয়োদশ জাতীয় সংসদ নির্বাচননির্বাচনভোটআসিফ মাহমুদ সজীব ভূঁইয়া আসিফ মাহমুদ সজীব ভূঁইয়া নিয়ে আরও পড়ুন আসিফ মাহমুদের সাবেক এপিএস মোয়াজ্জেমের দেশত্যাগে নিষেধাজ্ঞা ৮ ঘণ্টা আগে আসিফ মাহমুদের সাবেক এপিএস মোয়াজ্জেমের দেশত্যাগে নিষেধাজ্ঞা বিসিবির নির্বাচন নিয়ে তদন্ত কমিটির কাজ কত দূর ১৬ ঘণ্টা আগে বিসিবির নির্বাচন নিয়ে তদন্ত কমিটির কাজ কত দূর ডিপ স্টেট কারা ক্ষমতায় রাখার প্রস্তাবে কী শর্ত ছিল জানালেন আসিফ ২৭ মার্চ ২০২৬ ডিপ স্টেট কারা ক্ষমতায় রাখার প্রস্তাবে কী শর্ত ছিল জানালেন আসিফ ২০২৯ সাল পর্যন্ত ক্ষমতায় থাকার প্রস্তাব দিয়েছিল ডিপ স্টেট আসিফ মাহমুদ ২৭ মার্চ ২০২৬ ২০২৯ সাল পর্যন্ত ক্ষমতায় থাকার প্রস্তাব দিয়েছিল ডিপ স্টেট আসিফ মাহমুদ আসিফ মাহমুদ সজীব ভূঁইয়া নিয়ে আরও পড়ুন সংসদ সদস্যরা যেন রাষ্ট্রপতিকে বক্তব্য দেওয়ার সুযোগ না দেন আসিফ মাহমুদ সংসদের সামনে মানববন্ধন সংসদ সদস্যরা যেন রাষ্ট্রপতিকে বক্তব্য দেওয়ার সুযোগ না দেন আসিফ মাহমুদ ১২ মার্চ ২০২৬ নিজের মাবাবা ও স্ত্রীর ব্যাংক হিসাবের তথ্য প্রকাশ করলেন আসিফ মাহমুদ মোট জমা সাড়ে ১৫ লাখ টাকা নিজের মাবাবা ও স্ত্রীর ব্যাংক হিসাবের তথ্য প্রকাশ করলেন আসিফ মাহমুদ মোট জমা সাড়ে ১৫ লাখ টাকা ০৪ মার্চ ২০২৬ নিজের ও পরিবারের ব্যাংক হিসাবের তথ্য জানালেন আসিফ মাহমুদ নিজের ও পরিবারের ব্যাংক হিসাবের তথ্য জানালেন আসিফ মাহমুদ ০৪ মার্চ ২০২৬ আসিফ মাহমুদের ব্যাংক হিসাবের তথ্য তলব আসিফ মাহমুদের ব্যাংক হিসাবের তথ্য তলব ০৪ মার্চ ২০২৬,1
করোনার প্রাদুর্ভাব কমে অর্থনীতি সচল হলেও ব্যাংক খাতে কমছে আমানতের পরিমাণ অর্থবছরের সাত মাসে আমানতের প্রবৃদ্ধি কমেছে ৫৪ হাজার কোটি টাকা বা ৫১ শতাংশের বেশি কেন্দ্রীয় ব্যাংকের দাবি বিনিয়োগ ও ভোগব্যয় বাড়ায় আমানত কমেছে তবে বিশ্লেষকরা বলছেন প্রণোদনার টাকা যথাসময়ে ফেরত না আসা রেমিট্যান্স ও সুদ হার কমার কারণেই আমানত কমছে করোনা মহামারির ধকল কাটিয়ে উঠতে শুরু করেছে দেশের অর্থনীতি এতে বাড়ছে বেসরকারি খাতে ঋণের চাহিদা তবে সমস্যা হয়ে দাঁড়িয়েছে ব্যাংকগুলোতে অর্থের সংকট বাংলাদেশ ব্যাংকের হিসেব বলছে ২৩ ফেব্রুয়ারি থেকে ২ মার্চ পর্যন্ত পাঁচ কার্যদিবসে বেশ কয়েকটি ব্যাংককে সাড়ে ৬ হাজার কোটি টাকার তারল্য সহায়তা ও বিশেষ রেপো সহায়তা দেয়া হয় হিসেব বলছে করোনার আগে ২০২০ সালের ফেব্রুয়ারিতে বার্ষিক আমানতের প্রবৃদ্ধি ছিল ১২ দশমিক ৮২ শতাংশ সেই প্রবৃদ্ধি বাড়তে বাড়তে ২০২১ সালের মে মাস পর্যন্ত সর্বোচ্চ সাড়ে ১৪ শতাংশে ওঠে এর পর থেকে টানা কমছে আমানতের প্রবৃদ্ধি জানুয়ারি পর্যন্ত চলতি অর্থবছরের ৭ মাসেই আমাতের প্রবৃদ্ধি কমেছে সাড়ে ৫১ শতাংশ কেন্দ্রীয় ব্যাংকের দাবি মানুষ এখন নিজেদের সঞ্চয় বিনিয়োগ করছে আবার দ্রব্যমূল্যের ঊর্ধ্বগতিতে ভোগব্যয় বাড়ায় নগদ টাকার চাহিদা বেড়েছে ব্যাংকগুলোর আমানত কমার বিষয়ে বিশেষজ্ঞরা বলছেন করোনার অজুহাতে নিয়মিত ঋণের পাশাপাশি প্রণোদনার টাকা যথাসময়ে ফেরত আসেনি এছাড়া রেমিট্যান্স ও সুদ হারের পতনে আমানতের প্রবৃদ্ধি ব্যাপকহারে কমে গেছে এদিকে দীর্ঘদিন ঝিমিয়ে থাকা বেসরকারি খাতের ঋণে গতি ফিরেছে জানুয়ারি পর্যন্ত বার্ষিক ঋণের প্রবৃদ্ধি ১১ শতাংশের বেশি এ ধারা অব্যাহত রাখতে ব্যাংকের বিনিয়োগ সক্ষমতা বৃদ্ধির ওপর জোর দেন বিশ্লেষকরা,1
ছিনতাই করা মোবাইল ফোন বিক্রির টাকা ভাগাভাগি নিয়ে রাজধানীর পান্থপথে ফারুক হোসেনকে খুন করা হয়েছে বলে জানিয়েছে পুলিশ এ ঘটনায় গ্রেপ্তার করা হয়েছে তিনজনকে গতকাল রোববার ঢাকা মহানগর পুলিশের ডিএমপি মিডিয়া সেন্টারে আয়োজিত সংবাদ সম্মেলনে এ তথ্য জানান তেজগাঁও বিভাগের উপকমিশনার এইচএম আজিমুল হক গ্রেপ্তার ব্যক্তিরা হলো সাদ্দাম হোসেন সাব্বির ওরফে সিটু সাব্বির ওরফে সাগর মো রনি ও মো বিজয় তারা ছিনতাইয়ে জড়িত তাদের কাছ থেকে হত্যায় ব্যবহূত একটি ছুরি উদ্ধারের কথা জানিয়েছে পুলিশ উপকমিশনার এইচএম আজিমুল হক জানান নিহত ফারুক কারওয়ান বাজার রেললাইন সংলগ্ন বস্তিতে পরিবারের সঙ্গে থাকত সে ভ্যান চালানোর পাশাপাশি ছিনতাইকারী চক্রের সঙ্গে জড়িত ছিল নিহত ফারুক এবং গ্রেপ্তার সাব্বির রনি ও বিজয় একটি ছিনতাই মামলায় গ্রেপ্তার হয়ে কারাগারে ছিল ঘটনার তিন দিন আগে জামিনে বের হয় তারা ফের ছিনতাই শুরু করে দুদিনে ১২টি মোবাইল ফোন চুরি করে সেগুলো বিক্রি করা হয় টাকা ভাগাভাগি করা নিয়ে সাব্বিরের সঙ্গে ফারুকের তর্ক হয়,1
শীত পড়তেই নানা শারীরিক উপসর্গের মতো অনেকেই দাঁতের যন্ত্রণায় ভোগেন শীত হোক বা গ্রীষ্ম দাঁতের যন্ত্রণা সব সময়ই অত্যন্ত বেদনাদায়ক তবে ঠান্ডা পড়লে যন্ত্রণা কিছুটা বাড়ে তাই শীতকালীন দাঁতের যন্ত্রণা থেকে নিজেকে সুরক্ষিত রাখতে প্রতিদিনের খাদ্য তালিকা থেকে কয়েকটি খাবার বাদ দেওয়া প্রয়োজন যেমন মিষ্টি জাতীয় খাবার  মিষ্টি জাতীয় খাবার থেকে তৈরি হওয়া অ্যাসিড দাঁতের এনামেল ক্ষয় করে শুধু দাঁত নয় মাড়ির জন্য এসব খাবার অত্যন্ত ক্ষতিকর তাই শীতকালের গুড় পিঠেপুলি মিষ্টি কেক ইত্যাদি খাবারগুলি থেকে যথাসম্ভব দূরে থাকলে ব্যথা কম হতে পারে ড্রাই ফ্রুটস  শরীরের সুস্থতায় ড্রাই ফ্রুটস অত্যন্ত উপকারী তবে কিশমিশ অ্যাপ্রিকট জাতীয় ড্রাই ফ্রুটগুলি দাঁতের জন্যে একেবারেই উপকারী নয় এগুলিতে থাকা মিষ্টি ও আঠালো ভাব দাঁতের ক্ষতি করে চকলেট  চকলেটে চিনির উপাদান বেশি থাকে যারা মাঝেমাঝেই দাঁতে যন্ত্রণায় ভোগেন এই শীতে তারা চকলেট থেকে দূরে থাকুন বিভিন্ন ধরণের চিপ্স  আলুর চিপ্স স্বাদের বদল ঘটালেও এতে থাকা ভরপুর স্টার্চ দাঁতের ক্ষতি করে চিকিৎসকরা এমনিতেই চিপস খেতে বারণ করেন বিশেষ করে শীতকালে দাঁত ভাল রাখতে চিপ্স খাওয়া থেকে বিরত থাকুন,1
পৃথিবীর বয়স যতই বাড়ছে আমরা ততই কেয়ামতের সম্মুখীন হচ্ছি প্রশ্ন হলো কেয়ামত কী পবিত্র কোরআনে আল্লাহ বলেন অবশ্যই কেয়ামত আসবে এতে বিন্দুমাত্র সন্দেহ নেই কিন্তু অধিকাংশ লোকই এ অমোঘ সত্য বিশ্বাস করে না সুরা আল মোমেন আয়াত ৫৯ যখন কেয়ামতের ঘটনাটি সংঘটিত হবে তখন কেউই তার সংঘটিত হওয়ার অস্বীকারকারী থাকবে না সুরা আল ওয়াকিয়া আয়াত ১২ সেদিন এর অবস্থা সম্পর্কে কোরআনে বর্ণিত হয়েছে পৃথিবী যখন প্রবল কম্পনে কম্পিত হবে পর্বতমালা সম্পূর্ণরূপে চূর্ণবিচূর্ণ করে দেওয়া হবে অতঃপর তা বিক্ষিপ্ত ধূলিকণায় পরিণত হয়ে যাবে সুরা ওয়াকিয়া আয়াত ৪ ৫ ৬ তাহলে আমরা জানতে পারলাম কেয়ামতের দিন পৃথিবীর অবস্থা কি হবে তাহলে সেদিনটি আসার আগে আমাদের কী করা উচিত পবিত্র কোরআনে আল্লাহ বলেন হে মানুষ সেদিনটি আসার আগেই তোমরা তোমাদের মালিকের ডাকে সাড়া দাও মনে রেখ আল্লাহতায়ালার কাছ থেকে যে দিনটির প্রতিরোধকারী কেউ থাকবে না সেদিন তোমাদের জন্য কোনো আশ্রয়স্থলও থাকবে না আর না তোমাদের পক্ষে সেদিন কেয়ামতের দিন অস্বীকার করা সম্ভব হবে সুরা আশ শুরা আয়াত ৪৭ কেয়ামতের পূর্ব লক্ষণগুলো কী বা কীভাবে আমরা জানতে পারব কেয়ামত সন্নিকটে কেয়ামত নিকটবর্তী বা তার পূর্বলক্ষণ হলো ক্রমাগতভাবে ফেতনা বৃদ্ধি পাওয়া ফেতনা হলো ক্রমাগত সমস্যা ইমান নষ্ট হয়ে যাওয়া মানুষের মধ্যে মায়া মমতা দয়া লোপ পাওয়া রক্তপাত বা হানাহানি বৃদ্ধি পাওয়া মিথ্যার প্রসার ঘটা ইসলামী জ্ঞান উঠে যাওয়া গান বাজনার প্রসার ঘটা আমানত উঠে যাওয়া মিথ্যা সাক্ষী দেওয়া সুদ খাওয়ার প্রবণতা বেড়ে যাওয়া ঘুষের আধিক্য বেড়ে যাওয়া আত্মীয়তার সম্পর্ক ছিন্ন করা এমন কি মানুষ জানবেও না সে কত ধরনের সমস্যা বা ফেতনার সম্মুখীন হচ্ছে রসুল সা বলেছেন তখন ধৈর্য ধরা বা ইমানের ওপর স্থির থাকা এত কঠিন হবে যে যেমন আগুনের কয়লা হাতে রাখা কঠিন রসুল সা আরও বলেছেন কিয়ামতের আগে ইলম ওঠে যাবে এবং অজ্ঞতার বিস্তার ঘটবে বুখারি আবু হুরায়রা রা থেকে বর্ণিত কেয়ামত কায়েম হবে না যতক্ষণ না ফোরাত তার মধ্যস্থিত সোনার পর্বত বের করে দেবে লোকেরা এ নিয়ে লড়াই করবে এবং এক শর মধ্যে নিরানব্বই জনই মারা যাবে তাদের প্রত্যেকেই মনে করবে সম্ভবত আমি বেঁচে যাব মুসলিম শরিফ ৭০০৮ অতিবৃষ্টি বন্যা খরা তীব্র ঠাণ্ডা দাবদাহ ঘন ঘন ভূমিকম্প ও বিভিন্ন প্রাকৃতিক দুর্যোগ ব্যাপক হারে দেখা দেবে এতে করে মাঠঘাট ফসলহীন হয়ে পড়বে লোকেরা এত পরিমাণ সম্পদশালী হয়ে উঠবে তখন জাকাত গ্রহণকারী কাউকে খুঁজে পাওয়া যাবে না চতুর্দিক থেকে ইসলামের ওপর এত পরিমাণ হামলা আসবে যেভাবে নেকড়ের দল শিকারের ওপর ঝাঁপিয়ে পড়ে যখন কেয়ামত সংঘটিত হবে তখন কী ঘটবে পবিত্র কোরআনে আল্লাহ বলেন যখন পৃথিবী তার কম্পনে প্রকম্পিত হবে যখন সে তার বোঝা বের করে দেবে সুরা যিলযাল আয়াত ১২ কেয়ামতের আগে ১০টি নিদর্শন ১ ধোঁয়া ২ দজ্জালের আবির্ভাব ৩ দাব্বাতুল আরদ্ব পৃথিবীর প্রাণী ৪ পশ্চিম দিক থেকে সূর্যোদয় ৫ ঈসা আ এর আগমন ৬ ইয়াজুজমাজুজের আগমন ৭ পূর্বদিকে ভূমিধস ৮ পশ্চিম দিকে ভূমিধস ৯ আরব ভূমিতে ভূমিধস ১০ কাফিররাই শুধু কেয়ামত অস্বীকার করবে আল্লাহ বলেন আর কাফিররা বলে আমাদের কাছে কেয়ামত আসবে না বলুন অবশ্যই হ্যাঁ শপথ আমার রবের নিশ্চয় তোমাদের কাছে তা আসবে সুরা সাবা আয়াত ৩ কেয়ামতকে প্রতিহত করার শক্তি কারও থাকবে না আল্লাহ আরও বলেন বরং তা তাদের ওপর আসবে অতর্কিতভাবে এবং তাদের হতভম্ব করে দেবে ফলে তারা তা রোধ করতে পারবে না এবং তাদেরকে অবকাশও দেওয়া হবে না সুরা আল আম্বিয়া আয়াত ৪০ সুতরাং প্রতিটি মুমিন বান্দার উচিত কেয়ামত সংঘটিত হওয়ার আগে জীবনের প্রতিটি মুহূর্তকে শেষ মুহূর্ত বিবেচনা করে ওপরে উল্লিখিত কাজগুলো থেকে বিরত থাকা কেয়ামতের দিন কোনো বিনিময়ই গ্রহণযোগ্য হবে না আল্লাহ বলেন তোমরা সেদিনটিকে ভয় করো যেদিন একজন মানুষ আরেকজনের কোনো কাজেই আসবে না না সেদিন কোনো বিনিময় নেওয়া হবে সুরা বাকারা আয়াত ১২৩ আল্লাহ রব্বুল আলামিন মুসলমান জাতিকে কেয়ামতের সব আলামত ও ভয়াবহতা থেকে নিরাপদ রাখুন ইমান ও নেক আমলের ওপর জীবনযাপন করার তৌফিক দান করুন,1
করোনা সংক্রমণের সংখ্যা দিন দিনই বাড়ছে বিশেষজ্ঞদের মতে করোনার নতুন স্ট্রেনের হাত থেকে বাঁচতে হলে সঠিক পদ্ধতিতে মাস্ক পরা ভিড় এড়িয়ে চলা এবং পরিচ্ছন্নতা মেনে চলা জরুরি তবে অনেকেই মাস্ক পরতে গিয়ে নিয়ম মানছেন না অনেকেই পুরনো আলগা নোংরা হয়ে যাওয়া মাস্ক পরে বাইরে যাচ্ছেন বিশেষজ্ঞরা বলছেন মাস্ক পরার ক্ষেত্রে কিছু নিয়ম মানা জরুরি যেমন ১ মাস্ক এমনভাবে পরুন যাতে মুখ ও নাক সম্পূর্ণভাবে ঢাকা পরে মাস্ক পরে যদি শুধু নাক বা মুখের কোনও একটা খোলা থাকে তাহলে মাস্ক পরার কোনও উপযোগিতা থাকে না খেয়াল রাখবেন মাস্ক যেন নাকের ওপর থেকে শুরু করে গোটা মুখ ভালো ভাবে ঢাকতে পারে তাই মাস্ক কেনার সময় সেটি কতটা চওড়া তা ভালো করে দেখে তবেই কিনবেন বাজারে যেসব সার্জিক্যাল মাস্ক পাওয়া যায় তা এক লেয়ারের মহামারির এ সময়ে তা মোটেও উপযোগী নয় অন্তত তিন লেয়ারের মাস্ক ব্যবহার করা উচিত ২ মুখের থেকে ঢিলে মাস্ক ব্যবহার করবেন না মাস্ক ঢিলে হলে তা ঠিক করতে বারবার মুখে হাত দিতে হবে এতে হাতের ধুলো ময়লা মাস্কে লেগে যাওয়ার আশঙ্কা থাকে ৩ সুতির কাপড়ের তৈরি মাস্ক তাড়াতাড়ি ছিঁড়ে যায় রঙ হালকা হয়ে গেলে ও মাস্কে ছোট থেকে বড় ফুটো দেখা দিলে সঙ্গে সঙ্গে সেই মাস্ক ডাস্টবিনে ফেলে দিন ফুটো দেখা দিলে সেই মাস্ক না পরাই ভালো কারণ করোনার সঙ্গে সঙ্গে বাতাসে থাকা অন্যান্য ভাইরাসও আক্রমণ করতে পারে ৪ মাস্ক এখন বাধ্যতামূলক মাস্ক পরে যদি ত্বকে নানা সমস্যা যেমন ব্রণ র্যাশ চুলকানি ফুলে ওঠার মতো সমস্যা হয় তাহলে দ্রুত মাস্ক পরিবর্তন করা উচিত ৫ মাস্ক যদি পরিষ্কার করা যায় তাহলে অবশ্যই ধুয়ে শুকিয়ে তারপর পরা উচিত গবেষণা বলছে করোনা পরিস্থিতিতে সঠিক মাস্ক পরলে প্রায় ৭০ শতাংশ করোনা হওয়ার ঝুঁকি কমে শুধু পরলেই হবে না সেটি ঠিকসময়ে ফেলেও দিতে হবে ৬ মাস্ক পরে অস্বস্তি হলে অবশ্যই সেই মাস্ক এড়িয়ে চলুন আবার ঘন্টার পর ঘন্টা একই মাস্ক পরে থাকলে অস্বস্তি তৈরি হয় এতে শ্বাসপ্রশ্বাসে ব্যাঘাত ঘটে তাই মাস্ক বদলানো প্রয়োজন ৭ মাস্কের নোজ ক্লিপ আলগা হয়ে গেলে সেই মাস্ক দ্রুত পাল্টে ফেলুন এ ছাড়া কানে লাগানোর ইলাস্টিক বা কাপড় যদি আলগা হয়ে যায় তাহলে বুঝতে হবে মাস্ক পরিবর্তন করার সময় এসেছে,0
সারা দেশের বিভিন্ন জেলায় বিএনপির চেয়ারপারসন ও সাবেক প্রধানমন্ত্রী খালেদা জিয়ার গায়েবানা জানাজা অনুষ্ঠিত হয়েছে আজ বুধবার বিএনপিসহ স্থানীয় লোকজনের উদ্যোগে এ জানাজা অনুষ্ঠিত হয় একই সময়ে বিভিন্ন এলাকায় খালেদা জিয়ার রুহের মাগফিরাত কামনা করে দোয়া মাহফিল অনুষ্ঠিত হয়েছেগতকাল মঙ্গলবার সকালে রাজধানীর এভারকেয়ার হাসপাতালে চিকিৎসাধীন অবস্থায় মারা যান খালেদা জিয়া আজ বুধবার দুপুরে রাজধানীর মানিক মিয়া অ্যাভিনিউয়ে বিপুল মানুষের সমাগমে খালেদা জিয়ার জানাজা অনুষ্ঠিত হয় পরে বিকেলে জিয়া উদ্যানে স্বামী সাবেক রাষ্ট্রপতি ও বিএনপির প্রতিষ্ঠাতা জিয়াউর রহমানের কবরের পাশে রাষ্ট্রীয় মর্যাদায় তাঁকে দাফন করা হয় বিভিন্ন রাজনৈতিক দলের নেতাকর্মী প্রশাসনের কর্মকর্তা ও হাজারো মুসল্লির অংশগ্রহণে রংপুরের কেন্দ্রীয় ঈদগাহে খালেদা জিয়ার গায়েবানা জানাজা অনুষ্ঠিত হয়েছে আজ বেলা সোয়া দুইটায় স্থানীয় বিএনপির উদ্যোগে এ জানাজার আয়োজন করা হয় এতে ইমামতি করেন নগরের নজিরের হাট বায়তুল ফালাহ জামে মসজিদের ইমাম মাওলানা মো হামিদুল ইসলাম জানাজায় পুলিশের রংপুর রেঞ্জের ডিআইজি আমিনুল ইসলাম রংপুর মেট্রোপলিটন পুলিশ কমিশনার মো মজিদ আলী মহানগর বিএনপির সদস্য ও রংপুর সিটি করপোরেশন নির্বাচনে বিএনপির মনোনীত সাবেক মেয়র প্রার্থী কাওসার জামান জেলা যুবদলের জ্যেষ্ঠ সহসভাপতি রাকিবুল ইসলাম জাতীয় নাগরিক পার্টির এনসিপি মহানগরের জ্যেষ্ঠ যুগ্ম আহ্বায়ক আলাল উদ্দিন কাদেরী এনসিপির জেলার যুগ্ম সদস্যসচিব শেখ রেজওয়ান প্রমুখ অংশ নেন রংপুরে খালেদা জিয়ার গায়েবানা জানাজা অনুষ্ঠিত হয়েছে বুধবার নগরের কালেক্টরেট ঈদগাহে রংপুরে খালেদা জিয়ার গায়েবানা জানাজা অনুষ্ঠিত হয়েছে বুধবার নগরের কালেক্টরেট ঈদগাহেছবি এদিকে খালেদা জিয়ার রুহের মাগফিরাত কামনা করে বেগম রোকেয়া বিশ্ববিদ্যালয়ে দোয়া মাহফিল অনুষ্ঠিত হয়েছে আজ বাদ আসর সেন্ট্রাল মসজিদে আয়োজিত দোয়া মাহফিলে বিশ্ববিদ্যালয়ের শিক্ষক শিক্ষার্থী ও কর্মকর্তারা অংশ নেন এ ছাড়া খালেদা জিয়ার মৃত্যুতে শোক প্রকাশ করে অর্ধদিবস দোকানপাট বন্ধ রাখে মহানগর ব্যবসায়ী সমিতি রাজশাহী বিএনপি ও সহযোগী সংগঠনের নেতাকর্মীসহ সর্বস্তরের মানুষের অংশগ্রহণে রাজশাহীর বিভিন্ন স্থানে খালেদা জিয়ার গায়েবানা জানাজা অনুষ্ঠিত হয়েছে আজ দুপুর দুইটার দিকে নগরের টিকাপাড়া ঈদগাহ মাঠে আয়োজিত গায়েবানা জানাজা শেষে খালেদা জিয়ার রুহের মাগফিরাত কামনা করে বিশেষ দোয়া করা হয় রাজশাহীতে খালেদা জিয়ার গায়েবানা জানাজা বুধবার নগরের টিকাপাড়া ঈদগাহ মাঠে রাজশাহীতে খালেদা জিয়ার গায়েবানা জানাজা বুধবার নগরের টিকাপাড়া ঈদগাহ মাঠেছবি শহীদুল ইসলাম এদিকে জেলার গোদাগাড়ী তানোরসহ বিভিন্ন উপজেলায়ও গায়েবানা জানাজা হয়েছে নগরের বিভিন্ন গুরুত্বপূর্ণ স্থানে বিএনপির কার্যালয়ে মাইকে কোরআন তিলাওয়াত প্রচার করা হচ্ছে রাজশাহী প্রকৌশল ও প্রযুক্তি বিশ্ববিদ্যালয়সহ রুয়েট বিভিন্ন শিক্ষাপ্রতিষ্ঠানে শোক পালন করা হচ্ছে রুয়েটের প্রধান ফটকে খালেদা জিয়ার প্রতি শ্রদ্ধা জানিয়ে বড় ব্যানার টানানো হয়েছে রাজশাহী বিশ্ববিদ্যালয়ে আজ জোহরের নামাজের পর কেন্দ্রীয় মসজিদ প্রাঙ্গণে গায়েবানা জানাজা অনুষ্ঠিত হয় এতে ইমামতি করেন কেন্দ্রীয় মসজিদের সহকারী ইমাম মাওলানা সাহাজুল ইসলাম উপাচার্য অধ্যাপক সালেহ হাসান নকীব সহউপাচার্য অধ্যাপক ফরিদ উদ্দীন পদার্থবিজ্ঞান বিভাগের অধ্যাপক এফ নজরুল ইসলামসহ বিভিন্ন বিভাগের শিক্ষক ও প্রশাসনের ঊর্ধ্বতন কর্মকর্তাকর্মচারীরা জানাজায় অংশ নেন সিলেট দুপুরে সিলেট আন্তর্জাতিক ক্রিকেট স্টেডিয়ামে খালেদা জিয়ার গায়েবানা জানাজা অনুষ্ঠিত হয়েছে বাংলাদেশ ক্রিকেট বোর্ডের উদ্যোগে স্টেডিয়ামের গ্রিন গ্যালারির সামনে আয়োজিত জানাজায় বিসিবির কর্মকর্তাসহ বিপিএলের খেলোয়াড় ও সাংবাদিকেরা অংশ নেন সিলেটে খালেদা জিয়ার গায়েবানা জানাজা অনুষ্ঠিত হয় বুধবার বিকেলে সিলেট কেন্দ্রীয় শহীদ মিনারে বিকেল সাড়ে চারটার দিকে সিলেট কেন্দ্রীয় শহীদ মিনারে আরও একটি গায়েবানা জানাজা অনুষ্ঠিত হয় জানাজায় ইমামতি করেন হাফেজ মারজান আহমদ এতে সিলেটের বিভিন্ন শ্রেণিপেশার মানুষ অংশ নেন এ ছাড়া বিএনপির চেয়ারপারসনের উপদেষ্টা ও সিলেট৪ আসনে বিএনপি মনোনীত প্রার্থী আরিফুল হক চৌধুরীর উদ্যোগে নগরের কুমারপাড়ার বাসভবনে খতমে কোরআন ও দোয়া মাহফিলের আয়োজন করা হয়েছে খালেদা জিয়ার মৃত্যুতে নগরের তোপখানা এলাকায় জেলা ও মহানগর বিএনপির অস্থায়ী কার্যালয়ে গতকাল থেকে শোক বই খোলা হয়েছে এতে আজ দুপুর ১২টা থেকে বিএনপি ও অঙ্গসংগঠনের নেতাকর্মীসহ বিভিন্ন শ্রেণিপেশার মানুষ শোক প্রকাশ করে স্বাক্ষর করছেন এ ছাড়া খালেদা জিয়ার প্রতি শ্রদ্ধা জানিয়ে আজ সকাল থেকে দুপুর ১২টা পর্যন্ত অর্ধদিবস সিলেটে বন্ধ ছিল দোকানপাট ব্যবসাপ্রতিষ্ঠান ও বিপণিবিতান ময়মনসিংহ বিপুল মানুষের সমাগমে ময়মনসিংহের ঈশ্বরগঞ্জে খালেদা জিয়ার গায়েবানা জানাজা অনুষ্ঠিত হয়েছে বেলা দুইটায় ঈশ্বরগঞ্জ বড় খেলার মাঠে আয়োজিত এ জানাজায় ইমামতি করেন ঈশ্বরগঞ্জ নুর মসজিদের খতিব মো খলিলুর রহমান জানাজার আগে খালেদা জিয়াকে নিয়ে স্মৃতিচারণা করে বক্তব্য দেন উপজেলা বিএনপির যুগ্ম আহ্বায়ক এ কে এম হারুন অর রশিদ শাহজাহান জয়পুরী মো আহসান পারভেজ আবদুল্লাহ আল মামুন শাহজাহান কবির পৌর বিএনপির সদস্যসচিব মো নূরে আলম জুলফিকার আলী মো হায়দার আলী বীর মুক্তিযোদ্ধা হাবিবুর রহমান আকন্দ প্রমুখ ময়মনসিংহের ঈশ্বরগঞ্জে খালেদা জিয়ার গায়েবানা জানাজা অনুষ্ঠিত হয়েছে আজ দুপুরে স্থানীয় বড় মাঠে ময়মনসিংহের ঈশ্বরগঞ্জে খালেদা জিয়ার গায়েবানা জানাজা অনুষ্ঠিত হয়েছে আজ দুপুরে স্থানীয় বড় মাঠেছবি প্রথম আলো এদিকে খালেদা জিয়ার মৃত্যুতে শোক প্রকাশ করে ময়মনসিংহ শহরের সব ব্যবসাপ্রতিষ্ঠান বন্ধ রাখা হয়েছে গফরগাঁও আসনের বিএনপি মনোনীত প্রার্থী মোহাম্মদ আক্তারুজ্জামানের উদ্যোগে কোরআন খতম ও দোয়া মাহফিল অনুষ্ঠিত হয়েছে বগুড়া বগুড়ার ঐতিহাসিক আলতাফুন্নেছা খেলার মাঠে আজ বেলা তিনটায় খালেদা জিয়ার গায়েবানা জানাজা অনুষ্ঠিত হয়েছে এতে সর্বস্তরের মানুষ অংশ নেন জানাজা শেষে খালেদা জিয়ার মাগফিরাত কামনা করে বিশেষ দোয়া করা হয় বগুড়ায় বিএনপি চেয়ারপারসন ও সাবেক প্রধানমন্ত্রী খালেদা জিয়ার গায়েবানা জানাজা অনুষ্ঠিত হয়  বুধবার বেলা তিনটায় শহরের আশরাফুন্নেছা খেলার মাঠে বগুড়ায় বিএনপি চেয়ারপারসন ও সাবেক প্রধানমন্ত্রী খালেদা জিয়ার গায়েবানা জানাজা অনুষ্ঠিত হয়  বুধবার বেলা তিনটায় শহরের আশরাফুন্নেছা খেলার মাঠেছবি সোয়েল রানা খালেদা জিয়ার মৃত্যুতে শোক ও শ্রদ্ধা জানিয়ে আজ ভোর থেকেই শহরের বিভিন্ন বিপণিবিতান দোকানপাট ব্যবসাপ্রতিষ্ঠান সরকারিবেসরকারি কার্যালয় বন্ধ ছিল শহরের প্রাণকেন্দ্র সাতমাথা থেকে নিউমার্কেট কাঁঠালতলা চুড়িপট্টি শরীফ মার্কেট আল আমিন কমপ্লেক্স রানার প্লাজা পুলিশ প্লাজা জলেশ্বরীতলাসহ শহরের অধিকাংশ এলাকায় দোকানপাট বন্ধ ছিল শহরের হোটেলরেস্তোরাঁ ও সড়কের মোহনায় থাকা বড় পর্দার সামনে ভিড় ছিল শোকার্ত মানুষের সবার দৃষ্টি ছিল টেলিভিশনে সরাসরি সম্প্রচার করা জানাজার দিকে চাঁদপুর আজ বেলা আড়াইটায় চাঁদপুর শহরের হাসান আলী সরকারি উচ্চবিদ্যালয় মাঠে খালেদা জিয়ার গায়েবানা জানাজা অনুষ্ঠিত হয়েছে এতে বিএনপি জামায়াতে ইসলামী বৈষম্যবিরোধী ছাত্র আন্দোলন ইসলামী আন্দোলন বাংলাদেশ এনসিপিসহ বিভিন্ন রাজনৈতিক দলের নেতাকর্মী ও সাধারণ মানুষ অংশ নেন চাঁদপুরের মতলব দক্ষিণ উপজেলায় খালেদা জিয়ার গায়েবানা জানাজার একাংশ উপজেলার নিউ হোস্টেল মাঠে বুধবার দুপুরে চাঁদপুরের মতলব দক্ষিণ উপজেলায় খালেদা জিয়ার গায়েবানা জানাজার একাংশ উপজেলার নিউ হোস্টেল মাঠে বুধবার দুপুরেছবি প্রথম আলো এদিকে জেলার মতলব দক্ষিণ উপজেলায়ও গায়েবানা জানাজা অনুষ্ঠিত হয়েছে বেলা আড়াইটায় উপজেলার নিউ হোস্টেল মাঠে আয়োজিত জানাজার আগে খালেদা জিয়ার জীবন ও কর্মের ওপর স্মৃতিচারণা করে বক্তব্য দেন উপজেলা বিএনপির সভাপতি এনামুল হক উপজেলা জামায়াতের আমির আবদুর রশিদ পাটোয়ারী মতলব পৌর বিএনপির সভাপতি শোয়েব সরকার সাধারণ সম্পাদক মো জাকির হোসেন প্রধান জেলা বিএনপির সম্পাদকমণ্ডলীর সদস্য মোল্লা জাকির হোসেন উপজেলা যুবদলের আহ্বায়ক মুজাহিদুল ইসলাম পৌর যুবদলের আহ্বায়ক মজিবুর রহমান সরকার প্রমুখ জানাজায় বিভিন্ন শ্রেণিপেশার কয়েক হাজার মানুষ অংশ নেন নাটোর নাটোরের ছয়টি উপজেলার অন্তত ১১টি স্থানে খালেদা জিয়ার গায়েবানা জানাজা অনুষ্ঠিত হয়েছে আজ জোহরের নামাজের পর এসব জানাজায় বিএনপির নেতাকর্মীরা ছাড়াও সাধারণ মানুষ অংশ নেন লালপুরের শ্রী সুন্দরী পাইলট স্কুল অ্যান্ড কলেজ মাঠে খালেদা জিয়ার গায়েবানা জানাজা বুধবার দুপুর লালপুরের শ্রী সুন্দরী পাইলট স্কুল অ্যান্ড কলেজ মাঠে খালেদা জিয়ার গায়েবানা জানাজা বুধবার দুপুরছবি প্রথম আলো জেলার সবচেয়ে বড় গায়েবানা জানাজা অনুষ্ঠিত হয় লালপুর উপজেলার শ্রী সুন্দরী পাইলট স্কুল অ্যান্ড কলেজ মাঠে জানাজায় ইমামতি করেন মাওলানা রাশেদুল ইসলাম এ ছাড়া নাটোর শহরের আলাইপুর বাগাতিপাড়ার জামনগর দয়রামপুর সিংড়া উপজেলা সদর বড়াইগ্রামের কালিকাপুর গুরুদাসপুরের চাঁচকৈড়ে ও নলডাঙ্গা স্কুলমাঠে গায়েবানা জানাজা অনুষ্ঠিত হয় জেলা বিএনপির সদস্য নাসিম উদ্দীন নাসিম জানান জ্যেষ্ঠ নেতারা ঢাকার জানাজায় অংশ নিতে গেলেও সাধারণ কর্মীসমর্থকেরা নিজ উদ্যোগে খালেদা জিয়ার জন্য গায়েবানা জানাজার আয়োজন করেন এতে বিপুলসংখ্যক মানুষ অংশ নেন জয়পুরহাট জয়পুরহাটের ক্ষেতলাল উচ্চবিদ্যালয় মাঠে সাবেক প্রধানমন্ত্রী খালেদা জিয়ার গায়েবানা জানাজা অনুষ্ঠিত হয় আজ দুপুরে জয়পুরহাটের ক্ষেতলাল উচ্চবিদ্যালয় মাঠে সাবেক প্রধানমন্ত্রী খালেদা জিয়ার গায়েবানা জানাজা অনুষ্ঠিত হয় আজ দুপুরেছবি সংগৃহীত জয়পুরহাটের বিভিন্ন স্থানে খালেদা জিয়ার গায়েবানা জানাজা অনুষ্ঠিত হয়েছে আজ জোহরের নামাজের পর মাত্রাই উচ্চবিদ্যালয় মাঠ ও বিকেলে ক্ষেতলাল উপজেলার পাইলট উচ্চবিদ্যালয় মাঠে গায়েবানা জানাজা হয় জানাজায় বিএনপির নেতাকর্মীসহ বিভিন্ন শ্রেণিপেশার মানুষ অংশ নেন জানাজা শেষে খালেদা জিয়ার রুহের মাগফিরাত কামনা করে বিশেষ দোয়া ও মোনাজাত করা হয় বরিশাল খালেদা জিয়ার মৃত্যুতে বরিশাল নগরের ৩০টি ওয়ার্ড বিএনপি কার্যালয়ে সাত দিনব্যাপী দোয়া মোনাজাত খতমে কোরআন ও শোক কর্মসূচি পালন করা হচ্ছে জেলা মহানগরসহ প্রতিটি ওয়ার্ড ও ইউনিয়ন বিএনপির কার্যালয়ে কালো পতাকা উত্তোলন করা হয়েছে এ ছাড়া নগরের মসজিদগুলোতে দোয়া মোনাজাত অনুষ্ঠিত হয়েছে বরিশালের উজিরপুরে খালেদা জিয়ার গায়েবানা জানাজা বুধবার বিকেলে উজিরপুর মহিলা কলেজ মাঠে বরিশালের উজিরপুরে খালেদা জিয়ার গায়েবানা জানাজা বুধবার বিকেলে উজিরপুর মহিলা কলেজ মাঠেছবি প্রথম আলো এদিকে জেলার উজিরপুর উপজেলা শ্রমিক দলের উদ্যোগে খালেদা জিয়ার গায়েবানা জানাজা অনুষ্ঠিত হয়েছে বিকেল সাড়ে চারটায় উজিরপুর মহিলা কলেজ মাঠে এ জানাজা অনুষ্ঠিত হয় এ সময় খালেদা জিয়ার আত্মার মাগফিরাত কামনা করে দোয়া করা হয় ঝিনাইদহ ঝিনাইদহের শৈলকুপা ডিগ্রি কলেজ মাঠে উপজেলা বিএনপির উদ্যোগে খালেদা জিয়ার গায়েবানা জানাজা অনুষ্ঠিত হয়েছে আজ দুপুরে অনুষ্ঠিত জানাজায় তৃণমূলের নেতাকর্মীসহ বিভিন্ন শ্রেণিপেশার কয়েক হাজার মানুষ অংশ নেন এদিকে খালেদা জিয়ার মৃত্যুতে সাত দিনের শোক কর্মসূচি নিয়েছে জেলা বিএনপি দলীয় কার্যালয়ে ৩০ ডিসেম্বর সকাল থেকেই শোক বই খোলা হয়েছে এবং কোরআন তিলাওয়াত করা হচ্ছে আগামী ৫ জানুয়ারি পর্যন্ত এ কর্মসূচি চলবে বলে জানিয়েছেন জেলা বিএনপির উপদপ্তর সম্পাদক সাকিব আহমেদ দিনাজপুর দিনাজপুরের নবাবগঞ্জ ও হাকিমপুরে গায়েবানা জানাজা অনুষ্ঠিত হয়েছে আজ বেলা আড়াইটায় হাকিমপুর উপজেলার বোয়ালদাড় ইউনিয়ন বিএনপির উদ্যোগে বোয়ালদাড় মদিনাতুল উলুম মাদ্রাসার মুহতামিম আবুল কালাম আজাদের পরিচালনায় বোয়ালদাড় স্কুল অ্যান্ড কলেজ মাঠে জানাজা অনুষ্ঠিত হয় এতে উপজেলা বিএনপির জ্যেষ্ঠ সহসভাপতি শাহীনুর ইসলাম সহসভাপতি এরফান আলী বোয়ালদাড় ইউনিয়ন বিএনপির সভাপতি আতোয়ার রহমান সাধারণ সম্পাদক নূর ইসলাম সাংগঠনিক সম্পাদক কামরুজ্জামান শুভ প্রমুখ উপস্থিত ছিলেন সৈয়দপুরে খালেদা জিয়ার মৃত্যুর শোকে বেলা ২টা থেকে ৫টা পর্যন্ত সব দোকানপাট বন্ধ রাখা হয় বুধবার বিকেলে সৈয়দপুরে খালেদা জিয়ার মৃত্যুর শোকে বেলা ২টা থেকে ৫টা পর্যন্ত সব দোকানপাট বন্ধ রাখা হয় বুধবার বিকেলেছবি প্রথম আলো অন্যদিকে বিকেল চারটায় নবাবগঞ্জ উপজেলার টুপিরহাট এলাকায় হলাইজানা ফাজিল মাদ্রাসা মাঠে গায়েবানা জানাজা অনুষ্ঠিত হয় জানাজায় ইমামতি করেন দিনাজপুরের নূরজাহান আলিয়া মাদ্রাসার সাবেক অধ্যক্ষ জয়নুল আবেদীন এ ছাড়া বাদ মাগরিব নবাবগঞ্জ সরকারি পাইলট হাইস্কুল মাঠে বিএনপির উদ্যোগে গায়েবানা জানাজা অনুষ্ঠিত হয়েছে জানাজায় ইমামতি করে নবাবগঞ্জ থানা মসজিদের খতিব গোলাম রব্বানী এতে বিএনপি জামায়াত এনসিপিসহ বিভিন্ন সংগঠনের নেতাকর্মী ও সাধারণ মানুষ অংশ নেন নীলফামারী নীলফামারীর সৈয়দপুরে গায়েবানা জানাজা অনুষ্ঠিত হয়েছে বুধবার দুপুরে শহরের শহীদ জিকরুল হক সড়কে বিএনপির কার্যালয়ের সামনে অনুষ্ঠিত জানাজায় ইমামতি করেন ওলামা দলের কাজী শহিদুল হক এ সময় খালেদা জিয়ার আত্মার মাগফিরাত কামনা করে বিশেষ দোয়া ও মোনাজাত করা হয় সৈয়দপুরে খালেদা জিয়ার গায়েবানা জানাজায় মানুষের ঢল নামে বুধবার বিকেলে সৈয়দপুরে খালেদা জিয়ার গায়েবানা জানাজায় মানুষের ঢল নামে বুধবার বিকেলেছবি প্রথম আলো জানাজার আগে পৌর বিএনপির সাধারণ সম্পাদক শেখ বাবলুর সঞ্চালনায় বক্তব্য দেন বিএনপি নেতা ওবায়দুর রহমান শওকত হায়াত শাহ জিয়াউল হক কাজী একরামুল হক উপজেলা জামায়াতের আমির হাফেজ আবদুল মুনতাকিম প্রমুখ এ ছাড়া খালেদা জিয়ার প্রতি শ্রদ্ধা জানিয়ে বেলা দুইটা থেকে বিকেল পাঁচটা পর্যন্ত কাপড়ের দোকান মনিহারি দোকানসহ সব ধরনের দোকান বন্ধ রাখা হয় চট্টগ্রাম চট্টগ্রামের সাতকানিয়া ও লোহাগাড়া উপজেলায় পৃথকভাবে খালেদা জিয়ার গায়েবানা জানাজা অনুষ্ঠিত হয়েছে আজ বিকেল সাড়ে চারটার দিকে লোহাগাড়ার পদুয়া সিকদার দিঘির পাড় এলাকায় ও বেলা দুইটায় সাতকানিয়ার কেরানীহাট স্টেশনে অনুষ্ঠিত জানাজায় স্থানীয় বিএনপি জামায়াত এনসিপিসহ বিভিন্ন রাজনৈতিক দলের নেতাকর্মী ছাড়াও সাধারণ মানুষ অংশ নেন বিএনপির চেয়ারপারসন ও সাবেক প্রধানমন্ত্রী খালেদা জিয়া গায়েবানা জানাজায় অংশ নেন হাজারো মানুষ বুধবার দুপুরে সাতকানিয়ার কেরানীহাটে বিএনপির চেয়ারপারসন ও সাবেক প্রধানমন্ত্রী খালেদা জিয়া গায়েবানা জানাজায় অংশ নেন হাজারো মানুষ বুধবার দুপুরে সাতকানিয়ার কেরানীহাটেছবি সংগৃহীত সাতকানিয়ায় জানাজায় ইমামতি করেন সাতকানিয়া মডেল মসজিদের খতিব মো মিজানুর রহমান ও লোহাগাড়ায় ইমামতি করেন পদুয়া বাজার জামে মসজিদের খতিব এরশাদ উল্লাহ্ জানাজা শেষে খালেদা জিয়ার আত্মার মাগফিরাত কামনা করে দোয়া ও মোনাজাত করা হয়,0
সাবেক মার্কিন প্রেসিডেন্ট ডোনাল্ড ট্রাম্প ও স্টর্মি ড্যানিয়েলস একটি কথিত যৌন কেলেঙ্কারির ঘটনায় দীর্ঘদিন ধরে বিচারের অপেক্ষায় রয়েছেন নিজের যৌন কেলেঙ্কারি ধামাচাপা দিতে ঘুষ দেওয়ার অভিযোগে ট্রাম্পের বিরুদ্ধে শুনানি চলছে নিউইয়র্কের আদালতে বিবিসির লাইভ প্রতিবেদনে বলা হয়েছে আজ আদালতে সবচেয়ে উত্তেজনাপূর্ণ দিন এদিন আদালতে সাক্ষ্য দিতে এসেছেন ট্রাম্পের একসময়ের কাছের ও সাবেক আইনজীবী মাইকেল কোহেন বর্তমানে তাদের দুইজনের মধ্যে সম্পর্ক তলানিতে ঠেকেছে বিবিসি বলছে এই মুহূর্তে ট্রাম্প এবং কোহেন একই কোর্টরুমে অবস্থান করছেন আদালতরুমে কোহেন সাক্ষ্য দেওয়া শুরু করেছেন তিনি বলেছেন আমি সরাসরি ট্রাম্পের জন্য কাজ করেছি এসময় তিনি উল্লেখ করেছেন ট্রাম্পই তাকে তার এ চাকরির জন্য প্রস্তাব দেন কোহেন বলেন আমি ট্রাম্পের অনেক সমস্যার সমাধান করেছি ট্রাম্পের কোনো মেইল বা মুঠোফোন ছিল না আমি সরাসরি ট্রাম্পের সঙ্গে কথা বলতাম এদিন কোহেন আরও বলেছেন আমি মাঝে মধ্যে ট্রাম্পের জন্য মিথ্যা বলেছি এই রিপোর্ট লেখা পর্যন্ত কোহেন এখনো আলাদতে সাক্ষ্য দিচ্ছেন এবং প্রসিকিউটর তাকে জেরা করছেন প্রসিকিউটররা জানিয়েছেন আরও দুইজন সাক্ষীকে হাজির করা হবে এবং এই সপ্তাহের মধ্যে এই মামলার নিষ্পত্তি হতে পারে এর আগে বিবিসির প্রতিবেদনে বলা হয় ট্রাম্প ব্যবসায়িক রেকর্ড জালিয়াতির ৩৪টি অপরাধমূলক মামলার মুখোমুখি হয়েছেন এর মধ্যে একটি ছিল ট্রাম্পের সঙ্গে সম্পর্কের বিষয়ে মুখ বন্ধ রাখতে ড্যানিয়েলসকে এক লাখ ৩০ হাজার মার্কিন ডলার পরিশোধ করেন কোহেন,0
তুরস্কের প্রেসিডেন্ট রিসেপ তায়েপ এরদোয়ান ও যুক্তরাষ্ট্রের প্রেসিডেন্ট ডোনাল্ড ট্রাম্প মঙ্গলবার বৈঠক করেছেন জানুয়ারিতে ট্রাম্পের দ্বিতীয় দফায় ক্ষমতা গ্রহণের পর এটি তাদের প্রথম সাক্ষাৎ নেদারল্যান্ডসের হেগে অনুষ্ঠিত ন্যাটো সাম্মেলনের পাশাপাশি তাদের এ বৈঠক অনুষ্ঠিত হয় তুরস্কমার্কিন সম্পর্কের এক জটিল মুহূর্তে এ বৈঠক অনুষ্ঠিত হয় দুই নেতার এ বৈঠকে আলোচিত বিষয় ছিল ইরানইসরায়েল যুদ্ধবিরতি ইউক্রেনরাশিয়া আলোচনা গাজা সিরিয়া ও এফ৩৫ ফাইটার জেট কর্মসূচি প্রতিটি বিষয় আলাদাভাবে আলোচনার দাবি রাখে তবে শুরুতেই ইরানে যুক্তরাষ্ট্রের হামলা বিষয়ে তুরস্কের প্রতিক্রিয়া বিশ্লেষণ করা গুরুত্বপূর্ণ আমেরিকা যখন এ অঞ্চলে হামলা চালায় সেটি আঞ্চলিক ক্ষমতার গতিপ্রকৃতিসহ বৈশ্বিক বাজার এবং ওয়াশিংটনের সঙ্গে শত্রুতামিত্রতার ওপর প্রভাব ফেলে সেদিক থেকে আঙ্কারার প্রতিক্রিয়া কৌতূহলোদ্দীপক বলতে হবে ইরানের পররাষ্ট্রমন্ত্রী আব্বাস আরাগচি যখন তুরস্ক সফরে ছিলেন ঠিক সে সময়েই ইরানে হামলা করে যুক্তরাষ্ট্র হামলার পরপরই আরাগচি ইস্তাম্বুলে এক সংবাদ সম্মেলন করেন যেখানে তিনি সরাসরি তুরস্কের সংবাদমাধ্যমকে সম্মোধন করেন তাঁর সংবাদ সম্মেলনে তুরস্কের কোনো কর্তাব্যক্তি ছিলেন না ব্যাপারটা এমন যে তুরস্ক তৃতীয় পক্ষ হিসেবে মধ্যস্থতা করছে ওয়াশিংটন ও তেহরানের মধ্যে যোগাযোগ স্থাপনে তুরস্ক এখনও সম্ভাব্য সক্রিয় শক্তিগুলোর একটি তবে আঞ্চলিক বিষয়গুলোতে তুরস্ক যেভাবে সতর্ক প্রতিক্রিয়া জানাচ্ছে সেটা হয়তো তার কৌশলগত বিষয় যেখানে দেশটি কূটনৈতিকভাবে সংকট মোকাবিলার ওপর গুরুত্ব দিচ্ছে তুরস্কের পররাষ্ট্রমন্ত্রী ইরানের পারমাণবিক কেন্দ্রে হামলার পর একটি শক্তিশালী বিবৃতি দিয়ে গভীর উদ্বেগ প্রকাশ করেন কিন্তু নিন্দা শব্দটি উল্লেখ করেনি তুরস্ক হিসাব করেই শব্দ ব্যবহার করেছে যাতে ভবিষ্যতে তুরস্ক মধ্যস্থতার ভূমিকায় অবতীর্ণ হতে পারে যুক্তরাষ্ট্রের হামলার আগে ইরানকে আলোচনার টেবিলে আনার জন্য কাজ করছিল তুরস্ক একই সঙ্গে যুক্তরাষ্ট্রকেও তেহরানে সামরিক হামলা না চালাতে যুক্তরাষ্ট্রের প্রতি আহ্বান জানায় মধ্য জুনে এরদোয়ান ট্রাম্পের সঙ্গে দুইবার কথা বলেছিলেন যাতে ইরান যুক্তরাষ্ট্র পরমাণু আলোচনা আবার শুরু করা যায় তিনি বৃহত্তর কূটনৈতিক প্রচেষ্টার কথাও বলেছিলেন ঘোলাটে পরিবেশে আঙ্কারার এ পদক্ষেপ পরিকল্পিত বলেই মনে হয় তবে আঞ্চলিক পরিস্থিতির ওপর ব্যাপকভাবে এ পদক্ষেপের কার্যকারিতা নির্ভর করে যুক্তরাষ্ট্রের ওপর এরদোয়ানের প্রত্যাশা বিভিন্ন দিক থেকেই অনেক বেশি প্রথম কথা হলো তিনি আগামী কয়েক মাসের মধ্যে হোয়াইট হাউসে গিয়ে ট্রাম্পের সঙ্গে মিটিং করার বিষয়ে কাজ করছেন তিনি ২০২৬ সালের ন্যাটো সম্মেলনও তুরস্কে আয়োজন করতে চান যেটি আঙ্কারার জন্য তাৎপর্যপূর্ণ কূটনৈতিক সুযোগ দ্বিতীয়ত এরদোয়ানের প্রত্যাশা তুরস্ক হতে পারে ডোনাল্ড ট্রাম্প ও রাশিয়ার প্রেসিডেন্ট ভ্লাদিমির পুতিনের মধ্যে শান্তি আলোচনার স্থান এটি উচ্চাভিলাষী কূটনৈতিক লক্ষ্য কিন্তু ট্রাম্প ইতোমধ্যে বলেছেন তিনি এ ধরনের আলোচনায় বসতে পারেন যদি পুতিন রাজি হন তৃতীয়ত ওয়াশিংটনের সঙ্গে গাজায় ইসরায়েলি গণহত্যা বিষয়ে তুরস্ক আলোচনা করতে খুবই আগ্রহী এই বিষয় ইরানইসরায়েল যুদ্ধ ও সিরিয়া পরিস্থিতির ডামাডোলে ঢাকা পড়েছে গাজার এই অমানবিক ট্র্যাজেডি বন্ধে তুরস্ক ওয়াশিংটনকে রাজি করাতে প্রচেষ্টা চালাচ্ছে চতুর্থ বিষয় তুরস্কযুক্তরাষ্ট্র সম্পর্কের মধ্যে সিরিয়া এক জটিল অবস্থানে রয়েছে সিরিয়ার ওপর অবরোধ তুলে নেওয়ার বিষয়ে আমেরিকার সিদ্ধান্তকে এরদোয়ান স্বাগত জানিয়েছে তবে যুক্তরাষ্ট্র যে সিরিয়ান ডেমোক্রেটিক ফোর্সকে সমর্থন দিয়ে আসছে সেই বাহিনীকে সন্ত্রাসী সংগঠন হিসেবে তুরস্ক তার জাতীয় নিরাপত্তার হুমকি হিসেবে দেখে এই সাহায্য তুরস্কের জন্য অস্বস্তির কারণ তুরস্কের দিক থেকে আরেকটি অগ্রাধিকার হলো ইরানইসরায়েল যুদ্ধবিরতি চিরস্থায়ী হওয়া তাৎক্ষণিক বিষয় হিসেবে ট্রাম্পের সঙ্গে এরদোয়ানের ৪৫ মিনিটের মিটিংয়ে এই বিষয়ই জোর পেয়েছে চূড়ান্তভাবে এরদোয়ান বলেছেন যুক্তরাষ্ট্র থেকে এফ৩৫ ফাইটার জেট পাওয়ার আশা তিনি ছাড়ছেন না পূর্বে রাশিয়া থেকে এ বিমান লাভের পরিকল্পনা বাদ দিয়েছে তুরস্ক এবং দেশটি সামরিক শিল্প বাণিজ্যে যুক্তরাষ্ট্রতুরস্কের সহযোগিতা চুক্তি ১০০ বিলিয়ন ডলারে পৌঁছানোর প্রত্যাশা করছে গাজা সিরিয়া থেকে এফ৩৫ বিমান এবং যুক্তরাষ্ট্ররাশিয়ার কূটনীতি তা কোনো বিষয়ই রাতারাতি সমাধানযোগ্য নয় এ জন্য উভয় পক্ষ থেকে বাস্তবিক রাজনৈতিক সদিচ্ছা ও পারস্পরিক বোঝাপড়া দরকার তুরস্কআমেরিকার সম্পর্ক স্পষ্টতই বাস্তব পরিকল্পনা ও নতুন পরিস্থিতির সঙ্গে খাপ খাওয়ানোর পর্যায়ে রয়েছে সময়ের সঙ্গে তা নতুনরূপে দেখা যেতে পারে ড সিনেম সেনজিস তুরস্কের মধ্যপ্রাচ্য বিশেষজ্ঞ ও তুরস্কের রাজনীতিবিদ আরব নিউজ থেকে ঈষৎ সংক্ষেপিত ভাষান্তর মাহফুজুর রহমান মানিক,1
বিএনপি ও তারেক রহমান নিয়ে কথা বলায় গণস্বাস্থ্য কেন্দ্রের প্রতিষ্ঠাতা ট্রাস্টি জাফরুল্লাহ চৌধুরীকে বাধা দেন ছাত্রদলের কেন্দ্রীয় কমিটির এক নেতা এ সময় ওই নেতা পরবর্তী সময়ে কোনো ঘটনা ঘটলে তাঁর দায় তাঁরা নেবেন না বলে জাফরুল্লাহকে প্রচ্ছন্ন হুমকি দেন রাজধানীর জাতীয় প্রেসক্লাবে তফাজ্জল হোসেন মানিক মিয়া হলে আজ শনিবার দুপুরে এক আলোচনা সভায় এই ঘটনা ঘটে শিক্ষায় প্রত্যাশা ও প্রাপ্তি করোনাকালীন শিক্ষা বাজেট ২০২১২২ শীর্ষক এই সভার আয়োজন করে এডুকেশন রিফর্ম ইনিশিয়েটিভ ইআরআই ওহি লন্ডন থেকে আসে ওই সভায় প্রধান অতিথি ছিলেন জাফরুল্লাহ চৌধুরী তিনি বক্তব্যের একপর্যায়ে বিএনপির নেতৃত্বের সমালোচনা করেন জাফরুল্লাহ বলেন বিএনপির ক্ষমতায় আসারই ইচ্ছা নেই ক্ষমতায় আসতে হলে ইচ্ছা আগ্রহ থাকতে হবে সঙ্গে সঙ্গে তাকে পরিকল্পনা করতে হবে যে কী কী জায়গায় পরিবর্তন আনব সেগুলো নিয়ে আলোচনা প্রয়োজন তিনি বলেন আজকে বিএনপি পরিচালিত হচ্ছে ওহি নিয়ে আর সে ওহি লন্ডন থেকে আসে আমরা লক্ষ করছি সম্প্রতি নির্বাচনে দাঁড়ানোর লোক খুঁজে পাওয়া যাচ্ছে না তাই মনে করি স্বৈরাচার সরকারের পতন ঘটাতে হলে সবাইকে একাত্ম হতে হবে সে পরিবর্তন আনতে হবে বিএনপির নিজ ঘর থেকে,0
প্রধানমন্ত্রী শেখ হাসিনা বলেছেন সুন্দরবন সম্প্রসারিত হচ্ছে বাঘের সংখ্যাও বেড়েছে আজ বুধবার জাতীয় সংসদের প্রশ্নোত্তরে সংরক্ষিত আসনের বেগম সুলতানা নাদিরার প্রশ্নের জবাবে প্রধানমন্ত্রী এ তথ্য জানান স্পিকার শিরীন শারমীন চৌধুরীর সভাপতিত্বে বৈঠকের শুরুতে প্রশ্নোত্তর টেবিলে উত্থাপন করা হয় প্রধানমন্ত্রী শেখ হাসিনা বলেন ক্যামেরা ট্র্যাপিংয়ের মাধ্যমে ২০১৫ সালে বাঘশুমারি অনুযায়ী সুন্দরবনে বাঘের সংখ্যা ছিল ১০৬ ২০১৮ সালের শুমারিতে এর সংখ্যা ১১৪ পাওয়া গেছে সুন্দরবনের কার্বন মজুতের পরিমাণ ২০০৯ সালের ১০৬ মিলিয়ন টন থেকে বৃদ্ধি পেয়ে ২০১৯ সালে ১৩৯ মিলিয়ন টন হয়েছে সংসদ নেতা বলেন বর্তমান সরকার সুন্দরবন ও এর জীববৈচিত্র্য রক্ষার বিষয়ে সব সময় আন্তরিক ও বদ্ধপরিকর দেশের উন্নয়নে যে পদক্ষেপেই নেওয়া হোক না কেন সুন্দরবন এবং এর জীববৈচিত্র্য যেন কোনোভাবেই ক্ষতিগ্রস্ত না হয় এ বিষয়ে গুরুত্ব দেওয়া হয় সুন্দরবনের আয়তন বাড়ানোর জন্য সরকার কৃত্রিম ম্যানগ্রোভ সৃষ্টির উদ্যোগ নিয়েছে সমগ্র উপকূলীয় অঞ্চলে এর বিস্তৃতি ঘটানোর পদক্ষেপ নেওয়া হয়েছে একই সঙ্গে সুন্দরবনের বৃক্ষাদি এবং বন্য প্রাণী রক্ষার জন্য তথা বন অপরাধ দমনের জন্য স্মার্ট পেট্রোলিংসহ নানাবিধ ব্যবস্থা নেওয়া হয়েছে প্রধানমন্ত্রী জানান জীববৈচিত্র্যের আধার সুন্দরবনে এখন ৩৩৪ প্রজাতির উদ্ভিদ ১৬৫ প্রজাতির শৈবাল ১৩ প্রজাতির অর্কিড এবং ৩৭৫ প্রজাতির বন্য প্রাণী পাওয়া যায় বন্য প্রাণীর মধ্যে ৪২ প্রজাতির স্তন্যপায়ী ৩৫ প্রজাতির সরীসৃপ ৮ প্রজাতির উভচর ৩১৫ প্রজাতির পাখি ২১০ প্রজাতির মাছ ২৪ প্রজাতির চিংড়ি ১৪ প্রজাতির কাঁকড়া আছে সুন্দরবনের গাছপালা ও বন্য প্রাণিকুলকে রক্ষার জন্য বনকর্মীদের যুগোপযোগী করে তুলে এদের সংখ্যা বৃদ্ধির পদক্ষেপের কথাও জানান সরকারপ্রধান ২০১৭ সালে বন্য প্রাণী অভয়ারণ্য এলাকা সম্প্রসারণ করা হয়েছে উল্লেখ করে প্রধানমন্ত্রী বলেন বর্তমানে সুন্দরবনের প্রায় ৫৩ শতাংশ এলাকা অভয়ারণ্যের অন্তর্ভুক্ত উন্নয়নে স্বাধীন গণমাধ্যম গুরুত্বপূর্ণ সরকারি দলের সাংসদ শহীদুজ্জামান সরকারের প্রশ্নের জবাবে প্রধানমন্ত্রী শেখ হাসিনা বলেন সংবিধানে রাষ্ট্রের স্পর্শকাতর ও প্রতিরক্ষার মতো স্পর্শকাতর বিষয় ছাড়া অন্য সব বিষয়ে অবাধ তথ্যপ্রবাহসহ গণমাধ্যমের স্বাধীনতার ওপর গুরুত্ব দেওয়া হয়েছে বর্তমান সরকার নির্বাহী বিভাগ আইন বিভাগ ও বিচার বিভাগের পর রাষ্ট্রের চতুর্থ স্তম্ভ হিসেবে গণমাধ্যমের স্বাধীনতায় দৃঢ়ভাবে বিশ্বাস করে দেশের উন্নয়নে স্বাধীন গণমাধ্যম ও গণমুখী সাংবাদিকতার গুরুত্ব অপরিসীম গণমাধ্যম ও সাংবাদিকদের জন্য নেওয়া সরকারের বিভিন্ন পদক্ষেপ তুলে ধরে সংসদ নেতা শেখ হাসিনা জানান সরকার দেশের গণমাধ্যমকে সব ধরনের সহায়তা প্রদানের মাধ্যমে সমাজে মতপ্রকাশের স্বাধীনতাকে সমুন্নত রেখেছে তিনি জানান বর্তমানে দেশে প্রকাশিত পত্রিকার সংখ্যা ৩ হাজার ২২২ এ ছাড়া বেসরকারি খাতে ৪৫টি টেলিভিশন ২৭টি এফএম রেডিও এবং ৩১টি কমিউনিটি রেডিও চ্যানেলের অনুমতি দেওয়া হয়েছে বঙ্গবন্ধু স্যাটেলাইট১ উৎক্ষেপণের ফলে গণমাধ্যম অঙ্গন শক্তিশালী হয়েছে দেশে টিভি চ্যানেলগুলো এখন অনেক কম খরচে বঙ্গবন্ধু স্যাটেলাইট১ ব্যবহার করে সম্প্রচার কার্যক্রম পরিচালন করছে,0
দাম্পত্য জীবনে ঝগড়া হতেই পারে তবে এই ঝগড়ার নেতিবাচক প্রভাবে পড়তে পারে সন্তান বাড়ির শিশুরা মনোযোগী হয়ে থাকে তাই তাদের মনের ওপর যেকোনো নেতিবাচক ঘটনা ছাপ ফেলে অনেক বেশি এই সময় সন্তানদের মানসিক ক্ষতি কেমন হয় এবং বাবামা এ ক্ষেত্রে কী করতে পারেন এ বিষয়ে বিশ্লেষণ করছেন জাতীয় মানসিক স্বাস্থ্য ইনস্টিটিউটের চাইল্ড অ্যাডলসেন্ট অ্যান্ড ফ্যামিলি সাইকিয়াট্রি বিভাগের সহযোগী অধ্যাপক ডা হেলাল উদ্দিন আহমেদ শুনে নেওয়া যাক এ বিষয়ে তার পরামর্শগুলো শিশুদের মধ্যে ঝুঁকিপূর্ণ আচরণ প্রকাশ পায় যেকোনো শিশুর কাছেই বাবামা অনুকরণীয় কিন্তু যখন সে বাবামাকে ঝগড়া করতে দেখে তখন সে এক ধরনের নিরাপত্তাহীনতায় ভোগে বাবামার ঝগড়া প্রলম্বিত হলে অনেক শিশুর মধ্যে হিংস্র ঝুঁকিপূর্ণ বা অপরাধী আচরণ প্রকাশ পায় বাবামা একে অপরের সঙ্গে কথা বলা বন্ধ করে দিলে শিশুর মানসিক আবেগ অনুভূতি আচরণ এবং সামাজিক মেলামেশার ক্ষেত্রেও তখন সমস্যা হতে পারেমানসিক শক্তি কমে যেতে থাকে বাচ্চারা বাবামার সম্পর্কে শীতলতা সহজেই ধরতে পারে পরিবারে যে বাবামার দ্বন্দ্ব রয়েছে শিশুরা বুঝতে পারে একটি শিশু ছয় মাস বয়স থেকেই পারিবারিক অশান্তি অনুভব করতে পারে যদিও সে প্রকাশ করতে পারে না পরিস্থিতি এমন হলে তার মানসিক ভিত্তিও যে খুব দৃঢ় হবে এমন নয় ব্যাঘাত ঘটে সন্তানের ঘুমে বাবামায়ের ঝগড়ার কারণে সন্তানদের ঘুমে ব্যাঘাত ঘটতে পারে বাচ্চাদের মস্তিষ্কের প্রাথমিক বিকাশ এভাবে ক্ষতিগ্রস্ত হতে পারে উদ্বেগদুশ্চিন্তা তৈরি হতে পারে শুধু তাই নয় স্কুলে তার আচারআচরণে সমস্যা হতে পারে শিশু বিষণ্নতায় ভুগতে পারে এবং পড়াশোনায় অমনোযোগিতা দেখা যেতে পারে অনেক সময় ছেলেমেয়ে যদি একটু বড় হয় তাহলে তাদের মধ্যে নিজের ক্ষতি নিজে করা প্রবণতা দেখা যায় বাজার করার কাজে নতুন হলেবাজার করার কাজে নতুন হলে মানসিক ডিপ্রেশন থেকে অপরাধপ্রবণতা পারিবারিক কলহের মধ্য দিয়ে যে ছেলে সন্তান বড় হয় বড় হওয়ার পর তার মাদকাসক্তি অবাধ্যতা মারামারি করার প্রবণতা বেশি রাখা যায় অপরদিকে কন্যা শিশুরা চাপা স্বভাবের হওয়ার কারণে ভেতরে তারা চাপ অনুভব করে এবং অস্থিরতা দেখা যায় পরে তাদের মধ্যে সংসারের ভয় ডিপ্রেশনসহ বিভিন্ন ধরনের মানসিক সমস্যা দেখা দেয় ঝুঁকি বেশি টিনএজারদের পরিবারের দাম্পত্য কলহের নেতিবাচক প্রভাব শিশুদের তুলনায় টিনএজারদের ওপর বেশি এই বয়সে ভালোমন্দের বোধের জন্মটাও ইতোমধ্যে হয়ে যায় ফলে আতঙ্কিত হয়ে বাবামায়ের ঝগড়া থামাতে নিজেরাই উদ্যোগী হয় তারা অনেক সময় একটু বড় হওয়া সন্তান নিজের ক্ষতি নিজে করতে চায় অনেকে আত্মহত্যাপ্রবণ হয়ে ওঠে বাবামায়ের অবাধ্য হয়ে যেতে পারে নিজের ইচ্ছাকে বেশি প্রাধান্য দিয়ে থাকে সন্তানের ওপর যে পারিবারিক কলহের প্রভাব পড়ছে এই সম্পর্কে কিন্তু সব বাবামা অবগত থাকেন ছোটখাটো ঝগড়ার পর বাবামায়ের সমঝোতা সন্তানকে প্রশান্তি দেয় এই যে বাবামা কোনো বিষয় নিয়ে বিতর্ক করেন এবং সমাধান করে ফেলেন এটা থেকেও শিশুরা ভালো শিক্ষা নিতে পারে নিজেদের জীবনের এই শিক্ষা কাজে লাগাতে পারে সন্তান ট্রমার শিকার দাম্পত্য কলহের সমস্যাগুলো কাটাতে না পারলে সন্তান ট্রমার শিকার হতে থাকবে প্রতিনিয়ত ঝগড়ায় দুজনের একজন আধিপত্য বিস্তার করতে চায় অনেক সময় ভিকটিম রোল প্লে করার প্রবণতাও দেখা যায় এদিকে সন্তান ভয় পাচ্ছে আর অসহায় বোধ করছে এজন্য ঝগড়ার আগে নিজেকে প্রশ্ন করুন এই জিতে যাওয়ায় আসলে আপনার কতটুকু লাভ হচ্ছে পারিবারিক কলহকে কেন্দ্র করে বাচ্চাকে কখনোই যেকোনো একজনের পক্ষ নিতে বাধ্য করবেন না সংঘর্ষের পথে না গিয়ে চেষ্টা করুন ধৈর্য ধরে কথা বলার সন্তানদের সামনে কখনোই তর্কে জড়ানো উচিত নয় পরিস্থিতি যদি বাড়াবাড়ি পর্যায়ে চলে যায় তবে বাচ্চাদের সেখান থেকে সরিয়ে দেওয়ার চেষ্টা করুন ঝগড়ার আগে চিন্তা করুন আশপাশের মানুষদের ওপর কী ধরনের বিরূপ প্রভাব পড়তে পারে নিজেদের কিছু ভুলের জন্য আপনার সন্তানের সুন্দর শৈশব যেন ট্রমা না হয়ে যায়,0
হেডে গোলের পর হলান্ডের উদ্যাপন হেডে গোলের পর হলান্ডের উদ্যাপনএএফপি ক্রিস্টাল প্যালেস ০৩ ম্যানচেস্টার সিটি সেলহার্স্ট পার্কে ক্রিস্টাল প্যালেসের বিপক্ষে ম্যাচের প্রথমার্ধ আর্লিং হলান্ড এ সময় প্রতিপক্ষের বক্সে মাত্র দুবার বল স্পর্শ করতে পারলেন কিন্তু হলান্ডের মতো স্ট্রাইকারের জন্য গোল করতে দুবার বল স্পর্শ করতে পারার সুযোগই যথেষ্ট সেটাই দেখা গেল ৪১ মিনিটে ম্যানচেস্টার সিটি রাইটব্যাক মাতেউস নুনেস ডান প্রান্ত থেকে ক্রস করেন ক্রিস্টালের বক্সে উদ্দেশ্য ছিলেন বক্সের ভেতর দাঁড়ানো হলান্ড ম্যানচেস্টার সিটির ৯ নম্বর তখন বল পাওয়ার আগে একবারও বল স্পর্শ করতে পারেননি কিন্তু প্রথমবার পাওয়া সুযোগেই করলেন টেক্সটবুক হেডবল ক্রিস্টালের গোলকিপার ডিন হেন্ডারসনের বাঁ প্রান্ত গলে জালে গোল খেলার ধারার বিপরীতে পাওয়া এই গোলকে পুঁজি করে সিটি বসে থাকেনি বিরতির পর ৬৯ মিনিটে এবং ৮৯ মিনিটে আরও দুটি গোল আদায় করে পেপ গার্দিওলার দল ৬৯ মিনিটে রায়ান শেরকির পাস পেয়ে বক্সের বাইরে থেকে ফিল ফোডেনের বাঁ পায়ের শট ঠেকাতে পারেননি ক্রিস্টাল গোলকিপার ২০ গোলে এগিয়ে যায় সিটি ৮৮ মিনিটে বল নিয়ে ক্রিস্টালের বক্সে ঢুকে পড়েন সিটির ব্রাজিলিয়ান উইঙ্গার সাভিনিও বিপদ টের পেয়ে তাঁকে ফাউল করতে বাধ্য হন ক্রিস্টাল গোলকিপার হেন্ডারসন পেনাল্টির বাঁশি বাজান রেফারি স্পটকিক থেকে ৮৯ মিনিটে ম্যাচে নিজের দ্বিতীয় গোলটি পেয়ে যান হলান্ড সিটির হয়ে চলতি মৌসুমে ২৭ ম্যাচে ৩৭ গোল করার পাশাপাশি আরও ৫ গোল বানালেন নরওয়ে তারকা ৩০ গোলের এই জয়ে ১৬ ম্যাচে ৩৪ পয়েন্ট হলো সিটির সমান ম্যাচে ৩৬ পয়েন্ট নিয়ে শীর্ষে থাকা আর্সেনালের সঙ্গে তাঁরা পিছিয়ে ২ পয়েন্ট ব্যবধানে টটেনহামের জালে নটিংহামের ৩ গোল সিটি গ্রাউন্ডে ম্যাচের শুরু থেকেই দ্বিতীয় সেরা দল ছিল টটেনহাম হটস্পার্স তাদের গোলকিপার গাগলিয়েলমো ভিকারিওর ভুলের সুযোগ নিয়ে ২৮ ও ৫০ মিনিটে জোড়া গোল করেন নটিংহাম উইঙ্গার ক্যালাম হাডসনওডোই ৭৯ মিনিটে ইব্রাহিম সানগারের করা শেষ গোলটির উৎসও ক্যালাম হাডসনওডোই ১৬ ম্যাচে ১৮ পয়েন্ট নিয়ে টেবিলে ১৬তম নটিংহাম সমান ম্যাচে ২২ পয়েন্ট নিয়ে ১১তম টটেনহাম ইংলিশ প্রিমিয়ার লিগে আজ অন্যান্য ম্যাচে নিউক্যাসলকে ১০ গোলে হারিয়েছে সান্ডারল্যান্ড ওয়েস্ট হামের বিপক্ষে ৩২ গোলে জিতেছে অ্যাস্টন ভিলা আরও পড়ুন ফিফা দ্য বেস্ট পুরস্কারের দিনক্ষণ ঘোষণা ১৪ ডিসেম্বর ২০২৫ ফিফা দ্য বেস্ট পুরস্কারের দিনক্ষণ ঘোষণা প্রথম আলোর খবর পেতে গুগল নিউজ চ্যানেল ফলো করুন ফুটবল থেকে আরও পড়ুন ক্রিস্টাল প্যালেসআর্লিং হলান্ডইংলিশ প্রিমিয়ার লিগম্যানচেস্টার সিটি ইংলিশ প্রিমিয়ার লিগ নিয়ে আরও পড়ুন মৌসুম শেষেই লিভারপুল ছাড়বেন সালাহ ২৫ মার্চ ২০২৬ মৌসুম শেষেই লিভারপুল ছাড়বেন সালাহ গার্দিওলা কি নতুন মাস্টারপিস আঁকবেন নাকি থামবে তুলির আঁচড় ২৪ মার্চ ২০২৬ গার্দিওলা কি নতুন মাস্টারপিস আঁকবেন নাকি থামবে তুলির আঁচড় ওয়েলবেকের জোড়া গোলে ব্রাইটনের কাছে সালাহআলিসনহীন লিভারপুলের হার ২১ মার্চ ২০২৬ ওয়েলবেকের জোড়া গোলে ব্রাইটনের কাছে সালাহআলিসনহীন লিভারপুলের হার বেঞ্চের শক্তিতেই কি এবার প্রিমিয়ার লিগের শিরোপা জিতবে আর্সেনাল ২১ মার্চ ২০২৬ বেঞ্চের শক্তিতেই কি এবার প্রিমিয়ার লিগের শিরোপা জিতবে আর্সেনাল ইংলিশ প্রিমিয়ার লিগ নিয়ে আরও পড়ুন আর্সেনাল না ম্যান সিটি পরের পাঁচটা ম্যাচ কোন দলের জন্য বেশি কঠিন আর্সেনাল না ম্যান সিটি পরের পাঁচটা ম্যাচ কোন দলের জন্য বেশি কঠিন ১৬ মার্চ ২০২৬ আর্সেনালকে এগিয়ে দিচ্ছে সিটি বাড়ছে বার্সারিয়াল উত্তাপ আর্সেনালকে এগিয়ে দিচ্ছে সিটি বাড়ছে বার্সারিয়াল উত্তাপ ১৬ মার্চ ২০২৬ প্রিমিয়ার লিগ পেল নতুন সর্বকনিষ্ঠ গোলদাতা আর্সেনাল পাচ্ছে শিরোপার সুবাস প্রিমিয়ার লিগ পেল নতুন সর্বকনিষ্ঠ গোলদাতা আর্সেনাল পাচ্ছে শিরোপার সুবাস ১৫ মার্চ ২০২৬ লা লিগার নিয়ন্ত্রণ বার্সার হাতে পিএসজির ঘাড়ে লাঁসের নিঃশ্বাস লা লিগার নিয়ন্ত্রণ বার্সার হাতে পিএসজির ঘাড়ে লাঁসের নিঃশ্বাস ০৯ মার্চ ২০২৬ নাগরিক সংবাদ কিশোর আলো বিজ্ঞানচিন্তা প্রথম আলো ট্রাস্ট বন্ধুসভা চিরন্তন ১৯৭১ ইপেপার প্রথমা মোবাইল ভ্যাস অনুসরণ করুন মোবাইল অ্যাপস ডাউনলোড করুন আমাদের সম্পর্কে বিজ্ঞাপন সার্কুলেশন নীতি ও শর্ত যোগাযোগ নিউজলেটার স্বত্ব  ১৯৯৮২০২৬ প্রথম আলো সম্পাদক ও প্রকাশক মতিউর রহমান,0
করোনাভাইরাসের সঙ্গে ব্ল্যাক ফাঙ্গাস রোগের কোনো সম্পর্ক নেই ব্ল্যাক ফাঙ্গাস একটি বিরল ছত্রাকজনিত রোগ আর করোনা হলো ভাইরাস সংক্রমিত রোগ ব্ল্যাক ফাঙ্গাস শরীরে দেখা দিলে দ্রুত চিকিৎসা না নিলে ৫০ শতাংশের অধিক রোগীর মৃত্যুর আশঙ্কা থাকে তাই এই ভয়াবহ রোগ সম্পর্কে জানা ও সচেতন হওয়া জরুরি করোনাভাইরাসের ভয় কাটতে না কাটতেই আবার নতুন উপদ্রব নিয়ে এসেছে ব্ল্যাক ফাঙ্গাস বা মিউকোরমায়কোসিস সামাজিক যোগাযোগ মাধ্যমে ব্লাক ফাঙ্গাস নিয়ে চলছে নানা গুজব ব্ল্যাক ফাঙ্গাস বাংলাদেশে নতুন রোগ নয় অনিয়ন্ত্রিত ডায়াবেটিস রোগীদের মধ্যে এর সংক্রমণ আগেও পরিলক্ষিত হয়েছে আশা করি আজকের লেখা অনেকের ভ্রান্তি দূর করবে এবং এই বিরল রোগ থেকে বেঁচে থাকতে সহায়ক হবে করোনাভাইরাসের সঙ্গে ব্ল্যাক ফাঙ্গাস রোগের কোনো সম্পর্ক নেই ব্ল্যাক ফাঙ্গাস একটি বিরল ছত্রাকজনিত রোগ আর করোনা হলো ভাইরাস সংক্রমিত রোগ ব্ল্যাক ফাঙ্গাস শরীরে দেখা দিলে দ্রুত চিকিৎসা না নিলে ৫০ শতাংশের অধিক রোগীর মৃত্যুর আশঙ্কা থাকে তাই এই ভয়াবহ রোগ সম্পর্কে জানা ও সচেতন হওয়া জরুরি ব্ল্যাক ফাঙ্গাস কীভাবে ছড়ায় এই রোগ ছোঁয়াচে নয় ফলে এটি সরাসরি একজনের দেহ থেকে অন্যের দেহে যেতে পারে না একমাত্র এ ধরনের ছত্রাকের ছোঁয়ায় এই রোগ শরীরে বাসা বাঁধতে পারে সাধারণত অপরিস্কার ও স্যাঁতসেঁতে পরিবেশে ছত্রাক বেড়ে ওঠে প্রথমেই মুখমণ্ডলের কপাল নাক চোখ এমনকি দাঁত হাড়ের কোটরে ছত্রাক বাসা বাঁধে ফুসফুস আক্রান্ত হয় ত্বকের সমস্যা থেকে শুরু করে চোখের সমস্যা এমনকি দৃষ্টিশক্তি হারাতে পারে জটিল ক্ষেত্রে রক্তের মাধ্যমে মস্তিস্কে ছড়িয়ে যেতে পারে এবং দ্রুত চিকিৎসা না করলে ৩০৫০ শতাংশ রোগীর মৃত্যু হতে পারে কাদের ব্ল্যাক ফাঙ্গাস রোগের আক্রান্ত হওয়ার সম্ভাবনা বেশি  অনিয়ন্ত্রিত ডায়াবেটিস ডায়াবেটিক কেটো এসিডোসিস রোগীদের ব্ল্যাক ফাঙ্গাস রোগে আক্রান্ত হওয়ার সম্ভাবনা বেশি  ক্যান্সারজনিত রোগ অথবা দীর্ঘদিন শারীরিকভাবে অসুস্থ রোগী যারা বিছানায় পড়ে আছেন তাদের মধ্যেই ব্ল্যাক ফাঙ্গাস রোগের প্রকোপ বেশি  ইমিউনোসপ্রেসেন্ট অ্যান্টিক্যান্সার চিকিৎসা দীর্ঘদিন ধরে স্টেরয়েড জাতীয় ওষুধ সেবনকারী রোগীদের আক্রান্ত হওয়ার সম্ভাবনা প্রবল  গুরুতর কভিড আক্রান্ত রোগী যারা অক্সিজেন অথবা ভেন্টিলেটর সাপোর্টে রয়েছেন তাদের ক্ষেত্রে ব্ল্যাক ফাঙ্গাসে আক্রান্ত হওয়ার সম্ভাবনা প্রবল অপরিস্কার ও স্যাঁতসেঁতে পরিবেশে অক্সিজেন সিলিন্ডার ও ভেন্টিলেটর ব্যবহারের ফলে এই রোগে আক্রান্ত বেশি হচ্ছে উপসর্গ  মুখমণ্ডলে নাক কপাল চোখ ও দাঁতে ক্ষতকালো দাগ ফুলে যাওয়া কিংবা ব্যথা হওয়া  অস্বাভাবিকভাবে কালো স্রাব নিঃসরণ হতে পারে এমনকি নাক থেকে রক্ত পড়তে পারে নিঃশ্বাস নিতে সমস্যা মাথাব্যথা চোখ ব্যথা চোখের চারপাশে ফোলাভাব একটি জিনিসকে দুটি করে দেখার সমস্যা চোখের লালচে ভাব দেখতে সমস্যা হওয়া চোখ বন্ধ করতে ও খুলতে সমস্যা হওয়া  কোনো কিছু চিবানো বা মুখ খোলার সময় সমস্যা হওয়া  দাঁত আলগা হয়ে যেতে পারে মাড়ি নাক ও মুখের ভেতরে কোনো অংশ ফুলে যেতে পারে এমনকি গর্ত হতে পারে ব্ল্যাক ফাঙ্গাস থেকে বাঁচার উপায় খুব সহজেই এ ভয়াল রোগ থেকে বাঁচা সম্ভব  নিজে পরিস্কারপরিচ্ছন্ন থাকা এবং আশপাশে পরিবেশকে পরিস্কার রাখা  ডায়াবেটিস নিয়ন্ত্রণে রাখা চিকিৎসকের পরামর্শ ছাড়া ওষুধ বিশেষ করে অ্যান্টিবায়োটিক ব্যথানাশক ওষুধ ও স্টেরয়েড সেবন না করা খুব প্রয়োজন ছাড়া স্টেরয়েড জাতীয় ওষুধ পরিহার করা প্রয়োজনে খুব কম সময়ের জন্য খেতে হবে  ইমিউনিটি রোগ প্রতিরোধ ক্ষমতা বাড়ানোর জন্য স্বাস্থ্যকর খাবার খেতে হবে নিয়মিত শারীরিক ব্যায়াম করতে হবে  উপসর্গ দেখা দিলে দ্রুত চিকিৎসকের পরামর্শ অনুযায়ী চিকিৎসা নিতে হবে কভিড১৯এর সঙ্গে কী সম্পর্ক কভিড১৯ করোনাভাইরাসজনিত রোগ ব্ল্যাক ফাঙ্গাস সংক্রমণের অনেক কারণের মধ্যে একটি কারণ হলো কভিড১৯ কভিড১৯ রোগের চিকিৎসায় পলি ফার্মাসি প্রয়োজন ছাড়া একগাদা ওষুধ বিশেষ করে অ্যান্টিবায়োটিক ও স্টেরয়েড সেবন রোগ প্রতিরোধ ক্ষমতা কমে যাওয়া অপরিস্কার ও অপরিচ্ছন্ন পরিবেশে অক্সিজেন সিলিন্ডার ও ভেন্টিলেটর ব্যবহারের কারণে এই ছত্রাক বাসা বাঁধে এবং দ্রুত ছড়িয়ে পড়ে ব্ল্যাক ফাঙ্গাস রোগ দেখা দেয় আমরা রোগকে ভয় না পেয়ে কীভাবে জয় করা যায় সে ব্যাপারে সচেষ্ট হই নিজে ও পরিবারের সবাই পরিস্কার থাকি বাসা ও কর্মস্থলকে পরিস্কার রাখি স্বাস্থ্যসম্মত খাবার খাই ডায়াবেটিস নিয়ন্ত্রণ করি এবং রেজিস্টার্ড চিকিৎসকের পরামর্শ ছাড়া ওষুধ সেবন না করলেই অনেক রোগ থেকে বাঁচা সম্ভব,0
২০২১২২ সালের প্রস্তাবিত বাজেটে যেকোনো পরিমাণ বাড়ি ভাড়া ব্যাংকের পাশাপাশি মোবাইল ব্যাংকিংয়ের মাধ্যমে পরিশোধের প্রস্তাব করেছেন অর্থমন্ত্রী অর্থমন্ত্রী আ হ ম মুস্তফা কালাম বৃহস্পতিবার জাতীয় সংসদে উত্থাপিত দেশের ৫০তম বাজেটে তিনি এ প্রস্তাব করেন অর্থমন্ত্রী বলেন যেকোনো পরিমাণের বাড়ি ভাড়া ১৫ হাজারের বেশি বেতনভাতা এবং অন্য যেকোনো ধরনের ব্যয়ের পরিমাণ ৫০ হাজারের বেশি হলে সে অর্থ ব্যাংক ট্রান্সফারের পাশাপাশি মোবাইল ফাইনান্সিয়াল সার্ভিস বা এমএফএসের মাধ্যমে পরিশোধের বাধ্যবাধকতা আরোপের প্রস্তাব করছি তিনি আরও বলেন সরবরাহ ও ঠিকাদারির বিল ব্যাংকিং বা মোবাইল ফাইন্যানসিয়াল সার্ভিসের এমএফএস মাধ্যমে না নেওয়া হলে উৎসে করহারের অতিরিক্ত ৫০ শতাংশ কর্তনের প্রস্তাব করছি,1
রাজধানীর শাহবাগে সাংবাদিকের ওপর হামলার ঘটনায় কোটা বাতিলের আন্দোলনকারী শিক্ষার্থীদের বিরুদ্ধে মামলা হয়েছে মামলায় হত্যার উদ্দেশ্যে সাংবাদিকের ওপর হামলা গতিরোধ ক্ষতিসাধন ও ভয়ভীতি দেখানোর অভিযোগ আনা হয়েছে শনিবার ১৩ জুলাই শাহবাগ থানায় মামলাটি করা হয় বলে নিশ্চিত করেন ভারপ্রাপ্ত কর্মকর্তা ওসি মোস্তাজিরুর রহমান তিনি বলেন সময় টেলিভিশনের মানবসম্পদ ও প্রশাসন বিভাগের জ্যেষ্ঠ ব্যবস্থাপক সৈয়দ আসাদুজ্জামান বাদী হয়ে এজাহার দিয়েছেন এজাহারে অজ্ঞাতপরিচয় অনেককে উল্লেখ করা হয়েছে এজাহারে উল্লেখ করা হয়েছে বৃহস্পতিবার ১১ জুলাই বিকেল ৬টা ২০ মিনিটের দিকে সময় টেলিভিশনের সিনিয়র রিপোর্টার ত্বোহা খান তামিম ৩৭ এবং ক্যামেরাম্যান সুমন সরকারকে ৩৬ উদ্দেশ করে অকথ্য ভাষায় গালিগালাজ করতে থাকেন আন্দোলনকারীরা তারা বলেন সময় টিভির ক্যামেরা ধর লাকে এরপর আন্দোলনকারীরা সাংবাদিক তোহা খান তামিম ও সুমনকে লক্ষ্য করে কয়েকটি বড় বড় ইট ছুড়ে মারতে থাকেন যার একটি তামিমের বাম হাতের ওপর এসে পড়ে এসময় আন্দোলনকারীরা সুমনের হাত থেকে ক্যামেরা ও সরাসরি সম্প্রচারের যন্ত্রটি কেড়ে নেওয়ার চেষ্টা করেন এবং তামিমের হেলমেট খুলে নিয়ে হত্যার উদ্দেশ্যে মাথায় সজোরে আঘাত করেন আন্দোলনকারীরা বিভিন্নভাবে তাদের ভয়ভীতি ও প্রাণনাশের হুমকি দেন বলেও এজাহারে উল্লেখ করা হয়েছে,0
ঠাকুরগাঁওয়ের রহিমানপুর ইউনিয়নের নির্বাচনী এলাকার মৌহুভাসি গ্রামে ২০টি দেশিয় অস্ত্র রামদা সহ সবুর ২৮ নামে একজনকে আটক করে পুলিশে দিয়েছে এলাকাবাসী সবুর ঠাকুরগাঁও সদর উপজেলা ছাত্রলীগের সাংগঠনিক সম্পাদক বুধবার ২২ ডিসেম্বর রাতে রহিমানপুর ইউনিয়নের নির্বাচনী এলাকায় একটি টিভিএস গাড়ি ও ২০ টি রামদা সহ আহত অবস্থায় সবুরকে আটক করে পুলিশ আটক সবুর ইসলাম নগর এলাকার নজরুল ইসলামের ছেলে প্রত্যক্ষদর্শী সূত্রে জানাযায় অস্ত্রের বস্তা সহ মোটরসাইকেলে সবুরকে দেখতে পেয়ে আটক করে এলাকাবাসী সাথে সাথে মানুষের ভীড় বেড়ে গেলে তাকে মারধর শুরু করে সবাই পরে খবর পেয়ে পুলিশ ঘটনাস্থল থেকে তাকে উদ্ধার করে আটককৃত রামদাগুলো নির্বাচনী সহিংসতায় ব্যবহার হতে পারে বলে ধারনা করছে স্থানীয়রাতবে হাসপাতালের বেডে সুয়েই প্রতিবেদকের কাছে নিজেকে নির্দোষ দাবী করে সবুর তিনি বলেন আলামিন নামের একজন নৌকার প্রার্থীকে বদনাম করার উদ্দেশ্যে আমাকে ফাঁসিয়েছে ঠাকুরগাঁও সদর থানার ভারপ্রাপ্ত কর্মকর্তা তানভীরুল ইসলাম বলেন খবর পেয়ে ঘটনাস্থলে গিয়েছি এলাকাবাসীর কাছ থেকে তাকে উদ্ধার করে হাসপাতালে ভর্তি করা হয়েছে মামলা প্রক্রিয়াধীন আছে,1
আপিল বিভাগে নিয়োগ পেলেন চার নতুন বিচারপতি রোববার সকাল সাড়ে ১০টায় সুপ্রিম কোর্ট অডিটরিয়ামে এদের মধ্যে তিনজনকে শপথ পড়ান প্রধান বিচারপতি হাসান ফয়েজ সিদ্দিকী রাষ্ট্রপতির আদেশক্রমে আইন বিচার ও সংসদ বিষয়ক মন্ত্রণালয়ের আইন ও বিচার বিভাগের সচিব দায়িত্বপ্রাপ্ত মো গোলাম সারওয়ার স্বাক্ষরিত এ সংক্রান্ত প্রজ্ঞাপন আজ জারি করা হয়েছে আপিল বিভাগে নিয়োগ পাওয়া বিচারকরা হলেন বিচারপতি বোরহান উদ্দিন বিচারপতি এম ইনায়েতুর রহিম বিচারপতি এফ আর এম নাজমুল আহাসান এবং বিচারপতি কৃষ্ণা দেবনাথ এদের মধ্যে ৩ জন শপথ নিয়েছেন রোববার সকাল সাড়ে ১০টায় সুপ্রিম কোর্ট অডিটরিয়ামে তাদের শপথ পড়ান প্রধান বিচারপতি হাসান ফয়েজ সিদ্দিকী শপথ নিয়েছেন বিচারপতি বোরহান উদ্দিন বিচারপতি এম ইনায়েতুর রহিম এবং বিচারপতি কৃষ্ণা দেবনাথ তবে বিচারপতি এফ আর এম নাজমুল আহাসান অসুস্থ থাকায় তিনি পরে শপথ নেবেন শপথ অনুষ্ঠান পরিচালনা করেন সুপ্রিম কোর্টের রেজিস্ট্রার জেনারেল মো আলী আকবর এ সময় সুপ্রিম কোর্টের আপিল ও হাইকোর্ট বিভাগের বিচারপতিরা উপস্থিত ছিলেন সংবিধানের ৯৫ এর ১ অনুচ্ছেদ অনুযায়ী প্রধান বিচারপতির সাথে পরামর্শ করে হাইকোর্ট বিভাগ থেকে তাদের সু্প্রিম কোর্টের আপিল বিভাগে নিয়োগ দেন রাষ্ট্রপতি এ নিয়ে আপিল বিভাগের বিচারক সংখ্যা হল ৮ জন সেখানে বলা হয় সংবিধানে প্রদত্ত ক্ষমতাবলে রাষ্ট্রপতি তাদের আপিল বিভাগে নিয়োগ দিয়েছেন শপথ গ্রহণের তারিখ থেকে তাদের এ নিয়োগ কার্যকর হবে,0
সরকারি চাকরিতে কোটাব্যবস্থা বাতিল করে ২০১৮ সালের পরিপত্র পুনর্বহালের দাবিতে বৃহস্পতিবার ১০ জুলাই বিকেল সাড়ে ৩টা থেকে দেশব্যাপী অবরোধ কর্মসূচি দিয়েছে শিক্ষার্থীরা বুধবার ১০ জুলাই সন্ধ্যায় শাহবাগে এ ঘোষণা দেন বৈষম্যবিরোধী ছাত্র আন্দোলনের অন্যতম সংগঠক ঢাবি শিক্ষার্থী আসিফ মাহমুদ তিনি বলেন বিকাল সাড়ে তিনটা থেকে দেশের আনাচেকানাচে বাংলা ব্লকেড অব্যাহত রাখবে দেশের গুরুত্বপূর্ণ পয়েন্টগুলোতে ব্লকেড পালিত হবে একই দাবিতে সকালসন্ধ্যা দেশব্যাপী অবরোধ কর্মসূচি পালন করে শিক্ষার্থীরা গত ৭ জুলাই থেকে বাংলা ব্লকেড নামে এই অবরোধ কর্মসূচি শুরু হয় প্রথম দুদিন অর্ধদিবস অবরোধ চলার পর মঙ্গলবার বিরতি দেওয়া হয় ২০১৮ সালে কোটা সংস্কারের দাবিতে আন্দোলনের পর সরকার প্রথম ও দ্বিতীয় শ্রেণির চাকরিতে পুরো কোটাব্যবস্থা বাতিল করে ওই বছরের ৪ অক্টোবর কোটা বাতিলবিষয়ক পরিপত্র জারি করে জনপ্রশাসন মন্ত্রণালয় পরে ২০২১ সালে সেই পরিপত্রের মুক্তিযোদ্ধা কোটা বাতিলের অংশটিকে চ্যালেঞ্জ করে কয়েকজন বীর মুক্তিযোদ্ধার সন্তান রিট করেন গত ৫ জুন রায় ঘোষণায় মুক্তিযোদ্ধা কোটায় নবম থেকে ১৩তম গ্রেডে নিয়োগ দেওয়ার বাধা দূর হয় ওই রায় স্থগিত চেয়ে রাষ্ট্রপক্ষ সুপ্রিম কোর্টের আপিল বিভাগে আবেদন করে সুপ্রিম কোর্টের আপিল বিভাগে বিচারাধীন মামলাটিতে পক্ষভুক্ত হতে ঢাকা বিশ্ববিদ্যালয়ের নৃবিজ্ঞান বিভাগের শিক্ষার্থী ও ঢাকা বিশ্ববিদ্যালয় সাংবাদিক সমিতির সভাপতি আল সাদী ভূঁইয়া এবং উর্দু বিভাগের শিক্ষার্থী আহনাফ সাঈদ খান আবেদন করেন এরপর আজ আপিল বিভাগ সরকারি চাকরিতে কোটা বহালে হাইকোর্টের রায়ের ওপর চার সপ্তাহের স্থিতাবস্থা দিয়েছেন,0
জাফর এক্সপ্রেসে বিএলএর হামলা সংগঠনটির ২৫ বছরের ইতিহাসে সম্ভবত সবচেয়ে বড় হামলা সন্ত্রাসী কর্মকাণ্ড হিসেবে সবচেয়ে পরিশীলিত যা তাদের জ্ঞাত ক্ষমতাও অতিক্রম করেছে নিঃসন্দেহে এই জঘন্য অভিযানের মধ্য দিয়ে তাদের আন্তর্জাতিক মাত্রা প্রমাণিত কারণ সন্ত্রাসীরা আফগানিস্তানে তাদের সহচরদের সঙ্গে ক্রমাগত যোগাযোগ রাখছিল আমাদের নিরাপত্তা বাহিনী সুপরিকল্পিত কৌশলের মাধ্যমে সব জিম্মিকে শুধু মুক্তই করেনি তাদের ৩৩ জনকে হত্যাও করেছে অভিযান শুরু হওয়ার আগেই সন্ত্রাসীরা ২১ যাত্রীকে হত্যা করেছিল এবং অভিযানের সময় চারজন এফসি বেলুচিস্তান ও খাইবার পাখতুনখোয়া প্রদেশে কর্মরত সৈন্যও শহীদ হয়েছেন বলে জানা গেছে পাকিস্তান ও চীনের উদ্দেশে এক ভিডিও বার্তায় বিএলএ জানিয়েছে তারা সিপিইসি চীনা প্রকল্প সম্পন্ন হতে দেবে না এবং ভবিষ্যতেও একই ধরনের হামলা চালাবে এটি প্রমাণ হিসেবে যথেষ্ট যে তারা সিপিইসির প্রতিপক্ষ এবং পাকিস্তানের উন্নতি ও অগ্রগতি চায় না এমন শক্তির পক্ষে কাজ করছে রাজনৈতিক ও নিরাপত্তা বিশ্লেষকরা পাকিস্তানের প্রতি তালেবান সরকারের বৈরিতার জন্য আফগানিস্তানে ভারতের জোরালো প্রভাব এবং র টিটিপি আফগান গোয়েন্দা সংস্থা এবং বিএলএর মধ্যে প্রমাণিত যোগসাজশকে দায়ী করেছেন টিটিপির প্রতিরক্ষা ও অর্থবিষয়ক প্রধান মৌলভি মনসুরের আত্মপ্রকাশ যিনি গত বছরের জুলাই মাসে বেলুচিস্তানে গ্রেপ্তার হয়েছিলেন সেই জোটের অস্তিত্বকে সমর্থন করার জন্য যথেষ্ট তিনি দ্ব্যর্থহীনভাবে আবারও বলেছেন টিটিপির মাধ্যমে তহবিল দেওয়া হচ্ছিল এবং সিপিইসিকে ধ্বংস করার জন্য বিএলএর সঙ্গে তাদের সহযোগিতাও তাদের নির্দেশে হয়েছিল ভারতীয় গণমাধ্যমে ঘটনার প্রতিবেদনগুলোও ভারতের জড়িত থাকা প্রমাণ করে বান্নু ক্যান্টনমেন্টের পর কয়েক দিনের মধ্যে এটি ছিল দ্বিতীয় বৃহত্তম সন্ত্রাসী হামলা সেই ঘটনায়ও আমাদের নিরাপত্তা বাহিনী সব আক্রমণকারীকে হত্যা করেছিল সবচেয়ে দুঃখজনক বাস্তবতা হলো কাবুলের তালেবান সরকার সন্ত্রাসী সংগঠনগুলোকে অন্য কোনো দেশের ওপর হামলার জন্য তাদের মাটি ব্যবহার করতে না দেওয়ার ব্যাপারে বাধ্যবাধকতা মানছে না বরং তারা তাদের সঙ্গে জোটবদ্ধ এবং পাকিস্তানের অভ্যন্তরে এই জঘন্য কাজগুলো পরিচালনাকে সমর্থন করছে তারা নিজেদের ভবিষ্যতের পরিণতি সম্পর্কে সচেতন নয় একদিন আগে ১০ ফেব্রুয়ারি জাতিসংঘে আমাদের স্থায়ী প্রতিনিধি মুনির আকরাম সন্ত্রাসী কর্মকাণ্ডের কারণে আন্তর্জাতিক শান্তি ও নিরাপত্তার জন্য হুমকি শিরোনামে জাতিসংঘ নিরাপত্তা পরিষদে বিবৃতি দিয়েছেন এতে তিনি বলেছিলেন আমাদের অবশ্যই আফগানিস্তান থেকে আসা সন্ত্রাসী হুমকির ব্যাপারে জোরালো মনোযোগ দিতে হবে আমাদের সীমান্তের মধ্যে আল কায়দা ও অন্যান্য সন্ত্রাসী গোষ্ঠীকে সফলভাবে ধ্বংস করার পর আমাদের সীমান্ত এলাকায় প্রস্তুতি থাকতে হবে আমি আবারও বলতে চাই আমাদের সীমান্তের মধ্যে পাকিস্তান নিয়মিত সন্ত্রাসীদের মুখে পড়ছে টিটিপি দায়েশ ও মাজিদ ব্রিগেডের মতো সন্ত্রাসী হামলার কথা উল্লেখ করা যায় আমি মনে করি এই সন্ত্রাসী অস্তিত্বের বিরুদ্ধে বিশ্বব্যাপী সমর্থন বৃদ্ধি করার পাশাপাশি সন্ত্রাসবাদের ক্রমবর্ধমান হুমকি মোকাবিলায় আঞ্চলিক শক্তিগুলোর সর্বসম্মত দৃষ্টিভঙ্গি গ্রহণ করা জরুরি সেই সঙ্গে তালেবান সরকারকে তার মাটিতে সন্ত্রাসীদের আস্তানা নির্মূল করার প্রয়োজনীয়তার ওপর জোর দেওয়া দরকার যা শুধু পাকিস্তানের জন্যই নয় সমগ্র অঞ্চলের জন্য হুমকি আফগানিস্তানের দীর্ঘমেয়াদি স্বার্থেও এ বিষয়ে চূড়ান্ত পদক্ষেপ নেওয়া উচিত পাকতিয়ায় টিটিপির আস্তানাগুলোতে হামলাকালে যেমনটি প্রমাণিত হয়েছিল পাকিস্তানের নিরাপত্তা বাহিনী এই হুমকি মোকাবিলায় সম্পূর্ণরূপে সক্ষম পাকিস্তান আফগানিস্তানের সঙ্গে সরাসরি সংঘর্ষ চায় না এ বিষয়টি এ থেকে স্পষ্ট তারা সর্বদা কূটনৈতিক চ্যানেল ব্যবহার করে আফগানিস্তানকে এ বিষয়ে তার দায়িত্বের কথা মনে করিয়ে দিয়েছে তবে জাফর এক্সপ্রেস ঘটনার পর পরিস্থিতি ভিন্নভাবে মোকাবিলা করতে হতে পারে আইএসপিআর মহাপরিচালক গণমাধ্যমের সঙ্গে কথা বলার সময় বলেন যেই করুক না কেন আমি স্পষ্টভাবে বলতে চাই তাকে খুঁজে বের করে বিচারের আওতায় আনা হবে আমি আরও যুক্ত করতে চাই জাফর এক্সপ্রেসের এই ঘটনা খেলার নিয়ম বদলে দেয় কারণ এই সন্ত্রাসীদের সঙ্গে পাকিস্তান ইসলাম এবং বেলুচিস্তানের কোনো সম্পর্ক নেই সন্ত্রাসীরা দেশের বাইরে তাদের সহযোগী এবং পাকিস্তানের অভ্যন্তরে সন্ত্রাসবাদ উস্কে দেওয়ার ক্ষমতা এবং দেশের অভ্যন্তরে তাদের সহানুভূতিশীলদের এই কথাগুলো অবশ্যই তাদের ব্যাপারে মাথায় রাখবে,1
ক্রিকেটার নাসির ও তামিমার বিরুদ্ধে জালিয়াতি করে অবৈধ বিয়ের মামলায় অভিযোগ গঠন করা হয়েছে এর মধ্য দিয়ে তাদের বিরুদ্ধে আনুষ্ঠানিক বিচার শুরু হলো মামলা থেকে নাসিরের শাশুড়ি সুমি আক্তারকে অব্যাহতি দেয়া হয়েছে বুধবার দুপুরে চিফ মেট্রোপলিটন ম্যাজিস্ট্রেট কোর্টের অতিরিক্ত হাকিম তোফাজ্জল হোসেন এ আদেশ দেন পরে আদালত মামলার সাক্ষ্য গ্রহণের জন্য আগামী ১০ মার্চ দিন ধার্য করেন মামলায় গত বছরের ৩১ অক্টোবর নাসির তামিমা ও তামিমার মা সুমি আদালতে আত্মসমর্পণ করে জামিনের আবেদন করেন পরে আদালত তাদের জামিন মঞ্জুর করেন বর্তমানে তারা জামিনে রয়েছেন ২০১৯ সালের ১৪ ফেব্রুয়ারি বিয়ে করেন নাসির ও তামিমা কিন্তু বিচ্ছেদ না হওয়া সত্ত্বেও ক্রিকেটার নাসিরকে বিয়ে করেছেন বলে অভিযোগ করেন তামিমার আগের স্বামী রাকিব হাসান পরে ২০২১ সালের ২৪ ফেব্রুয়ারি মামলা করেন তিনি,1
সাত পুরুষ ও তিন নারী মিলে গড়ে তুলেছেন মধুচক্রের ফাঁদ চক্রের হোতা বিলকিস বেগম টার্গেট করা হয় ব্যবসায়ী পুরুষ বা চাকরিজীবীদের নারীদের নামে একাধিক ভুয়া ফেসবুক অ্যাকাউন্ট খুলে সাইবার দুনিয়ায় তাঁদের বিচরণ নানাজনের ফেসবুক প্রোফাইল ঘেঁটে টার্গেটের সন্ধান মিললে পাঠানো হয় ফ্রেন্ড রিকোয়েস্ট বন্ধু তালিকায় প্রবেশের পরই শুরু হয় মেসেঞ্জারে কথোপকথন ঘনিষ্ঠতা বাড়তে থাকে এর পরই কৌশলে আস্তানায় ডেকে নিয়ে ফাঁদে ফেলে হাতিয়ে নেওয়া হয় মোটা অংকের টাকা খোঁজ নিয়ে জানা যায় চক্রটি ২০১৭ সাল থেকে সক্রিয় ১০ সদস্যের চক্রে আছেন বিলকিস বেগম আয়শা খাতুন আফরিন আঁখি বৈরাগি জেরিন রাজু শেখ রাজু ফকির কামরুল মিয়া হাসান শেখ লালন মোড়ল বখতিয়ার মিয়া ও আসাদ মিয়া গুলশান থানার এক মামলায় এ চক্রের বখতিয়ার ও আসাদ ছাড়া বাকি আটজনকে গ্রেপ্তার করেছে পুলিশের কাউন্টার টেররিজম অ্যান্ড ট্রান্সন্যাশনাল ক্রাইম ইউনিট সিটিটিসি তাঁদের মধ্যে জেরিন ১৬৪ ধারায় আদালতে স্বীকারোক্তিমূলক জবানবন্দি দিয়েছেন সংশ্নিষ্ট সূত্র জানায় চক্রটি রাজধানীর উত্তরখানে তিনটি ফ্ল্যাট ভাড়া নিয়ে অপরাধ কর্মকাণ্ডের আস্তানা গড়ে তুলেছে কয়েকটি ধাপে কাজ করেন তাঁরা নারী সদস্যদের কাজ হলো টার্গেট ব্যক্তিকে যে কোনো উপায়ে আস্তানায় নিয়ে আসা পুরুষ সদস্যরা ভুয়া ডিবি বা পুলিশ পরিচয়ে বাসায় প্রবেশ করেন তাঁদের এক তরুণী সদস্যের সঙ্গে ভুক্তভোগীকে বিবস্ত্র করে মোবাইল ফোনে ছবি ও ভিডিও করা হয় এর পর ওই ছবি স্ত্রী কিংবা আত্মীয়স্বজনের কাছে পাঠানো বা সামাজিক যোগাযোগমাধ্যমে ছড়িয়ে দেওয়ার হুমকি দিয়ে টাকা দাবি করে চক্রটি তিন লাখ থেকে শুরু করে ১০ লাখ টাকা পর্যন্ত দাবি করা হয় মানসম্মানের ভয়ে মোবাইল ব্যাংকিংসহ নানাভাবে টাকা পরিশোধ করেন ভুক্তভোগী এর পরই আস্তানা থেকে মুক্তি মেলে ঢাকার বাইরেও সক্রিয় রয়েছে চক্রটি গত ডিসেম্বরে এক মাসে রাজধানীতে চারজনকে এবং খুলনায় একজনকে ফাঁদে ফেলে ৩০ লাখ টাকা হাতিয়ে নেয় তারা মতিঝিলের একটি বেসরকারি প্রতিষ্ঠানে চাকরি করেন মহিউদ্দিন ডিসেম্বরের শুরুতে নুসরাত জাহান নামে একটি আইডি থেকে তাঁর ফেসবুকে ফ্রেন্ড রিকোয়েস্ট আসে তিনি তা গ্রহণ করেন নিজেকে তরুণী পোশাক ব্যবসায়ী পরিচয়ে কথোপকথন শুরু করেন মহিউদ্দিনের সঙ্গে কয়েক দিনের মধ্যেই ঘনিষ্ঠতা হয় নুসরাতের আসল নাম আঁখি বৈরাগি জেরিন ৩০ ডিসেম্বর বিকেলে মহিউদ্দিনকে উত্তরখানের বাসায় যেতে বলেন জেরিন কথামতো তিনি উত্তরখান রেলগেটে যান সেখান থেকে নুসরাত পরিচয় দেওয়া জেরিন ও আফরিন রেলগেট থেকে তাঁকে বাসায় নিয়ে যান বাসায় প্রবেশের কিছুক্ষণের মধ্যেই পাঁচ পুরুষ ঢোকেন সেখানে অনৈতিক কাজের জন্য তিনি সেখানে গেছেন এ অভিযোগে তাঁরা তাঁকে মারধর শুরু করেন বিবস্ত্র করে মোবাইল ফোনে ছবি ও ভিডিও ধারণ করা হয় পরে সেগুলো তাঁর স্ত্রী ও স্বজনদের কাছে পাঠানো এবং ইন্টারনেটে ছড়িয়ে দেওয়ার হুমকি দিয়ে মোটা অংকের টাকা দাবি করা হয় বাধ্য হয়ে মোবাইল ব্যাংকিংয়ের মাধ্যমে তিনি টাকা পরিশোধ করে মুক্তি পান এ ঘটনার এক সপ্তাহ আগে উত্তরখানের আরেকটি বাসায় ডেকে নিয়ে রউফ আহমেদ নামে এক ব্যবসায়ীর কাছ থেকে একই কৌশলে টাকা হাতিয়ে নেওয়া হয় এ ঘটনায় ফেসবুকে যোগাযোগ হয় চক্রের সদস্য আফরিনের সঙ্গে ২৩ ডিসেম্বর আফরিন ও চক্রের আরেক তরুণী জেরিন ব্যবসায়ীকে গুলশান থেকে উত্তরখানের বাসায় নিয়ে যান তিনি চক্রটিকে ১২ লাখ ৩৩ হাজার ৭০০ টাকা দিয়ে ছাড়া পেয়েছেন সিটিটিসি সাইবার বিভাগের অতিরিক্ত উপপুলিশ কমিশনার নাজমুল ইসলাম বলেন মধুচক্রের ফাঁদে ফেলে চক্রের সদস্যরা টাকা হাতিয়ে আসছে ২০১৭ সাল থেকে তাদের প্রতারণা শুরু হয় টার্গেট ব্যক্তির ফেসবুক আইডিতে ফ্রেন্ড রিকোয়েস্ট পাঠানোর মধ্য দিয়ে পলাতক দুই সদস্যকেও গ্রেপ্তারের চেষ্টা চলছে,1
ডাক টেলিযোগাযোগ ও তথ্যপ্রযুক্তি উপদেষ্টা মো নাহিদ ইসলাম বলেছেন শিক্ষার্থীদের পরিকল্পিতভাবে বিতর্কিত করার চেষ্টা করা হচ্ছে সবাইকে এই বিষয়ে সচেতন থাকার আহ্বান জানিয়েছে তিনি দৈনিক ইত্তেফাকের সর্বশেষ খবর পেতে অনুসরণ করুন শনিবার ২৩ নভেম্বর ঢাকায় সরকারি বিজ্ঞান কলেজে ১১তম জিএসসি ন্যাশনাল সাইন্টিস্ট ম্যানিয়াএর সমাপনী অনুষ্ঠানে প্রধান অতিথির বক্তৃতায় তিনি এ কথা বলেন ছাত্রদের মধ্যে বিবাদ ও সংঘাত শিক্ষার্থীদের নেতিবাচকভাবে দেশবাসীর কাছে উপস্থাপন করতে সহায়তা করছে মন্তব্য করে নাহিদ ইসলাম বলেন শিক্ষার্থীদের নেতিবাচকভাবে উপস্থাপন করা গেলে জুলাই অভ্যুত্থানকেও নেতিবাচকভাবে উপস্থাপন করা সহজ হবে এ সুযোগ যেন কেউ নিতে না পারে আমরা এতদিন বিক্ষোভ করেছি রাজপথে থেকেছি আমাদের এখন রাষ্ট্র গঠনের সময় আমাদের এখন মেধাকে কাজে লাগাতে হবে সৃজনশীলতাকে কাজে লাগাতে হবে আমরা বৈষম্যহীন সমাজ প্রতিষ্ঠার জন্য বাংলাদেশ গড়তে চেয়েছি তিনি বলেন জুলাই গণঅভ্যুত্থানের সুফল যেন বাংলাদেশের প্রতিটি মানুষ পায় সে কাজটি আমাদের করতে হবে আমরা আশা করি যে প্রত্যাশা নিয়ে সবাই আন্দোলন করেছে রক্ত দিয়েছে সে প্রত্যাশা আমাদের পূরণ হবে জুলাই গণঅভ্যুত্থান আমাদের আত্মমর্যাদা নিয়ে দাঁড়াতে শিখিয়েছে এই আত্মবিশ্বাস নিয়ে আমরা বাংলাদেশকে নতুনভাবে গড়তে পারবো কলেজের ছাত্রছাত্রীদের উদ্দেশে উপদেষ্টা বলেন আমাকে স্যার বলার দরকার নেই আমি আপনাদের ভাই গণঅভ্যুত্থানের মতো কাঁধে কাঁধ মিলিয়ে একসাথে এগিয়ে যাব ভুল করলে শুধরে দিবেন যদি জাতির প্রয়োজন পড়ে আমরা আবারও রাস্তায় নামবো তার আগ পর্যন্ত সবাইকে লেখাপড়ায় মনোযোগী হতে বললেন নাহিদ ইসলাম জুলাই গণঅভ্যুত্থান শহীদ ও আহতদের রাষ্ট্রীয় সম্মান প্রদান করার পাশাপাশি শহীদের পরিবারকে পুনর্বাসন এবং আহতদের চিকিৎসার ব্যবস্থা করা হবে বলেও জানান তিনি জুলাইআগস্ট অভ্যুত্থানের অন্যতম নায়ক নাহিদ ইসলাম বলেন জেনজি পৃথিবীকে দেখিয়ে দিয়েছে তারা আন্দোলন সংগ্রামে রক্ত দিয়ে দেশকে স্বৈরাচারমুক্ত করতে পারে তারা অলস নয় জুলাই গণঅভ্যুত্থানে সরকারি বিজ্ঞান কলেজের ছাত্রদের অংশগ্রহণ এবং আত্মত্যাগের জন্য ধন্যবাদ ও কৃতজ্ঞতা জানান তিনি অনুষ্ঠানে বিশিষ্ট পরমাণু বিজ্ঞানী প্রফেসর ড মুহাম্মাদ শমশের আলী বলেন বিজ্ঞানে বাতিক না থাকলে বিজ্ঞান এগোয় না গণআন্দোলনে আহতরা যেন আজীবন স্বাস্থ্যসেবা পায় আন্দোলনকারীদের স্বপ্ন যেন সত্য হয় তরুণদের সুযোগ দিলে তারা বাংলাদেশকে বিশ্ব দরবারে নতুনভাবে পরিচিত করাবে সরকারি বিজ্ঞান কলেজের অধ্যক্ষ প্রফেসর কে এম আমিনুল হক বলেন দেশ গঠনে বিজ্ঞানের বিকল্প নেই এক্ষেত্রে তরুণদের দায়িত্ব নিতে হবে এই কলেজটি ১৯৫৪ সালের অবকাঠামোর নিয়ে চলছে যা ঝুঁকিপূর্ণ অতিদ্রুত বহুতল ভবন নির্মাণ করার ব্যাপারে উপদেষ্টার সহযোগিতা কামনা করছি উল্লেখ্য উপদেষ্টা মো নাহিদ ইসলাম সরকারি বিজ্ঞান কলেজের প্রাক্তন শিক্ষার্থী সরকারি বিজ্ঞান কলেজের উপাধ্যক্ষ তানজিনা ফেরদৌস নাগরিক কমিটির সদস্য সারওয়ার তুষার জুলাই বিপ্লবের অন্যতম সমন্বয়ক সরকারি বিজ্ঞান কলেজের সাবেক ছাত্র তারিকুল ইসলামসহ বিপুলসংখ্যক ছাত্রছাত্রী অনুষ্ঠানে উপস্থিত ছিলেন,0
ইনকিলাব মঞ্চের মুখপাত্র শরিফ ওসমান হাদি হত্যা মামলার মূল আসামি ফয়সাল করিমের স্ত্রী সাহেদা পারভীন সামিয়া শ্যালক ওয়াহিদ আহমেদ সিপু ও বান্ধবী মারিয়া আক্তার লিমাকে দ্বিতীয় দফায় ৪ দিনের রিমান্ডে পাঠিয়েছেন আদালত শনিবার ২০ ডিসেম্বর বিকেলে ঢাকার চিফ মেট্রোপলিটান ম্যাজিস্ট্রেট আদালতে তাদেরকে পুনরায় ৭ দিনের রিমান্ডে নেয়ার আবেদন করে পুলিশ পরে আদালত ৪ দিনের রিমান্ড মঞ্জুর করেন এর আগে গত সোমবার ১৫ ডিসেম্বর এই ৩ আসামিকে পাঁচ দিন রিমান্ডের আদেশ দেন ঢাকার চিফ মেট্রোপলিটান ম্যাজিস্ট্রেট আদালত উল্লেখ্য কবি কাজী নজরুল ইসলামের সমাধির পাশে ইনকিলাব মঞ্চের মুখপাত্র শরীফ ওসমান হাদির দাফন সম্পন্ন হহয়েছে দুপুরে জাতীয় সংসদের দক্ষিণ প্লাজার হাদির জানাজা সম্পন্ন হয় তার বড় ভাই জানাজার নামাজ পড়ান হাদির জানাজায় প্রধান উপদেষ্টা ড মুহাম্মদ ইউনূস অন্যান্য উপদেষ্টা রাজনৈতিক দলের নেতাসহ বহু মানুষ উপস্থিত ছিলেন এরপর তার মরদেহ ঢাকা বিশ্ববিদ্যালয়ে নেয়া হয় আরও দেখুন   এর আগে শনিবার সকালে ময়নাতদন্তের জন্য তার মরদেহ শহীদ সোহরাওয়ার্দী মেডিকেল কলেজ হাসপাতালের মর্গে নেয়া হয় এরপর গোসলের জন্য সেখান থেকে জাতীয় হৃদরোগ ইনস্টিটিউটে পৌঁছায় তার মরদেহ এদিন ভোর থেকেই হাদিকে শেষবারের মতো দেখতে দূর দূরান্ত থেকে অনেকেই হাসপাতাল এবং জাতীয় সংসদের দক্ষিণ প্লাজায় জড়ো হন উল্লেখ্য গত শুক্রবার ১২ ডিসেম্বর দুপুরে দুর্বৃত্তের গুলিতে গুরুতর আহত হন ওসমান হাদি এরপর ঢাকা মেডিকেল হাসপাতালে নিয়ে যাওয়া হলে সেখানে তার সার্জারি হয় পরে পরিবারের ইচ্ছায় তাকে এভারকেয়ার হাসপাতালে ভর্তি করা হয় এরপর গত ১৫ ডিসেম্বর উন্নত চিকিৎসার জন্য এয়ার অ্যাম্বুলেন্সে করে তাকে সিঙ্গাপুরে নিয়ে যাওয়া হয় সিঙ্গাপুর জেনারেল হাসপাতালে চিকিৎসাধীন অবস্থায় গত বৃহস্পতিবার রাত সাড়ে ৯টার দিকে তিনি মৃত্যুবরণ করেন তার মৃত্যুতে আজ শনিবার দেশে রাষ্ট্রীয় শোক চলছে এএস মন্তব্য করুন সর্বশেষ পঠিত জীবনে প্রথম ভোট দিয়ে আনন্দিত তামিম ইকবাল একদল সন্ত্রাসী ভোটারএজেন্টদের বাধা দিয়ে দেউলিয়াত্ব প্রকাশ করছে জামায়াত ব্রাহ্মণবাড়িয়ায় দায়িত্ব পালনকালে পোলিং অফিসারের মৃত্যু জুলাই অভ্যুত্থানের মধ্য দিয়ে ৫ আগস্টের ফিরে পাওয়া ভোটাধিকার প্রয়োগ করলাম মঞ্জু জনগণের নিরাপত্তাজনিত ইস্যুগুলোতে নির্বাচিত সরকার অগ্রাধিকার দেবে বিমানবাহিনী প্রধান ভোটের মাধ্যমে গণতান্ত্রিক ধারায় ফিরবে জাতি নৌবাহিনী প্রধান সুষ্ঠু নির্বাচনে যেকোনো ফলাফল জামায়াত মেনে নেবে ডা তাহের কেন্দ্র থেকে পোলিং এজেন্টদের বের করে দেয়ার অভিযোগ তাসনিম জারার নির্বাচনের দিন তারকারা কখন কোথায় ভোট দিচ্ছেন সব খবর আরও দেখুন   আরও পড়ুন আশা করি অবাধসুষ্ঠু ও গ্রহণযোগ্য নির্বাচন হবে ইর্ভাস ইজাবস প্রধান নির্বাচন কমিশনার এএমএম নাসির উদ্দিন আগের নির্বাচনে ভোটের সময় খালি মাঠ আর কুকুর দেখতাম এবার কোথাও কুকুর নেই ভোটের তথ্য জানা এবং অভিযোগ জানানো যাবে ৩৩৩এ টাকা নিয়ে ধরা পড়া ভালো ভোট কেনার প্রয়াস সফল হবে না কাউকেই ছাড় নয় ইসি সানাউল্লাহ আরও দেখুন   ভিডিও জামায়াত নেতাদের লাগামহীন মন্তব্য কারণ দর্শানোর নোটিশ জামায়াত নেতাদের লাগামহীন মন্তব্য কারণ দর্শানোর নোটিশ প্রধান উপদেষ্টার ভাষণের পরও জুলাই সনদ বাস্তবায়নে জটিলতা প্রধান উপদেষ্টার ভাষণের পরও জুলাই সনদ বাস্তবায়নে জটিলতা জুলাই সনদ না মানলে ২৬এ কোনো নির্বাচন হবে না জামায়াত আমির জুলাই সনদ না মানলে ২৬এ কোনো নির্বাচন হবে না জামায়াত আমির পদে না থেকেও বিএনপির মনোনয়ন পেয়ে চমক দেখালেন নজরুল ইসলাম মঞ্জু পদে না থেকেও বিএনপির মনোনয়ন পেয়ে চমক দেখালেন নজরুল ইসলাম মঞ্জু জাতীয় আশা করি অবাধসুষ্ঠু ও গ্রহণযোগ্য নির্বাচন হবে ইর্ভাস ইজাবস অনলাইন ডেস্ক প্রকাশ ১২ ফেব্রুয়ারি ২০২৬ ১১০২ এএম  আশা করি অবাধসুষ্ঠু ও গ্রহণযোগ্য নির্বাচন হবে ইর্ভাস ইজাবস বাংলাদেশের ত্রয়োদশ জাতীয় সংসদ নির্বাচন ও গণভোট অবাধসুষ্ঠু ও গ্রহণযোগ্য হবে বলে আশাবাদ ব্যক্ত করেছেন ইউরোপীয় ইউনিয়নের ইইউ নির্বাচন পর্যবেক্ষক দলের প্রধান ইভার্স ইজাবস বৃহস্পতিবার ১২ ফেব্রুয়ারি সকালে রাজধানীর সিদ্ধেশ্বরী গার্লস কলেজকেন্দ্র পরিদর্শন করে নির্বাচন শুরুর প্রক্রিয়া পর্যবেক্ষণ শেষে তিনি এ কথা বলেন নির্বাচন শুরুর প্রায় আধাঘণ্টা আগে থেকেই ইইউ পর্যবেক্ষক দলটি কেন্দ্রটিতে উপস্থিত হয়ে সার্বিক পরিস্থিতি পর্যবেক্ষণ করে এরপর নির্ধারিত সময়েই ভোটগ্রহণ শুরু হয় ইভার্স ইজাবস বলেন গণতন্ত্রের জন্য এটি একটি বড় দিন শুধু রাজধানী নয় সারা দেশেই অংশগ্রহণমূলক নির্বাচন অনুষ্ঠিত হবে পাশাপাশি দিনের বাকি সময়েও পুরো প্রক্রিয়া পর্যবেক্ষণ করবেন বলেও জানান তিনি তিনি আরও বলেন আমরা নিরপেক্ষভাবে নির্বাচন পর্যবেক্ষণ করছি কোনো বিশেষ দলের পক্ষে কাজ করছি না এআই জাতীয় থেকে আরও পড়ুন,1
উইন্ডোজ ব্যবহারকারীদের উদ্দেশে নতুন বার্তা দিয়েছে সফটওয়্যার নির্মাতা মাইক্রোসফট আগামী ১৪ অক্টোবর থেকে উইন্ডোজ ১০ অপারেটিং সিস্টেমের জন্য সাপোর্ট বন্ধ করে দিচ্ছে প্রতিষ্ঠানটি আর সে কারণেই উইন্ডোজ ১০ ব্যবহারকারীদেরকে এবার উইন্ডোজ ১১ অপারেটিং সিস্টেমে আপগ্রেড করতে উৎসাহিত করছে মাইক্রোসফট মাইক্রোসফটের সাপোর্ট বন্ধ হওয়ার অর্থ হচ্ছে আগামী মঙ্গলবার ১৪ অক্টোবর থেকে উইন্ডোজ ১০ ডিভাইসগুলো নতুন করে আর নিরাপত্তা আপডেট সিকিউরিটি আপডেটস পাবে না ফলে নিরাপত্তা ঝুঁকির মধ্যে পড়বে উইন্ডোজ ১০ ডিভাইসগুলো বিশেষ করে সাইবার আক্রমণের শিকার হওয়ার সম্ভাবনা বেড়ে যাবে এই প্রেক্ষাপটে মাইক্রোসফট তাঁদের ব্যবহারকারীদেরকে বিনামূল্যে উইন্ডোজ ১১এ আপগ্রেড করার জন্য তাড়া দিচ্ছে তবে সকল কম্পিউটারেই এটি করা সম্ভব হবে না আমেরিকান কনজিউমার গ্রুপ পিআইআরজিএর সিনিয়র ডিরেক্টর নাথান প্রকটর বলেছেন যে উইন্ডোজ ১০এর সাপোর্ট বন্ধ হওয়ায় ভোক্তা যেমন ক্ষতিগ্রস্ত হবেন তেমনি উইন্ডোজ ইকোসিস্টেমের জন্যেও তা বিপর্যয় ডেকে আনবে উল্লেখ্য বিশ্বের সবচেয়ে জনপ্রিয় কম্পিউটার অপারেটিং সিস্টেম হচ্ছে উইন্ডোজ মাইক্রোসফটের তথ্য অনুযায়ী বিশ্বজুড়ে ১৪০ কোটিরও বেশি ১৪ বিলিয়নেরও বেশি ডিভাইসে ব্যবহৃত হয় এই অপারেটিং সিস্টেম স্ট্যাটকাউন্টার থেকে প্রাপ্ত তথ্য অনুসারে জুলাই ২০২৫ পর্যন্ত উইন্ডোজ ব্যবহারকারীদের ৪৩ শতাংশই ব্যবহার করছিল উইন্ডোজ ১০ এ থেকেই বোঝা যাচ্ছে উইন্ডোজ ব্যবহারকারীদের মাঝে কতটা জনপ্রিয় উইন্ডোজ ১০ অপারেটিং সিস্টেমটি সেপ্টেম্বরে চালানো একটি সমীক্ষা দেখা গেছে যে উইন্ডোজ ১০ ব্যবহারকারীদের প্রায় একচতুর্থাংশ মাইক্রোসফটের আনুষ্ঠানিক সাপোর্ট শেষ হওয়ার পরেও এর ব্যবহার চালিয়ে যাওয়ার পরিকল্পনা করছেন এই প্রেক্ষাপটে আরেকটি গুরুত্বপূর্ণ তথ্য হচ্ছে প্রায় সাতজনের মধ্যে একজন নতুন কম্পিউটার কেনার পরিকল্পনা করছেন ব্যবহারকারীদের করণীয় যারা এখনই উইন্ডোজ ১১এ যেতে চাইছেন না তাঁদের জন্য একটি রাস্তা অবশ্য খোলা রেখেছে মাইক্রোসফট আর তা হচ্ছে আগামী ১২ মাসের জন্য এক্সটেন্ডেড সিকিউরিটি আপডেট পেতে সাইনআপ করা অর্থাৎ ব্যবহারকারী চাইলে আরও এক বছরের জন্য নিরাপত্তা আপডেট পাবেন উইন্ডোজ ১০ অপারেটিং সিস্টেম সেজন্য অবশ্য সেটিংসে প্রাইভেসি এন্ড সিকিউরিটি বিভাগে গিয়ে এই সেবার জন্য সাইনআপ করতে হবে এই স্কিমে সাইনআপ করার মাধ্যমে গ্রাহকরা আগামী বছর অক্টোবর পর্যন্ত কেবলমাত্র সিকিউরিটি আপডেট পাবেন অন্য কোনো প্রকার টেকনিক্যাল সাপোর্ট নয় ইউরোপীয় অর্থনৈতিক অঞ্চলের বাসিন্দারা সাইনআপ করার মাধ্যমে এই সুবিধাটি বিনামূল্যে পাবেন অন্যান্য ব্যবহারকারীদের এই সুবিধাটি বিনামূল্যে পেতে চাইলে উইন্ডোজ ১০এর সর্বশেষ আপডেটেড সংস্করণটি ব্যবহার করতে হবে থাকতে হবে একটি মাইক্রোসফট অ্যাকাউন্ট এবং তাঁদের পিসি সেটিংসের ব্যাকআপ নিতে হবে তা না হলে এক্সটেন্ডেড সিকিউরিটি আপডেট ইএসইউএর জন্য এককালীন ৩০ ডলার ফি প্রদান করতে হবে অথবা ১ হাজার মাইক্রোসফট রিওয়ার্ডস পয়েন্ট থাকতে হবে উইন্ডোজ ১০ ব্যবহারকারী বাণিজ্যিক প্রতিষ্ঠানগুলোকে এক্সটেন্ডেড সিকিউরিটি আপডেট পেতে ডিভাইস প্রতি খরচ করতে হবে ৬১ ডলার অঞ্চলভেদে খরচে তারতম্য হতে পারে তবে মাইক্রোসফট চাইছে গ্রাহকরা এখনই বিনামূল্যে উইন্ডোজ ১১এ আপগ্রেড করুক অর্থাৎ উইন্ডোজ ১১ ব্যবহারের জন্য উপযুক্ত ডিভাইসগুলোতে উইন্ডোজ ১০ ব্যবহার করতে নিরুৎসাহিত করছে মাইক্রোসফট তবে উইন্ডোজ ১০এর বহুল ব্যবহার এবং জনপ্রিয়তার কথা বিবেচনা করে এক্সটেন্ডেড সিকিউরিটি আপডেটএর পথ খোলা রেখেছে প্রতিষ্ঠানটি উল্লেখ্য মাইক্রোসফট ২০১৫ সালে প্রকাশ করে উইন্ডোজ ১০ অপারেটিং সিস্টেমটি এর পর থেকে ব্যবহারকারীরা নিয়মিত এবং ঘন ঘন সফটওয়্যার আপডেট পেয়েছে উইন্ডোজ ১০এর জন্য নতুন আপডেটের মাধ্যমে মাইক্রোসফট ব্যবহারকারীদেরকে নতুন ফিচার অফার করেছে প্রয়োজনীয় পরিবর্তন এনেছে এবং বিভিন্ন সময় উদ্ভূত নিরাপত্তা ত্রুটি ও বাগ ঠিক করেছে,0
সৌদি প্রো লিগে উড়ছিল আল নাসর টানা ১০ জয়ের পর অবশেষে তাদের জয়রথ থামাল আল ইত্তিফাক গতকাল রাতে প্রতিপক্ষের মাঠে ২২ গোলে ড্র করেছে ক্রিস্টিয়ানো রোনালদোর দল তবে ম্যাচের স্কোরলাইনের চেয়েও এখন ফুটবলদুনিয়ায় বেশি আলোচনা রোনালদোর ক্যারিয়ারের ৯৫৭ নম্বর গোলটি নিয়ে কেন কারণ গোলটি তিনি পা বা মাথা দিয়ে নয় আক্ষরিক অর্থেই করেছেন কোমর দিয়ে ম্যাচের শুরুটা অবশ্য আল নাসরের জন্য সুখকর ছিল না ১৬ মিনিটেই সাবেক লিভারপুল তারকা জর্জিনিও উইনালদামের গোলে পিছিয়ে পড়ে তারা বিরতির ঠিক পরেই ৪৭ মিনিটে আল নাসরকে সমতায় ফেরান জোয়াও ফেলিক্স এরপরই আসে সেই মুহূর্তম্যাচের ৬৭ মিনিটে রোনালদোর সেই অদ্ভুত গোল গোলটি করতে রোনালদোকে আসলে খুব একটা কসরত করতে হয়নি ফেলিক্সের নেওয়া জোরালো শট রোনালদোর পিঠ বা কোমরের নিচের অংশে লেগে দিক পরিবর্তন করে জালে জড়ায় ভাগ্য সহায় থাকলে যা হয় আরকি বল জালে জড়ানো মাত্রই সিআর সেভেনের সেই চিরচেনা সিউউউ উদ্যাপন তিন কারণে রোনালদো এখনো অপরিহার্য বললেন পর্তুগাল কোচ তবে ভাগ্যের জোরে পাওয়া লিডটা শেষ পর্যন্ত ধরে রাখতে পারেনি আল নাসর ৮০ মিনিটে নিজের দ্বিতীয় গোল করে ইত্তিফাককে সমতায় ফেরান উইনালদাম শেষ পর্যন্ত পয়েন্ট ভাগাভাগি করেই মাঠ ছাড়তে হয় দুই দলকে ম্যাচ জিততে না পারলেও তালিকার শীর্ষ স্থানটা এখনো আল নাসরের দখলেই ১১ ম্যাচে ১০ জয় আর ১ ড্রয়ে ৩১ পয়েন্ট নিয়ে সবার ওপরে তারা বছরটা এমন এক গোল দিয়ে শেষ করে সামাজিক যোগাযোগমাধ্যমে রোনালদো লিখেছেন আমরা সঠিক পথেই আছি এবং জানি ২০২৬ সালে আমাদের কী করতে হবে এদিকে রোনালদোর এই কোমরকাব্য নিয়ে ইন্টারনেটদুনিয়ায় বইছে হাস্যরসের জোয়ার এক ভক্ত তো রোনালদোর কৃতিত্ব দিতে গিয়ে লিখেছেন গোট  চাইলে শরীরের যেকোনো অঙ্গ দিয়েই গোল করতে পারেন,0
বাংলাদেশ ব্যাংকের পরিচালক হলেন অভিনেতা টুটুল চৌধুরী এর আগে তিনি ব্যাংকটির অতিরিক্ত পরিচালক জিএম পদে কর্মরত ছিলেন রোববার ৯ জুন বাংলাদেশ ব্যাংক থেকে টুটুল চৌধুরীকে পরিচালক পদে পদোন্নতি পত্র দেওয়া হয়েছে ১৯৯৯ সালে সহকারী পরিচালক পদে বাংলাদেশ ব্যাংকে যোগদান করেছিলেন টুটুল চৌধুরী এরপর তিনি উপপরিচালক যুগ্ম পরিচালক অতিরিক্ত পরিচালক হিসেবে দায়িত্ব পালন করেছেন এখন তিনি পঞ্চম পদন্নোতি পেয়ে পরিচালক হয়েছেন টুটুল চৌধুরী বলেন অফিসার পদে যোগদান করেছিলাম ছোটবেলা থেকে প্রয়াত আবদুল্লাহ আল মামুন ভাইয়ের থিয়েটারে যুক্ত ছিলাম ব্যাংকে চাকরি করলেও অভিনয়টা নেশার মতো সবসময় অফিস থেকে অনুমতি নিয়ে অভিনয় করছি তাছাড়া ছুটির দিনে বিশ্রাম না নিয়ে শুটিং করেছি দুটো মেইনটেইন করতে যথেষ্ট পরিশ্রম করতে হয়েছে এখনও করে যাচ্ছি প্রায় পাঁচ শতাধিকেরও বেশি নাটকে অভিনয় করেছেন টুটুল চৌধুরী ২০২২ সালে অঞ্জন আইচ পরিচালিত আগামীকাল ছবিতে গুরুত্বপূর্ণ চরিত্রে অভিনয় করতে দেখা গেছে তাকে তার আরেক ছবি কানামাছি মুক্তির অপেক্ষায় রয়েছে বর্তমানে বকুলপুর প্রবাসী পরিবার জাদুনগরসহ আরও একাধিক ধারাবাহিকে তিনি অভিনয় করছেন ব্যাংকার এবং অভিনেতা পরিচয়ের পাশাপাশি টুটুল চৌধুরী একজন শিক্ষা উদ্যোক্তা তিনি সহজপাঠ্য স্কুলের প্রতিষ্ঠাতা প্রিন্সিপ্যাল,1
ভোলার দৌলতখান উপজেলার শিবপুরের মো মাইনুদ্দিনের মেয়ে মাইশা আক্তার ১০ খালার সঙ্গে সাভারের আশুলিয়ায় গ্যাস বেলুন বিক্রেতা নানার কাছে বেড়াতে এসেছিল সেই গ্যাস বেলুনের সিলিন্ডার বিস্ফোরণে মারা গেল শিশুটি বুধবার বিকেলে আশুলিয়ার কুরগাঁও এলাকায় ঢাকা কোঅপারেটিভ সোসাইটির ভেতরে এ ঘটনা ঘটে পুলিশ ও শিশুটির স্বজনেরা জানান গত সোমবার ভোলা জেলার দৌলতখান উপজেলার শিবপুর থেকে খালার সঙ্গে শিশু মাইশা সাভারে গ্যাস বেলুন বিক্রেতা নানা মান্নানের কাছে বেড়াতে আসে মান্নান আশুলিয়ার কুরগাঁও এলাকায় ঢাকা কোঅপারেটিভ সোসাইটি ভেতরে একটি বাড়িতে কেয়ারটেকার হিসেবে বসবাস করছেন বাড়ির একটি অংশে বেলুনে গ্যাস ভরে পাইকারি ও খুচরা বিক্রি করেন তিনি বুধবার বিকেলে বেলুনে গ্যাস ভরে সিলিন্ডারটি ঠান্ডা করতে সেখানেই রেখে দেন মান্নান মাইশা ওই সিলিন্ডারের কাছে গেলে সিলিন্ডারটি বিস্ফোরিত হয়ে মাইশার ডান হাত ও মুখমণ্ডলের ডান পাশের অধিকাংশ বিচ্ছিন্ন হয়ে বাড়ির সীমানাপ্রাচীরের উল্টো পাশে গিয়ে পড়ে খবর পেয়ে আশুলিয়া থানা পুলিশ ঘটনাস্থলে পৌঁছে মরদেহ উদ্ধার করে নিহত শিশুর খালা সীমা আক্তার বলেন আমি রান্না করতেছিলাম আর মাইশা বাইরে খেলতেছিল সেখানে কেউ ছিল না বাবা গ্যাস ভইরা বেলুনে গ্যাসভর্তি বোতল সিলিন্ডার ঠান্ডা কইরা বাইরে চইলা যায় এরপর শব্দ হইছে মাইশা ক্লাস সিক্সে পরীক্ষা দেওয়ার পর আমারে কইছে খালামণি বেড়াইতে যামু পরে আমার লগে কইরা আমি নিয়া আইছি এখন আর তারে সাথে নিয়া যাওয়ার সাধ্য আমার নাই আশুলিয়া থানার ভারপ্রাপ্ত কর্মকর্তা রুবেল হাওলাদার জানান মরদেহ উদ্ধার করে ময়নাতদন্তের জন্য রাজধানীর শহীদ সোহরাওয়ার্দী মেডিকেল কলেজ হাসপাতালে পাঠানো হয়েছে এ বিষয়ে পরবর্তী আইনানুগ ব্যবস্থা প্রক্রিয়াধীন প্রথম আলোর খবর পেতে গুগল নিউজ চ্যানেল ফলো করুন জেলা থেকে আরও পড়ুন শিশুআশুলিয়ানিহতবিস্ফোরণসিলিন্ডার গ্যাসঢাকাঢাকা বিভাগ,1
লাউ মূলত গ্রীষ্মকালীন সবজি লাউ খেলে পেট ঠান্ডা থাকে এছাড়াও নানা স্বাস্থ্য উপকারিতা পাওয়া যায় তবে শীতের বাজারেও লাউ পাওয়া যায় এই সময়ে লাউ খেলেও স্বাস্থ্য উপকারিতা মেলে যেমন ১ শীতে অনেকের পেটে নানা রকম সমস্যা হয় কোষ্ঠকাঠিন্য গ্যাসের সমস্যায় লাউ অত্যন্ত ভালো কাজ করে নিয়মিত লাউ খেলে পেটের এই সমস্যা কমে ২ রক্তে কোলেস্টেরলের মাত্রা কমাতেও লাউ কার্যকরী যারা কোলেস্টেরলের সমস্যায় ভুগছেন তারাও শীতকালে লাউ খেতে পারেন ৩ যারা ডায়াবেটিসের সমস্যায় ভুগছেন তারা সারা বছরই প্রতিদিনের খাদ্যতালিকায় লাউয়ের বিভিন্ন পদ রাখতে পারেন ৫ শীতে অনেকের শরীরচর্চার ইচ্ছা কমে যায় তাই অনেকেরই এই সময়ে ওজন বাড়ে ওজন কমাতেও সাহায্য করে লাউ শীতকালে নিয়মিত লাউ খেলে ওজন নিয়ন্ত্রণে থাকে,1
ঘূর্ণিঝড় রেমালের প্রভাবে ক্ষতিগ্রস্ত সুন্দরবনের বিভিন্ন চর থেকে আরও ৩১টি মৃত হরিণ উদ্ধার করা হয়েছে শনিবার ১ জুন দুপুর পর্যন্ত উদ্ধার করা এসব হরিণ মাটিচাপা দিয়েছেন বনরক্ষীরা এর আগে ঝড়ের পর থেকে বুধবার পর্যন্ত বনের বিভিন্ন চর থেকে ৯৬টি মৃত হরিণ ও ৪টি মৃত শূকর উদ্ধার করা হয় এ নিয়ে ঘূর্ণিঝড় রেমালের পরে সুন্দরবন থেকে ১২৭ মৃত হরিণসহ ১৩১ মৃত বন্যপ্রাণি উদ্ধার করল বন বিভাগ এছাড়া জীবিত ও আহত অবস্থায় ১৮টি হরিণ ও একটি অজগর উদ্ধার করে বনে অবমুক্ত করা হয়েছে খুলনা অঞ্চলের বন সংরক্ষক মিহির কুমার দে বলেন ঘূর্ণিঝড় রেমালের তাণ্ডবে সুন্দরবনের অনেক ক্ষতি হয়েছে জোয়ারজলোচ্ছ্বাসের পানিতে সুন্দরবনের বেশিরভাগ অংশ প্লাবিত হয়েছে মিষ্টি পানির পুকুরগুলো সব লবণ পানিতে প্লাবিত হয়েছে ঝড়ের পরে বনের কটকা কচিখালী করমজল পক্ষীরচর ডিমেরচর শেলারচর নারিকেলবাড়িয়াসহ বিভিন্ন এলাকা থেকে ১২৭ মৃত হরিণ উদ্ধার করা হয়েছে,0
জলবায়ু পরিবর্তনের হুমকি মোকাবিলায় বিশ্ব নেতাদের দ্রুত সাহসী ও শক্তিশালী পদক্ষেপ নেয়ার আহ্বান জানিয়েছেন প্রধানমন্ত্রী শেখ হাসিনা জাতিসংঘ সদর দফতরে জলবায়ু পরিবর্তন ইস্যুতে বিভিন্ন রাষ্ট্র ও সরকার প্রধানদের রুদ্ধদ্বার বৈঠকে এই আহ্বান জানান তিনি সংকট উত্তরণে বিশ্ব নেতাদের সামনে ৬টি প্রস্তাবও উপস্থাপন করেন প্রধানমন্ত্রীতিনি বলেন বৈশ্বিক তাপমাত্রা বৃদ্ধি ১ দশমিক ৫ ডিগ্রি সেলসিয়াসের নিচে রাখতে প্যারিস চুক্তির কঠোর বাস্তবায়ন করতে হবে সেইসাথে উন্নত দেশগুলো থেকে বার্ষিক ১০০ বিলিয়ন ডলার তহবিল আদায়ের তাগিদ দেন শেখ হাসিনা প্রধানমন্ত্রী উন্নয়নশীল দেশগুলোর কাছে পরিবেশবান্ধব সবুজ প্রযুক্তি হস্তান্তরের গুরুত্বও তুলে ধরেন বাস্তুচ্যুত মানুষের সহায়তায় ধনী দেশগুলোকে এগিয়ে আসার আহ্বান জানান প্রধানমন্ত্রী এদিকে নবম আন্তর্জাতিক টেকসই উন্নয়ন সম্মেলনে বিশেষ সম্মাননা পেয়েছেন প্রধানমন্ত্রী শেখ হাসিনা নিউইয়র্কে জাতিসংঘের বাংলাদেশের স্থায়ী কার্যালয়ে প্রধানমন্ত্রীর হাতে এসডিজি সম্মাননা সনদ তুলে দেয়া হয় প্রধানমন্ত্রী এই অর্জনকে বাংলাদেশের জনগণকে উৎসর্গ করেন প্রধানমন্ত্রী বলেন টেকসই উন্নয়ন লক্ষ্যমাত্রার সাফল্য নির্ভর করছে মহামারি পরিস্থিতি থেকে উত্তরণের ওপর বর্তমান পরিস্থিতিতে সবার জন্য ভ্যাকসিন নিশ্চিত করার ব্যাপারে জোর দেন প্রধানমন্ত্রী বলেন অনেক দরিদ্র দেশের ভ্যাকসিন ক্রয়ক্ষমতা নেই সেসব দেশে টিকা সহজলভ্য করতে হবে,1
নোয়াখালীর কোম্পানীগঞ্জ থানা ১২ ঘণ্টারও বেশি সময় ধরে ঘেরাও করে অবস্থান ধর্মঘট পালন করছেন সেতুমন্ত্রী ও আওয়ামী লীগের সাধারণ সম্পাদক ওবায়দুল কাদেরের ছোট ভাই আবদুল কাদের মির্জা পাশাপাশি তাঁর ডাকে আজ বুধবার সকাল থেকে উপজেলায় হরতাল চলছে জেলা প্রশাসক ডিসি পুলিশ সুপার এসপি কোম্পানীগঞ্জ থানার ভারপ্রাপ্ত কর্মকর্তা ওসি ও ভারপ্রাপ্ত কর্মকর্তাতদন্তকে প্রত্যাহার এবং চরকাঁকড়া ইউনিয়ন আওয়ামী লীগের নেতা ফখরুল ইসলাম ওরফে সবুজের গ্রেপ্তারের দাবিতে গতকাল মঙ্গলবার রাত সাড়ে আটটা থেকে তিনি থানা ঘেরাও কর্মসূচি শুরু করেন সকাল থেকে শুরু হয়েছে হরতাল আজ সকাল সাড়ে নয়টায় এ প্রতিবেদন লেখা পর্যন্ত কয়েক শ নেতাকর্মী নিয়ে কাদের মির্জা থানার ফটকে অবস্থান করছিলেন হরতালের কারণে উপজেলার দোকানপাট সব বন্ধ আছে কোনো যানবাহন কোম্পানীগঞ্জে ঢুকতে পারছে না স্থানীয় সূত্রে জানা গেছে গতকাল সন্ধ্যায় কোম্পানীগঞ্জের বসুরহাট পৌরসভার মেয়র আবদুল কাদের মির্জা ফেনীর দাগনভূঞা ও চট্টগ্রামে তাঁর ওপর হামলা ও তাঁকে হত্যার ষড়যন্ত্রের প্রতিবাদে বসুরহাট রূপালী চত্বরে সংবাদ সম্মেলন করেন এতে তিনি ফেনীর সাংসদ নিজাম উদ্দিন হাজারী নোয়াখালীর সাংসদ একরামুল করিম চৌধুরীসহ দাগনভূঞা ও সোনাগাজী উপজেলা পরিষদের চেয়ারম্যানদের অভিযুক্ত করেন সূত্র জানায় এই সংবাদ সম্মেলন চলাকালে উপজেলার টেকেরবাজারে আবদুল কাদের মির্জার বিরুদ্ধে একটি সমাবেশ করেন চরকাঁকড়া ইউনিয়ন আওয়ামী লীগের নেতা ফখরুল ইসলাম ওরফে সবুজ কাদের মির্জা কোম্পানীগঞ্জকে জিম্মি করে রেখেছেন উল্লেখ করে তিনি বিভিন্ন অভিযোগ তুলে ধরেন সমাবেশ শেষে সেখানে একটি বিক্ষোভ মিছিল হয় সমাবেশের খবরে কাদের মির্জার একদল সমর্থক টেকেরবাজারে যান সেখানে দুই পক্ষের মধ্যে হাতাহাতি ও পাল্টাপাল্টি ধাওয়ার ঘটনা ঘটে একপর্যায়ে থানা থেকে পুলিশ গিয়ে ফখরুল ইসলামকে আটক করেন এ সময় সমর্থকেরা পুলিশের কাছ থেকে ফখরুলকে ছিনিয়ে নিয়ে যায় এ ঘটনার প্রতিবাদে কাদের মির্জা রাত সাড়ে আটটার দিকে কয়েক শ নেতাকর্মী নিয়ে থানার সামনে অবস্থান নেন সেখানে দেওয়া বক্তব্যে তিনি নোয়াখালীর ডিসি মোহাম্মদ খোরশেদ আলম খান এসপি আলমগীর হোসেন কোম্পানীগঞ্জের ওসি মীর জাহেদুল হক ও ওসি তদন্ত রবিউল হককে প্রত্যাহারের দাবি জানান পাশাপাশি সাংসদ নিজাম উদ্দিন হাজারী ও একরামুল করিম চৌধুরীর বিরুদ্ধেও ব্যবস্থা নেওয়ার দাবি তাঁর প্রত্যক্ষদর্শীরা বলেন গতকাল রাতের দিকে নেতাকর্মীর সংখ্যা কিছুটা কমে গেলেও আজ সকাল থেকে বাড়তে থাকে কোম্পানীগঞ্জ থানার ওসি মীর জাহেদুল হক এই খবরের সত্যতা নিশ্চিত করেছেন,0
মানুষের ব্যস্ত জীবনে বিভিন্ন অনিয়মের ফলে শরীরে রক্তচাপের ওঠানামায় প্রভাব পড়ে অনেকেই মনে করেন উচ্চ রক্তচাপের থেকে নিম্ন রক্তচাপ কম ভয়ের কিন্তু তা একেবারেই নয় চিকিৎসকদের মতে লো ব্লাড প্রেশার বা হঠাৎ প্রেশার কমে যাওয়াতেও বিপদ রয়েছে লো ব্লাড প্রেশারের ফলে হৃৎপিণ্ডে মস্তিষ্কে ও শরীরের অন্যান্য অংশে রক্ত সঞ্চালনের পরিমাণ কমে যায় যার ফলে মাথা ঘোরা দুর্বলতা এমনকী বমি বমি ভাব বেড়ে যায় আবার হঠাৎ প্রেশার কমে গেলেও বিপদ শুয়ে বসে থাকা অবস্থা থেকে হঠাৎ জেগে উঠলে রক্তচাপে ব্যাঘাত ঘটে এর ফলে স্ট্রোকের সম্ভাবনাও বাড়ে ব্লাড প্রেশারের হঠাৎ কমে যাওয়ার ফলে শরীর ভারী লাগতে পারে এই অবস্থায় স্বাভাবিকত্ব বজায় রাখা অত্যন্ত জরুরি জেনে নিন হঠাৎ ব্লাড প্রেশার কমে গেলে কী করবেন ১ চাকফি পান স্বাস্থ্য বিশেষজ্ঞদের মতে হঠাৎ ব্লাড প্রেশার কমে গেলে চা অথবা কফি পান করতে হবে কফিতে থাকা ক্যাফিন সাময়িকভাবে ব্লাড প্রেশার বাড়াতে সাহায্য করে শুধু তাই নয় এর ফলে ক্লান্ত ভাবও কিছুক্ষণের জন্য দূর হবে ২ বেশি পানি পান লো ব্লাড প্রেশারের রোগীদের ক্ষেত্রে ডায়েটে অবশ্যই পানীয় বেশি করে রাখা উচিত প্রতিদিন দুই থেকে তিন লিটার জল খেতে পরামর্শ চিকিৎসকদের এছাড়াও প্রতিদিনের খাবারে নারকেলের জলসহ অন্যান্য পুষ্টিকর ফলের রস স্যুপজাতীয় খাবার রাখা বাধ্যতামূলক উক্ত ডায়েটের ফলে শরীরে জলের মাত্রা বজায় রাখতে প্রয়োজনীয় ইলেকট্রোলাইটের ঘাটতি মেটানো যাবে জেনে রাখা ভালো লো ব্লাড প্রেশারের অন্যতম কারণ হলো ডিহাইড্রেশন ৩ তুলসী পাতা ডায়েটিশানদের পরামর্শ অনুযায়ী লো ব্লাড প্রেশারের রোগীদের রোজ সকালে উঠে কমপক্ষে পাঁছ থেকে সাতটি তুলসী পাতা চিবোনো শরীরের পক্ষে ভালো তুলসী পাতার মধ্যে উচ্চমাত্রায় পটাশিয়াম ম্যাগনেশিয়াম ও ভিটামিন সি রয়েছে যা ব্লাড প্রেশারকে নিয়ন্ত্রিত রাখে এছাড়াও তুলসী পাতায় রয়েছে প্রচুর পরিমাণে ইউজিনোল নামের অ্যান্টিঅক্সিডেন্ট ব্লাড প্রেশার নিয়ন্ত্রণে রাখার পাশাপাশি কোলস্টেরলের মাত্রাও কমাতে সাহায্য করে এটি ৪ সময়মতো খাওয়াদাওয়া লো ব্লাড প্রেশারের রোগীদের জন্য সময়মতো খাওয়াদাওয়া করা অত্যন্ত জরুরি ভারী খাবারের মাঝে স্বাস্থ্যকর মুখরোচক খাবার খেতে হবে বিশেষজ্ঞদের মতে দিনে ৩ বার ভারী খাবার খাওয়ার থেকে পাঁচবার অল্প অল্প করে খাওয়া বেশি উপকারী এর ফলে ব্লাড প্রেশারও হঠাৎ কমে যাওয়া আটকানো সম্ভব সূত্র জিনিউজ,0
ছিনতাই করা মোবাইল ফোন বিক্রির টাকা ভাগাভাগি নিয়ে রাজধানীর পান্থপথে ফারুক হোসেনকে খুন করা হয়েছে বলে জানিয়েছে পুলিশ এ ঘটনায় গ্রেপ্তার করা হয়েছে তিনজনকে গতকাল রোববার ঢাকা মহানগর পুলিশের ডিএমপি মিডিয়া সেন্টারে আয়োজিত সংবাদ সম্মেলনে এ তথ্য জানান তেজগাঁও বিভাগের উপকমিশনার এইচএম আজিমুল হক গ্রেপ্তার ব্যক্তিরা হলো সাদ্দাম হোসেন সাব্বির ওরফে সিটু সাব্বির ওরফে সাগর মো রনি ও মো বিজয় তারা ছিনতাইয়ে জড়িত তাদের কাছ থেকে হত্যায় ব্যবহূত একটি ছুরি উদ্ধারের কথা জানিয়েছে পুলিশ উপকমিশনার এইচএম আজিমুল হক জানান নিহত ফারুক কারওয়ান বাজার রেললাইন সংলগ্ন বস্তিতে পরিবারের সঙ্গে থাকত সে ভ্যান চালানোর পাশাপাশি ছিনতাইকারী চক্রের সঙ্গে জড়িত ছিল নিহত ফারুক এবং গ্রেপ্তার সাব্বির রনি ও বিজয় একটি ছিনতাই মামলায় গ্রেপ্তার হয়ে কারাগারে ছিল ঘটনার তিন দিন আগে জামিনে বের হয় তারা ফের ছিনতাই শুরু করে দুদিনে ১২টি মোবাইল ফোন চুরি করে সেগুলো বিক্রি করা হয় টাকা ভাগাভাগি করা নিয়ে সাব্বিরের সঙ্গে ফারুকের তর্ক হয়,0
ইউক্রেনের কয়েক ডজন বিদ্যুৎ স্থাপনায় বড় ধরনের হামলা চালিয়েছে রাশিয়া এতে দেশটির ১০ লাখের বেশি মানুষ বিদ্যুৎবিচ্ছিন্ন হয়ে পড়েছেন গতকাল বৃহস্পতিবার দিবাগত রাতে এসব হামলা চালানো হয় বলে ইউক্রেনের প্রেসিডেন্টের দপ্তর জানিয়েছে রাশিয়ার হামলায় খারকিভ অঞ্চলের সাত লাখ বাসিন্দা বিদ্যুৎবিচ্ছিন্ন হয়ে পড়েছেন দক্ষিণাঞ্চলীয় ওদেসা ও দক্ষিণপূর্বাঞ্চলীয় নিপ্রোপেত্রোভস্ক অঞ্চলে দুই লাখ করে বাসিন্দা বিদ্যুৎবিচ্ছিন্ন অবস্থায় রয়েছেন এ ছাড়া মধ্যাঞ্চলীয় পোলতভা অঞ্চলের ১ লাখ ১০ হাজারের বেশি বাসিন্দাকে বিদ্যুৎ সরবরাহ করা যাচ্ছে না বলে প্রেসিডেন্ট দপ্তরের উপপ্রধান ওলেকসি কুলেবা আজ শুক্রবার জানিয়েছেন এদিকে রাশিয়ার হামলায় জাপোরিঝঝিয়া পারমাণবিক বিদ্যুৎকেন্দ্রের দুটি সরবরাহ লাইনের একটি ক্ষতিগ্রস্ত হয়েছে বলে ফেসবুক পোস্টে জানিয়েছেন ইউক্রেনের জ্বালানিমন্ত্রী জেরমান গালুশচেঙ্কো ইউক্রেনের আণবিক শক্তি সংস্থা বলেছে এ পরিস্থিতি খুবই ভয়ংকর এবং যেকোনো মুহূর্তে জরুরি পরিস্থিতি তৈরির ঝুঁকি বাড়াতে পারে জাপোরিঝঝিয়া পারমাণবিক বিদ্যুৎকেন্দ্র ইউরোপের সর্ববৃহৎ পারমাণবিক বিদ্যুৎকেন্দ্র ২০২২ সালের ফেব্রুয়ারিতে ইউক্রেনে হামলা শুরুর পর বিদ্যুৎকেন্দ্রটি দখল করে নেন রুশ সেনারা ইউক্রেনের বিদ্যুৎ সরবরাহকারী সংস্থার বরাত দিয়ে বার্তা সংস্থা এএফপি জানিয়েছে রাতে আকাশপথে রাশিয়ার হামলায় সাতটি অঞ্চলে বিদ্যুৎ সরবরাহ বন্ধ হয়ে যায় এ হামলায় অনেক বিদ্যুৎ স্থাপনা ক্ষতিগ্রস্ত হয়েছে রাষ্ট্রায়ত্ত প্রতিষ্ঠান ইউক্রেনার্গো টেলিগ্রামে দেওয়া এক পোস্টে বলেছে কয়েক ডজন বিদ্যুৎ স্থাপনা ক্ষতিগ্রস্ত হয়েছে সাতটি অঞ্চল ব্ল্যাকআউটের কবলে পড়েছে ইউক্রেনের প্রেসিডেন্ট ভলোদিমির জেলেনস্কি বলেছেন কয়েক ধরনের ৯০টি ক্ষেপণাস্ত্র এবং ইরানের তৈরি ৬০টি ড্রোন ব্যবহার করে বৃহস্পতিবার রাতে বড় ধরনের হামলা চালিয়েছে রাশিয়া জেলেনস্কি বলেন যতটুকু সম্ভব রুশ সন্ত্রাসীদের হামলার লক্ষ্যবস্তু বিশ্ববাসী স্পষ্ট দেখতে পাচ্ছেনবিদ্যুৎকেন্দ্র জ্বালানি সরবরাহ লাইন জলবিদ্যুৎ বাঁধ সাধারণ আবাসিক ভবন এমনকি বৈদ্যুতিক বাসেও হামলা চালানো হচ্ছে ইউক্রেনের স্বরাষ্ট্র মন্ত্রণালয় জানিয়েছে এসব হামলায় কমপক্ষে দুজন নিহত হয়েছেন আহত হয়েছেন ১৪ জন নিখোঁজ রয়েছেন আরও তিনজন এ হামলার পর আবারও পশ্চিমা দেশগুলোর কাছে অস্ত্র সরবরাহের আহ্বান জানিয়েছেন ইউক্রেনের প্রেসিডেন্ট তিনি বলেন অস্ত্রসহায়তা আমাদের দেশে আসতে যতটা বিলম্ব করছে রাশিয়ার ক্ষেপণাস্ত্র কিন্তু ততটা বিলম্ব করছে না জেলেনস্কি বলেন জনগণ স্থাপনা বাড়িঘর এবং বাঁধ রক্ষায় আমাদের আকাশ প্রতিরক্ষাব্যবস্থা প্রয়োজন আমাদের ঠিক কী প্রয়োজন তা আমাদের অংশীদারেরা জানে তারা নিশ্চিতভাবে আমাদের সাহায্য করতে পারে মস্কোর এই অমানুষদের হাত থেকে অবশ্যই জীবন বাঁচাতে হবে এর আগে বুধবার রাতে রাজধানী কিয়েভেও বড় ধরনের হামলা চালিয়েছিল রাশিয়া এদিন ৩১টি ক্ষেপণাস্ত্র ভূপাতিত করার দাবি করে ইউক্রেনের সশস্ত্র বাহিনী ভূপাতিত হওয়া ক্ষেপণাস্ত্রের ধ্বংসাবশেষ পড়ে কয়েকজন আহত হয়েছেন বলেও জানানো হয়েছে,1
আওয়ামী লীগের সাধারণ সম্পাদক এবং সড়ক পরিবহন ও সেতুমন্ত্রী ওবায়দুল কাদের বলেছেন বিএনপি জনগণ ও পুলিশকে এখন তাদের প্রতিপক্ষ হিসেবে দাঁড় করিয়েছে গায়ে পড়ে সংঘাতে জড়ানোর অপচেষ্টাও করছে বিএনপি আজ রোববার সকালে সিরাজগঞ্জ জেলার তাড়াশ উপজেলা আওয়ামী লীগের সম্মেলনে প্রধান অতিথির বক্তব্যে তিনি এসব কথা বলেন ওবায়দুল কাদের রাজধানী ঢাকার সরকারি বাসভবন থেকে ভিডিও কনফারেন্সের মাধ্যমে সম্মেলনে যুক্ত হন আওয়ামী লীগের সাধারণ সম্পাদক বলেন বিএনপির অপরাজনীতির ষোলো আনাই জনগণ এখন বুঝে ফেলছে তারা জনগণ ও পুলিশকে তাদের প্রতিপক্ষ হিসেবে দাঁড় করিয়েছে গায়ে পড়ে সংঘাতে জড়ানোর অপচেষ্টাও করছে বিএনপি আওয়ামী লীগ কখনো ষড়যন্ত্র করে না বরং বারবার ষড়যন্ত্রের শিকার হয়েছে জানিয়ে ওবায়দুল কাদের বলেন গণতান্ত্রিক ব্যবস্থায় ভোটের মাধ্যমেই সরকার পরিবর্তন হবে সময় হলেই সংবিধান অনুযায়ী নির্বাচন হবে জনগণ যে রায় দেবে তা মেনে নেওয়ার সৎ সাহস শেখ হাসিনার আছে আওয়ামী লীগের সাধারণ সম্পাদক বলেন দেশ যখন উন্নয়নের দিকে এগিয়ে যাচ্ছে তখন একটি অশুভ মহল ষড়যন্ত্রে মেতে উঠেছে আন্দোলন ও নির্বাচনে ধারাবাহিক ব্যর্থতার পর তারা এখন দেশে বিদেশে ষড়যন্ত্রের ঝুলি খুলে বসেছে দেশে এখন এমন কোনো আন্দোলনের ইস্যু নেই জানিয়ে তিনি বলেন প্রধানমন্ত্রী শেখ হাসিনার জনমুখী রাজনীতি বিএনপিকে আন্দোলনের ইস্যুসংকটে ফেলেছে আওয়ামী লীগের সাধারণ সম্পাদক বলেন যেসব জেলা উপজেলা থানা ইউনিয়ন ও ওয়ার্ডে কমিটি মেয়াদোত্তীর্ণ হয়েছে সেসব এলাকায় কেন্দ্রের নির্দেশনা অনুযায়ী সম্মেলনের মাধ্যমে কমিটি করতে হবে নিজের অবস্থান ভারী করার জন্য নিজস্ব লোক দিয়ে কমিটি গঠন করা যাবে না উল্লেখ করে ওবায়দুল কাদের বলেন দলকে শক্তিশালী করতে হলে ত্যাগী কর্মীদের এগিয়ে আনতে হবে তাড়াশ উপজেলা আওয়ামী লীগের সভাপতি আবদুল হকের সভাপতিত্বে আওয়ামী লীগের সাংগঠনিক সম্পাদক এস এম কামাল হোসেন স্বাস্থ্যবিষয়ক সম্পাদক রোকেয়া সুলতানা জেলা আওয়ামী লীগের ভারপ্রাপ্ত সভাপতি হোসেন আলী হাসান ভারপ্রাপ্ত সাধারণ সম্পাদক আবদুস সামাদ সাংসদ তানভীর শাকিল জয় সাংসদ আবদুল আজিজ সাবেক সাংসদ বীর মুক্তিযোদ্ধা আমজাদ হোসেন প্রমুখ বক্তব্য দেন সম্মেলন পরিচালনা করেন তাড়াশ উপজেলা আওয়ামী লীগের সাধারণ সম্পাদক সঞ্জিত কর্মকার,1
আমেরিকান ইন্টারন্যাশনাল ইউনিভার্সিটিবাংলাদেশ এআইইউবি কম্পিউটার ক্লাবের এসিসি আয়োজনে এবং অফিস অব স্টুডেন্ট অ্যাফেয়ার্সের সহযোগিতায় এআইইউবি সাইবার গেমিং ফেস্ট২০২৫ অনুষ্ঠিত হয়েছে চার দিনের এ আয়োজন চলে ১৯ থেকে ২২ ডিসেম্বর ২০২৫ পর্যন্ত এতে দেশের বিভিন্ন স্কুল কলেজ ও বিশ্ববিদ্যালয়ের শিক্ষার্থীরা অংশগ্রহণ করেন উদ্বোধনী ও বিভিন্ন পর্বের অনুষ্ঠানে উপস্থিত ছিলেন এআইইউবির সহউপাচার্য অধ্যাপক মো আবদুর রহমান প্রক্টর অধ্যাপক মঞ্জুর এইচ খান অফিস অব স্টুডেন্ট অ্যাফেয়ার্সের বিশেষ সহকারী ও সহযোগী অধ্যাপক অভিজিৎ ভৌমিক সহকারী অধ্যাপক ও অফিস অব স্টুডেন্ট অ্যাফেয়ার্সের বিশেষ সহকারী মো মাজেদউলহক এবং প্রভাষক ও বিশেষ সহকারী এস এম আবদুল্লাহ শাফি অনলাইন ও অনক্যাম্পাস প্রতিযোগিতার সমন্বয়ে আয়োজিত এই উৎসবে এআইইউবি ক্যাম্পাস রূপ নেয় এক প্রাণবন্ত ও প্রতিযোগিতামূলক ক্রীড়াঙ্গনে আয়োজনের সহযোগী ও পৃষ্ঠপোষক হিসেবে যুক্ত ছিল কিয়ানস কালেক্টিবলস ইকুইপমেন্ট স্পনসর এমএসআই টেক স্পনসর সিটি ব্যাংক বেসিক স্পনসর ও লিংক থ্রি ইন্টারনেট পার্টনার মিডিয়া পার্টনার হিসেবে ছিল ডেইলি সান দ্য ডেইলি যুগান্তর ও ডিবিসি নিউজ ম্যাগাজিন পার্টনার হিসেবে যুক্ত ছিল কিশোর আলো পাবজি মোবাইল প্রতিযোগিতায় অনলাইন কোয়ালিফায়ার পর্বে ৫১টি দল অংশ নেয় সেখান থেকে ৩২টি দল সেমিফাইনালে এবং পরবর্তীকালে ১৬টি দল ক্যাম্পাস ফাইনালে উত্তীর্ণ হয় চূড়ান্ত দিনে অনুষ্ঠিত চারটি ম্যাচ শেষে ব্ল্যাকবিয়ার্ড পাইরেটস চ্যাম্পিয়ন হওয়ার গৌরব অর্জন করে ভ্যালোরান্ট বিভাগে অনলাইন লোয়ারব্র্যাকেট ও ক্যাম্পাসে ল্যান ম্যাচ অনুষ্ঠিত হয় লোয়ারব্র্যাকেট থেকে উঠে এসে অলস্টারস দল গ্র্যান্ড ফাইনালে ন্যাক্সআর ইস্পোর্টসের মুখোমুখি হয় তিন ম্যাচের ফাইনালে শেষ পর্যন্ত অলস্টারস চ্যাম্পিয়নশিপ নিশ্চিত করে এ ছাড়া উৎসবে মোবাইল লেজেন্ডস ব্যাং ব্যাং এমএলবিবি এফসি ২৫ ও ইফুটবল প্রতিযোগিতা অনুষ্ঠিত হয় এমএলবিবি বিভাগে ভাইপার স্ট্রাইকার্স এফসি ২৫এ নিও ইফুটবল একক বিভাগে শাওন শান্ত এবং দলীয় বিভাগে পিএনজি বট চ্যাম্পিয়ন হয় সমাপনী অনুষ্ঠানে উপস্থিত ছিলেন এআইইউবির বোর্ড অব ট্রাস্টিজের চেয়ারম্যান ও প্রতিষ্ঠাতা সদস্য নাদিয়া আনোয়ার উপাচার্য অধ্যাপক সাইফুল ইসলাম এবং সহউপাচার্য অধ্যাপক মো আবদুর রহমান বক্তারা আয়োজনের ব্যাপ্তি পেশাদার ব্যবস্থাপনা ও প্রতিযোগিতামূলক গেমিংয়ের মাধ্যমে শিক্ষার্থীদের দক্ষতা ও প্রযুক্তিগত সক্ষমতা বৃদ্ধির গুরুত্ব তুলে ধরেন অনুষ্ঠানের শেষে বিজয়ীদের ভেতর অর্থ পুরস্কার ও ক্রেস্ট বিতরণ করা হয় পাশাপাশি তিনজন সেরা ক্যাম্পাস অ্যাম্বাসেডর এবং এআইইউবি ফটোগ্রাফি ক্লাব এআইইউবি ইস্পোর্টস ক্লাব ও এআইইউবি পারফর্মিং আর্টস ক্লাবকে বিশেষ সম্মাননা প্রদান করা হয়,1
ঢাকা মেডিকেল কলেজ হাসপাতালের গাইনি বিভাগ থেকে এক নবজাতক চুরি হয়েছে মঙ্গলবার ৪ জুন বিকালে এ চুরির ঘটনা ঘটে পুলিশ বলছে সুখি বেগম নামের এক নারী আজ সকাল ৭টার দিকে যমজ কন্যাসন্তান জন্ম দেন দুধ খাওয়ানো ও সহযোগিতা করার কথা বলে এক নারী এক নবজাতককে চুরি করে নিয়ে যান ঢাকা মেডিকেল কলেজ পুলিশ ফাঁড়ির পরিদর্শক বাচ্চু মিয়া বলেন গতকাল সোমবার প্রসবের ব্যথা নিয়ে সুখি বেগমকে হাসপাতালে ভর্তি করা হয় আজ সকালে ওই নারী যমজ কন্যাসন্তানের জন্ম দেন পরে হাসপাতাল থেকে এক নারী কমলা রঙের ওড়না পরিহিত একটি বাচ্চা চুরি করে নিয়ে গেছেন ক্লোজ সার্কিট ক্যামেরা সিসিটিভি দেখে চোরকে গ্রেপ্তারের চেষ্টা চলছে পুলিশ সূত্র জানায় দুই নবজাতক তাদের দাদি হাসিনা বেগম ও বাবা শরিফুলের কাছে ছিল সহযোগিতা করার কথা বলে বাবার কাছ থেকে এক নারী বাচ্চাটিকে কোলে নেন কিছু সময় তার কাছে রাখেন এভাবে দাদি ও বাবার সঙ্গে সম্পর্ক গড়ে তোলেন একসময় তাদের চোখ ফাঁকি দিয়ে এক শিশুকে নিয়ে আনসারদের নিরাপত্তাবেষ্টনী পার হয়ে পালিয়ে যান চুরি হয়ে যাওয়া শিশুটির বাবা শরিফুল ইসলাম বলেন মহিলা ওয়ার্ডের গেটে এক নারীর সঙ্গে তার পরিচয় হয় পুরুষদের ওই ওয়ার্ডে যেতে দেওয়া হয় না এই সুযোগে ওই নারী বাচ্চাকে নিয়ে মায়ের কাছ থেকে দুধ খাওয়ানোর কথা বলে পালিয়ে যান সুখি কুষ্টিয়া জেলার কুমারখালী উপজেলার বাঁশগ্রামের বাসিন্দা তার স্বামী শরিফুল ইসলাম ট্রাকচালকের সহকারী বর্তমানে তারা ধামরাই কালামপুরে থাকেন,0
চট্টগ্রাম বিশ্ববিদ্যালয়ের চবি জন্মদিন উদযাপন করা হয়েছে এতে বক্তব্য রাখেন চবি বঙ্গবন্ধু চেয়ার অধ্যাপক ড মুনতাসির মামুন উপাচার্য অধ্যাপক ড শিরীণ আখতারের সভাপতিত্বে এতে প্রধান অতিথি ছিলেন তথ্য ও সম্প্রচারমন্ত্রী ড হাসান মাহমুদ মুখ্য আলোচক হিসেবে ড মুনতাসির মামুন তার বক্তব্যে বলেন ঢাকা বিশ্ববিদ্যালয় এবং বাংলাদেশ আন্দোলন একসাথে বিকশিত হয়েছে তৎকালীন শাসকের ভয় ছিল যে বিশ্ববিদ্যালয়গুলোও যদি আন্দোলনে সম্পৃক্ত হয় তাহলে রাজনীতি শাসকদের নিয়ন্ত্রণে আর থাকবে না বিশ্ববিদ্যালয়ে সব দলমতের মানুষ আসবে এবং যুক্তির মাধ্যমে নিজেকে বিকশিত করবে বিশ্ববিদ্যালয় বিভিন্ন মতকে আহ্বান করে তিনি বলেন বিশ্ববিদ্যালয় সরকার দ্বারা নিয়ন্ত্রিত হলে সেটি আর বিশ্ববিদ্যালয় থাকে না এটি বঙ্গবন্ধু অনুধাবন করেছিলেন তাই তিনি দেশ স্বাধীন হওয়ার পর বিশ্ববিদ্যালয়ের স্বায়ত্তশাসন দেন দেওয়ার পরপর তিনি অধ্যাপক আব্দুর রাজ্জাককে বলেন স্যারশ স্বায়ত্তশাসন তো দিলাম আপনারা কি রক্ষা করতে পারবেন আমি বিশ্ববিদ্যালয়ের সাথে পঞ্চাশ বছর যুক্ত আমি ভেতর থেকেই বলতে চাই আমরা তা রক্ষা করতে পারিনি তিনি বলেন বিশ্ববিদ্যালয়কে স্বায়ত্তশাসন দেওয়া হয়েছে আদর্শ স্থাপন করার জন্য এই আদর্শ নিয়ে অন্যান্য স্বায়ত্তশাসিত প্রতিষ্ঠানগুলো চলবে তিনি আরো বলেন বিশ্ববিদ্যালয়কে সাহসের সাথে কিছু সিদ্ধান্ত নেওয়া উচিৎ বিশ্ববিদ্যালয়ের সকল পর্যায়ে বিকেন্দ্রীকরণ থাকবে কিন্তু সর্ব পর্যায়ের নির্বাচন বন্ধ করা উচিৎ কারণ একজন ডিন যখন নির্বাচনে দাঁড়ান তখন তিনি নবনিযুক্ত একজন লেকচারের কাছে ভোট চাইতে হয় মিনতি করতে হয় যে আমাকে ভোট দেন পরবর্তীতে এই লেকচারার এই ডিনকে আর সেভাবে মানতে চান না সিনিয়র জুনিয়র শিক্ষকদের যে একটা অদৃশ্য হায়ারার্কি থাকে তা হারিয়ে যায় তাই আগের প্রথা যা সিনিয়রিটির দ্বারা করা হতো সেটিই ভালো এবং প্রয়োজন,1
চতুর্থ ধাপে দেশের তিন শতাধিক পৌরসভার মধ্যে ৫৬টিতে ভোট হবে আগামী ১৪ ফেব্রুয়ারি রোববার ইসির সিনিয়র সচিব মো আলমগীর এ তফসিল ঘোষণা করেন তফসিল অনুযায়ী রিটার্নিং কর্মকর্তার কাছে মনোনয়নপত্র দাখিল শুরু হবে ১৭ জানুয়ারি বাছাই ১৯ জানুয়ারি প্রত্যাহারের শেষ সময় ২৬ জানুয়ারিএর আগে প্রথম ধাপের তফসিলের ২৫টি পৌরসভায় ইভিএমে ভোট হবে ২৮ ডিসেম্বর দ্বিতীয় ধাপের ৬১ পৌরসভায় নির্বাচন হবে ১৬ জানুয়ারি আর তৃতীয় ধাপে ৬৪টি পৌরসভায় ৩০ জানুয়ারি নির্বাচন অনুষ্ঠিত হবেদেশে মোট পৌরসভা রয়েছে ৩২৯টি আইন অনুযায়ী মেয়াদ শেষের আগের ৯০ দিনের মধ্যে স্থানীয় সরকারের এ প্রতিষ্ঠানে ভোট করতে হয় স্থানীয় সরকার আইন সংশোধনের পর ২০১৫ সালে প্রথম দলীয় প্রতীকে ভোট হয় পৌরসভায় সেবার ২০টি দল নির্বাচনে অংশ নেয়,0
শেয়ারদর কারসাজির দায়ে উদ্যোক্তাপরিচালকদের পরিবারের সদস্যদের বড় অঙ্কের জরিমানা আরোপের পর তালিকাভুক্ত ওরিয়ন ইনফিউশন কোম্পানির শেয়ারদর গত দুদিনে উল্লেখযোগ্য হারে বেড়েছে সমাপনী মূল্যের হিসাবে দুদিনে দর বেড়েছে ১০ শতাংশ তবে বুধবারের সর্বনিম্ন দর বিবেচনায় বেড়েছে ২০ শতাংশের বেশি ২০২২ সালের ২১ জুন থেকে ১২ অক্টোবর সময়কালে শেয়ারটির দর মাত্র ৮০ থেকে ৯৮৭ টাকায় ওঠে অস্বাভাবিক দর বৃদ্ধির ঘটনায় যে তদন্ত হয়েছিল তার ভিত্তিতে গত মঙ্গলবার বিকন ফার্মার এমডি এবাদুল করিমকে ১৩ কোটি ১৫ লাখ টাকা তাঁর পরিবারসংশ্লিষ্টসহ ৯ ব্যক্তি ও প্রতিষ্ঠানকে মোট ৬০ কোটি ২১ লাখ টাকা জরিমানা করার সিদ্ধান্ত জানিয়েছে নিয়ন্ত্রক সংস্থা বিএসইসি পর্যালোচনায় দেখা গেছে জরিমানা আরোপের পর গত বুধবার শেয়ারটি সর্বনিম্ন ২৬৫ টাকায় কেনাবেচা হয়েছিল তবে ওই দিনই লেনদেনের মাঝে হঠাৎ দর বাড়তে থাকে এবং সর্বোচ্চ ৩০০ টাকায় কেনাবেচা হয় গতকাল ৩২০ টাকায় কেনাবেচা শুরু হয়েছিল তবে শেয়ার বিক্রির চাপে প্রথম আধা ঘণ্টার মধ্যে ৩০০ টাকার নিচে কিছু শেয়ার কেনাবেচা হয় তবে ফের ক্রয় চাপে দিনের সর্বোচ্চ দরে ওঠে এমনকি সাড়ে চার ঘণ্টার লেনদেনের শেষ তিন ঘণ্টায় বিক্রেতাশূন্য অবস্থা তৈরি হয় নতুন করে কেউ আগ্রাসীভাবে শেয়ার কিনে দর চড়িয়েছে কয়েকটি ব্রোকারেজ হাউসের কর্মকর্তাদের কাছ থেকে এমন ধারণা মিলেছে কয়েকদিন ধরে সার্বিকভাবে ঢাকার শেয়ারবাজারের লেনদেন কমলেও বুধবারের তুলনায় ৪৭ কোটি টাকার লেনদেন বেড়ে ৩৫১ কোটি ৫৯ লাখ টাকায় উঠেছে এ ক্ষেত্রেও ওরিয়ন ইনফিউশনের লেনদেনের প্রভাব ছিল সবচেয়ে বেশি গতকাল এ কোম্পানির মোট ৮৩ কোটি ৬৪ লাখ টাকার শেয়ার কেনাবেচা হয়েছে যা মোট লেনদেনের প্রায় ২৪ শতাংশ এর মধ্যে মূল বা পাবলিক মার্কেটে ১৬ কোটি ৮৯ লাখ টাকার এবং ব্লক মার্কেটে ৬৬ কোটি ৭৬ লাখ টাকার শেয়ার কেনাবেচা হয়েছে ওরিয়ন ইনফিউশন ছাড়াও গতকাল আরও তিন কোম্পানির শেয়ার দিনের সার্কিট ব্রেকার নির্ধারিত সর্বোচ্চ দরে কেনাবেচা হয়েছে অ্যাসোসিয়েটেড অক্সিজেন এমারেল্ড অয়েল এবং মেট্রো স্পিনিং এসব শেয়ারের দর সাড়ে ৯ থেকে প্রায় ১০ শতাংশ পর্যন্ত বেড়েছে গুটিকয় কোম্পানির শেয়ারদর উল্লেখযোগ্য হারে বাড়লেও টানা ষষ্ঠ দিনে বেশির ভাগ কোম্পানির শেয়ার দর হারিয়েছে ডিএসইতে এদিন তালিকাভুক্ত ৩৯৭ কোম্পানির শেয়ার ও মিউচুয়াল ফান্ডের মধ্যে ৩৯১টির কমবেশি কেনাবেচা হয়েছে এর মধ্যে দর বেড়েছে ১০২টির কমেছে ১৯৬টির এবং অপরিবর্তিত থেকেছে ৯১টির দর অধিকাংশ কোম্পানির শেয়ারদর কমায় প্রধান মূল্যসূচক ডিএসইএক্স ১৯ পয়েন্ট হারিয়ে ৫১০৫ পয়েন্টে নেমেছে এ নিয়ে গত ছয় দিনে সূচকটি প্রায় ১৩৩ পয়েন্ট হারিয়েছে,1
সম্প্রতি নিয়োগ বিজ্ঞপ্তি প্রকাশ করেছে বেসরকারি আইএফআইসি ব্যাংক পিএলসি ব্যাংকটিতে ট্রানজেকশন সার্ভিস অফিসার পদে কর্মী নিয়োগ দেওয়া হবে আগ্রহী প্রার্থীদের অনলাইনে আবেদন করতে হবে পদের নাম ট্রানজেকশন সার্ভিস অফিসার টিএসও গ্রেড ট্রেইনি অ্যাসিস্ট্যান্ট অফিসার টিএও পদসংখ্যা অনির্ধারিত যোগ্যতা যেকোনো বিষয়ে অন্তত স্নাতক ডিগ্রি থাকতে হবে শিক্ষাজীবনের কোনো পর্যায়ে তৃতীয় শ্রেণিবিভাগ বা সমমানের জিপিএসিজিপিএ থাকা যাবে না কম্পিউটার পরিচালনায় দক্ষতা থাকতে হবে অভিজ্ঞতার প্রয়োজন নেই বয়স ১৭ মার্চ ২০২৪ তারিখে সর্বোচ্চ ৩০ বছর কর্মস্থল বাংলাদেশের যেকোনো স্থানে বেতন প্রথম এক বছর প্রবেশনকালে মাসিক বেতন ৩৬৭০০ টাকা আলোচনা সাপেক্ষে প্রবেশনকাল সফলভাবে শেষে অ্যাসিস্ট্যান্ট অফিসার হিসেবে চাকরি স্থায়ী হলে মাসিক বেতন হবে ৪৮২০০ টাকা আলোচনা সাপেক্ষে আবেদন যেভাবে আগ্রহী প্রার্থীরা নিয়োগসংক্রান্ত বিস্তারিত তথ্য এই লিংক থেকে জেনে আবেদন করতে পারবেন আবেদনের শেষ সময় ১৭ মার্চ ২০২৪,0
সাদনিমা বিনতে নোমান সাদনিমা বিনতে নোমানছবি সাদনিমার ইনস্টাগ্রাম থেকে গত বছর আলোচনায় ছিলেন তরুণ অভিনেত্রী সাদনিমা বিনতে নোমান চলতি বছরও সে ধারাবাহিকতা অব্যাহত আছে ছোট পর্দা ওটিটির পর বড় পর্দায় অভিষেক হতে যাচ্ছে এ অভিনেত্রীর শোনা যাচ্ছে মেহেদী হাসানের রাক্ষস সিনেমা দিয়ে বড় পর্দায় নাম লিখিয়েছেন তিনি সাদনিমা সাদনিমাছবি সাদনিমার ইনস্টাগ্রাম থেকে আসন্ন ঈদুল ফিতরে মুক্তির পরিকল্পনা নিয়ে রাক্ষস সিনেমার শুটিং নিয়ে ব্যস্ত পুরো টিম চলতি মাসের শুরুতেই শ্রীলঙ্কায় পাড়ি জমিয়েছে শুটিং ইউনিট রোমান্টিকঅ্যাকশন ঘরানার এই সিনেমায় প্রধান চরিত্রে অভিনয় করছেন সিয়াম আহমেদ তাঁর বিপরীতে আছেন কলকাতার অভিনেত্রী সুস্মিতা চ্যাটার্জি দুজনই শ্রীলঙ্কায় একসঙ্গে শুটিংয়ে অংশ নিয়েছেন টালিউড অভিনেত্রী সুস্মিতা চ্যাটার্জি ও ঢালিউডের সিয়াম আহমেদ টালিউড অভিনেত্রী সুস্মিতা চ্যাটার্জি ও ঢালিউডের সিয়াম আহমেদছবি  পরিচালকের সৌজন্যে এরই মধ্যে জানা গেছে ছবিতে অভিনয় করতে দেখা যাবে সাদনিমাকে এ অভিনেত্রী শ্রীলঙ্কায় উড়াল দেন ১৪ জানুয়ারি সেখানে নিজের অংশের শুটিং শেষ করে দেশে ফিরেছেন তিনি দেশটিতে জন্মদিনও পালন করেন সাদনিমা তবে বিষয়টি নিয়ে পরিচালক বা তাঁর টিম এখনো আনুষ্ঠানিকভাবে কোনো মন্তব্য করতে রাজি হয়নি অভিনেত্রীও বিষয়টি এড়িয়ে গেছেন ছবির নির্মাতা মেহেদী হাসানকে হোয়াটসঅ্যাপে কল ও বার্তা পাঠালেও উত্তর আসেনি সাদনিমাও এ বিষয়ে কথা বলেননি আরও পড়ুন শ্রীলঙ্কা ও মালয়েশিয়া দিয়ে শেষ হবে ঢালিউডের রাক্ষস ০৮ জানুয়ারি ২০২৬ শ্রীলঙ্কা ও মালয়েশিয়া দিয়ে শেষ হবে ঢালিউডের রাক্ষস শ্রীলঙ্কায় ড্রামা অংশের দৃশ্যধারণের পাশাপাশি একটি গুরুত্বপূর্ণ অ্যাকশন দৃশ্যের শুটিংও ইতিমধ্যে সম্পন্ন হয়েছে বাকি কিছু দৃশ্যের শুটিং শেষে ৩০ জানুয়ারি পুরো টিমের দেশে ফেরার কথা রয়েছে গত বছরটা সাদনিমার মনে রাখার মতো ভালোবাসা দিবসে মনেরই রঙে রাঙিয়ে নাটকে পার্শ্বচরিত্রে অভিষেক নাটকটিতে জুঁই চরিত্রে অভিনয় করে নির্মাতা পার্থ সরকারের নজরে আসেন এই নির্মাতা পরে সাদনিমাকে নিয়ে তৈরি করেন গোল্ডফিশ নাটকটির সুবাদে প্রধান অভিনেত্রী হিসেবে সুযোগ মেলে চরকি অরিজিনাল ওয়েব সিনেমা লিটল মিস ক্যাওসএ ইরা চরিত্রে কাজ করে প্রশংসা পেয়েছেন তিনি প্রথম আলোর খবর পেতে গুগল নিউজ চ্যানেল ফলো করুন ঢালিউড থেকে আরও পড়ুন সিয়ামতরুণ অভিনয়শিল্পীঢালিউডঢাকাই সিনেমা ঢালিউড নিয়ে আরও পড়ুন মৃত্যুর পর জাভেদের সম্মাননা প্রত্যাখ্যান করলেন স্ত্রী ২৩ জানুয়ারি ২০২৬ মৃত্যুর পর জাভেদের সম্মাননা প্রত্যাখ্যান করলেন স্ত্রী শাবানাববিতাসুচরিতাদের নাচের গুরু তিনি ২২ জানুয়ারি ২০২৬ শাবানাববিতাসুচরিতাদের নাচের গুরু তিনি মাহিজয়ের যুক্তরাষ্ট্রের গ্রিন কার্ড না হওয়ার কারণ ২২ জানুয়ারি ২০২৬ মাহিজয়ের যুক্তরাষ্ট্রের গ্রিন কার্ড না হওয়ার কারণ জাভেদের মৃত্যুতে শাকিব খানের আবেগঘন মন্তব্য ২১ জানুয়ারি ২০২৬ জাভেদের মৃত্যুতে শাকিব খানের আবেগঘন মন্তব্য,1
আমেরিকার টেক্সাসে আরও একটি ডেটা সেন্টার নির্মাণের ঘোষণা দিয়েছে মার্ক জাকারবার্গের প্রতিষ্ঠান মেটা বুধবার ১৫ অক্টোবর ফেসবুক ইনস্টাগ্রামের মালিক প্রতিষ্ঠানটি জানিয়েছে টেক্সাস অঙ্গরাজ্যের এল পাসোতে নতুন একটি ডেটা সেন্টার তৈরিতে ১ দশমিক ৫ বিলিয়ন ডলার বিনিয়োগ করবে তাঁরা বাংলাদেশি মুদ্রায় অর্থের অঙ্কটা ১৮ হাজার কোটি টাকার বেশি সারা বিশ্বে এটি হতে যাচ্ছে মেটার ২৯তম ডেটা সেন্টার আর টেক্সাসে তৃতীয় কৃত্রিম বুদ্ধিমত্তা বা এআই প্রযুক্তি খাতে ক্রমবর্ধমান চাহিদা মেটাতে নিজেদের পরিকাঠামো উন্নয়নের অংশ হিসেবেই ডেটা সেন্টার তৈরিতে বিলিয়ন বিলিয়ন ডলার বিনিয়োগ করছে মেটা ঠিক যেমনটা করছে মাইক্রোসফট অ্যামাজন ওপেনএআইর মতো শীর্ষস্থানীয় এআই প্রতিষ্ঠানগুলো বিশ্বব্যাপী এআই প্রযুক্তির উন্নয়নের সাথে সাথে বাড়ছে এর ব্যবহারের পরিধিও স্বাভাবিকভাবেই তাই বৃদ্ধি পাচ্ছে এর চাহিদা ক্রমবর্ধমান এই চাহিদা মেটাতেই বড় বড় প্রযুক্তি প্রতিষ্ঠানগুলো নিজেদের ডেটা সেন্টার সক্ষমতা বাড়াতে বিশাল অঙ্কের অর্থ বিনিয়োগ করছে এ খাতে টেক্সাসের এল পাসোতে নির্মিতব্য নতুন ডেটা সেন্টারটি ২০২৮ সালে চালু হবে বলে আশা করছে মেটা সেন্টারটি ১ গিগাওয়াট পর্যন্ত বিদ্যুৎ ব্যবহার করতে সক্ষম হবে বলে জানিয়েছে তাঁরা এই পরিমাণ বিদ্যুৎ দিয়ে সান ফ্রান্সিসকোর মতো শহরের এক দিনের বিদ্যুতের সংস্থান সম্ভব সার্বিকভাবে এটি হতে যাচ্ছে আমেরিকার সবচেয়ে বড় ডেটা সেন্টারগুলোর একটি অ্যামাজন অ্যালফাবেট মেটা এবং মাইক্রোসফটের দাবি অনুযায়ী ২০২৫ সালে তাঁরা এআই খাতে ৩৬০ বিলিয়ন ডলারের বেশি খরচ করবে এই বিনিয়োগের সিংহভাগই ডেটা সেন্টার সক্ষমতা বাড়াতে খরচ করবে প্রতিষ্ঠানগুলো আরও দেখুন  স্বাস্থ্য বীমা এক বিবৃতিতে মেটা জানিয়েছে এল পাসোতে নির্মিতব্য নতুন ডেটা সেন্টারটি চালু হলে সেখানে ১০০ জন কর্মীর কর্মসংস্থান হবে এবং এটির নির্মাণকাজ যখন পুরোদমে চলবে তখন এখানে ১৮ শরও বেশি নির্মাণকর্মী কাজ করবে শক্তিশালী বৈদ্যুতিক গ্রিড এবং দক্ষ কর্মীর সহজলভ্যতার জন্যই ডেটা সেন্টারটির নির্মাণস্থান হিসেবে এল পাসোকে বেছে নেওয়া হয়েছে বলে বিবৃতিতে উল্লেখ করা হয়েছে উল্লেখ্য সাম্প্রতিক বিনিয়োগসহ এখন পর্যন্ত টেক্সাসে ১০ বিলিয়ন ডলারের বেশি বিনিয়োগ করেছে মেটা বিনিয়োগের পাশাপাশি অঙ্গরাজ্যটিতে এখন পর্যন্ত ২ হাজার ৫০০ জনেরও বেশি লোক নিয়োগ করেছে ক্যালিফোর্নিয়াভিত্তিক প্রতিষ্ঠানটি পরিবেশের ওপর ডেটা সেন্টারের বিরুপ প্রভাবের কথা মাথায় রেখেই মেটা বলেছে যে এল পাসোর ডেটা সেন্টারটিতে শতভাগ নবায়নযোগ্য বিদ্যুৎ ব্যবহার করা হবে এর ক্লোজডলুপ লিকুইড কুলিং সিস্টেম ক্রমাগতভাবে পানি পুনর্ব্যবহার করবে মেটার প্রতিশ্রুতি অনুযায়ী স্থানীয় উৎস থেকে ডেটা সেন্টারটি যে পরিমাণ পানি ব্যবহার করবে এর দ্বিগুণ পরিমাণ পানি তাঁরা জলাধারগুলোতে ফিরিয়ে দেবে উল্লেখ্য মেটার দীর্ঘমেয়াদি লক্ষ্য হচ্ছে ২০৩০ সালের মধ্যে বিশ্বব্যাপী তাঁদের ডেটা সেন্টারগুলোতে যে পরিমাণ পানি ব্যবহৃত হবে তার চেয়ে বেশি পানি পরিবেশে ফিরিয়ে দেওয়া,1
কাতার ফুটবল বিশ্বকাপের জন্য তৈরি করা হয়েছে পরিবহনযোগ্য স্টেডিয়াম যা বিশ্বকাপ শেষে বিশ্বের যেকোনো প্রান্তে স্থাপন করা যাবে কর্তৃপক্ষের দাবি এটিই বিশ্বে প্রথম এই ধরনের স্টেডিয়াম একসাথে ৪০ হাজার দর্শক এই স্টেডিয়ামের গ্যালারিতে বসে ম্যাচ উপভোগ করতে পারবেন ২০২২ সালে কাতার ফুটবল বিশ্বকাপের এই স্টেডিয়ামের নাম নাইন সেভেন ফোর কাতারের আন্তর্জাতিক ফোন কোড  থেকেই এর নামকরণ করা হয়েছে এছাড়াও স্টেডিয়ামটি স্থাপন করতে দরকার হয়েছে ৯৭৪টি শিপিং কন্টেইনার স্পেনের স্থপতি মার্ক ফেনউইকের নকশায় এতে ব্যবহার করা হয়েছে অব্যবহৃত শিপিং কন্টেইনার কাতারের স্টেডিয়াম নাইন সেভেন ফোর স্টেডিয়ামের নকশাকার মার্ক ফেনউইক জানান আমরা পুরো মাঠটি সাজিয়েছি শিপিং কন্টেইনার দিয়ে প্রত্যেকটি কন্টেইনারকে একেকটি কাঠামোয় রূপ দেয়া হয়েছে যেমন টয়লেট কিংবা ক্যামেরাম্যানদের জন্য বিশেষ জায়গা ইত্যাদি বলা হচ্ছে এটিই প্রথম কোনো পরিবহনযোগ্য স্টেডিয়াম যা বিশ্বের যেকোনো প্রান্তে স্থাপন করা যাবে তিনি আরো জানান আমার মনে হয় বিশ্বকাপ শেষ হওয়ার পর এই স্টেডিয়ামের কাতারে আর খুব একটা দরকার নেই তাই এমন একটি ভিন্নরকমের মাঠের নকশা তৈরি করেছি যা বিশ্বকাপ শেষে আবারো কাজে লাগানো যাবে আমি চেয়েছিলাম মাঠটি হোক কয়েকভাগে বিভক্ত ও পরিবহনযোগ্য বিশেষ এই স্টেডিয়ামটিতে রয়েছে ৪০ হাজার দর্শকধারণ ক্ষমতা কাতার কর্তৃপক্ষ জানিয়েছে বিশ্বকাপ শেষে স্বল্পোন্নত কোনো দেশ এই স্টেডিয়াম ব্যবহার করতে চাইলে তাদের তা দেয়া হবে এরইমধ্যে স্টেডিয়ামটির কার্যকারিতা পরীক্ষা করে দেখা হয়েছে,1
সম্প্রতি নিয়োগ বিজ্ঞপ্তি প্রকাশ করেছে বেসরকারি আইএফআইসি ব্যাংক পিএলসি ব্যাংকটিতে ট্রানজেকশন সার্ভিস অফিসার পদে কর্মী নিয়োগ দেওয়া হবে আগ্রহী প্রার্থীদের অনলাইনে আবেদন করতে হবে পদের নাম ট্রানজেকশন সার্ভিস অফিসার টিএসও গ্রেড ট্রেইনি অ্যাসিস্ট্যান্ট অফিসার টিএও পদসংখ্যা অনির্ধারিত যোগ্যতা যেকোনো বিষয়ে অন্তত স্নাতক ডিগ্রি থাকতে হবে শিক্ষাজীবনের কোনো পর্যায়ে তৃতীয় শ্রেণিবিভাগ বা সমমানের জিপিএসিজিপিএ থাকা যাবে না কম্পিউটার পরিচালনায় দক্ষতা থাকতে হবে অভিজ্ঞতার প্রয়োজন নেই বয়স ১৭ মার্চ ২০২৪ তারিখে সর্বোচ্চ ৩০ বছর কর্মস্থল বাংলাদেশের যেকোনো স্থানে বেতন প্রথম এক বছর প্রবেশনকালে মাসিক বেতন ৩৬৭০০ টাকা আলোচনা সাপেক্ষে প্রবেশনকাল সফলভাবে শেষে অ্যাসিস্ট্যান্ট অফিসার হিসেবে চাকরি স্থায়ী হলে মাসিক বেতন হবে ৪৮২০০ টাকা আলোচনা সাপেক্ষে আবেদন যেভাবে আগ্রহী প্রার্থীরা নিয়োগসংক্রান্ত বিস্তারিত তথ্য এই লিংক থেকে জেনে আবেদন করতে পারবেন আবেদনের শেষ সময় ১৭ মার্চ ২০২৪,0
ত্রয়োদশ জাতীয় সংসদ নির্বাচনে জাতীয় নাগরির পার্টির এনসিপি প্রার্থী ও দলটির জ্যেষ্ঠ যুগ্ম মুখ্য সমন্বয়ক আবদুল হান্নান মাসউদের আসনে মনোনয়ন জমা দিয়েছেন তাঁর বাবা আমিরুল ইসলাম মো আবদুল মালেক ২০২৪ সালে দ্বাদশ নির্বাচনের আগে হঠাৎ আলোচনায় আসা বাংলাদেশ সুপ্রিম পার্টির বিএসপি হয়ে মনোনয়নপত্র জমা দিয়েছেন তিনি এ দলের প্রতীক একতারা গত সোমবার জেলা রিটার্নিং কর্মকর্তার কার্যালয়ে আমিরুল ইসলাম মনোনয়নপত্র জমা দেন একই দিন তাঁর ছেলে হান্নান মাসউদ নোয়াখালী৬ হাতিয়া আসনে এনসিপির দলীয় প্রার্থী হিসেবে মনোনয়ন জমা দেন এর আগে গত রোববার জামায়াতে ইসলামীর নেতৃত্বাধীন আট দলীয় জোটের সঙ্গে এনসিপি এলডিপি ও এবি পার্টির নির্বাচনী সমঝোতার ঘোষণা আসে জোটের হিসেবে এই আসনে জামায়াতে ইসলামী হান্নান মাসউদকে সমর্থন দিয়ে সরিয়ে দাঁড়াবেন এমন আলোচনা শোনা গেলেও জামায়াতের প্রার্থী শাহ মোহাম্মদ মাহফজুল হকও মনোনয়ন জমা দিয়েছেন আবার হান্নানের বাবাও প্রার্থী হয়েছেন সব মিলিয়ে এ নিয়ে ভোটারদের মাঝে কৌতূহল তৈরি হয়েছে ২০২৩ সালের জুলাইয়ে হঠাৎ রাজনৈতিক দল হিসেবে আলোচনায় আসে বিএসপি ওই মাসে এই দলকে নিবন্ধন দেওয়ার সিদ্ধান্ত জানায় নির্বাচন কমিশন এরপর ২২ জুলাই প্রথমবারের মতো রাজপথে সমাবেশ করে দলটি এ সমাবেশে দলটির চেয়ারম্যান শাহজাদা সৈয়দ সাইফুদ্দীন আহমদ মাইজভান্ডারী বলেন তত্ত্বাবধায়ক সরকারব্যবস্থা দেশের সংবিধানের সঙ্গে সাংঘর্ষিক এবং রাজনীতিবিদদের জন্য অবমাননাকর এ ছাড়া দলটির বিরুদ্ধে পারিবারিক সম্পত্তিকে দলীয় কার্যালয় হিসেবে দেখানোর অভিযোগ উঠেছিল এর পরও ওই বছরের আগস্টে দলটি নিবন্ধন পায় নিবন্ধন পাওয়ার পর থেকেই দলটির সঙ্গে আওয়ামী লীগের সংশ্লিষ্টতা রয়েছে এমন অভিযোগ ওঠে ওই বছর সেপ্টেম্বরে দলটির সমাবেশে আওয়ামী লীগ সরকারের মুক্তিযুদ্ধবিষয়কমন্ত্রী আ ক ম মোজাম্মেল হক তথ্য ও সম্প্রচারমন্ত্রী হাছান মাহমুদসহ আরও পাঁচ সংসদ সদস্য বক্তব্য দেন ২০২৪ সালের দ্বাদশ সংসদ নির্বাচনেও অংশ নেয় দলটি তবে দলটির চেয়ারম্যান জামানত হারান আসন্ন নির্বাচন উপলক্ষে আবার সক্রিয় হয়েছে দলটি চলতি বছরের ৩০ আগস্ট সুন্নি মতাদর্শী ৩টি নিবন্ধিত রাজনৈতিক দলের সমন্বয়ে বৃহত্তর সুন্নি জোট আত্মপ্রকাশ করে এ জোটে বিএসপি রয়েছে বাকি দুটি হলো বাংলাদেশ ইসলামী ফ্রন্ট ও ইসলামিক ফ্রন্ট বাংলাদেশ এ জোট থেকে ৩০০ আসনেই প্রার্থী দেওয়া হবে বলে সম্প্রতি জানিয়েছেন ইসলামী বক্তা গিয়াস উদ্দিন তাহেরী তিনি সুফিবাদী সংগঠন বাংলাদেশ আহলে সুন্নাত ওয়াল জামায়াতের কেন্দ্রীয় সাংগঠনিক সচিব বাবার মনোনয়নপত্র জমা দেওয়ার বিষয়টি স্বীকার করেন এনসিপি নেতা হান্নান মাসউদ তিনি দাবি করেন তাঁর বাবা ডামি প্রার্থী আজ বুধবার দুপুরে তিনি প্রথম আলোকে বলেন প্রাথমিকভাবে তাঁকে প্রার্থী করা হয়েছে এমন আরও ডামি প্রার্থী রয়েছে প্রত্যাহারের সময় প্রত্যাহার করে নেবেন এ বিষয়ে বক্তব্য জানতে চেয়ে হান্নান মাসউদের বাবা আমিরুল ইসলাম মো আবদুল মালেকের মুঠোফোনে একাধিকবার কল করা হলেও তিনি ধরেননি পরে সুপ্রিম পার্টির চেয়ারম্যান সাইয়েদ সাইফুদ্দিন মাইজভান্ডারী প্রথম আলোকে বলেন হান্নান মাসউদের বাবা দীর্ঘদিন ধরে তাঁদের দলের অনুসারী হাতিয়ায় তাঁদের দলের অনেক অনুসারী রয়েছেন তাই তাঁকে দল থেকে মনোনয়ন দেওয়া হয়েছে এই আসনে আরও যাঁরা জেলা রিটার্নিং কর্মকর্তার কার্যালয় সূত্রে জানা গেছে নোয়াখালী৬ আসনে ছেলে আবদুল হান্নান মাসউদ তাঁর বাবা আমিরুল ইসলাম মো আবদুল মালেক ছাড়াও প্রার্থী হয়েছেন আরও ১২ জন তাঁরা হলেন বাংলাদেশ জাতীয়তাবাদী দল বিএনপির মো মাহবুবের রহমান স্বতন্ত্র বিএনপির বিদ্রোহী তানভীর উদ্দিন উপজেলা বিএনপির সাবেক সাধারণ সম্পাদক জাতীয় পার্টির এ টি এম নাবী উল্যাহ স্বতন্ত্র বিএনপির বিদ্রোহী মোহাম্মদ ফজলুল আজিম সাবেক সংসদ সদস্য ও উপজেলা বিএনপির সাবেক সভাপতি স্বতন্ত্র শামীমা আজিম ফজলুল আজিমের স্ত্রী জাতীয় সমাজতান্ত্রিক দল জেএসডি মোহাম্মদ আবদুল মোতালেব গণ অধিকার পরিষদের জিওপি মোহাম্মদ আজাহার উদ্দিন জামায়াতে ইসলামীর শাহ মোহাম্মদ মাহফজুল হক জাতীয় পার্টির জাপা নাছিম উদ্দিন মো বায়েজীদ ইসলামী আন্দোলন বাংলাদেশের মো নুরুল ইসলাম শরীফ লিবারেল ডেমোক্রেটিক পার্টির এলডিপি মোহাম্মদ আবুল হোসেন স্বতন্ত্র মুহাম্মদ নুরুল আমীন জানতে চাইলে রিটার্নিং কর্মকর্তা ও জেলা প্রশাসক মুহাম্মদ শফিকুল ইসলাম প্রথম আলোকে বলেন একই পরিবারের দুজন প্রার্থী হওয়ার বিষয়ে কোনো আইনি বাধা নেই সে ক্ষেত্রে বাছাই প্রক্রিয়ায় সুনির্দিষ্ট কারণ ছাড়া কোনো প্রার্থীর মনোনয়নপত্র বাতিল করারও কোনো সুযোগ নেই উল্লেখ্য নোয়াখালীর ছয়টি সংসদীয় আসনে ৮৮ জন মনোনয়নপত্র সংগ্রহ করেছেন এর মধ্যে জমা দিয়েছেন ৬২ প্রার্থী ৩০ ডিসেম্বর থেকে ৪ জানুয়ারি পর্যন্ত মনোনয়নপত্র বাছাই কার্যক্রম চলবে প্রার্থিতা প্রত্যাহারের শেষ তারিখ ২০ জানুয়ারি ২১ জানুয়ারি প্রতীক বরাদ্দ দেওয়া হবে ২২ জানুয়ারি থেকে আনুষ্ঠানিক প্রচারণা শুরু হয়ে চলবে ১০ ফেব্রুয়ারি সকাল সাড়ে সাতটা পর্যন্ত নির্বাচনকে শান্তিপূর্ণ সুষ্ঠু ও গ্রহণযোগ্য করতে প্রশাসন সর্বোচ্চ সতর্ক অবস্থানে রয়েছে,1
রাজধানীর শ্যামপুর এলাকা থেকে জালনোট প্রস্তুতকারী হৃদয় মাতব্বরকে ২২ গ্রেপ্তার করেছে র্যাব৩ শুক্রবার ৭ জুন র্যাব৩ এর স্টাফ অফিসার মিডিয়া সহকারী পুলিশ সুপার শামীম হোসেন এ তথ্য নিশ্চিত করেন এর আগে বৃহস্পতিবার দিনগত রাতে অভিযান চালিয়ে বিপুল জালনোটসহ তাকে গ্রেপ্তার করা হয়অভিযানে হৃদয়ের কাছ থেকে জালনোট তৈরিতে ব্যবহৃত একটি সিপিইউ একটি মনিটর একটি প্রিন্টার একটি রাউটার একটি পেপার কাটার ৯টি ভুয়া জাতীয় পরিচয়পত্র এনআইডি কার্ড তিনটি ভুয়া ভারতীয় এনআইডি কার্ডের ফটোকপি ও ৬০ হাজার ৭০০ টাকার জালনোট উদ্ধার করা হয় র্যাব৩ এর স্টাফ অফিসার মিডিয়া সহকারী পুলিশ সুপার শামীম হোসেন বলেন আসন্ন ঈদুল আজহাকে টার্গেট করে বিপুল পরিমাণ জালনোট বাজারে সরবরাহের পরিকল্পনা করেছিলেন হৃদয় প্রতি ১ লাখ টাকার জাল নোট ১০ থেকে ১২ হাজার টাকায় বিক্রি করলেও ঈদে চাহিদা বেড়ে যাওয়ায় ১৫ হাজার টাকায় বিক্রি করছিলেন তিনি,0
ধসে পড়া ভারত শিবিরের হাল ধরে দেশকে জিতিয়েছেন শক্ত হাতের বিরাট কোহলি অস্ট্রেলিয়ার করা ১৯৯ রান তাড়া করতে নেমে শুরুতেই ২ রানে ৩ উইকেট হারায় ভারত কোহলিই দলের ভরসা হয়ে হাল ধরলেন রেকর্ডও গড়লেন আইসিসির প্রতিযোগিতায় ভারতীয়দের মধ্যে সব থেকে বেশি রানের রেকর্ড এত দিন ছিল শচীন টেন্ডুলকারের রবিবার বিরাট সেই রেকর্ড ভেঙে দিলেন আইসিসি প্রতিযোগিতায় ৫৮টি ইনিংস খেলে শচীন করেছিলেন ২৭১৯ রান বিরাট এ দিন ৬৪তম ইনিংস খেলছেন সেই ইনিংসেই শচীনকে টপকে গেলেন কোহলি ভারতীয়দের মধ্যে সচীন এবং কোহলি ছাড়া একমাত্র রোহিত শর্মা আইসিসি প্রতিযোগিতায় ২০০০ রানের গণ্ডি পার করেছেন যদিও মাঠে নেমেই অনিল কুম্বলের রেকর্ড ভেঙে দিয়েছিলেন কোহলি অস্ট্রেলিয়া ব্যাট করার সময় স্লিপে ক্যাচ ধরেন তিনি সঙ্গে সঙ্গে ভারতীয়দের মধ্যে এক দিনের বিশ্বকাপে সব থেকে বেশি ক্যাচ নেওয়ার রেকর্ড গড়েন তিনি টপকে যান অনিল কুম্বলেকে এত দিন এক দিনের বিশ্বকাপে সব থেকে বেশি ক্যাচ নেওয়ার রেকর্ড ছিল কুম্বলের তিনি ১৪টি ক্যাচ নিয়েছিলেন বিরাট নিলেন ১৫তম ক্যাচ ভারতীয়দের মধ্যে সেটাই এই প্রতিযোগিতায় সব থেকে বেশি ক্যাচ নেওয়ার রেকর্ড তবে সব দেশ মিলিয়ে শীর্ষে রয়েছেন রিকি পন্টিং অস্ট্রেলিয়ার বিশ্বকাপজয়ী অধিনায়ক ২৮টি ক্যাচ ধরেছিলেন তাকে এ বারের বিশ্বকাপে টপকে যাওয়ার সুযোগ রয়েছে ইংল্যান্ডের জো রুটের তিনি এখনও পর্যন্ত এক দিনের বিশ্বকাপে ২০টি ক্যাচ ধরেছেন এই তালিকায় কোহলি রয়েছেন পাঁচ নম্বরে রবিবারের ম্যাচ পর্যন্ত এক দিনের বিশ্বকাপে ১৬টি ক্যাচ ধরা পড়েছে বিরাটের হাতে,0
রাজধানীর বড় মগবাজারের ওয়ারলেস গেট এলাকায় একটি ড্রাম বিস্ফোরণের ঘটনায় মামলা হয়েছে পুলিশ বাদী হয়ে বিস্ফোরক আইনে মঙ্গলবার রাতে রমনা মডেল থানায় মামলাটি করে এতে কারও নাম উল্লেখ না করে অজ্ঞাত আসামি করা হয়েছে বুধবার সকালে রমনা থানার ভারপ্রাপ্ত কর্মকর্তা ওসি আবুল হাসান সাংবাদিকদের এসব তথ্য জানান ওসি বলেন মগবাজারে বিস্ফোরণের ঘটনায় পুলিশ বাদী হয়ে মামলা করেছে গতরাতে অজ্ঞাত আসামি দেখিয়ে মামলাটি হয় আমরা কাজ করছি এর সঠিক রহস্য উদঘাটন করতে পারবো এর আগে মঙ্গলবার সকাল পৌনে ১০টার দিকে বড় মগবাজারের ওয়ারলেস মোড়ে বিস্ফোরণের ঘটনা ঘটে এতে বেশকয়েকজন আহত হন ছয়তলা ভবনের নিচে যেখানে বিস্ফোরণের ঘটনা ঘটেছে সেখানে দুইটি স্কুল আছে এর মধ্যে একটি সেন্ট ম্যারিস ইন্টারন্যাশনাল স্কুল অন্যটি রমনা কিডস কিন্ডারগার্টেন স্কুল তার পাশেই মেট্রো ডিপার্টমেন্ট স্টোর স্কুলের নিচে একটি ওষুধের দোকান রয়েছে সেখানে থাকা একটি ড্রাম থেকেই বিস্ফোরণ ঘটেছে বলে প্রাথমিকভাবে ধারণা করা হচ্ছে বিস্ফোরণের শব্দে স্কুলের জানালার কাঁচ ভেঙে পড়ে এবং তা বিভিন্ন জায়গায় ছড়িয়ে ছিটিয়ে যায় এতে একজন প্রকৌশলীসহ কয়েকজন আহত হলে ঢাকা মেডিকেলে নেওয়া হয় সরেজমিনে দেখা গেছে ছয়তলা ভবনটি বেশ পুরাতন এক পাশে প্রথম দ্বিতীয় এবং তৃতীয় তলায় একটি স্কুল রয়েছে আর নিচতলায় একটি ফার্মেসি ও সুপারসপ আছে ভবনের আরেক পাশে আরেকটি কিন্ডারগার্টেন স্কুল রয়েছে আর বাকি ফ্লোরগুলো মেয়েদের হোস্টেল বিস্ফোরণের পর পর দুটি স্কুল এবং ফার্মেসি বন্ধ করে দেয়া হয় ঘটনার পরপর পুলিশের বিভিন্ন সংস্থা সেখানে কাজ শুরু করে সিটিটিসি ও সিআইডি ঘটনাস্থল থেকে আলামত সংগ্রহ করে এদিন ঘটনাস্থলে এসে সিটিটিসি প্রধান আসাদুজ্জামান বলেন বিস্ফোরিত প্লাস্টিক ড্রামে আগে থেকে বিস্ফোরক দ্রব্য রাখা ছিল অসাবধানতাবশত তা ফেলে দেওয়ার কারণে বিস্ফোরণটি ঘটে বিস্ফোরক দ্রব্য কে রেখেছিল বা কীভাবে এখানে এসেছে সেটা উদঘাটনে আমরা কাজ করছি আর ডিবি প্রধান হারুনঅর রশীদ বলেন ড্রামে বিস্ফোরণের ঘটনাস্থল থেকে অসংখ্য স্প্লিন্টার উদ্ধার করা হয়েছে,0
রাজধানী ঢাকার বেইলি রোডের বহুতল ভবনে ভয়াবহ অগ্নিকাণ্ডের ঘটনায় নিহত হয়েছেন মৌলভীবজারের কুলাউড়া উপজেলা আওয়ামী লীগের সহসভাপতি অ্যাডভোকেট আতাউর রহমান শামীম ৬৫ সুপ্রিম কোর্টের আইনজীবী অ্যাডভোকেট শামীম ২০০৮ সালে জাতীয় সংসদ নির্বাচনে নৌকা প্রতীক নিয়ে মৌলভীবাজার২ কুলাউড়া আসন থেকে প্রতিদ্বন্দ্বিতা করেন তিনি যুক্তরাষ্ট্র আওয়ামী লীগের সাবেক দপ্তর সম্পাদক ছিলেন তাঁর গ্রামের বাড়ি কুলাউড়া উপজেলার ব্রাহ্মণবাজার ইউনিয়নে শ্রীপুর গ্রামে আরও পড়ুনবেইলি রোডের আগুনে আহতদের চিকিৎসা দেবে সরকার স্বাস্থ্যমন্ত্রী অ্যাডভোকেট শামীমের সঙ্গে থাকা নূরুল আলম জানান দুর্ঘটনার কিছু সময় আগে তারা দুজন একসঙ্গে করে হোটেল ক্যাপিটেল থেকে কাচ্চি ভাই রেস্টুরেন্টে কফি খেতে যান ওই রেস্টুরেন্টে অবস্থান নেওয়ার মাত্র ৫ মিনিটের মাথায় রেস্টুরেন্টের নিচের দিকে কালো ধোঁয়াসহ কয়েকটি আওয়াজ শুনতে পান তখন আতাউর রহমান শামীম উঁকি মেরে ধোঁয়া দেখতে পান এরপর তারা প্রথমে নিচে নামার চেষ্টা করেন কিন্তু কালো ধোঁয়ার কুণ্ডলীতে কিছু না দেখায় সিঁড়ি বেয়ে উপরে উঠতে থাকেন এ সময় ভিড়ে আতাউর রহমান শামীমকে আর দেখতে পাননি নূরুল আলম হেলিপ্যাডের মাধ্যমে তিনি প্রাণে বেঁচে গেলেও অ্যাডভোকেট শামীম অগ্নিদগ্ধ হয়ে মারা যান আরও পড়ুনবেইলি রোডে আগুন মৃতের সংখ্যা বেড়ে ৪৬ এদিকে অগ্নিকাণ্ডের ঘটনায় কুলাউড়া উপজেলা আওয়ামী লীগের সহসভাপতি অ্যাডভোকেট আতাউর রহমান শামীম নিহত হওয়ায় গভীর শোক ও শোকসন্তপ্ত পরিবারের সদস্যদের প্রতি সমবেদনা জানিয়েছেন আওয়ামী লীগের কেন্দ্রীয় সাংগঠনিক সম্পাদক শফিউল আলম চৌধুরী নাদেল এমপি বৃহস্পতিবার রাত পৌনে ১০টার দিকে অগ্নিকাণ্ডের এ ঘটনা ঘটে ১৩টি ইউনিট আগুন নেভানোর কাজে অংশ নেয় এতে নারীসহ অন্তত ৪৬ জন নিহত হয়েছেন আহত হয়েছেন অন্তত ৩০ জন রাত সাড়ে ১২টা পর্যন্ত ওই ভবন থেকে ৭০ জনকে উদ্ধার করা হয়েছে এ ঘটনায় ৩৮ মরদেহ পরিবারের কাছে হস্তান্তর করা হয়েছে ৫ সদস্যের একটি তদন্ত কমিটি গঠন করেছে ফায়ার সার্ভিস,1
পাকিস্তানের বর্তমান সরকার চার থেকে পাঁচ মাসের বেশি স্থায়ী হবে না বলে মন্তব্য করেছেন পাকিস্তানের সাবেক প্রধানমন্ত্রী ইমরান খান তিনি মনে করছেন শাহবাজ শরিফের নেতৃত্বাধীন সরকারের পতন হলে আদিয়ালা জেল থেকে তার মুক্তির পথ প্রশস্ত হবে রাওয়ালপিন্ডির আদিয়ালা কারাগারে বৃহস্পতিবার ইমরান খানের বিরুদ্ধে দুর্নীতির মামলার শুনানির পর পাকিস্তান তেহরিকইইনসাফ বা পিটিআইর প্রতিষ্ঠাতা ইমরান খান এ কথা বলেন বিশ্বকাপ জয়ী এ ক্রিকেটার বলেন সরকার বেশি দিন টিকবে না বলেই পাকিস্তান পিপলস পার্টি বা পিপিপি মন্ত্রিসভায় যোগ দেয়নি তার বিরুদ্ধে করা দুর্নীতির মামলাকে ভিত্তিহীন দাবি করেন ইমরান খান প্রধানমন্ত্রী থাকাকালে আমেরিকার নানা অন্যায় পদক্ষেপের সমালোচনা করে প্রশংসিত হওয়া নেতা ইমরান খান বলেন তার বিরুদ্ধে করা মামলায় সিদ্ধান্ত ইতিমধ্যে নেওয়া হয়ে গেছে এখন যেসব আইনিপ্রক্রিয়া সম্পন্ন করা হচ্ছে তা শুধুই আনুষ্ঠানিকতা বর্তমান পরিস্থিতি পুরো সিস্টেমকে উন্মোচিত করে দিয়েছে সবকিছু হেরফের করা হচ্ছে নির্বাচন কমিশন তত্ত্বাবধায়ক সরকার ও এস্টাবলিশমেন্ট সবাই এর সঙ্গে জড়িত যোগ করেন পিটিআই প্রতিষ্ঠাতা,0
ছানোয়ার হোসেন বলেন চক্রটির সদস্যরা অনলাইনের মাধ্যমে খুঁজতে থাকে কোথায় জানাজা আছে জানাজার সন্ধান পাওয়ার পর তারা খোঁজখবর নিতে থাকে মানুষের সমাগম কেমন হবে সেটার জন্য সেখানে গিয়ে তারা কয়েকটি গ্রুপে ভাগ হয়ে যায় প্রত্যেকটি গ্রুপে তিনজন করে সদস্য থাকে এই কাজের কোড নাম দেয় বডিকাজ জানাজার স্থান নির্ধারণ হওয়ার পর তারা সেখানে পায়জামা পাঞ্জাবি ও টুপি পরে যায় চক্রের সদস্যরা জানাজার ভিড়ের মধ্যে কৌশলে মোবাইল চুরি করে গ্রুপের দ্বিতীয় সদস্যকে দেয় দ্বিতীয় সদস্য মোবাইলটি আবার তৃতীয় সদস্যকে দেয় পরে সেই ব্যক্তি জানাজার স্থান ছেড়ে চলে যায় তিনি বলেন পকেট থেকে মোবাইলটি যে চুরি করে তাকে মহাজন বলা হয় জানাজা ছাড়াও চক্রটির জুম্মার নামাজেও একই কাজ করে এই চুরিকে তারা মসজিদ কাম বলে থাকে জুমার নামাজকে কেন্দ্র করে চক্রটির সব থেকে বেশি গ্রুপ সক্রিয় থাকে বায়তুল মোকাররম মসজিদে এই কর্মকর্তা বলেন চক্রের সদস্য বাহার চোরাই মোবাইল গ্রুপগুলো থেকে সংগ্রহ করত বাহারের একজন মোটরসাইকেল চালক আছে বাহারের দেওয়া তথ্য অনুযায়ী গ্রুপগুলো থেকে মোবাইল সংগ্রহ করে পরে মোবাইলগুলো গ্রেপ্তার মাসুদের কাছে পাঠিয়ে দিত গ্রেপ্তার মাসুদের কাজ হচ্ছে চোরাই মোবাইলগুলো নির্দিষ্ট দোকানে পৌঁছে দেওয়া তদন্তে চোরাই মোবাইল কেনাবেচা করে এমন তিনটি দোকানের খোঁজ পেয়েছে এটিইউ এর মধ্যে জুরাইনের বিক্রমপুর প্লাজার এসআই টেলিকম যার মালিক গ্রেপ্তার সাইফুল জুরাইনের সেতু মার্কেটের ফয়সাল টেলিকম যার মালিক গ্রেপ্তার ফয়সাল এছাড়া যমুনা ফিউচার পার্কের চতুর্থ তলার একটি দোকান যার মালিক গ্রেপ্তার মিল্লাত এসব দোকানে প্রথমে মোবাইলগুলোর আইএমইআই নম্বর পরিবর্তন করা হতো তারপর বিক্রি করা হতো,0
ইসরায়েল হামাস হিজবুল্লাহ ও ইরানের শীর্ষ রাজনৈতিক ও সামরিক নেতাদের হত্যা করেই চলেছে এর প্রতিক্রিয়ায় এ মাসের শুরুতে ইসরায়েলে ইরান মিসাইল হামলা করেছে এরপর মধ্যপ্রাচ্যের অনেকের কাছে ভাবনার কারণ হয়ে দাঁড়িয়েছে সামনে কী ঘটতে চলেছে এই হামলা ইসরায়েলি হত্যাকাণ্ডে প্রতিশোধ নেওয়ার ইরানি প্রতিশ্রুতি দেরিতে হলেও পূরণ হয়েছে একইভাবে দেশটির জনগণের মধ্যে যে অসন্তোষ তৈরি হয়েছিল সেটা প্রশমিত হয়েছে কিন্তু ইসরায়েল কীভাবে পাল্টা জবাব দেবে তা নিয়ে উদ্বেগও তৈরি হয়েছে তেহরানের মেজাজ অবাধ্য হয়ে উঠেছে ইরান সরকারের কর্মকর্তারা যেকোনো ইসরায়েলি হামলায় জবাব দেওয়ার অঙ্গীকার করেছে ইরানের প্রেসিডেন্ট মাসুদ পেজেশকিয়ান এ মাসের শুরুতে বলেছেন যে ইসরায়েল যদি কোনো আক্রমণ করে তাহলে আমরা শক্তিশালী ও কঠোরভাবে তার পাল্টা জবাব দেব ইরান সরকারের আরেকজন কর্মকর্তা জানিয়েছেন যে তেহরান মধ্যস্থতাকারীর মাধ্যমে ওয়াশিংটনের সঙ্গে যোগাযোগ করে জানিয়ে দিয়েছে যে ইসরায়েল যদি কোনো ধরনের হামলা চালায় তাহলে তার পাল্টা জবাব দেওয়া হবে বেসামরিক স্থাপনায় আক্রমণসহ অপ্রচলিত সব উপায়ে জল্পনা ছড়িয়ে পড়েছে যে ইসরায়েল ইরানের খার্গ দ্বীপের জ্বালানি তেলের স্থাপনায় হামলা করতে পারে ইসরায়েল ইরানের তেল শোধনাগারে হামলা করে এই খাতকে দুর্বল করে দিতে চাইতে পারে ইসরায়েল পূর্ণমাত্রায় হামলা চালালে ইরানের আকাশ প্রতিরক্ষাব্যবস্থা সেটা ঠেকাতে ব্যর্থ হবে ইসলামিক রেভল্যুশনারি গার্ড কর্পসের আইআরজিসি কমান্ডার জেনারেল হোসাইন সালিমি ইসরায়েলেকে সতর্ক করে দিয়ে বলেছেন যে আমরা আপনাদের বলছি যে আমাদের কোনো একটা ক্ষেত্রে যদি আগ্রাসন চালানো হয় তাহলে আমরা আপনাদের সেই ক্ষেত্রে বেদনাদায়ক প্রত্যাঘাত করব পর্যবেক্ষকেরা বলছেন ইসরায়েল যদি প্রতিশোধ নেয় তবে ইরানকে একাই সেই আক্রমণের বোঝা বহন করতে হবে কেননা যুক্তরাষ্ট্র ও তার ইউরোপীয় মিত্ররা ইসরায়েলকে তাদের সমর্থন দেওয়া অব্যাহত রাখবে এক বছর ধরে পশ্চিমারা গাজায় ইসরায়েলের গণহত্যামূলক যুদ্ধে সাহায্য ও সমর্থন দিয়ে যাচ্ছে সেই যুদ্ধ এখন লেবানন পর্যন্ত বিস্তৃত হয়েছে ইরানের কৌশলগত মিত্র রাশিয়া ও চীন এখন পর্যন্ত তাদের অবস্থানের বিষয়ে অস্পষ্টতা দেখিয়ে চলেছে পরবর্তী পদক্ষেপ নেওয়ার ক্ষেত্রে তারা তাদের জাতীয় স্বার্থের কথাই বিবেচনা করবে ইরানের দুর্বলতা ইরানের হামলার পরপরই ইসরায়েল প্রতিশোধ নেওয়ার অঙ্গীকার করেছে এক বিবৃতিতে বেনিয়ামিন নেতানিয়াহু বলেন ইরান আমাদের আত্মরক্ষার সংকল্প কতটা সেটা বুঝতে পারছে না ইসরায়েল কীভাবে হামলা করতে পারে এবং তাদের লক্ষ্যবস্তু কী হতে পারে তা নিয়ে ইরানের কর্মকর্তারা তাঁদের নাগরিকদের একটা পরামর্শ দিয়েছেন সাইবার ব্যবস্থায় নাশকতা থেকে শুরু করে সামরিক ঘাঁটি ও বেসামরিক নাগরিকদের স্থাপনায় হামলার মতো ঘটনা ঘটতে পারে বলে তাঁরা সতর্ক করেছেন ইরানের তেলজ্বালানি স্থাপনায়ও হামলা করতে পারে উচ্চপদস্থ সামরিক কর্মকর্তাদের হত্যা এমনকি পারমাণবিক স্থাপনাতেও হামলা করতে পারে ইরানের আণবিক শক্তি সংস্থার মুখপাত্র বেহরুজ কামালভান্দি বলেছেন ইরানের পারমাণবিক স্থাপনায় ইসরায়েলের হামলার ব্যাপারটা অসম্ভব ছিল কিন্তু তারা যদি এখন হামলা করে তাহলে যে ক্ষতিই হোক না কেন সেটা খুব দ্রুত পূরণ করে ফেলা হবে ইরানের পররাষ্ট্রমন্ত্রী সতর্ক করে বলেছেন কোনো আরব দেশ যদি ইসরায়েল অথবা যুক্তরাষ্ট্রকে তাদের দেশকে ঘাঁটি হিসেবে ব্যবহার করে ইরানে হামলা চালায় তাহলে তেহরান তার প্রতিশোধ নেবে ইসরায়েল কী ধরনের পাল্টা জবাব দেবে সেটা অবশ্যই ভবিষ্যতের হিসাবনিকাশ এবং যুক্তরাষ্ট্রের সহযোগিতার ওপর নির্ভর করে যাই হোক ইসরায়েলের পাল্টা জবাবের ধরন কেমন হবে কিংবা তার ব্যাপ্তি কতটা হবে তার বাইরে বেরিয়েও বলা যায় কয়েক দশক ধরে দুই দেশের মধ্যে যে সাংঘর্ষিক সম্পর্ক বিরাজ করছে সেখানে ইরানকে এ ধরনের অসংখ্য হামলা মোকাবিলা করতে হয়েছে ইরানের সাইবারব্যবস্থায় একের পর এক নাশকতা হয়েছে ইরানের শহরগুলোর গ্যাসস্টেশনগুলোর জ্বালানিব্যবস্থা স্থবির করে দিতে সাইবার হামলা করেছে ইসরায়েল ইরানের শাহিদ রাজি বন্দরের সাইবারব্যবস্থাতেও হামলা করেছে ইসরায়েল বিভিন্ন সময়ে ইসরায়েল ইরানের পারমাণবিক বিজ্ঞানী ও সেনা কর্মকর্তাদের হত্যা করেছে সম্প্রতি তেহরানে রাষ্ট্রীয় আমন্ত্রণে আসা হামাস নেতা ইসমাইল হানিয়ার হত্যাকাণ্ডটি ছিল বিরাট এক ধাক্কা আরেকটি উল্লেখযোগ্য ধাক্কা ছিল ২০১১ সালে ইরানের রকেট কর্মসূচির জনক হাসান তেহরানি মোগাদ্দামকে হত্যার ঘটনা তেহরানের একটা সেনাঘাঁটির বাইরে বিস্ফোরণে নিহত হন তিনি ইরান থেকে ইসরায়েল গুরুত্বপূর্ণ অনেক নথি চুরি করে নিয়ে গেছে এবং পারমাণবিক স্থাপনায় নাশকতা করেছে এটা কি মনস্তাত্ত্বিক যুদ্ধ বিশেষজ্ঞরা মনে করছেন পারমাণবিক স্থাপনায় চেয়ে শিল্প ও শহুরে অবকাঠামোয় হামলা হলে সেটা সর্বাত্মক যুদ্ধ বেধে যাওয়ার ঝুঁকি কমিয়ে দিতে পারে আসালুয়েহ বন্দর ও খার্গ দ্বীপের টার্মিনালসহ ইরানের তেল স্থাপনাগুলো ইসরায়েলের জন্য অপেক্ষাকৃত সহজ লক্ষ্যবস্তু হতে পারে কেননা এগুলো দেশটির দক্ষিণে অবস্থিত আর সেখানে বড় ধরনের অগ্নিকাণ্ড হলে সেটা আন্তর্জাতিক গণমাধ্যমে বড় করে প্রচার পাবে ইরানের পারমাণবিক স্থাপনাগুলো মাটির অনেক গভীরে অবস্থিত এবং সেগুলো দেশটির মধ্যভাগে অবস্থিতি সেখানে হামলা করতে হলে ইসরায়েলের বড় ধরনের সামরিক প্রচেষ্টা যেমন দরকার আবার যুক্তরাষ্ট্রের বাঙ্কার বাস্টার বোমা পাওয়া দরকার যাই হোক যুক্তরাষ্ট্রের প্রেসিডেন্ট জো বাইডেন পারমাণবিক স্থাপনায় যেকোনো হামলার বিরোধিতা করেছেন এই সংঘাতে বাইডেন প্রশাসনের ভূমিকা নিয়েও ইরান সরকার প্রতিক্রিয়া দেখিয়েছে সম্প্রতি ইসরায়েলকে মিসাইলবিরোধী থাড প্রতিরক্ষাব্যবস্থা দিয়েছে যুক্তরাষ্ট্র ইরানের প্রতিরক্ষামন্ত্রী ব্রিগেডিয়ার জেনারেল আজিজ নাসিরজাদেহ বিষয়টির গুরুত্বকে খাটো করে এটিকে মনস্তাত্ত্বিক যুদ্ধ বলেছেন তিনি বলেছেন এটা নতুন কোনো ব্যাপার নয় আর এটা সুনির্দিষ্ট কোনো সমস্যাও তৈরি করবে না ইরান সংসদের জাতীয় নিরাপত্তা কমিটির সদস্য ভায়িদ আহমাদি বলছেন থাড ব্যবস্থায় হামলার সামর্থ্য ইরানের রয়েছে জল্পনা ছড়িয়ে পড়েছে যে ইসরায়েল ইরানের খার্গ দ্বীপের জ্বালানি তেলের স্থাপনায় হামলা করতে পারে ইসরায়েল ইরানের তেল শোধনাগারে হামলা করে এই খাতকে দুর্বল করে দিতে চাইতে পারে ইসরায়েল পূর্ণমাত্রায় হামলা চালালে ইরানের আকাশ প্রতিরক্ষাব্যবস্থা সেটা ঠেকাতে ব্যর্থ হবে,1
মিয়ানমারে সেনা অভ্যুত্থানের ছয় মাস হতে চলেছে দেশটিতে চলছে জান্তাবিরোধী বিক্ষোভ ছয় মাস পূর্তির প্রাক্কালে জান্তার বিরুদ্ধে রাজপথে বিক্ষোভ করেছেন দেশটির বিশ্ববিদ্যালয়ের শিক্ষার্থীরা আর বিগত দিনগুলোয় বিক্ষোভ দমনের নামে নিজ দেশের জনগণের ওপর হত্যা নির্যাতন চালানোয় জান্তার বিরুদ্ধে মানবতাবিরোধী অপরাধ সংঘটনের অভিযোগ তুলেছে অধিকার সংগঠন হিউম্যান রাইটস ওয়াচ এইচআরডব্লিউ স্থানীয় সময় আজ শনিবার মিয়ানমারের দ্বিতীয় বৃহত্তম শহর মান্দালয়ের রাজপথে মোটরসাইকেল নিয়ে মিছিল করেছেন বিশ্ববিদ্যালয়ের শিক্ষার্থীরা এ সময় তাঁরা লাল ও সবুজ রঙের পতাকা নিয়ে জান্তাবিরোধী স্লোগান দেন এ সময় শিক্ষার্থীরা বেসামরিক সরকারের কাছে ক্ষমতা ছেড়ে দিতে জান্তার সঙ্গে যেকোনো আলোচনার বিরুদ্ধে অবস্থান নেন তাঁদের দাবি শর্তমুক্ত ক্ষমতা হস্তান্তরে রাজি হতে হবে জান্তা সরকারকে এদিকে নিউইয়র্কভিত্তিক হিউম্যান রাইটস ওয়াচ আজ শনিবার এক বিবৃতিতে জানিয়েছে মিয়ানমারের সেনাশাসনের বিরুদ্ধে বিক্ষোভে অংশ নেওয়া মানুষদের ওপর সশস্ত্র দমনপীড়ন চালিয়েছে জান্তা আটক বিরোধীপক্ষের ওপর চালানো হয়েছে নির্যাতন অনেককে হত্যা করা হয়েছে যা মানবতাসংক্রান্ত আন্তর্জাতিক চুক্তির সুস্পষ্ট লঙ্ঘন সংগঠনটির এশিয়াবিষয়ক পরিচালক ব্র্যাড অ্যাডামস বলেন নিজ দেশের জনগণের ওপর চালানো দমনপীড়ন নির্যাতন ও হত্যার মাধ্যমে মিয়ানমারের জান্তা মানবতাবিরোধী অপরাধ করেছে গত ফেব্রুয়ারির শুরুতে মিয়ানমারের সেনাবাহিনী ক্ষমতা দখলের পর থেকে দেশটিতে বিক্ষোভ চলছে তবে অধিকার সংগঠনটির এমন অভিযোগের বিষয়ে প্রতিক্রিয়া জানতে জান্তার মুখপাত্র জাও মিন তুনের সঙ্গে যোগাযোগ করা হলেও সাড়া মেলেনি গত ১ ফেব্রুয়ারি মিয়ানমারে রক্তপাতহীন সেনা অভ্যুত্থান হয় আটক করা হয় গণতন্ত্রপন্থী নেত্রী অং সান সু চিসহ দেশটির প্রভাবশালী রাজনীতিকদের তাঁদের নামে করা হয় একাধিক মামলা বাতিল করা হয় গত নভেম্বরের সাধারণ নির্বাচনের ফলাফল ওই নির্বাচনে সু চির দল ন্যাশনাল লিগ ফর ডেমোক্রেসি এনএলডি বিপুল জয় পেয়েছিল ভোটের ফল প্রত্যাখান করে অভ্যুত্থান ঘটায় জান্তা অভ্যুত্থানের পরপরই রাজপথে বিক্ষোভে নামেন মিয়ানমারের সাধারণ মানুষ তাঁদের দাবি দুটো সেনাশাসন তুলে নেওয়া ও সু চিসহ রাজবন্দীদের মুক্তি জান্তার দমনপীড়নে এখন পর্যন্ত দেশটিতে ৯৩৯ জন নিহত হয়েছেন বলে জানিয়েছে অধিকার সংগঠন অ্যাসিস্ট্যান্স অ্যাসোসিয়েশন অব পলিটিক্যাল প্রিজনার্স এএপিপি আটক করা হয়েছে শিল্পী শিক্ষক শিক্ষার্থী রাজনীতিক সাংবাদিক চিকিৎসকসহ প্রায় সাত হাজার মানুষকে ছায়া সরকার গঠন করে গণতন্ত্র ফেরানোর লড়াই চালিয়ে যাচ্ছেন মিয়ানমারের ক্ষমতাচ্যুত রাজনীতিকেরা সব মিলিয়ে গৃহযুদ্ধের ঝুঁকির মুখে রয়েছে দেশটি এমন পরিস্থিতিতে জান্তার বিরুদ্ধে যুক্তরাষ্ট্রসহ পশ্চিমা শক্তি নতুন করে নিষেধাজ্ঞা আরোপ করেছে তবে মিয়ানমারে শান্তি ফেরাতে উদ্যোগ নিয়েছে দক্ষিণপূর্ব এশিয়ার দেশগুলোর আঞ্চলিক জোট আসিয়ান পাঁচ দফার ভিত্তিতে বিবাদমান পক্ষগুলোর মধ্যে শান্তিপূর্ণ আলোচনার উদ্যোগ নিয়েছে জোটের সদস্যরা,0
কৃত্রিম বুদ্ধিমত্তা বা এআই প্রযুক্তির দ্রুত বিস্তারের সঙ্গে সঙ্গে ডেটা সেন্টারের বিদ্যুৎ চাহিদাও বেড়ে চলেছে ভবিষ্যতে এ চাহিদা মেটাতে সুপারসনিক জেট ইঞ্জিন গুরুত্বপূর্ণ ভূমিকা রাখতে পারে এমনই ধারণা সামনে এনেছে যুক্তরাষ্ট্রভিত্তিক উড়োজাহাজ নির্মাতাপ্রতিষ্ঠান বুম সুপারসনিক এরই মধ্যে প্রতিষ্ঠানটি সুপারসনিক জেট ইঞ্জিনের প্রযুক্তি কাজে লাগিয়ে সুপারপাওয়ার নামের বিশেষ ধরনের টারবাইন তৈরি শুরু করেছে বুম সুপারসনিক জানিয়েছে নতুন টারবাইন মূলত সুপারসনিক উড়োজাহাজের জন্য সিম্ফনি ইঞ্জিনের প্রযুক্তির ওপর ভিত্তি করে তৈরি যেখানে প্রয়োজন অনুযায়ী কিছু পরিবর্তন আনা হয়েছে উড়োজাহাজের ইঞ্জিন থেকে বিদ্যুৎ উৎপাদনের প্রযুক্তি একেবারে নতুন নয় এর আগে থেকেই বিভিন্ন ইঞ্জিন নির্মাতাপ্রতিষ্ঠান শিল্পকারখানা ও বিদ্যুৎ উৎপাদন খাতে এ ধরনের টারবাইন সরবরাহ করে আসছে তবে সাম্প্রতিক সময়ে এআই প্রযুক্তির বিস্তার ডেটা সেন্টারের বিদ্যুৎ ব্যবস্থাপনায় নতুন চাপ তৈরি করায় জেট ইঞ্জিনভিত্তিক সমাধানের প্রতি আগ্রহ বাড়ছে বুম সুপারসনিকের প্রধান নির্বাহী কর্মকর্তা ব্লেক স্কোল বলেন তাঁদের সুপারসনিক ইঞ্জিন প্রযুক্তি প্রচলিত বিদ্যুৎ টারবাইনের তুলনায় দ্রুত বিদ্যুৎ সরবরাহ উচ্চ ক্ষমতা এবং নিরবচ্ছিন্ন কার্যক্ষমতার ক্ষেত্রে বাড়তি সুবিধা দিতে পারে এসব বৈশিষ্ট্য বড় আকারের এআই ডেটা সেন্টারের জন্য কার্যকর সমাধান হিসেবে বিবেচিত হতে পারে বর্তমানে বুম সুপারসনিক বাণিজ্যিক সুপারসনিক উড়োজাহাজ ওভারচার উন্নয়ন করছে প্রতিষ্ঠানটির পরিকল্পনা অনুযায়ী আগামী প্রায় পাঁচ বছরের মধ্যে এই উড়োজাহাজে যাত্রী পরিবহন শুরু করবে ফলে ডেটা সেন্টারের বিদ্যুতের চাহিদা মেটাতে সুপারপাওয়ার টারবাইন তৈরির প্রকল্পটি বুম সুপারসনিকের জন্য একটি গুরুত্বপূর্ণ কৌশলগত উদ্যোগ হিসেবে দেখা হচ্ছে,1
রাজশাহী বিশ্ববিদ্যালয়ে রাবি অনুষ্ঠিত হচ্ছে ঢাকা বিশ্ববিদ্যালয়ের ঢাবি নতুন শিক্ষাবর্ষের ভর্তি পরীক্ষা শুক্রবার ২২ অক্টোবর বেলা ১১টায় শুরু হয়ে গ ইউনিটের বাণিজ্য অনুষদের পরীক্ষা চলবে সাড়ে ১২টা পর্যন্ত এই পরীক্ষায় ১ হাজার ৫৭৭ জন অংশ নিচ্ছেন পরীক্ষা কক্ষে কেবলমাত্র প্রবেশপত্র ও পরীক্ষা সংক্রান্ত উপকরণ ও কাগজপত্র ছাড়া সকল ইলেকট্রনিক যন্ত্র নিষিদ্ধ করেছে কর্তৃপক্ষ পরীক্ষা চলাকালীন সময়ে পরীক্ষা কক্ষসহ পু্রো ক্যাম্পাস চার স্তর বিশিষ্ট নিরাপত্তা ব্যবস্থা ও ভ্রাম্যমান আদালত পরিচালিত হচ্ছে উল্লেখ্য এ নিয়ে চতুর্থ দিনের মতো ঢাবির ভর্তি পরীক্ষা রাবিতে অনুষ্ঠিত হচ্ছে আগামী ২৩শে অক্টোবর ঘ ইউনিটের পরীক্ষা এখানে অনুষ্ঠিত হবে,0
সৌদি প্রো লিগে উড়ছিল আল নাসর টানা ১০ জয়ের পর অবশেষে তাদের জয়রথ থামাল আল ইত্তিফাক গতকাল রাতে প্রতিপক্ষের মাঠে ২২ গোলে ড্র করেছে ক্রিস্টিয়ানো রোনালদোর দল তবে ম্যাচের স্কোরলাইনের চেয়েও এখন ফুটবলদুনিয়ায় বেশি আলোচনা রোনালদোর ক্যারিয়ারের ৯৫৭ নম্বর গোলটি নিয়ে কেন কারণ গোলটি তিনি পা বা মাথা দিয়ে নয় আক্ষরিক অর্থেই করেছেন কোমর দিয়ে ম্যাচের শুরুটা অবশ্য আল নাসরের জন্য সুখকর ছিল না ১৬ মিনিটেই সাবেক লিভারপুল তারকা জর্জিনিও উইনালদামের গোলে পিছিয়ে পড়ে তারা বিরতির ঠিক পরেই ৪৭ মিনিটে আল নাসরকে সমতায় ফেরান জোয়াও ফেলিক্স এরপরই আসে সেই মুহূর্তম্যাচের ৬৭ মিনিটে রোনালদোর সেই অদ্ভুত গোল গোলটি করতে রোনালদোকে আসলে খুব একটা কসরত করতে হয়নি ফেলিক্সের নেওয়া জোরালো শট রোনালদোর পিঠ বা কোমরের নিচের অংশে লেগে দিক পরিবর্তন করে জালে জড়ায় ভাগ্য সহায় থাকলে যা হয় আরকি বল জালে জড়ানো মাত্রই সিআর সেভেনের সেই চিরচেনা সিউউউ উদ্যাপন তিন কারণে রোনালদো এখনো অপরিহার্য বললেন পর্তুগাল কোচ তবে ভাগ্যের জোরে পাওয়া লিডটা শেষ পর্যন্ত ধরে রাখতে পারেনি আল নাসর ৮০ মিনিটে নিজের দ্বিতীয় গোল করে ইত্তিফাককে সমতায় ফেরান উইনালদাম শেষ পর্যন্ত পয়েন্ট ভাগাভাগি করেই মাঠ ছাড়তে হয় দুই দলকে ম্যাচ জিততে না পারলেও তালিকার শীর্ষ স্থানটা এখনো আল নাসরের দখলেই ১১ ম্যাচে ১০ জয় আর ১ ড্রয়ে ৩১ পয়েন্ট নিয়ে সবার ওপরে তারা বছরটা এমন এক গোল দিয়ে শেষ করে সামাজিক যোগাযোগমাধ্যমে রোনালদো লিখেছেন আমরা সঠিক পথেই আছি এবং জানি ২০২৬ সালে আমাদের কী করতে হবে এদিকে রোনালদোর এই কোমরকাব্য নিয়ে ইন্টারনেটদুনিয়ায় বইছে হাস্যরসের জোয়ার এক ভক্ত তো রোনালদোর কৃতিত্ব দিতে গিয়ে লিখেছেন গোট  চাইলে শরীরের যেকোনো অঙ্গ দিয়েই গোল করতে পারেন,0
কেউ একজন বিস্ফোরক নিয়ে দূতাবাসে প্রবেশ করেছে এমন খবরের পর ফরাসি পুলিশ শুক্রবার প্যারিসে ইরানের কনস্যুলেট ঘেরাও করে রাখে পাশাপাশি তারা মিশনের অনুরোধে সেখানে প্রবেশের প্রস্তুতি নিচ্ছিল বলে একটি নিরাপত্তা সূত্রের বরাতে জানিয়েছে এএফপি সূত্র জানায় একজন প্রত্যক্ষদর্শী এক ব্যক্তিকে গ্রেনেড বা বিস্ফোরক বেল্ট নিয়ে প্রবেশ করতে দেখেছেন কনস্যুলেট থেকে বিষয়টি দেখতে বলা হলে ফরাসি এলিট পুলিশ ইউনিট এখানে চলে আসে এএফপির এক সাংবাদিক বলেছেন রাজধানীর ১৬ জেলায় কনস্যুলেটের আশপাশের পুরো এলাকা বন্ধ করে দেওয়া হয়েছে এবং পুলিশি উপস্থিতি বাড়ানো হয়েছে প্যারিস পরিবহন সংস্থা আরএটিপি অন এক্সএ বলেছে দুটি মেট্রো লাইন বন্ধ রাখা হয়েছে লাইন দুটি কনস্যুলেটের কাছাকাছি স্টেশন দিয়ে চলে গেছে,1
সাইবার নিরাপত্তা আইনটি সংশোধনযোগ্য নয় এটি বাতিলযোগ্য এই আইনটি বাতিল করতে হবে ক্ষমতাসীনরা এই আইনটিকে নিজেদের হাতিয়ার হিসেবে ব্যবহার করেছেন মঙ্গলবার ৮ অক্টোবর জাতীয় প্রেস ক্লাবের তফাজ্জল হোসেন মানিক মিয়া হলে ডিজিটালি রাইট ও নাগরিক আয়োজিত বাতিলযোগ্য সাইবার নিরাপত্তা আইন জনগণের প্রত্যাশা শীর্ষক গোলটেবিল বৈঠকে বক্তারা এসব কথা বলেন গোলটেবিল বৈঠকে ট্রান্সপারেন্সি ইন্টারন্যাশনাল বাংলাদেশের টিআইবি নির্বাহী পরিচালক ড ইফতেখারুজ্জামান বলেন আমি অবিলম্বে এই আইনটি বাতিলের কথা বলব সরকারের সদিচ্ছা থাকলে তা করতে দেরি হওয়ার কথা নয় সাইবার নিরাপত্তা আইনে ক্ষতিগ্রস্তদের ক্ষতিপূরণের দাবি করে ড ইফতেখারুজ্জামান বলেন এই আইনে যারা ক্ষতিগ্রস্ত হয়েছে তাদের ক্ষতিপূরণ দিতে হবে এই আইনের অপব্যবহারকারীদের জবাবদিহির আওতায় আনতে হবে আইনটিতে যারা কর্তৃত্ববাদের হাতিয়ার হিসেবে ব্যবহার করেছে তাদের জবাবদিহি নিশ্চিত করতে হবে ক্ষমতার পরিবর্তন হলেও আইনের পরিবর্তন হয়নি জানিয়ে ইফতেখারুজ্জামান বলেন এখনো যথেষ্ট উদ্বেগ রয়েছে শুধু ব্যক্তির পরিবর্তন হয়েছে আইনের পরিবর্তন হয়নি জাতীয় নিরাপত্তার নামে গোয়েন্দা সংস্থা যে চর্চা প্রতিষ্ঠিত হয়েছে সেটির দৃষ্টান্ত কিন্তু আমরা এখনো দেখতে পাচ্ছি এটা যেন না হয় সেখানে আমাদের জোরালোভাবে হাত দিতে হবে অন্তর্বর্তীকালীন সরকারের দায়িত্ব রয়েছে তাদের আইনি ও প্রাতিষ্ঠানিক অবকাঠামো তৈরির সেখানে তাঁদের হাত দিতে হবে ইফতেখারুজ্জামান আরও বলেন দেশে সাইবার সিকিউরিটি অ্যাক্ট বা ডিজিটাল সিকিউরিটি অ্যাক্টের মাধ্যমে নিরাপত্তার নামে নিরাপত্তাহীনতা সৃষ্টি করা হয়েছে নতুন আইন করার সময় এ বিষয়টি অপরিহার্য যাতে করে আইনের নামে নিরাপত্তাহীনতা তৈরি না হয় বৈঠকে ব্যারিস্টার জ্যোতির্ময় বড়ুয়া বলেন অন্তর্বর্তী সরকারের প্রধান উপদেষ্টা বলেছেন মন খুলে সমালোচনা করতে তবে হাসিনার সময়েও মামলা হতো এখন মামলা হচ্ছে এটা হয়তো তিনি ড ইউনূস কথার কথা বলেছিলেন আর্টিকেল নাইনটিনের দক্ষিণ এশিয়ার আঞ্চলিক পরিচালক শেখ মনজুরইআলম বলেন শাসকদের মানসিকতা হচ্ছে হয়রানি করা সাইবার সিকিউরিটি এই আইনে নিশ্চিত করা যায়নি নতুন আইন করার ক্ষেত্রে কেউ যাতে ওই আইনে হয়রানি না হয় তা নিশ্চিত করতে হবে এমআরডিআইএর হেড অব প্রোগ্রাম অ্যান্ড কমিউনিকেশনস মিরাজ আহমেদ চৌধুরী বলেন ন্যাশনাল সিকিউরিটির আলোচনাকে আর সাইবার সিকিউরিটির আলোচনাকে যদি আমরা আলাদা করতে না পারি তাহলে আমাদের আরও অনেক বড় অধিকার ক্ষুণ্ন হবে গোলটেবিল বৈঠকে আরও উপস্থিত ছিলেন আলোকচিত্রী ও মানবাধিকারকর্মী শহিদুল আলম রাষ্ট্র সংস্কার আন্দোলনের প্রধান সমন্বয়ক হাসনাত কাইয়ুমসহ অনেকে,0
মাত্র তিন মাস আগেই জুলাই অভ্যুত্থানে আমরা দেখেছি মেয়েরা কীভাবে রাজপথগুলোর দখল নিয়েছিল পথে নেমে এসেছিল নানা বয়সী হাজারো মেয়ে অকুতোভয় স্লোগানে আর গ্রাফিতিতে কাঁপিয়ে দিচ্ছিল চারদিক ৭ জুলাই বাংলা ব্লকেডে মেয়েদের অংশগ্রহণ ছিল অন্য যেকোনো সময়ের তুলনায় অভাবনীয় এর পর থেকে ক্রমান্বয়ে বেড়ে চলে আন্দোলনে নারীদের অংশগ্রহণ মিছিলের সামনে থেকেও পুলিশের গুলি ও লাঠির আঘাত থেকে রেহাই পায়নি মেয়েরা কয়েকজন নারী নিহতও হয়েছেন পত্রিকায় প্রকাশিত হয়েছে দুই তরুণীর ওপর ঝাঁপিয়ে পড়া হেলমেট বাহিনীর লাঠির ছবি আর এক তরুণী কী অসমসাহসে একা দাঁড়িয়ে পড়েছে পুলিশের প্রিজন ভ্যানের সামনে যেন দুহাত দিয়ে আটকে দেবে সব আগ্রাসন এই সব ছবি ভাইরাল হয়েছিল দেশেবিদেশে প্রেরণা আর সাহস জোগাচ্ছিল সবাইকে আমরা ছবিতে ও ভিডিওতে ভাইরাল হতে দেখেছি বিশ্ববিদ্যালয়ের শিক্ষিকা তাঁর ছাত্রকে পুলিশের হাত থেকে বাঁচানোর জন্য দুহাত দিয়ে আগলে রেখেছেন পিঠ পেতে দিচ্ছেন পুলিশের লাঠির নিচে দেখেছি পুলিশের ভ্যানে ওঠানোর সময় টেনেহিঁচড়ে নিয়ে যাওয়া সন্তানকে পিঠে চাপড় মেরে সাহস দিচ্ছেন মা দেশের অন্য অঞ্চলেও প্রতিবাদে বিক্ষোভে মুখর ছিল আমাদের মেয়েরা স্কুলের বালিকা থেকে শুরু করে বিশ্ববিদ্যালয়ের তরুণী পোশাককর্মী গৃহবধূ মায়েরা কলেজবিশ্ববিদ্যালয়ের শিক্ষিকা চাকরিজীবী অভিনেত্রী শিল্পী গায়িকাকে ছিল না এই আন্দোলনে অথচ কয়েক মাস যেতে না যেতেই এই অভ্যুত্থানের ইতিহাস থেকে যেন মেয়েরা হারিয়ে যেতে শুরু করল সম্প্রতি স্বাস্থ্য অধিদপ্তর জুলাইআগস্টে নিহতদের একটি তালিকা প্রকাশ করেছে তাদের ওয়েবসাইটে সেখানে ছয়জন বিভিন্ন বয়সী নারীর নাম রয়েছে অথচ ১৪ আগস্টে প্রথম আলোতে প্রকাশিত প্রতিবেদনে মায়া ইসলাম ৬০ ও নাছিমা আক্তারের ২৪ নিহত হওয়ার ঘটনা ছবিসহ উল্লেখ থাকলেও তাঁরা বাদ পড়েছেন এই তালিকা থেকে বাদ পড়েছেন ফেসবুকে দেখা ১৭ বছরের তানহা বা নাফিসা মারওয়া হয়তো এভাবে বাদ পড়ে গেছেন আরও অনেকে যাঁরা আহত হয়েছেন বা অঙ্গ হারিয়েছেন আন্দোলনে অন্য নিহত ছাত্রদের মতো হিরো হয়ে উঠতে পারেনি মাইলস্টোন স্কুল ও কলেজের দশম শ্রেণির ছাত্রী নাইমা সুলতানা নাইমার জন্য হয়নি কোনো চত্বর কোনো দেয়ালের নাম মুগ্ধ বা ফারহানকে প্রতিনিয়ত মনে রাখলেও আমরা নাইমার কথা ভুলে গেছি অন্যান্য সমন্বয়কদের সঙ্গে ডিবি কার্যালয়ে আটক ছিলেন সমন্বয়ক নুসরাতও তিনিও এখন যেন উধাও হয়ে গেছেন গোটা দৃশ্যপট থেকে কেন এমনটা হলো ৫ আগস্টের পর থেকে গোটা আন্দোলন নিয়ে এক ধরনের পুরুষতান্ত্রিক প্রভাব আমরা প্রত্যক্ষ করছি যে মেয়েরা স্লোগানেবিক্ষোভেপ্রতিবাদে রাজপথ মুখর করে রেখেছিল যাদের ছাড়া এই আন্দোলন কখনোই সফল হতো না বলে মন্তব্য করেছেন বৈষম্যবিরোধী আন্দোলনের নেতারা এখন সেই মেয়েদেরকেই হারিয়ে যেতে দেখছি আমরা মিনাল শ্রীবাস্তব তাঁর ইনভিজিবল উইমেন ইন হিস্ট্রি অ্যান্ড গ্লোবাল স্টাডিজ প্রবন্ধে একটি উদাহরণ দিয়েছিলেন এমন ১৯৩০৩১ সালে ভারতে লবণ সত্যাগ্রহ আন্দোলনে ৮০ হাজার মানুষ গ্রেপ্তার হয়েছিলেন এর মধ্যে ১৭ হাজার ছিলেন নারী অথচ ভারতের স্বাধীনতার ইতিহাসে কোথাও তাঁদের স্থান মেলেনি এভাবে মেয়েরা পরিসংখ্যান আর তথ্যউপাত্ত থেকে হারিয়ে যায় তখন গোটা বিষয়টা শুধু পুরুষদের দৃষ্টিকোণ থেকে দেখা অনিবার্য হয়ে পড়ে আমাদের সাম্প্রতিক গণঅভ্যুত্থানের পরও আমরা যেন এমনটা ঘটতে দেখছি ৩ অক্টোবর প্রথম আলোর সঙ্গে এক সাক্ষাৎকারে প্রধান উপদেষ্টার বিশেষ সহকারী মাহফুজ আলম বলেছেন এই আন্দোলনে মেয়েদের সম্পৃক্ততা ছিল বিরাট এখন অনেকে ভুলে গেলেও এ কথাটা সত্য যে মেয়েরা না থাকলে এই আন্দোলন কোনোভাবেই সফল হতো না ধন্যবাদ তাঁকে এই সত্য তুলে ধরার জন্য কিন্তু আর দশজন আন্দোলনকারীর মতো মেয়েরাও যে আদর্শগতভাবে সাহসের সঙ্গে ফ্যাসিবাদী নিপীড়নের বিপরীতে অবস্থান নিয়েছিল এই ন্যারেটিভে কেন যেন তা অনুপস্থিত বিগত সরকারের আমলে নানাভাবে মেয়েরাও যে নির্যাতন ও নিপীড়নের শিকার হয়েছিল জগন্নাথ বিশ্ববিদ্যালয়ের ছাত্রী খাদিজাতুল কুবরা কুষ্টিয়া ইসলামী বিশ্ববিদ্যালয়ের ফুলপরী বেগম বা অভিনেত্রী নওশাবার কথা স্মরণযোগ্য সেই মেয়েদের অবদানের কথাও আমরা অনেকে মনে রাখিনি ৫ আগস্টের পর থেকে গোটা আন্দোলন নিয়ে এক ধরনের পুরুষতান্ত্রিক প্রভাব আমরা প্রত্যক্ষ করছি যে মেয়েরা স্লোগানেবিক্ষোভেপ্রতিবাদে রাজপথ মুখর করে রেখেছিল যাদের ছাড়া এই আন্দোলন কখনোই সফল হতো না বলে মন্তব্য করেছেন বৈষম্যবিরোধী আন্দোলনের নেতারা এখন সেই মেয়েদেরকেই হারিয়ে যেতে দেখছি আমরা সুযোগসন্ধানী একটি গোষ্ঠী মেয়েদের পোশাক নিয়ে উঠেপড়ে লেগেছে নির্যাতিত হচ্ছেন রাস্তার যৌনকর্মীরা পথেঘাটে ক্যাটকলিং বা বুলিং যেন হঠাৎ করেই বেড়ে যাচ্ছে আন্দোলনে অংশগ্রহণকারী মেয়েরা সামাজিক যোগাযোগমাধ্যমে ব্যাপক বুলিং ও ট্রলের শিকার হয়েছিল তখন এখনো হচ্ছে ডিবি কার্যালয় থেকে ছাত্র সমন্বয়কদের মুক্ত করার ক্ষেত্রে সাহসী ভূমিকা রেখেছিলেন যে শিক্ষক সামিনা লুৎফা সামাজিক যোগাযোগমাধ্যমে ব্যাপক ট্রলের মাধ্যমে তাঁকে একপ্রকার কোণঠাসা করে ফেলা হলো আর বেশ অবাক ব্যাপার যে গোটা আন্দোলনে নারী সমন্বয়কদের জোরালো ভূমিকা থাকলেও উপদেষ্টা পরিষদের দুজন সদস্য এবং প্রধান উপদেষ্টার দপ্তরের তিন বিশেষ সহকারীর তালিকায় স্থান হয়নি কোনো নারীর সংস্কার কমিশনগুলোর প্রধানও সবাই পুরুষ নারীর অবস্থান পরিবর্তনের কোনো সংস্কার পরিকল্পনা চোখে পড়েনি দেখা যাচ্ছে আন্দোলনে সক্রিয় অংশ নেওয়ার পরও অধিকার আদায়ের বেলায় মেয়েরা পিছিয়ে পড়ছে ক্রমাগত ক্রমাগত যেন চলে যাচ্ছে দৃশ্যের বাইরে এবারই সব আশঙ্কা সব দ্বিধা পায়ে মাড়িয়ে বিপুলসংখ্যক সাধারণ নারী পলিটিক্যাল অ্যাকটিভিজমে জড়িয়েছিলেন কিন্তু সময়ের সঙ্গে সঙ্গে দৃশ্যপট থেকে অদৃশ্য হয়ে পড়ছেন তাঁরা সাধারণ নারীরা তো বটেই যাঁরা আন্দোলনের প্রথম সারিতে ছিলেন তাঁরাও অথচ বাস্তবতা হলো এই যে আমাদের দেশে আরও বেশিসংখ্যক নারীর রাজনীতিতে আসা উচিত সব স্তরে নারীর কণ্ঠ শোনার মতো পরিস্থিতি তৈরি করার জন্য এটা খুব দরকার রাষ্ট্র সংস্কারের পর জনসংখ্যার অর্ধেক জুড়ে থাকা এই অদৃশ্য নারীরা কি ভবিষ্যতে দৃশ্যমান হবেন,1
মার্কিন প্রেসিডেন্ট ডোনাল্ড ট্রাম্প গতকাল শুক্রবার সকালে অ্যাপলকে হুমকি দিয়েছিলেন আমেরিকায় তৈরি না হলে আমদানিকৃত সকল আইফোনের ওপর তিনি ২৫ শতাংশ শুল্ক আরোপ করবেন বিকেলে ঠিক একই হুমকি দিলেন আরেক জনপ্রিয় স্মার্টফোন নির্মাতা স্যামসাংকে সকালের হুমকিটি দিয়েছেন নিজের সোশ্যাল মিডিয়া প্ল্যাটফর্ম ট্রুথ সোশ্যালে আর বিকেলেরটি দিয়েছেন হোয়াইট হাউজে সাংবাদিকদের সামনে গতকাল বিকেলে হোয়াইট হাউজে উপস্থিত সাংবাদিকদের তিনি জানান স্যামসাং এবং অন্য যেকোনো স্মার্টফোন নির্মাতার ওপর তিনি ২৫ শতাংশ শুল্ক আরোপ করবেন যদি না তাঁদের তৈরি স্মার্টফোন আমেরিকায় তৈরি হয় আমেরিকার বাজারে বিক্রি হওয়া প্রতিটি স্মার্টফোন আমেরিকায় তৈরি হোক এমনটাই তাঁর প্রত্যাশা ট্রাম্প বলেন তাঁরা নির্মাতারা যদি এখানে আমেরিকায় কারখানা স্থাপন করে তাহলে কোনো শুল্ক দিতে হবে না অতএব তাঁরা এখানে কারখানা নির্মাণ করবে আমেরিকার বাইরে অন্য কোনো দেশে তৈরি আইফোন আমদানির ক্ষেত্রে ২৫ শতাংশ শুল্ক আরোপ করা না হলে বিষয়টি অন্যায্য হবে বলেই মত তাঁর ভারত বা অন্য কোথাও তৈরি আইফোনে ২৫ শতাংশ শুল্ক দিতে হবে ট্রাম্পভারত বা অন্য কোথাও তৈরি আইফোনে ২৫ শতাংশ শুল্ক দিতে হবে ট্রাম্প এর আগে অ্যাপলকে উদ্দেশ্য করে শেয়ার করা পোস্টে ট্রাম্প বলেছেন যে ভারত বা অন্য কোথাও উৎপাদিত আইফোন আমেরিকার বাজারে বিক্রি করতে হলে কমপক্ষে ২৫ শতাংশ শুল্ক আরোপ করা হবে এই ঘোষণার পর অ্যাপলের শেয়ারে দরপতন হয়েছে ২৬ শতাংশ এবং বাজার থেকে প্রতিষ্ঠানটির ৭০ বিলিয়ন ডলার মূলধন গায়েব হয়ে গেছে সার্বিকভাবে তাঁদের বাজার মূলধনও ৩ ট্রিলিয়ন ডলারের নিচে নেমে গেছে গত মাসে চীনআমেরিকা শুল্কযুদ্ধের প্রেক্ষাপটে আইফোনের উৎপাদন চীন থেকে ভারতে স্থানান্তরের সিদ্ধান্ত নেয় অ্যাপল এই প্রেক্ষাপটে ভারতে আইফোনের উৎপাদন বৃদ্ধির পরিকল্পনা করে মার্কিন এই টেক জায়ান্ট উৎপাদন বাড়াতে অ্যাপল ভারতে নতুন করে বড় অঙ্কের বিনিয়োগের পরিকল্পনা করছে বলেও শোনা গেছে সাম্প্রতিক সময়ে শুধু তাই নয় আমেরিকার বাজারে আইফোনের চাহিদার পুরোটাই ভারত থেকে আমদানির পরিকল্পনা গ্রহণ করে প্রতিষ্ঠানটি চলতি মাসেই অ্যাপলের সিইও টিম কুক তাঁদের আর্থিক বিবরণী প্রকাশের অনুষ্ঠানে জানিয়েছেন যে এপ্রিলজুন প্রান্তিতে আমেরিকায় বিক্রি হওয়া সকল আইফোন ভারতে তৈরি করা হয়েছে উল্লেখ্য চীনমার্কিন শুল্কযুদ্ধ শুরু হওয়ার আগ পর্যন্ত অ্যাপলের ৯০ শতাংশ স্মার্টফোন তৈরি হয়েছে চীনের বিভিন্ন প্রতিষ্ঠানে আইফোনের সবচেয়ে বড় বাজার হচ্ছে আমেরিকা যেখানে বছরে ৬০ মিলিয়ন বা ৬ কোটিরও বেশি আইফোন বিক্রি হয় স্যামসাং অ্যাপলসহ স্মার্টফোন নির্মাতা প্রতিষ্ঠানগুলোকে ২৫ শতাংশ শুল্কের হুমকি দিলেও এ প্রসঙ্গে আনুষ্ঠানিক কোনো ঘোষণা এখনও আসেনি ট্রাম্প প্রশাসনের তরফ থেকে স্যামসাং গ্যালাক্সি ও অ্যাপল আইফোনের মতো প্রিমিয়াম স্মার্টফোনের উৎপাদন আমেরিকায় করা হলে উৎপাদন খরচ তিন গুণ পর্যন্ত বৃদ্ধি পেতে পারে বলে প্রযুক্তি বিশ্লেষকরা জানিয়েছেন সেক্ষেত্রে বাড়তি খরচের ভার নির্মাতা প্রতিষ্ঠানগুলোকে মুনাফার পরিমাণ হ্রাস করার মাধ্যমে বহন করতে হবে অন্যথায় সাধারণ গ্রাহকদেরকে তিনগুণ বেশি দাম দিয়ে কিনতে হবে গ্যালাক্সি ও আইফোনের মতো ফ্ল্যাগশিপ ফোন এখন দেখার বিষয় অ্যাপল স্যামসাংকে লক্ষ্য করে দেওয়া ট্রাম্পের ২৫ শতাংশ শুল্কারোপের হুমকি আনুষ্ঠানিক ঘোষণা আকারে আসে কিনা,1
২০১৬ সালে আলী জাফর আব্বাস পরিচালিত সুলতান সিনেমাটি মুক্তি পায় সালমান খান ও আনুশকা শর্মা অভিনীত ছবিটি দর্শকসমালোচকদের বেশ প্রশংসা কুড়ায় তবে মুক্তির প্রায় আট বছর ছবিটির পারিশ্রমিক বৈষম্য নিয়ে খবর প্রকাশ করেছে ভারতীয় গণমাধ্যম কইমইডটকম টাইগার থ্রির পরবর্তী সিনেমার খবর জানালেন সালমান খান ২০১৬ সালের বক্স অফিসে অন্যতম সফল ছবি ছিল সুলতান এই ছবির জন্য পরিশ্রম করে নিজের শারীরিক কাঠামো বদলে ফেলেছিলেন সালমান কারণ ছবিটিতে একজন কুস্তিগিরের চরিত্রে অভিনয় করেছিলেন তিনি ছবিতে তাঁর নায়িকা ছিলেন আনুশকা জানা গেছে এ ছবির জন্য দুজনের প্রাপ্ত পারিশ্রমিকে ছিল আকাশপাতাল ফারাক সূত্রের দাবি সুলতান ছবি তৈরির বাজেট হিসেবে প্রযোজনা সংস্থা যশরাজ ফিল্মস বরাদ্দ করেছিল ৯০ কোটি রুপি তবে ভারতের বক্স অফিসে ছবিটি ৩০০ কোটি রুপির বেশি ব্যবসা করে সারা বিশ্বে ছবির আয় ৫০০ কোটি রুপি ছাড়িয়ে যায় কিন্তু এই ছবিতে সালমান ও আনুশকার পারিশ্রমিকের অঙ্ক অনেককেই অবাক করেছে ছবির জন্য সালমান নির্দিষ্ট পারিশ্রমিক নেননি তিনি ছবির লভ্যাংশ থেকে পারিশ্রমিক দাবি করেছিলেন অন্যদিকে আনুশকা ছবিটির জন্য পারিশ্রমিক পেয়েছিলেন ৬ থেকে ৭ কোটি রুপির মধ্যে ছবি হিট হওয়ার পর যশরাজের তরফে সালমানকে নাকি পারিশ্রমিক হিসেবে দেওয়া হয়েছিল ১০০ কোটি রুপি অর্থাৎ ছবির বাজেটের মাত্র ৬৭ শতাংশ পারিশ্রমিক পেয়েছিলেন তুলনায় সালমানের পকেটে আসা পারিশ্রমিক বহুগুণে বেশি হিন্দি সিনেমায় পুরুষ ও নারী অভিনয়শিল্পীদের পারিশ্রমিক বৈষম্য নতুন কিছু নয় অনেকবারই বিষয়টি নিয়ে মুখ খুলেছেন তারকারা,1
মিয়ানমারে সেনা অভ্যুত্থানের ছয় মাস হতে চলেছে দেশটিতে চলছে জান্তাবিরোধী বিক্ষোভ ছয় মাস পূর্তির প্রাক্কালে জান্তার বিরুদ্ধে রাজপথে বিক্ষোভ করেছেন দেশটির বিশ্ববিদ্যালয়ের শিক্ষার্থীরা আর বিগত দিনগুলোয় বিক্ষোভ দমনের নামে নিজ দেশের জনগণের ওপর হত্যা নির্যাতন চালানোয় জান্তার বিরুদ্ধে মানবতাবিরোধী অপরাধ সংঘটনের অভিযোগ তুলেছে অধিকার সংগঠন হিউম্যান রাইটস ওয়াচ এইচআরডব্লিউ স্থানীয় সময় আজ শনিবার মিয়ানমারের দ্বিতীয় বৃহত্তম শহর মান্দালয়ের রাজপথে মোটরসাইকেল নিয়ে মিছিল করেছেন বিশ্ববিদ্যালয়ের শিক্ষার্থীরা এ সময় তাঁরা লাল ও সবুজ রঙের পতাকা নিয়ে জান্তাবিরোধী স্লোগান দেন এ সময় শিক্ষার্থীরা বেসামরিক সরকারের কাছে ক্ষমতা ছেড়ে দিতে জান্তার সঙ্গে যেকোনো আলোচনার বিরুদ্ধে অবস্থান নেন তাঁদের দাবি শর্তমুক্ত ক্ষমতা হস্তান্তরে রাজি হতে হবে জান্তা সরকারকে এদিকে নিউইয়র্কভিত্তিক হিউম্যান রাইটস ওয়াচ আজ শনিবার এক বিবৃতিতে জানিয়েছে মিয়ানমারের সেনাশাসনের বিরুদ্ধে বিক্ষোভে অংশ নেওয়া মানুষদের ওপর সশস্ত্র দমনপীড়ন চালিয়েছে জান্তা আটক বিরোধীপক্ষের ওপর চালানো হয়েছে নির্যাতন অনেককে হত্যা করা হয়েছে যা মানবতাসংক্রান্ত আন্তর্জাতিক চুক্তির সুস্পষ্ট লঙ্ঘন সংগঠনটির এশিয়াবিষয়ক পরিচালক ব্র্যাড অ্যাডামস বলেন নিজ দেশের জনগণের ওপর চালানো দমনপীড়ন নির্যাতন ও হত্যার মাধ্যমে মিয়ানমারের জান্তা মানবতাবিরোধী অপরাধ করেছে গত ফেব্রুয়ারির শুরুতে মিয়ানমারের সেনাবাহিনী ক্ষমতা দখলের পর থেকে দেশটিতে বিক্ষোভ চলছে তবে অধিকার সংগঠনটির এমন অভিযোগের বিষয়ে প্রতিক্রিয়া জানতে জান্তার মুখপাত্র জাও মিন তুনের সঙ্গে যোগাযোগ করা হলেও সাড়া মেলেনি গত ১ ফেব্রুয়ারি মিয়ানমারে রক্তপাতহীন সেনা অভ্যুত্থান হয় আটক করা হয় গণতন্ত্রপন্থী নেত্রী অং সান সু চিসহ দেশটির প্রভাবশালী রাজনীতিকদের তাঁদের নামে করা হয় একাধিক মামলা বাতিল করা হয় গত নভেম্বরের সাধারণ নির্বাচনের ফলাফল ওই নির্বাচনে সু চির দল ন্যাশনাল লিগ ফর ডেমোক্রেসি এনএলডি বিপুল জয় পেয়েছিল ভোটের ফল প্রত্যাখান করে অভ্যুত্থান ঘটায় জান্তা অভ্যুত্থানের পরপরই রাজপথে বিক্ষোভে নামেন মিয়ানমারের সাধারণ মানুষ তাঁদের দাবি দুটো সেনাশাসন তুলে নেওয়া ও সু চিসহ রাজবন্দীদের মুক্তি জান্তার দমনপীড়নে এখন পর্যন্ত দেশটিতে ৯৩৯ জন নিহত হয়েছেন বলে জানিয়েছে অধিকার সংগঠন অ্যাসিস্ট্যান্স অ্যাসোসিয়েশন অব পলিটিক্যাল প্রিজনার্স এএপিপি আটক করা হয়েছে শিল্পী শিক্ষক শিক্ষার্থী রাজনীতিক সাংবাদিক চিকিৎসকসহ প্রায় সাত হাজার মানুষকে ছায়া সরকার গঠন করে গণতন্ত্র ফেরানোর লড়াই চালিয়ে যাচ্ছেন মিয়ানমারের ক্ষমতাচ্যুত রাজনীতিকেরা সব মিলিয়ে গৃহযুদ্ধের ঝুঁকির মুখে রয়েছে দেশটি এমন পরিস্থিতিতে জান্তার বিরুদ্ধে যুক্তরাষ্ট্রসহ পশ্চিমা শক্তি নতুন করে নিষেধাজ্ঞা আরোপ করেছে তবে মিয়ানমারে শান্তি ফেরাতে উদ্যোগ নিয়েছে দক্ষিণপূর্ব এশিয়ার দেশগুলোর আঞ্চলিক জোট আসিয়ান পাঁচ দফার ভিত্তিতে বিবাদমান পক্ষগুলোর মধ্যে শান্তিপূর্ণ আলোচনার উদ্যোগ নিয়েছে জোটের সদস্যরা,0
২০২৬ সালকে বরণ করতে যখন হাজার হাজার নিউইয়র্কবাসী টাইমস স্কয়ারে ভিড় জমাবেন ঠিক তার আগে নবনির্বাচিত মেয়র জোহরান মামদানি ঘোষণা দিয়েছেন তিনি ৩১ ডিসেম্বর মধ্যরাতে পরিত্যক্ত এক সাবওয়ে স্টেশনে শপথ নেবেন ওই স্টেশন আমেরিকার গিল্ডেড এজ বা সমৃদ্ধির যুগে তৈরি করা হয়েছিল ৩৪ বছর বয়সী জোহরান নববর্ষের আগের রাতে নিউইয়র্কের সিটি হলের নিচে অবস্থিত এ পরিত্যক্ত স্টেশনে শপথ নেওয়ার পরিকল্পনা করছেন বর্তমানে এ স্টেশন লোকাল ৫ নম্বর ট্রেনের ঘোরার পথ হিসেবে ব্যবহৃত হয় এ ব্যতিক্রমী জায়গা বেছে নেওয়ার কারণ হিসেবে মামদানি বলেন এটি প্রতীকীভাবে একটি নতুন যুগের সূচনাকে জাগিয়ে তুলছে জোহরান মামদানি এক বিবৃতিতে বলেছেন এ স্থাপনা এমন এক শহরের স্মৃতিস্তম্ভ যা একসময় সুন্দর হওয়ার সাহস দেখাত এবং শ্রমজীবী মানুষের জীবন বদলে দেওয়ার মতো বড় কিছু গড়ে দিত সেই উচ্চাকাঙ্ক্ষা যেন কেবল অতীতের স্মৃতি হয়ে বা সিটি হলের সুড়ঙ্গের নিচে আটকা পড়ে না থাকে সে জন্য এ আয়োজন ওপরের ভবন সিটি হল থেকে যাঁরা নিউইয়র্কবাসীদের সেবা করার সুযোগ পাবেন তাঁদের লক্ষ্য হবে সে চেতনাকে ফিরিয়ে আনা জোহরান আরও যোগ করেন নতুন সুযোগের এ যুগে লাখ লাখ নিউইয়র্কবাসীকে নেতৃত্ব দেওয়ার সুযোগ পেয়ে তিনি ধন্য এবং শহরের এ মহান ঐতিহ্যকে এগিয়ে নিতে পেরে নিজেকে সম্মানিত মনে করছেন ১৯০৪ সালে নিউইয়র্কে প্রথম চালু ২৮টি স্টেশনের একটি হচ্ছে এ স্টেশন পরে ১৯৪৫ সালে আধুনিকায়নের সময় এটি বন্ধ করে দেওয়া হয় ১৯৭৯ সালে এটিকে নিউইয়র্কের ল্যান্ডমার্ক এবং ২০০৪ সালে জাতীয় ঐতিহাসিক স্থানের স্বীকৃতি দেওয়া হয় নতুন মেয়র জোহরান মামদানিকে শপথবাক্য পাঠ করাবেন নিউইয়র্কের অ্যাটর্নি জেনারেল লেটিসিয়া জেমস এরপর আজ বুধবার স্থানীয় সময় দুপুরে সিটি হলের সিঁড়িতে আরেকটি অনুষ্ঠান হবে সেখানে ভার্মন্টের সিনেটর বার্নি স্যান্ডার্স তাঁকে শপথ পাঠ করাবেন এরপর ব্রডওয়েতে একটি বড় উৎসবের ব্লক পার্টি আয়োজন করা হবে অ্যাটর্নি জেনারেল লেটিসিয়া জেমস বলেন সাবওয়ে স্টেশন বেছে নেওয়াটা যথার্থ হয়েছে কারণ ট্রেনব্যবস্থা নিউইয়র্কবাসীর জন্য এক মহাসাম্য বা সবাইকে এক করার জায়গা অ্যাটর্নি জেনারেল বলেন জোহরান আমাদের পরবর্তী মেয়র কারণ তিনি বোঝেন আমরা যে সাবওয়ে লাইনই ব্যবহার করি না কেন একে অপরের পাশে থাকা সব নিউইয়র্কবাসীর এমন একটি শহর পাওয়ার অধিকার আছে যেখানে তারা ভালোভাবে বেঁচে থাকতে পারবে জোহরান মামদানির শপথ অনুষ্ঠানে সাবেক মেয়রদের মধ্যে কেবল প্রগতিশীল ডেমোক্র্যাট বিল ডি ব্লাসিও উপস্থিত থাকার কথা নিশ্চিত করেছেন মাইকেল ব্লুমবার্গ বা রুডি জুলিয়ানি এখনো কিছু জানাননি বিদায়ী মেয়র এরিক অ্যাডামসও তাঁর উপস্থিতির বিষয়টি অস্পষ্ট রেখেছেন মীরা নায়ার ও জোহরান মামদানি মীরা নায়ার ও জোহরান মামদানিরয়টার্স গত সোমবার এক সংবাদ সম্মেলনে অ্যাডামস বলেন তিনি মামদানির সঙ্গে কথা বলে নিশ্চিত হতে চান যেন তাঁর উপস্থিতি কোনো বিঘ্ন না ঘটায় অ্যাডামস পরোক্ষভাবে জোহরান মামদানির সমর্থকদের সমালোচনা করে বলেন দিনটি অত্যন্ত গুরুত্বপূর্ণ ও ঐতিহাসিক তবে দুর্ভাগ্যবশত তাঁর কিছু সমর্থক আছেন যাঁরা সবকিছুতেই প্রতিবাদ করতে পছন্দ করেন তিনি চাইলে আমি যাব জবাবে জোহরান মামদানি বলেছেন সাবেক মেয়রকে অবশ্যই স্বাগত জোহরান শপথ নেওয়ার আগেই তাঁর ফায়ার ডিপার্টমেন্ট প্রধানকে বাছাই নিয়ে সমালোচনা করেছেন ধনকুবের ইলন মাস্ক তিনি যখন লিনিয়ান বনসিনোর ৫৬ নামের অভিজ্ঞ নারী ইএমএস জরুরি চিকিৎসাসেবা কর্মকর্তাকে ফায়ার ডিপার্টমেন্টের এফডিএনওয়াই প্রধান হিসেবে নিয়োগ দেন তখন মাস্ক তাঁর অভিজ্ঞতার অভাব নিয়ে প্রশ্ন তোলেন জবাবে মামদানি এক্সে সাবেক টুইটার লিখেছেন অভিজ্ঞতা অবশ্যই গুরুত্বপূর্ণ সে কারণেই আমি এমন একজনকে নিয়োগ দিয়েছি যিনি ইএমএসে ৩০ বছরের বেশি সময় কাটিয়েছেন মনে রাখবেন ফায়ার ডিপার্টমেন্টে আসা ৭০ শতাংশ ফোনই ইএমএস কর্মীরা সামলান গত সপ্তাহে মেয়র এরিক অ্যাডামস ৩৭ বছরের অভিজ্ঞতাসম্পন্ন মার্ক গুয়েরাকে সাময়িক সময়ের জন্য ফায়ার চিফ হিসেবে নিয়োগ দিয়েছিলেন এ প্রসঙ্গে জোহরান বলেন অন্য কোনো ঘটনা লিনিয়ানের দক্ষতাকে ম্লান করতে পারবে না বর্তমান মেয়র এ বছরের শেষ দিন পর্যন্ত সিদ্ধান্ত নেওয়ার পূর্ণ অধিকার রাখেন,1
শান্তিপূর্ণ ও সংঘাতমুক্ত বিশ্ব প্রতিষ্ঠা এবং গাজা ও ইউক্রেনে চলমান যুদ্ধের অবসান ঘটাতে বাংলাদেশকে সহযোগিতা দিতে যুক্তরাজ্য সরকারের প্রতি আহ্বান জানিয়েছেন পররাষ্ট্রমন্ত্রী ড হাছান মাহমুদ লন্ডনের স্থানীয় সময় বুধবার সন্ধ্যায় বাংলাদেশের ৫৪তম স্বাধীনতা ও জাতীয় দিবস উদযাপন উপলক্ষে লন্ডনে বাংলাদেশ হাইকমিশন আয়োজিত কূটনৈতিক সংবর্ধনা অনুষ্ঠানে সম্মানিত অতিথির বক্তব্যে পররাষ্ট্রমন্ত্রী হাছান মাহমুদ এ আহ্বান জানান গাজা এবং ইউক্রেনসহ বিশ্বব্যাপী সংঘাতপূর্ণ অঞ্চলে অবিলম্বে যুদ্ধবিরতির প্রয়োজনের ওপর জোর দিয়ে তিনি বলেন মানুষের স্বাভাবিক জীবনযাত্রা পুনরুদ্ধার এবং শান্তি প্রতিষ্ঠার জন্য নিরীহ মানুষ হত্যা বন্ধ করা অত্যন্ত গুরুত্বপূর্ণ ব্রিটিশ পার্লামেন্টের নিকটবর্তী ঐতিহাসিক চার্চিল হলে এ অনুষ্ঠানে যুক্তরাজ্যের পার্লামেন্টের স্পিকার স্যার লিন্ডসে হোয়েল প্রধান অতিথি এবং হাউস অব কমন্সের নেতা পেনি মর্ডান্ট যুক্তরাজ্যের মধ্যপ্রাচ্য উত্তর আফ্রিকা দক্ষিণ এশিয়া ও জাতিসংঘের এফসিডিও মন্ত্রী লর্ড তারিক আহমেদ পরিবেশ খাদ্য ও গ্রামীণবিষয়ক ছায়াসচিব স্টিভ রিড এবং বাংলাদেশ নিয়ে সর্বদলীয় সংসদীয় গ্রুপের চেয়ারম্যান রুশনারা আলী এমপি বিশেষ অতিথির বক্তব্য দেন প্রধানমন্ত্রীর আন্তর্জাতিকবিষয়ক উপদেষ্টা ড গওহর রিজভী সাবেক পররাষ্ট্রমন্ত্রী ও পররাষ্ট্রবিষয়ক সংসদীয় কমিটির চেয়ারম্যান ড এ কে আব্দুল মোমেন এবং প্রবাসী কল্যাণ ও বৈদেশিক কর্মসংস্থান প্রতিমন্ত্রী শফিকুর রহমান চৌধুরী প্রমুখের উপস্থিতিতে যুক্তরাজ্যে নিযুক্ত বাংলাদেশের হাইকমিশনার সাইদা মুনা তাসনিম অনুষ্ঠানে স্বাগত বক্তব্য দেন পররাষ্ট্রমন্ত্রী ড হাছান তার বক্তব্যে জাতির পিতা সকল শহীদ বীর মুক্তিযোদ্ধাদের প্রতি গভীর শ্রদ্ধা নিবেদন করেন তিনি বাংলাদেশের স্বাধীনতা যুদ্ধের সময় সমর্থনের জন্য যুক্তরাজ্য সরকার সে দেশের নাগরিক এবং ব্রিটিশবাংলাদেশি প্রবাসীদের প্রতি কৃতজ্ঞতা প্রকাশ করেন এবং প্রধানমন্ত্রী শেখ হাসিনার অনন্য নেতৃত্বে বাংলাদেশযুক্তরাজ্যের ঐতিহাসিক সম্পর্ককে নতুন উচ্চতায় উন্নীত করার অঙ্গীকার ব্যক্ত করেন পররাষ্ট্রমন্ত্রী হাছান মাহমুদ এদিন যুক্তরাজ্যের স্পিকার হাইকমিশনার এবং বিশিষ্ট অতিথিদের সঙ্গে নিয়ে মুজিব অ্যান্ড ব্রিটেন প্রকাশনার মোড়ক উন্মোচন করেন একইসঙ্গে বাংলাদেশের দুই মহান বন্ধু লর্ড মারল্যান্ড এবং লর্ড স্বরাজ পলের হাতে যথাক্রমে বঙ্গবন্ধুএডওয়ার্ড হিথ ফ্রেন্ডশিপ অ্যাওয়ার্ড এবং বঙ্গবন্ধুহ্যারল্ড উইলসন অ্যাওয়ার্ড হস্তান্তর করেন অনুষ্ঠানে বঙ্গবন্ধুর ওপর বিশেষ প্রদর্শনী ব্রিটিশবাংলাদেশি শিল্পীদের বর্ণাঢ্য সাংস্কৃতিক পরিবেশনা এবং ঐতিহ্যবাহী বাংলাদেশি শাড়ি প্রদর্শনীতে যুক্তরাজ্যের সংসদ সদস্য সরকারি কর্মকর্তা বিশিষ্ট ব্রিটিশ রাজনীতিবিদ হাইকমিশনার ও রাষ্ট্রদূত কমনওয়েলথ ও ইন্টারন্যাশনাল মেরিটাইম অর্গানাইজেশনের আইএমও সিনিয়র প্রতিনিধি কূটনীতিক থিঙ্ক ট্যাঙ্ক মিডিয়া একাডেমিয়া এবং যুক্তরাজ্যে বাংলাদেশি সম্প্রদায়ের সদস্যরা যোগ দেন,0
কাল শুরু হচ্ছে লেখকপাঠকপ্রকাশকের মিলনমেলা অমর একুশে গ্রন্থমেলা করোনা রোধে স্বাস্থ্যবিধি মেনেই বইমেলা পরিচালনা হবে বলে জানিয়েছেন সংস্কৃতি প্রতিমন্ত্রী কে এম খালিদ মাস্ক ছাড়া কেউ প্রবেশ করতে পারবে না বইমেলায় এ বছর দেরিতে শুরু হওয়ায় ফেব্রুয়ারির পরেও চলতে পারে বইমেলা মঙ্গলবার বিকেল তিনটায় অমর একুশে গ্রন্থমেলা ভার্চুয়ালি উদ্বোধন করবেন প্রধানমন্ত্রী শেখ হাসিনা এরইমধ্যে মেলার সব প্রস্তুতি শেষ করেছে আয়োজক বাংলা একাডেমি এবার মেলায় অংশ নিচ্ছে ৫৩৪ টি প্রকাশনা প্রতিষ্ঠান বাংলা একাডেমি প্রাঙ্গণ ও সোহরাওয়ার্দী উদ্যান মিলিয়ে মোট সাড়ে সাত লক্ষ স্কয়ার ফিট এলাকায় থাকছে ৭৭৬টি ষ্টল ও ৩৫টি প্যাভিলিয়ন মেলার আয়োজন নিয়ে সোমবার বাংলা একাডেমিতে এক সংবাদ স্মমেলনে সংস্কৃতি প্রতিমন্ত্রী কে এম খালিদ জানান করোনা স্বাস্থ্যবিধি মেনেই বইমেলা পরিচালনা করা হবে মেলায় আগতদের মাস্ক পরা বাধ্যতামূলক জানিয়ে তিনি বলেন দেরিতে শুরু হওয়ায় এবারের মেলা ফেব্রুয়ারির পরেও চলতে পারে বাংলা একাডেমির মহাপরিচালক কবি মুহম্মদ নূরুল হুদা জানিয়েছেন ভাষা আন্দোলনের ৭০ বছর ও বই মেলায় ৫০ বছর পূর্তিতে এবারের মেলা আলাদা গুরুত্ব বহন করছে প্রতিদিন দুপুর ২টা থেকে শুরু হয়ে রাত ৯টা পর্যন্ত চলবে বইমেলা আর শুক্র ও শনিবার মেলা শুরু হবে ১১টায় এছাড়া ২১ ফেব্রুয়ারি মেলা শুরু হবে সকাল ৮টায় উল্লেখ্য যে ১৯৭২ সালের একুশে ফেব্রুয়ারি ভাষা দিবসের অনুষ্ঠানে বাংলা একাডেমির ফটকে চট বিছিয়ে বই বিক্রি শুরু করেন মুক্তধারা প্রকাশনীর মালিক চিত্তরঞ্জন সাহা পরে ১৯৭৭ সালে তার সঙ্গে আরো অনেকে যোগ দেন এরপর ১৯৭৮ সালে বাংলা একাডেমির তৎকালীন মহাপরিচালক আশরাফ সিদ্দিকী বাংলা একাডেমিকে এ বইমেলার সঙ্গে সম্পৃক্ত করেন পরের বছর মেলার সঙ্গে যুক্ত হয় বাংলাদেশ পুস্তক বিক্রেতা ও প্রকাশক সমিতি ১৯৮৩ সালে মনজুরে মওলা বাংলা একাডেমির মহাপরিচালকের দায়িত্বে থাকার সময় অমর একুশে গ্রন্থমেলা নামে এ মেলা আয়োজনের প্রস্তুতি নেয়া হলেও তা আর করা যায়নি পরের বছর ১৯৮৪ সালে বাংলা একাডেমি প্রাঙ্গণে অমর একুশে বইমেলার সূচনা হয়,1
সেই ১৯৮৬ মেক্সিকো বিশ্বকাপ ছিলো কানাডার প্রথম ও একমাত্র বিশ্বকাপ মাঝে পেরিয়েছে তিন দশকের বেশি সময় অবশেষে দীর্ঘ সেই প্রতীক্ষার অবসান ঘটিয়ে টরন্টোতে জ্যামাইকার বিপক্ষে বাছাইপর্বের ৪০ গোলের জয়ে আবারো বিশ্বমঞ্চে ফিরলো কানাডার ফুটবল কনকাকাফ অঞ্চলের প্রথম দল হিসাবে ২০২২ কাতার বিশ্বকাপ নিশ্চিত করল তারা ম্যাচ শেষে কানাডার বিভিন্ন শহর উৎসবের নগরিতে পরিণত হয় ৩০ হাজার দর্শকে ঠাসা টরন্টোর বিএমও স্টেডিয়ামে দর্শকদের স্লোগান আর গানে মুখরিত ছিলো লারিন ও বুচানানের গোলে প্রথমার্ধেই এগিয়ে যায় কানাডা দ্বিতীয়ার্ধে আরো দুটি গোল হলে বড় ব্যবধানে জয় পায় দলটি জ্যামাইকার বিপক্ষে এই ম্যাচে স্রেফ ড্র হলেই চলত কানাডার কিন্তু ঘরের দর্শকের সামনে উজ্জীবিত দল আক্রমণাত্মক ফুটবলের পসরা সাজিয়ে ম্যাচ জিতে নেয় ৪০ গোলে এরপর গোটা দল আর স্টেডিয়াম মেতে ওঠে উৎসবে কনকাকাফ অঞ্চলের প্রতিষ্ঠিত শক্তি ও বিশ্বকাপের নিয়মিত মুখ মেক্সিকোযুক্তরাষ্ট্রের মতো দলকে পেছনে ফেলে এক ম্যাচ বাকি রেখেই এবার সবার আগে বিশ্বকাপ নিশ্চিত করে ফেলল কানাডা ১৩ ম্যাচে ২৮ পয়েন্ট তাদের এদিকে পানামাকে ৫১ গোলে হারিয়ে একই অঞ্চল থেকে বিশ্বকাপে কোয়ালিফাই করার দ্বারপ্রান্তে যুক্তরাষ্ট্র হ্যাটট্রিক করে মার্কিনীদের জয়ের নায়ক ক্রিস্টিয়ান পুলিসিচ এদিকে আফ্রিকা অঞ্চলের বাছাইপর্বে ডু অর ডাই ম্যাচে লড়বে সেনেগাল ও মিশর ঘরের মাঠে প্রথম লেগে ১০ গোলের জয়ে এগিয়ে আছে সালাহর দল কদিন আগেই মিশরকে হারিয়ে প্রথমবারের মতো আফ্রিকা কাপ অব নেশন্স জয় করে মানের সেনেগাল এবার তেরাঙ্গা সিংহদের হারিয়ে প্রতিশোধ নিতে মরিয়া ফারাওরা বাছাইপর্বে বলিভিয়ার বিপক্ষে শেষ ম্যাচের আগে ব্রাজিলকে বিশ্বকাপ জয়ের অন্যতম ফেভারিট বলে দাবি করলেন মিডফিল্ডার ফ্রেড ইকুয়েডরের বিপক্ষে বাছাইয়ের শেষ ম্যাচ সামনে রেখে আর্জেন্টাইন কোচ স্কালোনিও দলের ভবিষ্যত নিয়ে কথা বলেছেন ইউরোপের হিসাব নিকাশও জমেছে বেশ প্লেঅফের ফাইনালে জায়ান্ট কিলার নর্থ মেসিডোনিয়ার মুখোমুখি পর্তুগাল ইতালিকে ছিটকে দেয়া দলটিকে আর হালকা করে নেয়ার সুযোগ নেই ক্রিশ্চিয়ানো রোনালদোদের ৩২ দলের কাতার বিশ্বকাপে ২০ দল এখন পর্যন্ত কোয়ালিফাই করেছে যেখানে চমক জাগিয়ে সবশেষ অন্তর্ভুক্তি কানাডা বাকি ১২টি স্পটের জন্য এখনো লড়ছে ২৯ দল,1
বেসরকারি ব্র্যাক ইউনিভার্সিটিতে ডেপুটি ম্যানেজার পদে জনবল নিয়োগ দেওয়া হবে আগ্রহীরা ২৫ সেপ্টেম্বর পর্যন্ত আবেদন করতে পারবেন প্রতিষ্ঠানের নাম ব্র্যাক ইউনিভার্সিটি বিভাগের নাম প্রোকিউরমেন্ট পদের নাম ডেপুটি ম্যানেজার পদসংখ্যা নির্ধারিত নয় শিক্ষাগত যোগ্যতা স্নাতক বিজনেস স্ট্যাডিজসমমান ডিগ্রি থাকলে আবেদন করা যাবে,1
শিক্ষার্থীদের সব ধরনের পরীক্ষা ২৩ মে পর্যন্ত বন্ধ রাখতে বেসরকারি বিশ্ববিদ্যালয়গুলোর কর্তৃপক্ষের প্রতি নির্দেশনা দিয়েছে বিশ্ববিদ্যালয় মঞ্জুরি কমিশন ইউজিসি আজ সোমবার এ সংক্রান্ত নির্দেশনা দেওয়া হয় সংশ্লিষ্ট নির্দেশনার কপি সব বেসরকারি বিশ্ববিদ্যালয়ের উপাচার্য ও রেজিস্ট্রারের কাছে পাঠানো হয়েছে নির্দেশনায় বলা হয়েছে সংশ্লিষ্ট সকলের কার্যার্থে জানানো যাচ্ছে যে সরকারি নির্দেশনা অনুযায়ী বেসরকারি বিশ্ববিদ্যালয়গুলোয় অধ্যয়নরত শিক্ষার্থীদের অনলাইন ক্লাস ব্যতীত ল্যাব ও সব ধরনের পরীক্ষা আগামী ২৩ মে পর্যন্ত বন্ধ রাখার অনুরোধ করা হলো,1
আগামী ৯ ডিসেম্বর বাংলাদেশ সফরে আসছেন ভারতের পররাষ্ট্রসচিব বিক্রম মিশ্রি শুক্রবার সাপ্তাহিক ব্রিফিংয়ে এ তথ্য নিশ্চিত করেন ভারতের পররাষ্ট্র মন্ত্রণালয়ের মুখপাত্র রণধীর জয়সওয়াল ফরেন অফিস কনসাল্টেশন বৈঠকে নেতৃত্ব দেবেন ভারতের পররাষ্ট্রসচিব বিক্রম মিশ্রি ঢাকায় তার মূল বৈঠকটি হবে বাংলাদেশের পররাষ্ট্র সচিব জসীম উদ্দিনের সঙ্গে পাশাপাশি পররাষ্ট্র উপদেষ্টা তৌহিদ হোসেন ও প্রধান উপদেষ্টা মুহাম্মদ ইউনুসের সঙ্গে সৌজন্য সাক্ষাৎ করার কথা রয়েছে তার গত ৫ আগস্ট হাসিনা সরকারের পতনের পর এই প্রথম উচ্চপর্যায়ের বৈঠকে শামিল হচ্ছে দুই দেশ যদিও ইউনুস সরকারের গত চার মাসে দুদেশের তিনটি টেকনিক্যাল কমিটির বৈঠক করেছে,0
আন্তর্জাতিক ব্যাডমিন্টনের ফাইনালে উঠে আগেই ইতিহাসে নাম লিখিয়েছেন আল আমিন জুমারঊর্মি আক্তার জুটি তবে ইউনেক্সসানরাইজ বাংলাদেশ ইন্টারন্যাশনাল চ্যালেঞ্জে স্বর্ণ জিততে পারেননি এই জুটি শনিবার ২০ ডিসেম্বর মিশ্র দ্বৈতের ফাইনালে মালয়েশিয়ান জুটি দাতু আনিফ ইসাক ও ক্লারিসা সানের কাছে হেরে গেছেন তারা প্রথম সেটে লড়াই করলেও পরের সেটে আর পেরে ওঠেননি ২৭২৫ ও ২১১৪ পয়েন্টের ব্যবধানে হেরে বাংলাদেশ ইন্টারন্যাশনাল চ্যালেঞ্জ টুর্নামেন্টে রৌপ্য জিতেছেন তারা ইনকিলাব মঞ্চের মুখপাত্র শরিফ ওসমান হাদির মৃত্যুতে রাষ্ট্রীয় শোক দিবসের কারণে ফাইনালে কোনো আনুষ্ঠানিকতা রাখা হয়নি ফাইনালে ওঠার কারণে অর্থ পুরস্কার পেয়েছেন বাংলাদেশের মিশ্র দ্বৈতের তারকা জুটি জুমারঊর্মি বাংলাদেশ ব্যাডমিন্টন ফেডারেশনের সভাপতি হাবিব উল্লাহ ডন দুজনকে পাঁচশত করে মোট ১ হাজার ডলার অর্থ পুরস্কার দিয়েছেন একই সঙ্গে শাটলারদের উন্নত প্রশিক্ষণের জন্য বিদেশী কোচসহ সব ধরনের সুযোগসুবিধা প্রদানেরও আশ্বাস দিয়েছেন ফাইনাল শেষে আল আমিন জুমার বলেন প্রথমবারের মতো আমরা কোনো আন্তর্জাতিক ইভেন্টের ফাইনালে উঠতে পেরেছি এটা যেমন আনন্দের তেমনি চ্যাম্পিয়ন হতে না পেরে একটু তো খারাপ লাগছেই ওরা আমাদের চেয়ে সুযোগসুবিধা ট্রেনিংয়ে অনেক এগিয়ে সেদিক থেকে আমরা কিছুটা হলেও পিছিয়ে একক দ্বৈত এবং মিশ্র দ্বৈত তিন বিভাগেই আমি খেলেছি আমি কোনো ক্লান্তি অনুভব করিনি আনন্দ নিয়েই খেলেছি এবার পারিনি ভবিষ্যতে অবশ্যই দেশের জন্য স্বর্ণ পদক জিতে আনব ঊর্মি আক্তার জানান এসএ গেমসকে সামনে রেখে আমরা যে তিন মাসের ট্রেনিংয়ে ছিলাম সেটা অনেক কাজে দিয়েছে ওই কারণেই এই টুর্নামেন্টের ফাইনালে উঠতে পেরেছি ওদের সঙ্গে আমাদের অনেক পার্থক্য ওদের ড্রেস দেখলেই বুঝবেন বড় বড় স্পন্সর নিয়ে খেলে আমাদের সেভাবে কোনো স্পন্সর নেই দীর্ঘ মেয়াদী ট্রেনিংয়ের সুবিধা নেই আমরাও যদি ওদের মত সব ধরনের সুবিধা পেতাম তাহলে আরও অনেকদূর যেতে পারতাম মিশ্র দ্বৈতের পাশাপাশি আজ আরও চারটি ইভেন্টের ফাইনাল অনুষ্ঠিত হয় পুরুষ এককে দুই ভারতীয়র লড়াইয়ে মেইরাবা মাইসনাম ২১৭ ও ২১১২ পয়েন্টে নুমাইর শাইককে পরাজিত করেন নারী এককে চ্যাম্পিয়ন হন যুক্তরাষ্ট্রের ইসিকা জয়সোয়াল ভারতের তানভি রেড্ডিকে ২২২০ ২১২৩ এবং ২১১৫ পয়েন্টে পরাজিত করে স্বর্ণ জেতেন ইসিকা পুরুষ দ্বৈতের ফাইনালে ভিয়েতনামের ড্যাং খাহট্রান হোং জুটিকে ২১১৯ ও ২১১২ পয়েন্টের ব্যবধান হারান ভারতের নিরঞ্জনরুবান কুমার জুটি সবশেষ নারী দ্বৈতের ফাইনালে থাইল্যান্ডের পাত্থারিন সারিসা জানপেং জুটির কাছে মালয়েশিয়ার গ্যান মিনতান জিং জুটিকে ২১৭ ২০২২ ও ২১১৫ পয়েন্টে পরাজিত করেন,0
ছানোয়ার হোসেন বলেন চক্রটির সদস্যরা অনলাইনের মাধ্যমে খুঁজতে থাকে কোথায় জানাজা আছে জানাজার সন্ধান পাওয়ার পর তারা খোঁজখবর নিতে থাকে মানুষের সমাগম কেমন হবে সেটার জন্য সেখানে গিয়ে তারা কয়েকটি গ্রুপে ভাগ হয়ে যায় প্রত্যেকটি গ্রুপে তিনজন করে সদস্য থাকে এই কাজের কোড নাম দেয় বডিকাজ জানাজার স্থান নির্ধারণ হওয়ার পর তারা সেখানে পায়জামা পাঞ্জাবি ও টুপি পরে যায় চক্রের সদস্যরা জানাজার ভিড়ের মধ্যে কৌশলে মোবাইল চুরি করে গ্রুপের দ্বিতীয় সদস্যকে দেয় দ্বিতীয় সদস্য মোবাইলটি আবার তৃতীয় সদস্যকে দেয় পরে সেই ব্যক্তি জানাজার স্থান ছেড়ে চলে যায় তিনি বলেন পকেট থেকে মোবাইলটি যে চুরি করে তাকে মহাজন বলা হয় জানাজা ছাড়াও চক্রটির জুম্মার নামাজেও একই কাজ করে এই চুরিকে তারা মসজিদ কাম বলে থাকে জুমার নামাজকে কেন্দ্র করে চক্রটির সব থেকে বেশি গ্রুপ সক্রিয় থাকে বায়তুল মোকাররম মসজিদে এই কর্মকর্তা বলেন চক্রের সদস্য বাহার চোরাই মোবাইল গ্রুপগুলো থেকে সংগ্রহ করত বাহারের একজন মোটরসাইকেল চালক আছে বাহারের দেওয়া তথ্য অনুযায়ী গ্রুপগুলো থেকে মোবাইল সংগ্রহ করে পরে মোবাইলগুলো গ্রেপ্তার মাসুদের কাছে পাঠিয়ে দিত গ্রেপ্তার মাসুদের কাজ হচ্ছে চোরাই মোবাইলগুলো নির্দিষ্ট দোকানে পৌঁছে দেওয়া তদন্তে চোরাই মোবাইল কেনাবেচা করে এমন তিনটি দোকানের খোঁজ পেয়েছে এটিইউ এর মধ্যে জুরাইনের বিক্রমপুর প্লাজার এসআই টেলিকম যার মালিক গ্রেপ্তার সাইফুল জুরাইনের সেতু মার্কেটের ফয়সাল টেলিকম যার মালিক গ্রেপ্তার ফয়সাল এছাড়া যমুনা ফিউচার পার্কের চতুর্থ তলার একটি দোকান যার মালিক গ্রেপ্তার মিল্লাত এসব দোকানে প্রথমে মোবাইলগুলোর আইএমইআই নম্বর পরিবর্তন করা হতো তারপর বিক্রি করা হতো,0
সেবা রপ্তানি ও ফ্রিল্যান্সারদের আয় দেশে আনা আরও সহজ করলো বাংলাদেশ ব্যাংক এখন থেকে সেবা রপ্তানিকারকরা আন্তর্জাতিক মার্কেট প্লাটফর্মের সঙ্গে মার্চেন্ট অ্যাকাউন্ট খুলতে পারবেন আবার অন্য দেশের লাইসেন্সপ্রাপ্ত পেমেন্ট গেটওয়েতে অনানুষ্ঠানিক হিসাব নোশনাল অ্যাকাউন্ট খোলার সুযোগ পাবেন সোমবার এ সংক্রান্ত একটি সার্কুলার জারি করে ব্যাংকগুলোতে পাঠায় বাংলাদেশ ব্যাংক সার্কুলারে বলা হয়েছে আন্তর্জাতিক মার্কেট প্লাটফর্ম কিংবা বিদেশি পেমেন্ট গেটওয়ের মাধ্যমে পাওয়া আয় প্রথমে বৈদেশিক মুদ্রা লেনদেনকারী ব্যাংকের নস্ট্রো হিসাবে জমা হবে এরপর ব্যাংক সেবা প্রদানকারী গ্রাহকের হিসাবে তা জমা করবে গ্রাহকের ব্যাংক অ্যাকাউন্টের পাশাপাশি স্থানীয় ডিজিটাল ওয়ালেটেও অর্থ জমা করা যাবে গ্রাহক চাইলে প্রযোজ্য অংশ ইআরকিউ হিসাবে জমা করতে পারবেন সব ক্ষেত্রে প্রয়োজনীয় কর পরিশোধের বিধান মেনে চলতে হবে আর সেবা রপ্তানির চার মাসের মধ্যে আয় দেশে আনার বিষয়টি নিশ্চিত করতে হবে এতে আরও বলা হয়েছে আন্তর্জাতিক মার্কেট প্লাটফর্ম বা পেমেন্ট গেটওয়েতে খোলা হিসাবের অর্থ আনার ক্ষেত্রে ব্যাংকগুলোকে কিছু শর্ত পরিপালন করতে হবে বিশেষ করে সেবা প্রদানকারীর আন্তর্জাতিক মার্কেট প্লাটফর্মের সঙ্গে পরিচালিত মার্চেন্ট হিসাব পরিচালনা এবং বিদেশস্থ লাইসেন্সপ্রাপ্ত পেমেন্ট সেবা প্রদানকারীর সঙ্গে তার নোশনাল হিসাব সম্পর্কে তথ্য নিতে হবে সেবা কার্যক্রম বিষয়ে তথ্য সংগ্রহসহ ঘোষণাপত্র নিতে হবে সেবার বিপরীতে পাওয়া আয় নির্ধারিত সময়ের মধ্যে আন্তর্জাতিক মার্কেট প্লাটফর্মের মাধ্যমে প্রত্যাবাসন কিংবা অনানুষ্ঠানিক হিসাবে জমার মাধ্যমে তাৎক্ষণিকভাবে তা দেশে আনার বিষয়ে গ্রাহক থেকে অঙ্গীকার নামা নিতে হবে কেন্দ্রীয় ব্যাংকের একজন কর্মকর্তা জানান ক্ষুদ্র পরিসরে সেবা খাতের আয় প্রত্যাবাসনের জন্য বাংলাদেশ ব্যাংক ২০১১ সালে এডি ব্যাংকগুলোকে বিদেশস্থ ওপিজিএসপির সঙ্গে সম্পর্ক স্থাপনের সুযোগ দেয় এখন নীতিমালা আরও সহজ করা হলো,0
প্রস্তাবিত ২১২২ বাজেটে উন্নয়নমূলক খাতে সর্বোচ্চ বরাদ্দ পাচ্ছে রূপপুর পারমানবিক বিদ্যুৎকেন্দ্র নির্মাণাধীন এ বিদ্যুৎকেন্দ্র ২০২১২২ অর্থবছরে বরাদ্দ পাচ্ছে ১৮ হাজার ৪২৬ কোটি টাকা এছাড়া দেশের মেগা প্রজেক্টগুলোরও বরাদ্দ বৃদ্ধি পাচ্ছে দৈনিক ইত্তেফাকের সর্বশেষ খবর পেতে অনুসরণ করুনসর্বোচ্চ বরাদ্দপ্রাপ্ত ১০ উন্নয়ন প্রকল্প ১ রূপপুর পারমানবিক বিদ্যুৎকেন্দ্র ২০২১২২ অর্থবছরে বরাদ্দ পাচ্ছে ১৮ হাজার ৪২৬ কোটি টাকা ২ মাতারবাড়ি ৬০০ মেগাওয়াট আল্ট্রা সুপার ক্রিটিক্যাল কোল পাওয়ার্ড পাওয়ার প্রজেক্ট পেয়েছে প্রায় ৬ হাজার ১৬২ কোটি টাকা ৩ চতুর্থ প্রাথমিক শিক্ষা উন্নয়ন কর্মসূচি পিইডিপি৪ পেয়েছে প্রায় ৫ হাজার ৫৪ কোটি টাকা ৪ ঢাকা ম্যাস র্যাপিড ট্রানজিট ডেভেলপমেন্ট প্রজেক্ট লাইন৬ পেয়েছে প্রায় ৪ হাজার ৮০০ কোটি টাকা ৫ পদ্মা সেতু রেলসংযোগ ১ম সংশোধিত প্রকল্প পেয়েছে প্রায় ৩ হাজার ৮২৩ কোটি টাকা ৬ বঙ্গবন্ধু শেখ মুজিব রেলওয়ে সেতু নির্মাণ প্রকল্পে বরাদ্দ দেওয়া হয়েছে প্রায় ৩ হাজার ৫৮০ কোটি টাকা ৭ পদ্মা বহুমুখী সেতু নির্মাণ ২য় সংশোধিত প্রকল্পে মোট ৩ হাজার ৫০০ কোটি টাকা বরাদ্দ দেওয়া হয়েছে ৮ ঢাকাআশুলিয়া এলিভেটেড এক্সপ্রেসওয়ে নির্মাণ প্রকল্প পেয়েছে প্রায় ৩ হাজার ২২৭ কোটি টাকা ৯ পাওয়ার সিস্টেম নেটওয়ার্ক আন্ডার ডিপিডিসি এরিয়া প্রকল্পে দেওয়া হয়েছে প্রায় ৩ হাজার ৫১ কোটি টাকা ১০ হযরত শাহজালাল আ,0
মানুষের ব্যস্ত জীবনে বিভিন্ন অনিয়মের ফলে শরীরে রক্তচাপের ওঠানামায় প্রভাব পড়ে অনেকেই মনে করেন উচ্চ রক্তচাপের থেকে নিম্ন রক্তচাপ কম ভয়ের কিন্তু তা একেবারেই নয় চিকিৎসকদের মতে লো ব্লাড প্রেশার বা হঠাৎ প্রেশার কমে যাওয়াতেও বিপদ রয়েছে লো ব্লাড প্রেশারের ফলে হৃৎপিণ্ডে মস্তিষ্কে ও শরীরের অন্যান্য অংশে রক্ত সঞ্চালনের পরিমাণ কমে যায় যার ফলে মাথা ঘোরা দুর্বলতা এমনকী বমি বমি ভাব বেড়ে যায় আবার হঠাৎ প্রেশার কমে গেলেও বিপদ শুয়ে বসে থাকা অবস্থা থেকে হঠাৎ জেগে উঠলে রক্তচাপে ব্যাঘাত ঘটে এর ফলে স্ট্রোকের সম্ভাবনাও বাড়ে ব্লাড প্রেশারের হঠাৎ কমে যাওয়ার ফলে শরীর ভারী লাগতে পারে এই অবস্থায় স্বাভাবিকত্ব বজায় রাখা অত্যন্ত জরুরি জেনে নিন হঠাৎ ব্লাড প্রেশার কমে গেলে কী করবেন ১ চাকফি পান স্বাস্থ্য বিশেষজ্ঞদের মতে হঠাৎ ব্লাড প্রেশার কমে গেলে চা অথবা কফি পান করতে হবে কফিতে থাকা ক্যাফিন সাময়িকভাবে ব্লাড প্রেশার বাড়াতে সাহায্য করে শুধু তাই নয় এর ফলে ক্লান্ত ভাবও কিছুক্ষণের জন্য দূর হবে ২ বেশি পানি পান লো ব্লাড প্রেশারের রোগীদের ক্ষেত্রে ডায়েটে অবশ্যই পানীয় বেশি করে রাখা উচিত প্রতিদিন দুই থেকে তিন লিটার জল খেতে পরামর্শ চিকিৎসকদের এছাড়াও প্রতিদিনের খাবারে নারকেলের জলসহ অন্যান্য পুষ্টিকর ফলের রস স্যুপজাতীয় খাবার রাখা বাধ্যতামূলক উক্ত ডায়েটের ফলে শরীরে জলের মাত্রা বজায় রাখতে প্রয়োজনীয় ইলেকট্রোলাইটের ঘাটতি মেটানো যাবে জেনে রাখা ভালো লো ব্লাড প্রেশারের অন্যতম কারণ হলো ডিহাইড্রেশন ৩ তুলসী পাতা ডায়েটিশানদের পরামর্শ অনুযায়ী লো ব্লাড প্রেশারের রোগীদের রোজ সকালে উঠে কমপক্ষে পাঁছ থেকে সাতটি তুলসী পাতা চিবোনো শরীরের পক্ষে ভালো তুলসী পাতার মধ্যে উচ্চমাত্রায় পটাশিয়াম ম্যাগনেশিয়াম ও ভিটামিন সি রয়েছে যা ব্লাড প্রেশারকে নিয়ন্ত্রিত রাখে এছাড়াও তুলসী পাতায় রয়েছে প্রচুর পরিমাণে ইউজিনোল নামের অ্যান্টিঅক্সিডেন্ট ব্লাড প্রেশার নিয়ন্ত্রণে রাখার পাশাপাশি কোলস্টেরলের মাত্রাও কমাতে সাহায্য করে এটি ৪ সময়মতো খাওয়াদাওয়া লো ব্লাড প্রেশারের রোগীদের জন্য সময়মতো খাওয়াদাওয়া করা অত্যন্ত জরুরি ভারী খাবারের মাঝে স্বাস্থ্যকর মুখরোচক খাবার খেতে হবে বিশেষজ্ঞদের মতে দিনে ৩ বার ভারী খাবার খাওয়ার থেকে পাঁচবার অল্প অল্প করে খাওয়া বেশি উপকারী এর ফলে ব্লাড প্রেশারও হঠাৎ কমে যাওয়া আটকানো সম্ভব সূত্র জিনিউজ,0
রাজধানীর বড় মগবাজারের ওয়ারলেস গেট এলাকায় একটি ড্রাম বিস্ফোরণের ঘটনায় মামলা হয়েছে পুলিশ বাদী হয়ে বিস্ফোরক আইনে মঙ্গলবার রাতে রমনা মডেল থানায় মামলাটি করে এতে কারও নাম উল্লেখ না করে অজ্ঞাত আসামি করা হয়েছে বুধবার সকালে রমনা থানার ভারপ্রাপ্ত কর্মকর্তা ওসি আবুল হাসান সাংবাদিকদের এসব তথ্য জানান ওসি বলেন মগবাজারে বিস্ফোরণের ঘটনায় পুলিশ বাদী হয়ে মামলা করেছে গতরাতে অজ্ঞাত আসামি দেখিয়ে মামলাটি হয় আমরা কাজ করছি এর সঠিক রহস্য উদঘাটন করতে পারবো এর আগে মঙ্গলবার সকাল পৌনে ১০টার দিকে বড় মগবাজারের ওয়ারলেস মোড়ে বিস্ফোরণের ঘটনা ঘটে এতে বেশকয়েকজন আহত হন ছয়তলা ভবনের নিচে যেখানে বিস্ফোরণের ঘটনা ঘটেছে সেখানে দুইটি স্কুল আছে এর মধ্যে একটি সেন্ট ম্যারিস ইন্টারন্যাশনাল স্কুল অন্যটি রমনা কিডস কিন্ডারগার্টেন স্কুল তার পাশেই মেট্রো ডিপার্টমেন্ট স্টোর স্কুলের নিচে একটি ওষুধের দোকান রয়েছে সেখানে থাকা একটি ড্রাম থেকেই বিস্ফোরণ ঘটেছে বলে প্রাথমিকভাবে ধারণা করা হচ্ছে বিস্ফোরণের শব্দে স্কুলের জানালার কাঁচ ভেঙে পড়ে এবং তা বিভিন্ন জায়গায় ছড়িয়ে ছিটিয়ে যায় এতে একজন প্রকৌশলীসহ কয়েকজন আহত হলে ঢাকা মেডিকেলে নেওয়া হয় সরেজমিনে দেখা গেছে ছয়তলা ভবনটি বেশ পুরাতন এক পাশে প্রথম দ্বিতীয় এবং তৃতীয় তলায় একটি স্কুল রয়েছে আর নিচতলায় একটি ফার্মেসি ও সুপারসপ আছে ভবনের আরেক পাশে আরেকটি কিন্ডারগার্টেন স্কুল রয়েছে আর বাকি ফ্লোরগুলো মেয়েদের হোস্টেল বিস্ফোরণের পর পর দুটি স্কুল এবং ফার্মেসি বন্ধ করে দেয়া হয় ঘটনার পরপর পুলিশের বিভিন্ন সংস্থা সেখানে কাজ শুরু করে সিটিটিসি ও সিআইডি ঘটনাস্থল থেকে আলামত সংগ্রহ করে এদিন ঘটনাস্থলে এসে সিটিটিসি প্রধান আসাদুজ্জামান বলেন বিস্ফোরিত প্লাস্টিক ড্রামে আগে থেকে বিস্ফোরক দ্রব্য রাখা ছিল অসাবধানতাবশত তা ফেলে দেওয়ার কারণে বিস্ফোরণটি ঘটে বিস্ফোরক দ্রব্য কে রেখেছিল বা কীভাবে এখানে এসেছে সেটা উদঘাটনে আমরা কাজ করছি আর ডিবি প্রধান হারুনঅর রশীদ বলেন ড্রামে বিস্ফোরণের ঘটনাস্থল থেকে অসংখ্য স্প্লিন্টার উদ্ধার করা হয়েছে,1
রাজধানীর শাহবাগে সাংবাদিকের ওপর হামলার ঘটনায় কোটা বাতিলের আন্দোলনকারী শিক্ষার্থীদের বিরুদ্ধে মামলা হয়েছে মামলায় হত্যার উদ্দেশ্যে সাংবাদিকের ওপর হামলা গতিরোধ ক্ষতিসাধন ও ভয়ভীতি দেখানোর অভিযোগ আনা হয়েছে শনিবার ১৩ জুলাই শাহবাগ থানায় মামলাটি করা হয় বলে নিশ্চিত করেন ভারপ্রাপ্ত কর্মকর্তা ওসি মোস্তাজিরুর রহমান তিনি বলেন সময় টেলিভিশনের মানবসম্পদ ও প্রশাসন বিভাগের জ্যেষ্ঠ ব্যবস্থাপক সৈয়দ আসাদুজ্জামান বাদী হয়ে এজাহার দিয়েছেন এজাহারে অজ্ঞাতপরিচয় অনেককে উল্লেখ করা হয়েছে এজাহারে উল্লেখ করা হয়েছে বৃহস্পতিবার ১১ জুলাই বিকেল ৬টা ২০ মিনিটের দিকে সময় টেলিভিশনের সিনিয়র রিপোর্টার ত্বোহা খান তামিম ৩৭ এবং ক্যামেরাম্যান সুমন সরকারকে ৩৬ উদ্দেশ করে অকথ্য ভাষায় গালিগালাজ করতে থাকেন আন্দোলনকারীরা তারা বলেন সময় টিভির ক্যামেরা ধর লাকে এরপর আন্দোলনকারীরা সাংবাদিক তোহা খান তামিম ও সুমনকে লক্ষ্য করে কয়েকটি বড় বড় ইট ছুড়ে মারতে থাকেন যার একটি তামিমের বাম হাতের ওপর এসে পড়ে এসময় আন্দোলনকারীরা সুমনের হাত থেকে ক্যামেরা ও সরাসরি সম্প্রচারের যন্ত্রটি কেড়ে নেওয়ার চেষ্টা করেন এবং তামিমের হেলমেট খুলে নিয়ে হত্যার উদ্দেশ্যে মাথায় সজোরে আঘাত করেন আন্দোলনকারীরা বিভিন্নভাবে তাদের ভয়ভীতি ও প্রাণনাশের হুমকি দেন বলেও এজাহারে উল্লেখ করা হয়েছে,0
কিংবদন্তি গায়িকা লতা মঙ্গেশকর তার জীবনের শেষ রেকর্ডিং করেন ২০১৮ সালে তবে সিনেমার জন্য নয় পাঠ করেছিলেন গায়ত্রী মন্ত্র আর তার গাওয়া শেষ দেশাত্মবোধক গান রিলিজ হয় ২০১৯ সালে সুরসম্রাজ্ঞী লতার জীবনের শেষ পূর্ণাঙ্গ অ্যালবাম ছিলো বীর জারা ছবি না ফেরার দেশে ভারতের নাইটিঙ্গল লতা মঙ্গেশকর জীবদ্দশায় গেয়েছেন বহু গান দেশাত্মবোধক থেকে রোমান্টিক একের পর এক সুপারহিট গান রেখে গেছেন তিনি যা থাকবে অমর হয়ে সুুর সাম্রাজ্যের এই সম্রাজ্ঞী রেকর্ডিং ছাড়েন অনেক আগেই তবে বছর তিনেক আগে শিল্পপতি মুকেশনিতা আম্বানির মেয়ে ইশার বিয়ের উপহার হিসেবে গায়ত্রী মন্ত্র উচ্চারণ করেন এই কিংবদন্তী বিশেষ বার্তা দিলেও অসুস্থতার কারণে বিয়ের অনুষ্ঠানে যাননি তিনি গান হিসেবে সৌগন্ধ মুঝে ইস মিট্টি কি লতার শেষ রেকর্ড ময়ুরেশ পাইয়ের কম্পোজিশনে গানটি রিলিজ হয় ২০১৯ সালের ৩০ মার্চ এটি ভারতীয় সেনার প্রতি উৎসর্গ করেন জাদুকরী কণ্ঠের লতা আর তার পূর্ণাঙ্গ অ্যালবাম ছিলো যশ চোপড়া পরিচালিত বীর জারা ছবি এতে তেরে লিয়ে অ্যায়সা দেশ হ্যাঁয় মেরা ইয়ে হাম আ গায়ে হ্যাঁয় কাহা হাম তো ভাই জ্যায়সা হ্যাঁয় দো পাল বেশ জনপ্রিয় ছিলো ছবিটি মুক্তি পায় ২০০৪ সালে এদিকে লতার ৯২ বছরে পা রাখা উপলক্ষ্যে ২ দশক আগে তারই গাওয়া অপ্রকাশিত ঠিক নাহি লাগতা গানটি মুক্তি পায় ২০২১ সালে ১৯৭৪ সালে গিনেস বুক অব ওয়ার্ল্ড রেকর্ডসে সবচেয়ে বেশি গান গেয়ে স্বীকৃতি পান ভারতরত্ন লতা বলা হয় ১৯৪৮ থেকে ১৯৭৪ সাল পর্যন্ত ২০টি ভারতীয় ভাষায় ২৫ হাজার একক যুগল ও কোরাস গান রেকর্ড করেছেন তিনি তবে এতে আপত্তি তোলেন প্রতিদ্বন্দ্বী মহম্মদ রফি তিনি দাবি করেছেন লতার চেয়ে বেশি অর্থাত ২৮ হাজার গান আছে তার পরে ১৯৮৪ সালে রফির মৃত্যুর পর সে স্বীকৃতি পান লতা তখন বলা হয় তিনি গেয়েছেন ৩০ হাজার গান,1
চট্টগ্রাম বিশ্ববিদ্যালয়ের চবি জন্মদিন উদযাপন করা হয়েছে এতে বক্তব্য রাখেন চবি বঙ্গবন্ধু চেয়ার অধ্যাপক ড মুনতাসির মামুন উপাচার্য অধ্যাপক ড শিরীণ আখতারের সভাপতিত্বে এতে প্রধান অতিথি ছিলেন তথ্য ও সম্প্রচারমন্ত্রী ড হাসান মাহমুদ মুখ্য আলোচক হিসেবে ড মুনতাসির মামুন তার বক্তব্যে বলেন ঢাকা বিশ্ববিদ্যালয় এবং বাংলাদেশ আন্দোলন একসাথে বিকশিত হয়েছে তৎকালীন শাসকের ভয় ছিল যে বিশ্ববিদ্যালয়গুলোও যদি আন্দোলনে সম্পৃক্ত হয় তাহলে রাজনীতি শাসকদের নিয়ন্ত্রণে আর থাকবে না বিশ্ববিদ্যালয়ে সব দলমতের মানুষ আসবে এবং যুক্তির মাধ্যমে নিজেকে বিকশিত করবে বিশ্ববিদ্যালয় বিভিন্ন মতকে আহ্বান করে তিনি বলেন বিশ্ববিদ্যালয় সরকার দ্বারা নিয়ন্ত্রিত হলে সেটি আর বিশ্ববিদ্যালয় থাকে না এটি বঙ্গবন্ধু অনুধাবন করেছিলেন তাই তিনি দেশ স্বাধীন হওয়ার পর বিশ্ববিদ্যালয়ের স্বায়ত্তশাসন দেন দেওয়ার পরপর তিনি অধ্যাপক আব্দুর রাজ্জাককে বলেন স্যারশ স্বায়ত্তশাসন তো দিলাম আপনারা কি রক্ষা করতে পারবেন আমি বিশ্ববিদ্যালয়ের সাথে পঞ্চাশ বছর যুক্ত আমি ভেতর থেকেই বলতে চাই আমরা তা রক্ষা করতে পারিনি তিনি বলেন বিশ্ববিদ্যালয়কে স্বায়ত্তশাসন দেওয়া হয়েছে আদর্শ স্থাপন করার জন্য এই আদর্শ নিয়ে অন্যান্য স্বায়ত্তশাসিত প্রতিষ্ঠানগুলো চলবে তিনি আরো বলেন বিশ্ববিদ্যালয়কে সাহসের সাথে কিছু সিদ্ধান্ত নেওয়া উচিৎ বিশ্ববিদ্যালয়ের সকল পর্যায়ে বিকেন্দ্রীকরণ থাকবে কিন্তু সর্ব পর্যায়ের নির্বাচন বন্ধ করা উচিৎ কারণ একজন ডিন যখন নির্বাচনে দাঁড়ান তখন তিনি নবনিযুক্ত একজন লেকচারের কাছে ভোট চাইতে হয় মিনতি করতে হয় যে আমাকে ভোট দেন পরবর্তীতে এই লেকচারার এই ডিনকে আর সেভাবে মানতে চান না সিনিয়র জুনিয়র শিক্ষকদের যে একটা অদৃশ্য হায়ারার্কি থাকে তা হারিয়ে যায় তাই আগের প্রথা যা সিনিয়রিটির দ্বারা করা হতো সেটিই ভালো এবং প্রয়োজন,0
সরকারি ছুটি ঘোষণার কারণে আজ বুধবার ৩১ ডিসেম্বর ২০২৫ দেশের সব শিক্ষাপ্রতিষ্ঠানে ক্লাস ও পরীক্ষা বন্ধ থাকবে সাবেক প্রধানমন্ত্রী ও বিএনপির চেয়ারপারসন খালেদা জিয়ার মৃত্যুতে নির্বাহী আদেশে এক দিনের সরকারি ছুটি ঘোষণা করে গতকাল মঙ্গলবার এ সংক্রান্ত প্রজ্ঞাপন জারি করেছে সরকার মঙ্গলবার ৩০ ডিসেম্বর ২০২৫ জনপ্রশাসন মন্ত্রণালয়ের প্রজ্ঞাপনে বলা হয় অ্যালোকেশন অব বিজনেস অ্যামং দ্য ডিফারেন্ট মিনিস্ট্রিজ অ্যান্ড ডিভিশনস সিডিউল ওয়ান অব দ্য রুলস অব বিজনেস ১৯৯৬ রিভাইজড আপ টু এপ্রিল ২০১৭এর জনপ্রশাসন মন্ত্রণালয়ের অংশের ৩৭ নম্বর ক্রমিকের অনুবলে সরকার সাবেক প্রধানমন্ত্রী ও বিএনপির চেয়ারপারসন খালেদা জিয়ার মৃত্যুতে আগামী ৩১ ডিসেম্বর বুধবার নির্বাহী আদেশে এক দিনের সরকারি ছুটি ঘোষণা করল ছুটিকালীন সব সরকারি আধাসরকারি স্বায়ত্তশাসিত আধাস্বায়ত্তশাসিত এবং বেসরকারি অফিস বন্ধ থাকবে ঢাকা বিশ্ববিদ্যালয়ের ৩ দিনের শোক ঘোষণা খালেদা জিয়ার প্রতি সম্মান ও মর্যাদা প্রদর্শনের লক্ষ্যে মঙ্গলবার থেকে আগামীকাল বৃহস্পতিবার পর্যন্ত ঢাকা বিশ্ববিদ্যালয়ে তিন দিনের শোক ঘোষণা করেছে এ তিনদিন বিশ্ববিদ্যালয়ের সব ক্লাস ও পরীক্ষা স্থগিত থাকছে শোক পালনের অংশ হিসেবে অর্ধনমিত রাখা হয়েছে ঢাকা বিশ্ববিদ্যালয়ের পতাকা সহকারী শিক্ষক নিয়োগে স্থগিত পরীক্ষার নতুন তারিখ ঘোষণা জাহাঙ্গীরনগর বিশ্ববিদ্যালয়ে ক্লাস ও পরীক্ষা বন্ধ খালেদা জিয়ার মৃত্যুতে গভীর শোক প্রকাশ করে তাঁর মৃত্যুতে মঙ্গলবার জাহাঙ্গীরনগর বিশ্ববিদ্যালয় প্রশাসন সকল প্রশাসনিক কার্যক্রম ক্লাস ও পরীক্ষা বন্ধ ঘোষণা করেছে চট্টগ্রাম বিশ্ববিদ্যালয় বন্ধ শিক্ষা কার্যক্রম আজ ৩১ ডিসেম্বর ২০২৫ হতে ২ জানুয়ারি ২০২৬ তারিখ পর্যন্ত চট্টগ্রাম বিশ্ববিদ্যালয় তিন দিনের শোক পালন করবে খালেদা জিয়ার মৃত্যুতে সরকারের ঘোষণা অনুযায়ী আজ বুধবার সাধারণ ছুটির আওতায় চট্টগ্রাম বিশ্ববিদ্যালয়ের সকল শিক্ষা ও প্রশাসনিক কার্যক্রম বন্ধ থাকবে কাল বুধবারের জুনিয়র বৃত্তি পরীক্ষা স্থগিত নতুন তারিখ ঘোষণা জুনিয়র বৃত্তি পরীক্ষা স্থগিত বুধবারের জুনিয়র বৃত্তি পরীক্ষা স্থগিত করা হয়েছে একই সঙ্গে স্থগিত পরীক্ষার তারিখও ঘোষণা করা হয়েছে এ পরীক্ষা আগামী ৫ জানুয়ারি ২০২৬ তারিখে অনুষ্ঠিত হবে,1
রাজধানীর শ্যামপুর এলাকা থেকে জালনোট প্রস্তুতকারী হৃদয় মাতব্বরকে ২২ গ্রেপ্তার করেছে র্যাব৩ শুক্রবার ৭ জুন র্যাব৩ এর স্টাফ অফিসার মিডিয়া সহকারী পুলিশ সুপার শামীম হোসেন এ তথ্য নিশ্চিত করেন এর আগে বৃহস্পতিবার দিনগত রাতে অভিযান চালিয়ে বিপুল জালনোটসহ তাকে গ্রেপ্তার করা হয়অভিযানে হৃদয়ের কাছ থেকে জালনোট তৈরিতে ব্যবহৃত একটি সিপিইউ একটি মনিটর একটি প্রিন্টার একটি রাউটার একটি পেপার কাটার ৯টি ভুয়া জাতীয় পরিচয়পত্র এনআইডি কার্ড তিনটি ভুয়া ভারতীয় এনআইডি কার্ডের ফটোকপি ও ৬০ হাজার ৭০০ টাকার জালনোট উদ্ধার করা হয় র্যাব৩ এর স্টাফ অফিসার মিডিয়া সহকারী পুলিশ সুপার শামীম হোসেন বলেন আসন্ন ঈদুল আজহাকে টার্গেট করে বিপুল পরিমাণ জালনোট বাজারে সরবরাহের পরিকল্পনা করেছিলেন হৃদয় প্রতি ১ লাখ টাকার জাল নোট ১০ থেকে ১২ হাজার টাকায় বিক্রি করলেও ঈদে চাহিদা বেড়ে যাওয়ায় ১৫ হাজার টাকায় বিক্রি করছিলেন তিনি,1
বুয়েটের ভর্তি পরীক্ষায় প্রথম হওয়া মেফতাউল আলম সিয়াম সবাইকে তাক লাগিয়ে দিয়েছেন ঢাকা বিশ্ববিদ্যালয়ে ক ইউনিটের ভর্তি পরীক্ষায় আগেই প্রথম হয়েছিলেন এছাড়া দেশের তিনটি প্রকৌশল ও প্রযুক্তি বিশ্ববিদ্যালয়ের গুচ্ছ ভর্তি পরীক্ষায় তৃতীয় ইসলামিক ইউনিভার্সিটি অব টেকনোলজির আইইউটি ভর্তি পরীক্ষায় প্রথম আর মেডিকেলের ভর্তি পরীক্ষায় ৫৯তম হয়েছিলেন তিনি এবার বাংলাদেশ প্রকৌশল বিশ্ববিদ্যালয়ের বুয়েট ভর্তি পরীক্ষায়ও প্রথম হলেন মেফতাউল বৃহস্পতিবার রাতে ২০২০২১ শিক্ষাবর্ষে স্নাতক প্রথম বর্ষের ভর্তি পরীক্ষার ফলাফলে দেখা যায় প্রথম হয়েছেন বগুড়ার সরকারি আজিজুল হক কলেজ থেকে উচ্চমাধ্যমিক পাস করা মেফতাউল গণমাধ্যমের খবর বলছে পঞ্চম শ্রেণিতে মেফতাউলের রোল নম্বর ছিল ২৫২ তবে হাইস্কুলে ভর্তি হয়েই পড়াশোনায় মনোযোগ দেন তিনি ষষ্ঠ শ্রেণিতে তার রোল নম্বর ছিল ২০ এরপর অষ্টম শ্রেণি থেকে প্রথম হতে শুরু করেন মাধ্যমিক ও উচ্চ মাধ্যমিক দুটিতেই জিপিএ ৫ পেয়েছেন মেফতাউল পঞ্চমের সমাপনী পরীক্ষায় জিপিএ ৫ পান তিনি অষ্টম শ্রেণিতে জিপিএ ৫ ও জেনারেল বৃত্তি এবং এসএসসিতে জিপিএ ৫ ও ট্যালেন্টপুলে বৃত্তি পান বগুড়ার অবসরপ্রাপ্ত এনজিও কর্মকর্তা খোরশেদ আলমের তিন ছেলের মধ্যে মেফতাউল আলম সিয়াম সবার বড় তার মা মা মুনজিলা আলম গৃহিণী তাদের অনুপ্রেরণায়ই সাফল্য লাভ করেছেন বলে জানিয়েছেন তিনি,0
সৌদি প্রো লিগে উড়ছিল আল নাসর টানা ১০ জয়ের পর অবশেষে তাদের জয়রথ থামাল আল ইত্তিফাক গতকাল রাতে প্রতিপক্ষের মাঠে ২২ গোলে ড্র করেছে ক্রিস্টিয়ানো রোনালদোর দল তবে ম্যাচের স্কোরলাইনের চেয়েও এখন ফুটবলদুনিয়ায় বেশি আলোচনা রোনালদোর ক্যারিয়ারের ৯৫৭ নম্বর গোলটি নিয়ে কেন কারণ গোলটি তিনি পা বা মাথা দিয়ে নয় আক্ষরিক অর্থেই করেছেন কোমর দিয়ে ম্যাচের শুরুটা অবশ্য আল নাসরের জন্য সুখকর ছিল না ১৬ মিনিটেই সাবেক লিভারপুল তারকা জর্জিনিও উইনালদামের গোলে পিছিয়ে পড়ে তারা বিরতির ঠিক পরেই ৪৭ মিনিটে আল নাসরকে সমতায় ফেরান জোয়াও ফেলিক্স এরপরই আসে সেই মুহূর্তম্যাচের ৬৭ মিনিটে রোনালদোর সেই অদ্ভুত গোল গোলটি করতে রোনালদোকে আসলে খুব একটা কসরত করতে হয়নি ফেলিক্সের নেওয়া জোরালো শট রোনালদোর পিঠ বা কোমরের নিচের অংশে লেগে দিক পরিবর্তন করে জালে জড়ায় ভাগ্য সহায় থাকলে যা হয় আরকি বল জালে জড়ানো মাত্রই সিআর সেভেনের সেই চিরচেনা সিউউউ উদ্যাপন তিন কারণে রোনালদো এখনো অপরিহার্য বললেন পর্তুগাল কোচ তবে ভাগ্যের জোরে পাওয়া লিডটা শেষ পর্যন্ত ধরে রাখতে পারেনি আল নাসর ৮০ মিনিটে নিজের দ্বিতীয় গোল করে ইত্তিফাককে সমতায় ফেরান উইনালদাম শেষ পর্যন্ত পয়েন্ট ভাগাভাগি করেই মাঠ ছাড়তে হয় দুই দলকে ম্যাচ জিততে না পারলেও তালিকার শীর্ষ স্থানটা এখনো আল নাসরের দখলেই ১১ ম্যাচে ১০ জয় আর ১ ড্রয়ে ৩১ পয়েন্ট নিয়ে সবার ওপরে তারা বছরটা এমন এক গোল দিয়ে শেষ করে সামাজিক যোগাযোগমাধ্যমে রোনালদো লিখেছেন আমরা সঠিক পথেই আছি এবং জানি ২০২৬ সালে আমাদের কী করতে হবে এদিকে রোনালদোর এই কোমরকাব্য নিয়ে ইন্টারনেটদুনিয়ায় বইছে হাস্যরসের জোয়ার এক ভক্ত তো রোনালদোর কৃতিত্ব দিতে গিয়ে লিখেছেন গোট  চাইলে শরীরের যেকোনো অঙ্গ দিয়েই গোল করতে পারেন,0
করোনাভাইরাসের মহামারির এক বছরে ডিজিটাল প্ল্যাটফর্মে র্যানসমওয়্যারের জিম্মিকারী সফটওয়্যার হামলা আগের তুলনায় প্রায় ৪০০ শতাংশ বা চার গুণ বেড়েছে এ সময়ে হামলার শিকার বিভিন্ন প্রতিষ্ঠানের ক্ষতির পরিমাণও দ্বিগুণ বেড়ে ৩ ট্রিলিয়ন মার্কিন ডলার থেকে ৬ ট্রিলিয়ন ডলারে পৌঁছেছে যুক্তরাষ্ট্রভিত্তিক সাইবার নিরাপত্তা পর্যবেক্ষণ সংস্থা এক্সপার্ট ইনসাইট এ খবর দিয়েছে সংস্থাটি ২০২০ সালের জুন থেকে ২০২১ সালের ৩০ জুন পর্যন্ত সময়ে র্যানসমওয়্যার হামলা সংক্রান্ত সরকারি ও বেসরকারি তথ্য বিশ্নেষণ করে প্রতিবেদন তৈরি করেছে র্যানসমওয়্যারকে প্রায় এক দশক ধরে বিশ্বের সবচেয়ে বিপজ্জনক ম্যালওয়্যার হিসেবে বিবেচনা করা হচ্ছে এই ম্যালওয়্যার একবার কম্পিউটার কিংবা স্মার্ট ডিভাইসে প্রবেশ করলে তার পুরো অপারেটিং সিস্টেম জিম্মি করে ফেলে এরপর হামলাকারীরা ডিভাইসটি ফের চালুর জন্য বড় অঙ্কের অর্থ দাবি করে এ কারণে এ ধরনের হামলাকে সাইবার হাইজ্যাকিং সাইবার ছিনতাই হিসেবেও অভিহিত করা হয় এটিই বর্তমানে দুনিয়ার সবচেয়ে বড় ব্যবসায়িক সাইবার হামলা হিসেবে বিবেচনা করেন বিশেষজ্ঞরা এর আগে ওয়াশিংটন ডিসি পুলিশের সার্ভারসহ যুক্তরাষ্ট্রের প্রায় ১২০টি সরকারিবেসরকারি প্রতিষ্ঠান র্যানসমওয়্যার হামলার কবলে পড়ে এ ছাড়া যুক্তরাজ্য নেদারল্যান্ডস জার্মানি ফ্রান্সেও সরকারিবেসরকারি প্রতিষ্ঠান দফায় দফায় র্যানসমওয়্যার হামলার কবলে পড়ে এক্সপার্ট ইনসাইটএর চলতি বছরের প্রতিবেদনে বলা হয়েছে এশিয়ার উন্নয়নশীল দেশগুলোর ব্যাংক এবং আর্থিক প্রতিষ্ঠানের সার্ভার লক্ষ্য করে হামলা বেড়েছে অন্যদিকে হ্যাকিং সংক্রান্ত তথ্যের জন্য যুক্তরাষ্ট্রভিত্তিক জনপ্রিয় প্রতিষ্ঠান হ্যাকারওয়ানএর প্রতিবেদনে বলা হয়েছে মহামারির এক বছরে সাইবার হামলার ঝুঁকি সম্পর্কিত হ্যাকারদের তথ্য প্রদানের হার আগের বছরের তুলনায় ৬৩ শতাংশ বেড়েছে এর অর্থ মহামারির সময়ে হ্যাকাররা আগের বছরের তুলনায় ৬৩ শতাংশ বেশি সময় ব্যয় করেছে বিশ্বজুড়ে সাইবার নিরাপত্তা সংক্রান্ত ঝুঁকি পর্যবেক্ষণের জন্য এ প্রতিবেদনটিও ২০২০ সালের জুন থেকে ২০২১ সালের ৩০ জুন পর্যন্ত সময়ের তথ্য বিশ্নেষণ করে চলতি জুলাই মাসে প্রকাশ করা হয়েছে প্রতিবেদনে বলা হয় সাইবার হামলার যতগুলো ক্ষেত্রে ঝুঁকি বেড়েছে তার মধ্যে সবচেয়ে বেশি ঝুঁকি বেড়েছে সাইবার নিরাপত্তা সংক্রান্ত মিসকনফিগারেশন বা ভুল বিন্যাসে নিরাপত্তা ব্যবস্থাপনা তৈরির জন্য বিশেষত মহামারির সময়ে দ্রুততার সঙ্গে সাইবার নিরাপত্তা ব্যবস্থাপনা তৈরি করতে গিয়ে বেশিরভাগ ক্ষেত্রেই হ্যাকিং টুল সম্পর্কিত সর্বশেষ তথ্য যাচাই করা হয়নি র্যানসমওয়্যার হামলা বৃদ্ধি এক্সপার্ট ইনসাইটএর প্রতিবেদনে বলা হয় ২০২০ সালের শুরুতে কভিড১৯ মহামারি শুরুর পর বছরের প্রথম দুই প্রান্তিকেই র্যানসমওয়্যারের হামলা আগের বছরের দুই প্রান্তিকের তুলনায় ৪৮৫ গুণ বেড়ে যায় তবে ২০২১ সালের শুরুতে হামলার পরিমাণ কিছুটা কমে আসে ২০২০ সালের এপ্রিল থেকে জুন সময়ের বিবেচনায় ২০২১ সালের এপ্রিল থেকে জুন পর্যন্ত র্যানসমওয়্যার হামলা সার্বিকভাবে ৪০০ শতাংশ বেড়েছে যুক্তরাষ্ট্রের সংশ্নিষ্ট সরকারি সংস্থা থেকে এ তথ্য পাওয়া গেছে বলে প্রতিবেদনে জানানো হয় তবে সাইবার কাউন্টার টেররিজম এক্সপার্ট জোহার পিনাশির উদ্ৃব্দতি দিয়ে বলা হয় এই বিশেষজ্ঞের মতে ২০১৯ সালের তুলনায় ২০২১ সালে এসে র্যানসমওয়্যার হামলা প্রায় ৮০০ শতাংশ বেড়েছে প্রতিবেদনে আরও বলা হয় র্যানসমওয়্যার হামলাকারীদের লক্ষ্য এখন পর্যন্ত অর্থনৈতিকভাবে উন্নত দেশের প্রতিষ্ঠান কারণ এসব দেশের প্রতিষ্ঠানে সফল হামলা চালিয়ে সার্ভার কিংবা ডিজিটাল সিস্টেমের দখল নেওয়া সম্ভব হলে তা মুক্ত করার জন্য বেশি পরিমাণে অর্থ দাবি করা সম্ভব হয় তবে মহামারির সময়ে এশিয়ার উন্নয়নশীল দেশগুলোর বিভিন্ন প্রতিষ্ঠান বিশেষ করে আর্থিক প্রতিষ্ঠান ও ব্যাংকের সার্ভার লক্ষ্য করে হামলা বেড়েছে অন্য একটি সাইবার নিরাপত্তা প্রতিষ্ঠান ব্ল্যাকফগএর প্রতিবেদনে বলা হয় আগের তুলনায় হামলা বিপুল হারে বাড়লেও সফলতার পরিমাণ সামান্যই বেড়েছে আগে যেখানে সফল হামলার হার ছিল প্রায় ৮ শতাংশ গত এক বছরে তা বেড়ে হয়েছে প্রায় ১১ শতাংশ তবে গত এক বছরে হামলার ক্ষেত্রে হামলাকারীরা ডিভাইসের মুক্তিপণের পরিমাণ বাড়িয়ে দিয়েছে আগে সাধারণভাবে পাঁচ হাজার থেকে সর্বোচ্চ ৫০ হাজার ডলার পর্যন্ত মুক্তিপণ চাওয়া হতো কিন্তু এখন এর পরিমাণ লাখ ডলারের ওপরে এমনকি মিলিয়ন ডলারে পৌঁছে গেছে সম্প্রতি যুক্তরাষ্ট্রের একটি আর্থিক প্রতিষ্ঠানের সার্ভারে সফল র্যানসমওয়্যার হামলার পর ৫ মিলিয়ন ডলার মুক্তিপণ দাবি করা হয় প্রতিবেদনে বলা হয় ২০১৫ সালের আগের পাঁচ বছরে র্যানসমওয়্যার হামলা থেকে ক্ষতির মোট পরিমাণ ছিল প্রায় ৩ ট্রিলিয়ন ডলার ২০২১ সালের জুন পর্যন্ত হিসাবে মোট ক্ষতির পরিমাণ দাঁড়িয়েছে প্রায় ৬ ট্রিলিয়ন মার্কিন ডলার প্রতিবেদনে র্যানসমওয়্যার হামলা থেকে সুরক্ষার জন্য অপারেটিং সিস্টেমসহ ব্যবহূত সব সফটওয়্যার প্লাগ ইন ও অ্যাড অনস জেনুইন বা লাইসেন্স করে ব্যবহারের পরামর্শ দেওয়া হয় এ ছাড়া ডিভাইসের ফাইল পৃথক আরেকটি স্টোরেজ সিস্টেম বা ক্লাউডে জমা রাখার পরামর্শ দেওয়া হয় হ্যাকারওয়ানের প্রতিবেদন হ্যাকারওয়ান প্রকাশিত দ্য হ্যাকার রিপোর্ট ২০২১এ বলা হয়েছে মহামারিকালে বিশ্বের বিভিন্ন দেশের প্রতিষ্ঠানের সাইবার নিরাপত্তা বলয় বা ব্যবস্থা তৈরির পরিমাণ আগের তুলনায় প্রায় ৩১০ শতাংশ বেড়েছে কিন্তু অধিকাংশ ক্ষেত্রেই যথাযথভাবে হালনাগাদ প্রযুক্তি ব্যবহার করা হয়নি বা মিস কনফিগারেশন করা হয়েছে একই সঙ্গে নিয়মিতভাবে ব্যবস্থার হালনাগাদও করা হয়নি বিশেষ করে এশিয়া ও পূর্ব ইউরোপের দেশগুলো থেকে সাইবার নিরাপত্তার দুর্বলতার চিত্র বেশি উঠে এসেছে এর ফলে বিভিন্ন ম্যালওয়্যার আক্রমণের অনেক নতুন লক্ষ্যবস্তু তৈরি হয়েছে গত এক বছরে,0
আওয়ামী লীগের সাধারণ সম্পাদক এবং সড়ক পরিবহন ও সেতুমন্ত্রী ওবায়দুল কাদের বলেছেন বিএনপি জনগণ ও পুলিশকে এখন তাদের প্রতিপক্ষ হিসেবে দাঁড় করিয়েছে গায়ে পড়ে সংঘাতে জড়ানোর অপচেষ্টাও করছে বিএনপি আজ রোববার সকালে সিরাজগঞ্জ জেলার তাড়াশ উপজেলা আওয়ামী লীগের সম্মেলনে প্রধান অতিথির বক্তব্যে তিনি এসব কথা বলেন ওবায়দুল কাদের রাজধানী ঢাকার সরকারি বাসভবন থেকে ভিডিও কনফারেন্সের মাধ্যমে সম্মেলনে যুক্ত হন আওয়ামী লীগের সাধারণ সম্পাদক বলেন বিএনপির অপরাজনীতির ষোলো আনাই জনগণ এখন বুঝে ফেলছে তারা জনগণ ও পুলিশকে তাদের প্রতিপক্ষ হিসেবে দাঁড় করিয়েছে গায়ে পড়ে সংঘাতে জড়ানোর অপচেষ্টাও করছে বিএনপি আওয়ামী লীগ কখনো ষড়যন্ত্র করে না বরং বারবার ষড়যন্ত্রের শিকার হয়েছে জানিয়ে ওবায়দুল কাদের বলেন গণতান্ত্রিক ব্যবস্থায় ভোটের মাধ্যমেই সরকার পরিবর্তন হবে সময় হলেই সংবিধান অনুযায়ী নির্বাচন হবে জনগণ যে রায় দেবে তা মেনে নেওয়ার সৎ সাহস শেখ হাসিনার আছে আওয়ামী লীগের সাধারণ সম্পাদক বলেন দেশ যখন উন্নয়নের দিকে এগিয়ে যাচ্ছে তখন একটি অশুভ মহল ষড়যন্ত্রে মেতে উঠেছে আন্দোলন ও নির্বাচনে ধারাবাহিক ব্যর্থতার পর তারা এখন দেশে বিদেশে ষড়যন্ত্রের ঝুলি খুলে বসেছে দেশে এখন এমন কোনো আন্দোলনের ইস্যু নেই জানিয়ে তিনি বলেন প্রধানমন্ত্রী শেখ হাসিনার জনমুখী রাজনীতি বিএনপিকে আন্দোলনের ইস্যুসংকটে ফেলেছে আওয়ামী লীগের সাধারণ সম্পাদক বলেন যেসব জেলা উপজেলা থানা ইউনিয়ন ও ওয়ার্ডে কমিটি মেয়াদোত্তীর্ণ হয়েছে সেসব এলাকায় কেন্দ্রের নির্দেশনা অনুযায়ী সম্মেলনের মাধ্যমে কমিটি করতে হবে নিজের অবস্থান ভারী করার জন্য নিজস্ব লোক দিয়ে কমিটি গঠন করা যাবে না উল্লেখ করে ওবায়দুল কাদের বলেন দলকে শক্তিশালী করতে হলে ত্যাগী কর্মীদের এগিয়ে আনতে হবে তাড়াশ উপজেলা আওয়ামী লীগের সভাপতি আবদুল হকের সভাপতিত্বে আওয়ামী লীগের সাংগঠনিক সম্পাদক এস এম কামাল হোসেন স্বাস্থ্যবিষয়ক সম্পাদক রোকেয়া সুলতানা জেলা আওয়ামী লীগের ভারপ্রাপ্ত সভাপতি হোসেন আলী হাসান ভারপ্রাপ্ত সাধারণ সম্পাদক আবদুস সামাদ সাংসদ তানভীর শাকিল জয় সাংসদ আবদুল আজিজ সাবেক সাংসদ বীর মুক্তিযোদ্ধা আমজাদ হোসেন প্রমুখ বক্তব্য দেন সম্মেলন পরিচালনা করেন তাড়াশ উপজেলা আওয়ামী লীগের সাধারণ সম্পাদক সঞ্জিত কর্মকার,0
দুই দফা বন্যার রেশ কাটতে না কাটতেই প্রবল বর্ষণ ও পাহাড়ি ঢলে আবারও বন্যার মুখোমুখি সিলেট ও সুনামগঞ্জের বাসিন্দারা গত দুদিনে ভারতের চেরাপুঞ্জিতে ৪৯৯ মিলিমিটার বৃষ্টি হয়েছে গেল ২৪ ঘণ্টায় সুনামগঞ্জে ১৭০ মিলিমিটার সিলেট ৬৯ মিলিমিটার কানাইঘটে ৫৪ মিলিমিটার ও শেরপুরে ৬৮ মিলিমিটার বৃষ্টি হয়েছে এতে সিলেট সুনামগঞ্জ জেলার বিভিন্ন এলাকা প্লাবিত হয়েছে সোমবার ১ জুলাই বিকালে আবারও অঝোর ধারায় বৃষ্টি শুরু হয় এতে বৃদ্ধি পেয়েছে পানির লেবেল সোমবার সকাল ৬টায় কানাইঘাটে পানি বিপদসীমার ৮ সেন্টিমিটার উপরে ছিল সন্ধ্যা ৬টায় সেখানে পানি বিপদসীমার ১০২ সেন্টিমিটার উপর দিয়ে প্রবাহিত হচ্ছে পানি উন্নয়ন বোর্ডের উত্তর পূর্বাঞ্চলীয় অতিরিক্ত প্রধান প্রকৌশলী খুশী মোহন বলেন আগামী ৩ দিনে দেশের উত্তর পূর্বাঞ্চলে ভারী থেকে অতিভারী বৃষ্টি হতে পারে সিলেট পানি উন্নয়ন বোর্ডের নির্বাহী প্রকৌশলী দীপক রঞ্জন দাস বলেন সিলেটের বন্যা পরিস্থিতির উন্নতি হচ্ছিলো কিন্তু সিলেট ও ভারতে টানা বৃষ্টি হচ্ছে একই সঙ্গে নামছে ভারত থেকে পাহাড়ি ঢল যার জন্য সিলেটের নদনদীর পানিও বৃদ্ধি পাচ্ছে সুনামগঞ্জ পানি উন্নয়ন বোর্ডের নির্বাহী প্রকৌশলী মামুন হাওলাদার জানান চেরাপুঞ্জির বৃষ্টির কারণে উজানের পানিতে সীমান্তের নিচু সড়ক প্লাবিত হয় রোববার থেকেই পাহাড়ি ঢলের পানি যাদুকাটা নদী হয়ে তাহিরপুরসুনামগঞ্জ সড়কের আনোয়ারপুরের পাশের ডুবন্ত অংশ প্লাবিত হয়েছে এর কয়েক কিলোমিটার পরেই শক্তিয়ারখলা সড়কের একশ মিটার ডুবন্ত অংশও প্লাবিত দুর্গাপুর অংশেও পানি উঠেছে সিলেটে ১৩টি উপজেলার মধ্যে ১০টি উপজেলার আশ্রয়কেন্দ্রে রোববার পর্যন্ত ১০ হাজার ৯০৩ জন আশ্রয় নিয়েছেন জেলায় ৬৫৩টি আশ্রয়কেন্দ্র প্রস্তুত রয়েছে এর মধ্যে ২১৯টি আশ্রয়কেন্দ্রে লোক উঠেছেন তবে সিলেট সিটি কর্পোরেশন ও সদর উপজেলায় আশ্রয়কেন্দ্রে লোকজন নেই,0
আগামী ৯ ডিসেম্বর বাংলাদেশ সফরে আসছেন ভারতের পররাষ্ট্রসচিব বিক্রম মিশ্রি শুক্রবার সাপ্তাহিক ব্রিফিংয়ে এ তথ্য নিশ্চিত করেন ভারতের পররাষ্ট্র মন্ত্রণালয়ের মুখপাত্র রণধীর জয়সওয়াল ফরেন অফিস কনসাল্টেশন বৈঠকে নেতৃত্ব দেবেন ভারতের পররাষ্ট্রসচিব বিক্রম মিশ্রি ঢাকায় তার মূল বৈঠকটি হবে বাংলাদেশের পররাষ্ট্র সচিব জসীম উদ্দিনের সঙ্গে পাশাপাশি পররাষ্ট্র উপদেষ্টা তৌহিদ হোসেন ও প্রধান উপদেষ্টা মুহাম্মদ ইউনুসের সঙ্গে সৌজন্য সাক্ষাৎ করার কথা রয়েছে তার গত ৫ আগস্ট হাসিনা সরকারের পতনের পর এই প্রথম উচ্চপর্যায়ের বৈঠকে শামিল হচ্ছে দুই দেশ যদিও ইউনুস সরকারের গত চার মাসে দুদেশের তিনটি টেকনিক্যাল কমিটির বৈঠক করেছে,0
সেবা রপ্তানি ও ফ্রিল্যান্সারদের আয় দেশে আনা আরও সহজ করলো বাংলাদেশ ব্যাংক এখন থেকে সেবা রপ্তানিকারকরা আন্তর্জাতিক মার্কেট প্লাটফর্মের সঙ্গে মার্চেন্ট অ্যাকাউন্ট খুলতে পারবেন আবার অন্য দেশের লাইসেন্সপ্রাপ্ত পেমেন্ট গেটওয়েতে অনানুষ্ঠানিক হিসাব নোশনাল অ্যাকাউন্ট খোলার সুযোগ পাবেন সোমবার এ সংক্রান্ত একটি সার্কুলার জারি করে ব্যাংকগুলোতে পাঠায় বাংলাদেশ ব্যাংক সার্কুলারে বলা হয়েছে আন্তর্জাতিক মার্কেট প্লাটফর্ম কিংবা বিদেশি পেমেন্ট গেটওয়ের মাধ্যমে পাওয়া আয় প্রথমে বৈদেশিক মুদ্রা লেনদেনকারী ব্যাংকের নস্ট্রো হিসাবে জমা হবে এরপর ব্যাংক সেবা প্রদানকারী গ্রাহকের হিসাবে তা জমা করবে গ্রাহকের ব্যাংক অ্যাকাউন্টের পাশাপাশি স্থানীয় ডিজিটাল ওয়ালেটেও অর্থ জমা করা যাবে গ্রাহক চাইলে প্রযোজ্য অংশ ইআরকিউ হিসাবে জমা করতে পারবেন সব ক্ষেত্রে প্রয়োজনীয় কর পরিশোধের বিধান মেনে চলতে হবে আর সেবা রপ্তানির চার মাসের মধ্যে আয় দেশে আনার বিষয়টি নিশ্চিত করতে হবে এতে আরও বলা হয়েছে আন্তর্জাতিক মার্কেট প্লাটফর্ম বা পেমেন্ট গেটওয়েতে খোলা হিসাবের অর্থ আনার ক্ষেত্রে ব্যাংকগুলোকে কিছু শর্ত পরিপালন করতে হবে বিশেষ করে সেবা প্রদানকারীর আন্তর্জাতিক মার্কেট প্লাটফর্মের সঙ্গে পরিচালিত মার্চেন্ট হিসাব পরিচালনা এবং বিদেশস্থ লাইসেন্সপ্রাপ্ত পেমেন্ট সেবা প্রদানকারীর সঙ্গে তার নোশনাল হিসাব সম্পর্কে তথ্য নিতে হবে সেবা কার্যক্রম বিষয়ে তথ্য সংগ্রহসহ ঘোষণাপত্র নিতে হবে সেবার বিপরীতে পাওয়া আয় নির্ধারিত সময়ের মধ্যে আন্তর্জাতিক মার্কেট প্লাটফর্মের মাধ্যমে প্রত্যাবাসন কিংবা অনানুষ্ঠানিক হিসাবে জমার মাধ্যমে তাৎক্ষণিকভাবে তা দেশে আনার বিষয়ে গ্রাহক থেকে অঙ্গীকার নামা নিতে হবে কেন্দ্রীয় ব্যাংকের একজন কর্মকর্তা জানান ক্ষুদ্র পরিসরে সেবা খাতের আয় প্রত্যাবাসনের জন্য বাংলাদেশ ব্যাংক ২০১১ সালে এডি ব্যাংকগুলোকে বিদেশস্থ ওপিজিএসপির সঙ্গে সম্পর্ক স্থাপনের সুযোগ দেয় এখন নীতিমালা আরও সহজ করা হলো,0
কেউ একজন বিস্ফোরক নিয়ে দূতাবাসে প্রবেশ করেছে এমন খবরের পর ফরাসি পুলিশ শুক্রবার প্যারিসে ইরানের কনস্যুলেট ঘেরাও করে রাখে পাশাপাশি তারা মিশনের অনুরোধে সেখানে প্রবেশের প্রস্তুতি নিচ্ছিল বলে একটি নিরাপত্তা সূত্রের বরাতে জানিয়েছে এএফপি সূত্র জানায় একজন প্রত্যক্ষদর্শী এক ব্যক্তিকে গ্রেনেড বা বিস্ফোরক বেল্ট নিয়ে প্রবেশ করতে দেখেছেন কনস্যুলেট থেকে বিষয়টি দেখতে বলা হলে ফরাসি এলিট পুলিশ ইউনিট এখানে চলে আসে এএফপির এক সাংবাদিক বলেছেন রাজধানীর ১৬ জেলায় কনস্যুলেটের আশপাশের পুরো এলাকা বন্ধ করে দেওয়া হয়েছে এবং পুলিশি উপস্থিতি বাড়ানো হয়েছে প্যারিস পরিবহন সংস্থা আরএটিপি অন এক্সএ বলেছে দুটি মেট্রো লাইন বন্ধ রাখা হয়েছে লাইন দুটি কনস্যুলেটের কাছাকাছি স্টেশন দিয়ে চলে গেছে,0
শেষ হয়েছে টিটোয়েন্টি বিশ্বকাপের নবম আসর ফাইনালে দক্ষিণ আফ্রিকাকে ৭ রানে হারিয়ে শিরোপা জিতেছে ভারত বিশ্বকাপ জয়ের পর টিটোয়েন্টি থেকে অবসরের ঘোষণা দিয়েছেন অধিনায়ক রোহিত শর্মা ও বিরাট কোহলি অবসর নেবেন সেটা ভাবেননি ভারতীয় অধিনায়ক পরিস্থিতির কারণেই ক্রিকেটের সংক্ষিপ্ত সংস্করণকে বিদায় জানিয়েছেন রোহিত বিশ্বকাপ জয়ের পর সংবাদ সম্মেলনে এসে অবসরের কথা জানিয়েছিলেন ভারতের অধিনায়ক অবসরের ঘোষণা দিয়ে রোহিত বলেছিলেন এটা ছিল আমারও শেষ ম্যাচ বিদায় বলার জন্য এর চেয়ে ভালো সময় আর হয় না আমি এটা টিটোয়েন্টি বিশ্বকাপের ট্রফি খুব করে পেতে চেয়েছি এর অনুভূতি ভাষায় প্রকাশ করা কঠিন সংবাদ সম্মেলন শেষে ভারতের সাংবাদিকদের ফের মুখোমুখি হন রোহিত এ সময় তিনি বলেন আমার পরিকল্পনা ছিল না যে আমি আন্তর্জাতিক টিটোয়েন্টি থেকে অবসর নেব কিন্তু পরিস্থিতিটা এমন ছিলআমি ভাবলাম আমার জন্য এটাই সঠিক পরিস্থিতি বিশ্বকাপ জিতে বিদায় বলার চেয়ে ভালো পরিস্থিতি আর হতে পারে না এ কারণেই আমি এমন সিদ্ধান্ত নিয়েছি,0
আজ মধ্যরাতের আকাশে দেখা যাবে বছরের প্রথম সুপারমুন চাঁদটি স্বাভাবিকের চেয়ে বড় দেখায় তাই একে সুপারমুন বলা হয় নাসার বিবৃতিতে জানানো হয় রোববার রাত ১২টা ৪৮ মিনিটে কক্ষপথে প্রদক্ষিণ করতে করতে পৃথিবীর সবচেয়ে কাছে চলে আসবে চাঁদ এজন্য এটিকে আমাদের চোখে বড় মনে হবে ওই সময় পৃথিবীর দ্রাঘিমাংশ অনুযায়ী চাঁদ আর সূর্য থাকবে একে অন্যের ঠিক বিপরীতে নাসার ভাষ্য রাতের আকাশে টানা ৩ দিন ধরে বেশ বড় চাঁদ দেখা যাবে সংবাদমাধ্যমটি আরও জানায় ১৯৭৯ সালে এমন বড় আকারের চাঁদের নাম সুপারমুন দেয়া হয় এদিকে নাসার জ্যোতির্বিজ্ঞানীদের একাংশের ভাষ্য চলতি বছরে ৪টি সুপারমুন হবে মার্চ থেকে জুনের মধ্যে দেখা যাবে কেউ কেউে আবার বলছেন ৩টি সুপারমুন হবে এপ্রিল ও মে মাসে,1
জীবনযাপন ও খাদ্যাভ্যাস শরীরের বিভিন্ন অঙ্গে খারাপ প্রভাব ফেলে এই তালিকা থেকে বাদ যায় না কিডনিও খাদ্যাভ্যাসের ভুলত্রুটি এই অঙ্গটিরও ভীষণ ক্ষতি করে  বিশেষজ্ঞরা বলছেন একবার এই অঙ্গের ক্ষতি হলে পূর্বাবস্থায় ফেরানো যায় না তখন কেবল রোগটিকে নিয়ন্ত্রণে রাখা যায় বিশেষজ্ঞদের ভাষায় খারাপ খাবারদাবারের জন্য কিডনি ক্ষতিগ্রস্ত হতে পারে এর থেকে কিডনিতে পাথর ক্রনিক বা অ্যাকিউট কিডনি ডিজিজ পলিসিস্টিক কিডনি ডিজজ ইত্যাদি সমস্যা দেখা যায় কিডনি সমস্যা হলে কিছু প্রাথমিক লক্ষণ দেখা দেয় যেমন ১ সারা শরীরে ব্যথা ২ ক্লান্তি গ্রাস করা ৩ ত্বকে র্যাশ বের হওয়া ৪ প্রস্রাবের সমস্যা ৫ সবসময় রেগে থাকা ৬ প্রস্রাবে জ্বালা ৭ বেশি ঠান্ডা লাগা ৮ কম খিদে পাওয়া তবে অনেক সময় এই রোগের তেমন কোনও উপসর্গের দেখা মেলে না তখনই আসল সমস্যা শুরু হয় কিছু কিছু খাবার খেলে কিডনির ঝুঁকি বাড়ে যেমন অ্যালকোহল  অ্যালকোহলে থাকা ক্ষতিকারক পদার্থকে শরীরের বাইরে বের করে দিতে গিয়ে একসময় কিডনি ক্লান্ত হয়ে পড়ে তবে এই সমস্যা একদিনে হয় না দীর্ঘদিন ধরে অ্যালকোহল পান করলে এই সমস্যা প্রকট হয়ে ওঠে কফি  কফিতে ক্যাফিন থাকে বিভিন্ন গবেষণায় দেখা গেছে কফিতে উপস্থিত বেশি পরিমাণ ক্যাফিন ক্রনিক কিডনি ডিজিজ তৈরি করতে পারে তাই ক্রনিক কিডনি ডিজিজ থাকলে বা এই রোগ প্রতিরোধ করতে চাইলে কফি পান পরিমিত করতে হবে লবণ  লবণে প্রচুর পরিমাণে সোডিয়াম থাকে শরীরে বেশি পরিমাণে সোডিয়াম থাকলে তরলে মাত্রা বেড়ে যায় আর এই তরলের আধিক্য সামলাতে গিয়ে কিডনির সমস্যা বাড়ে রেড মিট  রেড মিটে প্রোটিনের মাত্রা সব থেকে বেশি থাকে প্রোটিন বিপাকে কিডনির বড় ভূমিকা থাকে তবে বেশি রেডমিট খেলে কিডনিকে খুব বেশি পরিশ্রম করতে হয় তখন সমস্যা দেখা দেয় এতে কিডনির রোগ বাড়ে আর্টিফিসিয়াল সুইটনার  বর্তমানে ডায়াবেটিসের কারণে অনেকেই কৃত্রিম মিষ্টি খেয়ে থাকেন এই ধরনের আর্টিফিসিয়াল সুইটনার বেশি পরিমাণে ব্যবহার করলে কিডনির ক্ষতি হতে পারে,1
কয়েক সপ্তাহ আগে ইনস্টাগ্রামে কয়েকটি পোস্ট করেছেন মেধা ছবিটি ছড়িয়ে পড়েছে ছবিতে প্রায় ২ লাখ রিঅ্যাক্ট পড়েছেশিল্পীর ইনস্টাগ্রাম থেকে ২  ৫ এসব ছবিতে ১৩ শতাধিক মন্তব্য এসেছে এসব ছবিতে ১৩ শতাধিক মন্তব্য এসেছেশিল্পীর ইনস্টাগ্রাম থেকে আরও পড়ুন টুয়েলভথ ফেল অভিনেত্রী মেধার প্রথম উপার্জন কত ছিল ১৬ মার্চ ২০২৪ টুয়েলভথ ফেল অভিনেত্রী মেধার প্রথম উপার্জন কত ছিল ৩  ৫ এসব ছবিতে ১৩ শতাধিক মন্তব্য এসেছে এসব ছবিতে ১৩ শতাধিক মন্তব্য এসেছেশিল্পীর ইনস্টাগ্রাম থেকে আরও পড়ুন এ বছর ফিল্মফেয়ারে কয়টি পুরস্কার জিতল টুয়েলভথ ফেল ২৯ জানুয়ারি ২০২৪ এ বছর ফিল্মফেয়ারে কয়টি পুরস্কার জিতল টুয়েলভথ ফেল ৪  ৫ ২০১৫ সালে কাজ শুরু করলেও হাতে গোনো কয়েকটি সিনেমা ও সিরিজে কাজ করেছেন মেধা ২০১৫ সালে কাজ শুরু করলেও হাতে গোনো কয়েকটি সিনেমা ও সিরিজে কাজ করেছেন মেধাশিল্পীর ইনস্টাগ্রাম থেকে ৫  ৫ ভারতের উত্তর প্রদেশের নয়ডায় জন্ম মেধা শংকরের সেখানেই বড় হয়েছেন ভারতের উত্তর প্রদেশের নয়ডায় জন্ম মেধা শংকরের সেখানেই বড় হয়েছেনশিল্পীর ইনস্টাগ্রাম থেকে প্রথম আলোর খবর পেতে গুগল নিউজ চ্যানেল ফলো করুন বলিউড থেকে আরও দেখুন সিনেমাবলিউড তারকাবলিউড,0
গ্রহাণুর আঘাত থেকে পৃথিবীকে বাঁচাতে মহাকাশে পরীক্ষামূলকভাবে নাসা একটি রকেট পাঠিয়েছে এটি পৃথিবীর দিকে ধেয়ে আসা গ্রহাণুকে ধাক্কা দিয়ে তার গতিপথ পরিবর্তন করে দেবে বলে নাসার পক্ষ থেকে বলা হয়েছে বিষয়টি বিজ্ঞানের কল্পগল্প মনে হতে পারে তবে ডার্ট ডাবল অ্যাস্ট্রয়েড রিডিরেকশন টেস্ট নামের এই পরীক্ষামূলক অভিযানটি বাস্তবেই ঘটছে মঙ্গলবার স্থানীয় সময় ১০টা ২১ মিনিটে যুক্তরাষ্ট্রের ক্যালিফোর্নিয়ার ভ্যানডেনবার্গ স্পেস ফোর্স বেস থেকে ইলন মাস্ক প্রতিষ্ঠিত স্পেসএক্স কোম্পানির ওই রকেটটি উৎক্ষেপণ করা হয় খবর আলজাজিরার বিশ্বে এই ধরনের অভিযান এটাই প্রথম অভিযানের উদ্দেশ্য হলো ছোট চাঁদের মতো ১৬০ মিটার ব্যাসের ডিমরফস নামের গ্রহাণুকে ধাক্কা দিয়ে তার সম্ভাব্য গতিপথ কিছুটা পরিবর্তন করা ডিমরফর উপগ্রহটি ৭৬২ মিটার ব্যাসের বাইনারি অ্যাস্ট্রারয়েড ডিডিমসকে কেন্দ্র করে ঘুরে আর ডিমরফস ও ডিডিমস উভয়ে সূর্যকে প্রদক্ষিণ করে ধারণা করা হচ্ছে রকেটটি ডিডিমসকে ২০২২ সালের তৃতীয় ভাগে গিয়ে আঘাত করবে যখন সেটি পৃথিবী থেকে ১১ মিলিয়ন কিলোমিটার দূরে অবস্থান করবে উপগ্রহটি তখন প্রথমবারের মতো পৃথিবীর এতো কাছাকাছি আসবে ৩৩০ মিলিয়ন ডলার ব্যয়ে চালানো এই অভিযান সম্পর্কে নাসার শীর্ষ বিজ্ঞানী থমাস জুবুর্চেন বলেন আমরা আসলে হুমকি কিভাবে পরিবর্তন করা যায় তা শেখার চেষ্টা করছি,0
করোনা সংক্রমণ রোধে সরকারি নির্দেশ মেনে অর্ধেক জনবল দিয়ে অফিস পরিচালনায় প্রস্তুতি নিচ্ছে সরকারি আধাসরকারি ও স্বায়ত্ত্বশাসিত বিভিন্ন প্রতিষ্ঠান সচিবালয়সহ সব প্রতিষ্ঠানে আগামীকাল থেকেই নির্দেশনা পুরোপুরি কার্যকর হবে বলে জানিয়েছেন কর্মকর্তারা সোমবার সকাল থেকে সচিবালয়সহ বিভিন্ন অফিস ঘুরে দেখা যায় অধিকাংশ প্রতিষ্ঠানে আজও পূর্ণ জনবল রয়েছে তারা জানান গতকাল বিকেলে প্রজ্ঞাপন হওয়ায় কর্মকর্তা কর্মচারীদের অনেকেই তা জানেন না তাছাড়া অর্ধেক জনবল দিয়ে অফিস পরিচালনার সিডিউলও প্রস্তুত ছিলনা ফলে আজও সবাই অফিস করছে প্রস্তুতি শেষে আগামীকাল থেকে পুরোপুরি সরকারি নির্দেশনা মেনে চলা হবে এদিকে সকালেই সুপ্রিম কোর্ট থেকে এক বিজ্ঞপ্তি দিয়ে জানানো হয় ৬ ফেব্রুয়ারি পর্যন্ত সকল বিচারিক আদলত অর্ধেক জনবল দিয়ে পরিচালিত হবে এছাড়া আজ অর্ধেক জনবল নিয়ে সকল ব্যাংকিং কার্যক্রম পরিচালনা করার নির্দেশ দিয়ে প্রজ্ঞাপন দিয়েছে বাংলাদেশ ব্যাংক বাংলাদেশ ব্যাংকের মহাব্যবস্থাপক মো আনোয়ারুল ইসলাম স্বাক্ষরিত চিঠিতে বলা হয় স্বাস্থ্যবিধি অনুসরণ করে পালাক্রমে রোস্টারিং অর্ধেক কর্মকর্তাকর্মচারী নিয়ে ব্যাংকিং কার্যক্রম পরিচালনা করতে হবে তবে এ সময় অন্যান্য কর্মকর্তাকর্মচারীরা নিজ কর্মস্থল এলাকায় অবস্থান করে দাপ্তরিক কার্যক্রম ভার্চ্যুয়ালি সম্পন্ন করবেন তবে আবশ্যকীয় ব্যাংকিং সেবা অব্যাহত রাখার ক্ষেত্রে প্রয়োজন অনুসারে নিজ বিবেচনায় সংশ্লিষ্ট প্রতিষ্ঠান সিদ্ধান্ত নিতে পারবে বলে জানানো হয় নির্দেশনায় এ ছাড়া ব্যাংকে সেবা নিতে আসা গ্রাহকদের আবশ্যিকভাবে মাস্ক পরাসহ অন্যান্য স্বাস্থ্যবিধি যথাযথভাবে মানারও নির্দেশ দেয়া হয়েছে চিঠিতে এর আগে গতকাল বাংলাদেশ ব্যাংক থেকে পাঠানো অপর এক নির্দেশনায় ব্যাংকে কর্মরত কর্মকর্তাকর্মচারীদের টিকা সনদ গ্রহণের নির্দেশ দেয়া হয় এদিকে করোনাভাইরাসের সংক্রমণ দ্রুত বাড়তে থাকায় ইতোমধ্যে দেশের সব স্কুল কলেজ ৬ ফেব্রুয়ারি পর্যন্ত বন্ধ ঘোষণা করেছে সরকার গত ২১ জানুয়ারি বিশ্ববিদ্যালয়গুলোকেও একই ব্যবস্থা নিতে নির্দেশ দিয়ে একটি প্রজ্ঞাপন জারি করে মন্ত্রিপরিষদ বিভাগ সেখানে বলা হয়েছে কোনো সামাজিক রাজনৈতিক ধর্মীয় রাষ্ট্রীয় অনুষ্ঠানে একশ জনের বেশি মানুষের সমাবেশ করা যাবে না এসব ক্ষেত্রে যারা যোগ দেবেন তাদের অবশ্যই টিকা সনদ অথবা ২৪ ঘণ্টার মধ্যে করা পিসিআরে কোভিড টেস্টের রিপোর্ট দেখাতে হবে সরকারি বেসরকারি অফিস এবং শিল্প কারখানায় কর্মকর্তাকর্মচারীদের টিকা সনদ নিতে হবে সংশ্লিষ্ট কর্তৃপক্ষকে বিষয়টি নিশ্চিত করতে হবে এর আগে ওমিক্রনের বিস্তার রোধে সরকার ১১ দফা বিধিনিষেধ জারি করে যা ১৩ জানুয়ারি থেকে কার্যকর করার ঘোষণা দেয় অর্ধেক যাত্রী নিয়ে বাস ও ট্রেন চালানোর পাশাপাশি উন্মুক্ত স্থানে সামাজিক রাজনৈতিক ও ধর্মীয় জমায়েতে নিষেধাজ্ঞা দেয়া হয় পাশাপাশি রেস্তোরাঁয় বসে খাওয়ার ক্ষেত্রে কোভিড টিকার সনদ থাকা বাধ্যতামূলক করা হয় এবং টিকা সনদ ছাড়া ১২ বছরের বেশি বয়সী শিক্ষার্থীদের শিক্ষা প্রতিষ্ঠানে যেতে নিষেধ করেছিল,0
আগের প্রায় সব সংকটকে অতিক্রম করে জনতা ব্যাংকের সব সূচক এখন ঊর্ধ্বগতিতে রয়েছে ব্যাংকখাত বিশ্লেষকদের মতে এ অবস্থা অব্যাহত থাকলে আবার আগের অবস্থানে ফিরে যাবে ব্যাংকটি জনতা ব্যাংক সূত্রে জানা গেছে ২০২১ সালের ব্যাংকের অনুমোদিত চূড়ান্ত আর্থিক বিবরণী অনুযায়ী জনতা ব্যাংক ৩০০ কোটি টাকার বেশি নিট মুনাফা অর্জন করেছে যা ব্যাংকটি প্রতিষ্ঠার পর প্রথমবার নিট মুনাফায় এ রেকর্ড গড়ল এছাড়া ব্যাংকের অপারেটিং প্রফিট পরিচালন মুনাফা এক হাজার কোটি টাকা ছাড়িয়েছে ২০১২ সালের পর অপারেটিং প্রফিটে আবার ব্যাংকটি এ অবস্থান ফিরে পেয়েছে ব্যাংকের লোকসানি ৫১ টি শাখা থেকে কমে এখন ৩৯ টি শাখায় দাঁড়িয়েছে ২০২০ সালে ব্যাংকটির ইপিএস যেখানে ছিল শতকরা ০৬২ ভাগ ২০২১ সালে তা বেড়ে দাঁড়িয়েছে ১২৯৮ ভাগ শ্রেণিকৃত ঋণ হ্রাসে উল্লেখযোগ্য উন্নতি দেখিয়েছে জনতা ব্যাংক গত বছরের চেয়ে শ্রেণিকৃত ঋণ শতকরা ৫ দশমিক ০৮ ভাগ হ্রাস পেয়েছে ১৩ হাজার ৭০০ কোটি টাকা থেকে এখন ব্যাংকটির মোট শ্রেণীকৃত ঋণ ১২ হাজার ৩০০ কোটি টাকায় নেমে এসেছে ব্যাংকটির মোট আমানত বেড়ে এখন ১ লাখ ২ হাজার কোটি টাকায় উন্নীত হয়েছে এছাড়া অ্যাডভান্স রপ্তানি স্প্রেড এবং ইল্ড অব অ্যাডভান্স ঋণ থেকে আয় বৃদ্ধি এবং কস্ট অব ফান্ড হ্রাস পেয়েছে ব্যাংকের অন্যান্য সূচকগুলোতেও উল্লেখযোগ্য উন্নতি হয়েছে গত শনিবার এসব বিষয় ব্যাংকের পরিচালনা পর্ষদ কর্তৃক অনুমোদিত হয়,0
দুই দফা বন্যার রেশ কাটতে না কাটতেই প্রবল বর্ষণ ও পাহাড়ি ঢলে আবারও বন্যার মুখোমুখি সিলেট ও সুনামগঞ্জের বাসিন্দারা গত দুদিনে ভারতের চেরাপুঞ্জিতে ৪৯৯ মিলিমিটার বৃষ্টি হয়েছে গেল ২৪ ঘণ্টায় সুনামগঞ্জে ১৭০ মিলিমিটার সিলেট ৬৯ মিলিমিটার কানাইঘটে ৫৪ মিলিমিটার ও শেরপুরে ৬৮ মিলিমিটার বৃষ্টি হয়েছে এতে সিলেট সুনামগঞ্জ জেলার বিভিন্ন এলাকা প্লাবিত হয়েছে সোমবার ১ জুলাই বিকালে আবারও অঝোর ধারায় বৃষ্টি শুরু হয় এতে বৃদ্ধি পেয়েছে পানির লেবেল সোমবার সকাল ৬টায় কানাইঘাটে পানি বিপদসীমার ৮ সেন্টিমিটার উপরে ছিল সন্ধ্যা ৬টায় সেখানে পানি বিপদসীমার ১০২ সেন্টিমিটার উপর দিয়ে প্রবাহিত হচ্ছে পানি উন্নয়ন বোর্ডের উত্তর পূর্বাঞ্চলীয় অতিরিক্ত প্রধান প্রকৌশলী খুশী মোহন বলেন আগামী ৩ দিনে দেশের উত্তর পূর্বাঞ্চলে ভারী থেকে অতিভারী বৃষ্টি হতে পারে সিলেট পানি উন্নয়ন বোর্ডের নির্বাহী প্রকৌশলী দীপক রঞ্জন দাস বলেন সিলেটের বন্যা পরিস্থিতির উন্নতি হচ্ছিলো কিন্তু সিলেট ও ভারতে টানা বৃষ্টি হচ্ছে একই সঙ্গে নামছে ভারত থেকে পাহাড়ি ঢল যার জন্য সিলেটের নদনদীর পানিও বৃদ্ধি পাচ্ছে সুনামগঞ্জ পানি উন্নয়ন বোর্ডের নির্বাহী প্রকৌশলী মামুন হাওলাদার জানান চেরাপুঞ্জির বৃষ্টির কারণে উজানের পানিতে সীমান্তের নিচু সড়ক প্লাবিত হয় রোববার থেকেই পাহাড়ি ঢলের পানি যাদুকাটা নদী হয়ে তাহিরপুরসুনামগঞ্জ সড়কের আনোয়ারপুরের পাশের ডুবন্ত অংশ প্লাবিত হয়েছে এর কয়েক কিলোমিটার পরেই শক্তিয়ারখলা সড়কের একশ মিটার ডুবন্ত অংশও প্লাবিত দুর্গাপুর অংশেও পানি উঠেছে সিলেটে ১৩টি উপজেলার মধ্যে ১০টি উপজেলার আশ্রয়কেন্দ্রে রোববার পর্যন্ত ১০ হাজার ৯০৩ জন আশ্রয় নিয়েছেন জেলায় ৬৫৩টি আশ্রয়কেন্দ্র প্রস্তুত রয়েছে এর মধ্যে ২১৯টি আশ্রয়কেন্দ্রে লোক উঠেছেন তবে সিলেট সিটি কর্পোরেশন ও সদর উপজেলায় আশ্রয়কেন্দ্রে লোকজন নেই,0
জ্বালানি ঘাটতির কারণে তীব্র সঙ্কট ভুগছে শ্রীলঙ্কা ১৯ জুন এক প্রতিবেদনে ব্রিটিশ সংবাদমাধ্যম দ্য গার্ডিয়ান জানিয়েছে শনিবার রাতে বিক্ষোভ দমাতে খোলা গুলি ছুড়েছে দেশটির সামরিক বাহিনী জ্বালানি স্টেশনে শুরু হওয়া বিক্ষোভ দমাতে গুলি ছোড়া হয় বিক্ষোভকারীদের বিরুদ্ধে পাথর ছোড়া ও সেনাবাহিনীর ট্রাকের ক্ষতি করার অভিযোগ আনা গেছে শনিবার রাতে কলম্বোর উত্তরে বিসুভামাদু এলাকায় ওই বিক্ষোভের ঘটনা ঘটে ওই ঘটনায় চার বেসামরিক মানুষ ও তিন সৈন্য আহত হয়েছেন পেট্রোল ফুরিয়ে যাওয়ায় মোটরসাইকেলের চালকরা বিক্ষোভ শুরু করেন এরপর সেনাদের সঙ্গে সংঘর্ষ শুরু হয় সেনাবাহিনীর মুখপাত্র নিলান্থা প্রেমারত্নে জানান ২০ থেকে ৩০ জনের একটি দল পাথর ছুড়ছিল তাদের হামলায় সেনাবাহিনীর ট্রাকের ক্ষতি হয়েছে ১৯৪৮ সালে স্বাধীন হওয়ার পর সবচেয়ে তীব্র অর্থনৈতিক সঙ্কটে ভুগছে শ্রীলঙ্কা এজন্য বিশেষজ্ঞরা বিভিন্ন কারণকে দায়ী করেছেন এগুলো হলো দীর্ঘসময় ধরে দেশের ক্ষমতার কেন্দ্রে থাকা রাজাপাক্ষে পরিবারের দুর্নীতি স্বজনপ্রীতি সরকারের অদূরদর্শী সিদ্ধান্ত করোনা মহামারী পর্যটন খাতে ধস কর হ্রাস ইত্যাদি,1
ইউনিভার্সিটি অব ক্যালিফোর্নিয়া রিভারসাইডের ইউসিআর জ্যোতির্বিজ্ঞানী আলেকজান্ডার ডি লা ভেগাকে নিয়ে জেমস ওয়েব স্পেস টেলিস্কোপের সহায়তায় একটি আন্তর্জাতিক গবেষণা দল মিল্কিওয়ের অনুরূপ সবচেয়ে দূরবর্তী সীমাবদ্ধ সর্পিল গ্যালাক্সিটি শনাক্ত করেছে সিয়ার্স২১১২ নামের এই গ্যালাক্সিটি গ্যালাক্সি বিবর্তন সম্পর্কে পূর্ববর্তী ধারণাগুলিকে চ্যালেঞ্জ করে এটা ইঙ্গিত দেয় যে সর্পিল গ্যালাক্সিগুলি মহাবিশ্বের ইতিহাসে ধারণা করার চেয়ে অনেক আগেই গঠন এবং ক্রম প্রদর্শন করতে পারে নেচার জার্নালে প্রকাশিত এই গবেষণায় স্পেনের সেন্ট্রো ডি অ্যাস্ট্রোবায়োলজিয়ার বিজ্ঞানীরা সিয়ার্স২১১২এর ওপর আলোকপাত করেছেন ঐতিহ্যগতভাবে মিল্কিওয়ের মতো নিষিদ্ধ সর্পিল গ্যালাক্সিগুলি মহাবিশ্বের প্রায় ১৩৮ বিলিয়ন বছরের বর্তমান বয়সের অর্ধেকে পৌঁছানোর পরে উদ্ভূত হয়েছিল বলে মনে করা হতো,0
করোনাভাইরাসের মহামারির এক বছরে ডিজিটাল প্ল্যাটফর্মে র্যানসমওয়্যারের জিম্মিকারী সফটওয়্যার হামলা আগের তুলনায় প্রায় ৪০০ শতাংশ বা চার গুণ বেড়েছে এ সময়ে হামলার শিকার বিভিন্ন প্রতিষ্ঠানের ক্ষতির পরিমাণও দ্বিগুণ বেড়ে ৩ ট্রিলিয়ন মার্কিন ডলার থেকে ৬ ট্রিলিয়ন ডলারে পৌঁছেছে যুক্তরাষ্ট্রভিত্তিক সাইবার নিরাপত্তা পর্যবেক্ষণ সংস্থা এক্সপার্ট ইনসাইট এ খবর দিয়েছে সংস্থাটি ২০২০ সালের জুন থেকে ২০২১ সালের ৩০ জুন পর্যন্ত সময়ে র্যানসমওয়্যার হামলা সংক্রান্ত সরকারি ও বেসরকারি তথ্য বিশ্নেষণ করে প্রতিবেদন তৈরি করেছে র্যানসমওয়্যারকে প্রায় এক দশক ধরে বিশ্বের সবচেয়ে বিপজ্জনক ম্যালওয়্যার হিসেবে বিবেচনা করা হচ্ছে এই ম্যালওয়্যার একবার কম্পিউটার কিংবা স্মার্ট ডিভাইসে প্রবেশ করলে তার পুরো অপারেটিং সিস্টেম জিম্মি করে ফেলে এরপর হামলাকারীরা ডিভাইসটি ফের চালুর জন্য বড় অঙ্কের অর্থ দাবি করে এ কারণে এ ধরনের হামলাকে সাইবার হাইজ্যাকিং সাইবার ছিনতাই হিসেবেও অভিহিত করা হয় এটিই বর্তমানে দুনিয়ার সবচেয়ে বড় ব্যবসায়িক সাইবার হামলা হিসেবে বিবেচনা করেন বিশেষজ্ঞরা এর আগে ওয়াশিংটন ডিসি পুলিশের সার্ভারসহ যুক্তরাষ্ট্রের প্রায় ১২০টি সরকারিবেসরকারি প্রতিষ্ঠান র্যানসমওয়্যার হামলার কবলে পড়ে এ ছাড়া যুক্তরাজ্য নেদারল্যান্ডস জার্মানি ফ্রান্সেও সরকারিবেসরকারি প্রতিষ্ঠান দফায় দফায় র্যানসমওয়্যার হামলার কবলে পড়ে এক্সপার্ট ইনসাইটএর চলতি বছরের প্রতিবেদনে বলা হয়েছে এশিয়ার উন্নয়নশীল দেশগুলোর ব্যাংক এবং আর্থিক প্রতিষ্ঠানের সার্ভার লক্ষ্য করে হামলা বেড়েছে অন্যদিকে হ্যাকিং সংক্রান্ত তথ্যের জন্য যুক্তরাষ্ট্রভিত্তিক জনপ্রিয় প্রতিষ্ঠান হ্যাকারওয়ানএর প্রতিবেদনে বলা হয়েছে মহামারির এক বছরে সাইবার হামলার ঝুঁকি সম্পর্কিত হ্যাকারদের তথ্য প্রদানের হার আগের বছরের তুলনায় ৬৩ শতাংশ বেড়েছে এর অর্থ মহামারির সময়ে হ্যাকাররা আগের বছরের তুলনায় ৬৩ শতাংশ বেশি সময় ব্যয় করেছে বিশ্বজুড়ে সাইবার নিরাপত্তা সংক্রান্ত ঝুঁকি পর্যবেক্ষণের জন্য এ প্রতিবেদনটিও ২০২০ সালের জুন থেকে ২০২১ সালের ৩০ জুন পর্যন্ত সময়ের তথ্য বিশ্নেষণ করে চলতি জুলাই মাসে প্রকাশ করা হয়েছে প্রতিবেদনে বলা হয় সাইবার হামলার যতগুলো ক্ষেত্রে ঝুঁকি বেড়েছে তার মধ্যে সবচেয়ে বেশি ঝুঁকি বেড়েছে সাইবার নিরাপত্তা সংক্রান্ত মিসকনফিগারেশন বা ভুল বিন্যাসে নিরাপত্তা ব্যবস্থাপনা তৈরির জন্য বিশেষত মহামারির সময়ে দ্রুততার সঙ্গে সাইবার নিরাপত্তা ব্যবস্থাপনা তৈরি করতে গিয়ে বেশিরভাগ ক্ষেত্রেই হ্যাকিং টুল সম্পর্কিত সর্বশেষ তথ্য যাচাই করা হয়নি র্যানসমওয়্যার হামলা বৃদ্ধি এক্সপার্ট ইনসাইটএর প্রতিবেদনে বলা হয় ২০২০ সালের শুরুতে কভিড১৯ মহামারি শুরুর পর বছরের প্রথম দুই প্রান্তিকেই র্যানসমওয়্যারের হামলা আগের বছরের দুই প্রান্তিকের তুলনায় ৪৮৫ গুণ বেড়ে যায় তবে ২০২১ সালের শুরুতে হামলার পরিমাণ কিছুটা কমে আসে ২০২০ সালের এপ্রিল থেকে জুন সময়ের বিবেচনায় ২০২১ সালের এপ্রিল থেকে জুন পর্যন্ত র্যানসমওয়্যার হামলা সার্বিকভাবে ৪০০ শতাংশ বেড়েছে যুক্তরাষ্ট্রের সংশ্নিষ্ট সরকারি সংস্থা থেকে এ তথ্য পাওয়া গেছে বলে প্রতিবেদনে জানানো হয় তবে সাইবার কাউন্টার টেররিজম এক্সপার্ট জোহার পিনাশির উদ্ৃব্দতি দিয়ে বলা হয় এই বিশেষজ্ঞের মতে ২০১৯ সালের তুলনায় ২০২১ সালে এসে র্যানসমওয়্যার হামলা প্রায় ৮০০ শতাংশ বেড়েছে প্রতিবেদনে আরও বলা হয় র্যানসমওয়্যার হামলাকারীদের লক্ষ্য এখন পর্যন্ত অর্থনৈতিকভাবে উন্নত দেশের প্রতিষ্ঠান কারণ এসব দেশের প্রতিষ্ঠানে সফল হামলা চালিয়ে সার্ভার কিংবা ডিজিটাল সিস্টেমের দখল নেওয়া সম্ভব হলে তা মুক্ত করার জন্য বেশি পরিমাণে অর্থ দাবি করা সম্ভব হয় তবে মহামারির সময়ে এশিয়ার উন্নয়নশীল দেশগুলোর বিভিন্ন প্রতিষ্ঠান বিশেষ করে আর্থিক প্রতিষ্ঠান ও ব্যাংকের সার্ভার লক্ষ্য করে হামলা বেড়েছে অন্য একটি সাইবার নিরাপত্তা প্রতিষ্ঠান ব্ল্যাকফগএর প্রতিবেদনে বলা হয় আগের তুলনায় হামলা বিপুল হারে বাড়লেও সফলতার পরিমাণ সামান্যই বেড়েছে আগে যেখানে সফল হামলার হার ছিল প্রায় ৮ শতাংশ গত এক বছরে তা বেড়ে হয়েছে প্রায় ১১ শতাংশ তবে গত এক বছরে হামলার ক্ষেত্রে হামলাকারীরা ডিভাইসের মুক্তিপণের পরিমাণ বাড়িয়ে দিয়েছে আগে সাধারণভাবে পাঁচ হাজার থেকে সর্বোচ্চ ৫০ হাজার ডলার পর্যন্ত মুক্তিপণ চাওয়া হতো কিন্তু এখন এর পরিমাণ লাখ ডলারের ওপরে এমনকি মিলিয়ন ডলারে পৌঁছে গেছে সম্প্রতি যুক্তরাষ্ট্রের একটি আর্থিক প্রতিষ্ঠানের সার্ভারে সফল র্যানসমওয়্যার হামলার পর ৫ মিলিয়ন ডলার মুক্তিপণ দাবি করা হয় প্রতিবেদনে বলা হয় ২০১৫ সালের আগের পাঁচ বছরে র্যানসমওয়্যার হামলা থেকে ক্ষতির মোট পরিমাণ ছিল প্রায় ৩ ট্রিলিয়ন ডলার ২০২১ সালের জুন পর্যন্ত হিসাবে মোট ক্ষতির পরিমাণ দাঁড়িয়েছে প্রায় ৬ ট্রিলিয়ন মার্কিন ডলার প্রতিবেদনে র্যানসমওয়্যার হামলা থেকে সুরক্ষার জন্য অপারেটিং সিস্টেমসহ ব্যবহূত সব সফটওয়্যার প্লাগ ইন ও অ্যাড অনস জেনুইন বা লাইসেন্স করে ব্যবহারের পরামর্শ দেওয়া হয় এ ছাড়া ডিভাইসের ফাইল পৃথক আরেকটি স্টোরেজ সিস্টেম বা ক্লাউডে জমা রাখার পরামর্শ দেওয়া হয় হ্যাকারওয়ানের প্রতিবেদন হ্যাকারওয়ান প্রকাশিত দ্য হ্যাকার রিপোর্ট ২০২১এ বলা হয়েছে মহামারিকালে বিশ্বের বিভিন্ন দেশের প্রতিষ্ঠানের সাইবার নিরাপত্তা বলয় বা ব্যবস্থা তৈরির পরিমাণ আগের তুলনায় প্রায় ৩১০ শতাংশ বেড়েছে কিন্তু অধিকাংশ ক্ষেত্রেই যথাযথভাবে হালনাগাদ প্রযুক্তি ব্যবহার করা হয়নি বা মিস কনফিগারেশন করা হয়েছে একই সঙ্গে নিয়মিতভাবে ব্যবস্থার হালনাগাদও করা হয়নি বিশেষ করে এশিয়া ও পূর্ব ইউরোপের দেশগুলো থেকে সাইবার নিরাপত্তার দুর্বলতার চিত্র বেশি উঠে এসেছে এর ফলে বিভিন্ন ম্যালওয়্যার আক্রমণের অনেক নতুন লক্ষ্যবস্তু তৈরি হয়েছে গত এক বছরে,1
মিয়ানমারে সেনা অভ্যুত্থানের ছয় মাস হতে চলেছে দেশটিতে চলছে জান্তাবিরোধী বিক্ষোভ ছয় মাস পূর্তির প্রাক্কালে জান্তার বিরুদ্ধে রাজপথে বিক্ষোভ করেছেন দেশটির বিশ্ববিদ্যালয়ের শিক্ষার্থীরা আর বিগত দিনগুলোয় বিক্ষোভ দমনের নামে নিজ দেশের জনগণের ওপর হত্যা নির্যাতন চালানোয় জান্তার বিরুদ্ধে মানবতাবিরোধী অপরাধ সংঘটনের অভিযোগ তুলেছে অধিকার সংগঠন হিউম্যান রাইটস ওয়াচ এইচআরডব্লিউ স্থানীয় সময় আজ শনিবার মিয়ানমারের দ্বিতীয় বৃহত্তম শহর মান্দালয়ের রাজপথে মোটরসাইকেল নিয়ে মিছিল করেছেন বিশ্ববিদ্যালয়ের শিক্ষার্থীরা এ সময় তাঁরা লাল ও সবুজ রঙের পতাকা নিয়ে জান্তাবিরোধী স্লোগান দেন এ সময় শিক্ষার্থীরা বেসামরিক সরকারের কাছে ক্ষমতা ছেড়ে দিতে জান্তার সঙ্গে যেকোনো আলোচনার বিরুদ্ধে অবস্থান নেন তাঁদের দাবি শর্তমুক্ত ক্ষমতা হস্তান্তরে রাজি হতে হবে জান্তা সরকারকে এদিকে নিউইয়র্কভিত্তিক হিউম্যান রাইটস ওয়াচ আজ শনিবার এক বিবৃতিতে জানিয়েছে মিয়ানমারের সেনাশাসনের বিরুদ্ধে বিক্ষোভে অংশ নেওয়া মানুষদের ওপর সশস্ত্র দমনপীড়ন চালিয়েছে জান্তা আটক বিরোধীপক্ষের ওপর চালানো হয়েছে নির্যাতন অনেককে হত্যা করা হয়েছে যা মানবতাসংক্রান্ত আন্তর্জাতিক চুক্তির সুস্পষ্ট লঙ্ঘন সংগঠনটির এশিয়াবিষয়ক পরিচালক ব্র্যাড অ্যাডামস বলেন নিজ দেশের জনগণের ওপর চালানো দমনপীড়ন নির্যাতন ও হত্যার মাধ্যমে মিয়ানমারের জান্তা মানবতাবিরোধী অপরাধ করেছে গত ফেব্রুয়ারির শুরুতে মিয়ানমারের সেনাবাহিনী ক্ষমতা দখলের পর থেকে দেশটিতে বিক্ষোভ চলছে তবে অধিকার সংগঠনটির এমন অভিযোগের বিষয়ে প্রতিক্রিয়া জানতে জান্তার মুখপাত্র জাও মিন তুনের সঙ্গে যোগাযোগ করা হলেও সাড়া মেলেনি গত ১ ফেব্রুয়ারি মিয়ানমারে রক্তপাতহীন সেনা অভ্যুত্থান হয় আটক করা হয় গণতন্ত্রপন্থী নেত্রী অং সান সু চিসহ দেশটির প্রভাবশালী রাজনীতিকদের তাঁদের নামে করা হয় একাধিক মামলা বাতিল করা হয় গত নভেম্বরের সাধারণ নির্বাচনের ফলাফল ওই নির্বাচনে সু চির দল ন্যাশনাল লিগ ফর ডেমোক্রেসি এনএলডি বিপুল জয় পেয়েছিল ভোটের ফল প্রত্যাখান করে অভ্যুত্থান ঘটায় জান্তা অভ্যুত্থানের পরপরই রাজপথে বিক্ষোভে নামেন মিয়ানমারের সাধারণ মানুষ তাঁদের দাবি দুটো সেনাশাসন তুলে নেওয়া ও সু চিসহ রাজবন্দীদের মুক্তি জান্তার দমনপীড়নে এখন পর্যন্ত দেশটিতে ৯৩৯ জন নিহত হয়েছেন বলে জানিয়েছে অধিকার সংগঠন অ্যাসিস্ট্যান্স অ্যাসোসিয়েশন অব পলিটিক্যাল প্রিজনার্স এএপিপি আটক করা হয়েছে শিল্পী শিক্ষক শিক্ষার্থী রাজনীতিক সাংবাদিক চিকিৎসকসহ প্রায় সাত হাজার মানুষকে ছায়া সরকার গঠন করে গণতন্ত্র ফেরানোর লড়াই চালিয়ে যাচ্ছেন মিয়ানমারের ক্ষমতাচ্যুত রাজনীতিকেরা সব মিলিয়ে গৃহযুদ্ধের ঝুঁকির মুখে রয়েছে দেশটি এমন পরিস্থিতিতে জান্তার বিরুদ্ধে যুক্তরাষ্ট্রসহ পশ্চিমা শক্তি নতুন করে নিষেধাজ্ঞা আরোপ করেছে তবে মিয়ানমারে শান্তি ফেরাতে উদ্যোগ নিয়েছে দক্ষিণপূর্ব এশিয়ার দেশগুলোর আঞ্চলিক জোট আসিয়ান পাঁচ দফার ভিত্তিতে বিবাদমান পক্ষগুলোর মধ্যে শান্তিপূর্ণ আলোচনার উদ্যোগ নিয়েছে জোটের সদস্যরা,1
উইন্ডোজ ব্যবহারকারীদের উদ্দেশে নতুন বার্তা দিয়েছে সফটওয়্যার নির্মাতা মাইক্রোসফট আগামী ১৪ অক্টোবর থেকে উইন্ডোজ ১০ অপারেটিং সিস্টেমের জন্য সাপোর্ট বন্ধ করে দিচ্ছে প্রতিষ্ঠানটি আর সে কারণেই উইন্ডোজ ১০ ব্যবহারকারীদেরকে এবার উইন্ডোজ ১১ অপারেটিং সিস্টেমে আপগ্রেড করতে উৎসাহিত করছে মাইক্রোসফট মাইক্রোসফটের সাপোর্ট বন্ধ হওয়ার অর্থ হচ্ছে আগামী মঙ্গলবার ১৪ অক্টোবর থেকে উইন্ডোজ ১০ ডিভাইসগুলো নতুন করে আর নিরাপত্তা আপডেট সিকিউরিটি আপডেটস পাবে না ফলে নিরাপত্তা ঝুঁকির মধ্যে পড়বে উইন্ডোজ ১০ ডিভাইসগুলো বিশেষ করে সাইবার আক্রমণের শিকার হওয়ার সম্ভাবনা বেড়ে যাবে এই প্রেক্ষাপটে মাইক্রোসফট তাঁদের ব্যবহারকারীদেরকে বিনামূল্যে উইন্ডোজ ১১এ আপগ্রেড করার জন্য তাড়া দিচ্ছে তবে সকল কম্পিউটারেই এটি করা সম্ভব হবে না আমেরিকান কনজিউমার গ্রুপ পিআইআরজিএর সিনিয়র ডিরেক্টর নাথান প্রকটর বলেছেন যে উইন্ডোজ ১০এর সাপোর্ট বন্ধ হওয়ায় ভোক্তা যেমন ক্ষতিগ্রস্ত হবেন তেমনি উইন্ডোজ ইকোসিস্টেমের জন্যেও তা বিপর্যয় ডেকে আনবে উল্লেখ্য বিশ্বের সবচেয়ে জনপ্রিয় কম্পিউটার অপারেটিং সিস্টেম হচ্ছে উইন্ডোজ মাইক্রোসফটের তথ্য অনুযায়ী বিশ্বজুড়ে ১৪০ কোটিরও বেশি ১৪ বিলিয়নেরও বেশি ডিভাইসে ব্যবহৃত হয় এই অপারেটিং সিস্টেম স্ট্যাটকাউন্টার থেকে প্রাপ্ত তথ্য অনুসারে জুলাই ২০২৫ পর্যন্ত উইন্ডোজ ব্যবহারকারীদের ৪৩ শতাংশই ব্যবহার করছিল উইন্ডোজ ১০ এ থেকেই বোঝা যাচ্ছে উইন্ডোজ ব্যবহারকারীদের মাঝে কতটা জনপ্রিয় উইন্ডোজ ১০ অপারেটিং সিস্টেমটি সেপ্টেম্বরে চালানো একটি সমীক্ষা দেখা গেছে যে উইন্ডোজ ১০ ব্যবহারকারীদের প্রায় একচতুর্থাংশ মাইক্রোসফটের আনুষ্ঠানিক সাপোর্ট শেষ হওয়ার পরেও এর ব্যবহার চালিয়ে যাওয়ার পরিকল্পনা করছেন এই প্রেক্ষাপটে আরেকটি গুরুত্বপূর্ণ তথ্য হচ্ছে প্রায় সাতজনের মধ্যে একজন নতুন কম্পিউটার কেনার পরিকল্পনা করছেন ব্যবহারকারীদের করণীয় যারা এখনই উইন্ডোজ ১১এ যেতে চাইছেন না তাঁদের জন্য একটি রাস্তা অবশ্য খোলা রেখেছে মাইক্রোসফট আর তা হচ্ছে আগামী ১২ মাসের জন্য এক্সটেন্ডেড সিকিউরিটি আপডেট পেতে সাইনআপ করা অর্থাৎ ব্যবহারকারী চাইলে আরও এক বছরের জন্য নিরাপত্তা আপডেট পাবেন উইন্ডোজ ১০ অপারেটিং সিস্টেম সেজন্য অবশ্য সেটিংসে প্রাইভেসি এন্ড সিকিউরিটি বিভাগে গিয়ে এই সেবার জন্য সাইনআপ করতে হবে এই স্কিমে সাইনআপ করার মাধ্যমে গ্রাহকরা আগামী বছর অক্টোবর পর্যন্ত কেবলমাত্র সিকিউরিটি আপডেট পাবেন অন্য কোনো প্রকার টেকনিক্যাল সাপোর্ট নয় ইউরোপীয় অর্থনৈতিক অঞ্চলের বাসিন্দারা সাইনআপ করার মাধ্যমে এই সুবিধাটি বিনামূল্যে পাবেন অন্যান্য ব্যবহারকারীদের এই সুবিধাটি বিনামূল্যে পেতে চাইলে উইন্ডোজ ১০এর সর্বশেষ আপডেটেড সংস্করণটি ব্যবহার করতে হবে থাকতে হবে একটি মাইক্রোসফট অ্যাকাউন্ট এবং তাঁদের পিসি সেটিংসের ব্যাকআপ নিতে হবে তা না হলে এক্সটেন্ডেড সিকিউরিটি আপডেট ইএসইউএর জন্য এককালীন ৩০ ডলার ফি প্রদান করতে হবে অথবা ১ হাজার মাইক্রোসফট রিওয়ার্ডস পয়েন্ট থাকতে হবে উইন্ডোজ ১০ ব্যবহারকারী বাণিজ্যিক প্রতিষ্ঠানগুলোকে এক্সটেন্ডেড সিকিউরিটি আপডেট পেতে ডিভাইস প্রতি খরচ করতে হবে ৬১ ডলার অঞ্চলভেদে খরচে তারতম্য হতে পারে তবে মাইক্রোসফট চাইছে গ্রাহকরা এখনই বিনামূল্যে উইন্ডোজ ১১এ আপগ্রেড করুক অর্থাৎ উইন্ডোজ ১১ ব্যবহারের জন্য উপযুক্ত ডিভাইসগুলোতে উইন্ডোজ ১০ ব্যবহার করতে নিরুৎসাহিত করছে মাইক্রোসফট তবে উইন্ডোজ ১০এর বহুল ব্যবহার এবং জনপ্রিয়তার কথা বিবেচনা করে এক্সটেন্ডেড সিকিউরিটি আপডেটএর পথ খোলা রেখেছে প্রতিষ্ঠানটি উল্লেখ্য মাইক্রোসফট ২০১৫ সালে প্রকাশ করে উইন্ডোজ ১০ অপারেটিং সিস্টেমটি এর পর থেকে ব্যবহারকারীরা নিয়মিত এবং ঘন ঘন সফটওয়্যার আপডেট পেয়েছে উইন্ডোজ ১০এর জন্য নতুন আপডেটের মাধ্যমে মাইক্রোসফট ব্যবহারকারীদেরকে নতুন ফিচার অফার করেছে প্রয়োজনীয় পরিবর্তন এনেছে এবং বিভিন্ন সময় উদ্ভূত নিরাপত্তা ত্রুটি ও বাগ ঠিক করেছে,1
সাবেক মার্কিন প্রেসিডেন্ট ডোনাল্ড ট্রাম্প ও স্টর্মি ড্যানিয়েলস একটি কথিত যৌন কেলেঙ্কারির ঘটনায় দীর্ঘদিন ধরে বিচারের অপেক্ষায় রয়েছেন নিজের যৌন কেলেঙ্কারি ধামাচাপা দিতে ঘুষ দেওয়ার অভিযোগে ট্রাম্পের বিরুদ্ধে শুনানি চলছে নিউইয়র্কের আদালতে বিবিসির লাইভ প্রতিবেদনে বলা হয়েছে আজ আদালতে সবচেয়ে উত্তেজনাপূর্ণ দিন এদিন আদালতে সাক্ষ্য দিতে এসেছেন ট্রাম্পের একসময়ের কাছের ও সাবেক আইনজীবী মাইকেল কোহেন বর্তমানে তাদের দুইজনের মধ্যে সম্পর্ক তলানিতে ঠেকেছে বিবিসি বলছে এই মুহূর্তে ট্রাম্প এবং কোহেন একই কোর্টরুমে অবস্থান করছেন আদালতরুমে কোহেন সাক্ষ্য দেওয়া শুরু করেছেন তিনি বলেছেন আমি সরাসরি ট্রাম্পের জন্য কাজ করেছি এসময় তিনি উল্লেখ করেছেন ট্রাম্পই তাকে তার এ চাকরির জন্য প্রস্তাব দেন কোহেন বলেন আমি ট্রাম্পের অনেক সমস্যার সমাধান করেছি ট্রাম্পের কোনো মেইল বা মুঠোফোন ছিল না আমি সরাসরি ট্রাম্পের সঙ্গে কথা বলতাম এদিন কোহেন আরও বলেছেন আমি মাঝে মধ্যে ট্রাম্পের জন্য মিথ্যা বলেছি এই রিপোর্ট লেখা পর্যন্ত কোহেন এখনো আলাদতে সাক্ষ্য দিচ্ছেন এবং প্রসিকিউটর তাকে জেরা করছেন প্রসিকিউটররা জানিয়েছেন আরও দুইজন সাক্ষীকে হাজির করা হবে এবং এই সপ্তাহের মধ্যে এই মামলার নিষ্পত্তি হতে পারে এর আগে বিবিসির প্রতিবেদনে বলা হয় ট্রাম্প ব্যবসায়িক রেকর্ড জালিয়াতির ৩৪টি অপরাধমূলক মামলার মুখোমুখি হয়েছেন এর মধ্যে একটি ছিল ট্রাম্পের সঙ্গে সম্পর্কের বিষয়ে মুখ বন্ধ রাখতে ড্যানিয়েলসকে এক লাখ ৩০ হাজার মার্কিন ডলার পরিশোধ করেন কোহেন,0
২৮ অক্টোবর ২০২৩এর পর রাজনীতির সম্ভাব্য সমীকরণ এলোমেলো হয়ে উঠেছে বিএনপির শীর্ষ নেতৃত্ব ধারাবাহিকভাবে গ্রেপ্তার হচ্ছেন অজ্ঞাত স্থান থেকে বিএনপির পক্ষে কর্মসূচি ঘোষণা করা হচ্ছে নির্বাচন কমিশন একদিকে নির্বাচনের প্রস্তুতি নিচ্ছে আরেক দিকে সংলাপের কথাও বলছে ক্ষমতাসীন আওয়ামী লীগ আত্মবিশ্বাসের সঙ্গে সব ধরনের সংলাপের সম্ভাবনা নাকচ করে দিয়ে শান্তি সমাবেশের নামে শক্তির মহড়া দিয়ে চলেছে ২৮ অক্টোবর রাজধানীতে কী ঘটেছিল তা নিয়ে সরকারি ও বিরোধী বিএনপির বক্তব্য বিপরীতধর্মী তবে বক্তব্য যাই থাকুক সরল কয়েকটি প্রশ্ন করতেই হয় সেদিন এত বিপুলবিরাট একটি মহাসমাবেশ শান্তি বজায় রেখে করতে দেওয়া হলো না কেন রাস্তার এক প্রান্তে বিক্ষিপ্ত সংঘর্ষ শুরু হলে অন্য প্রান্তে বিশাল সমাবেশের দিকে কেন তাড়া করল পুলিশ সেদিন পুলিশ কি শৃঙ্খলা বজায় রাখতে যথাযথ ভূমিকা পালন করেছে যে পুলিশ সদস্যকে নির্মমভাবে হত্যা করা হলো তার পূর্বাপর বিশ্লেষণে কী পাওয়া যায় সন্ত্রাসীঘাতকরা মহাসমাবেশ শুরুর আগে কেন পুলিশ সদস্যকে নির্মমভাবে নিহত করবে বিএনপির যে কর্মী নিহত হলেন তাঁর খুনি কারা সেদিন পূর্ব অনুমতি গ্রহণ না করইে জামায়াত নির্বিঘ্নে কেন সমাবেশ করতে পারল বিএনপি মহাসমাবেশ করতে না পারায় ফলাফলে দেখা যায় ২৮ অক্টোবরের পরপর বিএনপি মহাসচিব মির্জা ফখরুল ইসলাম আলমগীরকে সহিংসতা উস্কে দেওয়ার অভিযোগে পুলিশ গ্রেপ্তার করে গত দেড় বছর আমরা দেখেছি মির্জা ফখরুল চূড়ান্ত অহিংস ও শান্তিমূলকভাবে দেশব্যাপী একের পর এক রাজনৈতিক কর্মসূচি পালনে বিএনপিকে নেতৃত্ব দিয়ে রাজধানীকেন্দ্রিক চূড়ান্ত কর্মসূচির দিকে যাচ্ছিলেন তিনি কেন নিজের দলের মহাসমাবেশের দিন আচমকা প্রধান বিচারপতির বাসভবন হাসপাতালসহ সাংবাদিকদের ওপর হামলায় উস্কে দিতে চাইবেন নিজে বক্তৃতাটা পর্যন্ত দিতে অপারগ হবেন মহাসমাবেশ ব্যর্থ হওয়ায় বিএনপিকে হরতালঅবরোধের মতো আপাত সহিংস কর্মসূচির দিকে যেতে হলো প্রধান নেতৃত্বের প্রায় প্রত্যেকে গ্রেপ্তার হলেন হরতালঅবরোধের দিন রাজধানীর সঙ্গে সারাদেশের বাস যোগাযোগ বন্ধ আছে এর মধ্যে বিক্ষিপ্তভাবে বাসে আগুন জ্বলছে ঢাকায় ব্যক্তিগত গাড়ি কম চলছে পরিবহন সমস্যার কারণে নিত্যপণ্যের দাম আরও বাড়ছে এতে কী হচ্ছে সাধারণভাবে বলা যাচ্ছে অগ্নিসন্ত্রাস ও জ্বালাওপোড়াওয়ের দিন ফিরে এলো আবার এ অবস্থায় মৌলিক প্রশ্নটি করতেই হয় পুলিশ কি কেবল সরকারি দলের সরকারি দলের শান্তি সমাবেশ নির্বিঘ্নে হতে পারে হতে পারে জামায়াতের সমাবেশ তবে বিএনপির নয় কেন জাতিসংঘ মানবাধিকার পরিষদ বিবৃতি দিয়ে পুলিশের শক্তি প্রয়োগে আইনের মূলনীতি অনুসরণের তাগিদ দিয়েছে সংস্থাটির বিবৃতিতে প্রধান বিচারপতির বাসভবনে হামলায় জড়িতদের মধ্যে সরকারি দলের সমর্থকদের থাকার সম্ভাবনার কথাও বলা হয়েছে গণমাধ্যমে সেদিনের ঘটনার বিবরণে যা আসে তাতে বোঝা যায় সেদিন অপরাধ সংঘটিত হয় প্রধান বিচারপতির বাসভবন ফকিরাপুল পুলিশ হাসপাতালসহ বেশ কয়েকটি স্থানে অথচ অন্য আর কোনো স্থানকে সংরক্ষণের আওতায় না এনে কেবল বিএনপির কেন্দ্রীয় কার্যালয়কেই ক্রাইম সিন হিসেবে শনাক্ত করে সংরক্ষণের আওতায় নিয়ে আসা অবশ্যই তদন্তকে প্রশ্নের মুখে ফেলে ২ আমরা সন্দেহের আওতার বাইরে কাউকেই রাখতে চাই না ঘরে আগুন লাগলে আশেপাশের সুবিধাভোগীরা সন্তর্পণে হাতে আলু নিয়ে এসে পোড়া দিতে শুরু করে দেশের আসন্ন জাতীয় নির্বাচন নিয়ে যে আগুনলাগা পরিস্থিতি তাতেও আলু পোড়া দিয়ে খাওয়ার মানুষের নিশ্চয়ই অভাব নেই সেই মানুষ সরকারি দল না বিরোধী দলের সেটা মেপে বের করা যেমন কঠিন বোঝা কঠিন নয় যে অস্থিতিশীলতার সুযোগ অনেকে নিতে চাইতেই পারে তবে দায়িত্ব যাদের হাতে তাদের উচিত ঘরের আগুনে কেউ যেন আলু পোড়ার বন্দোবস্ত করতে না পারে তার দিকে সজাগ দৃষ্টি রাখা পুলিশ যেভাবে বিরোধী দলের মিছিল সমাবেশ দেখলেই অ্যাকশন নিতে শুরু করছে এটা কোনোভাবেই গ্রহণযোগ্য নয় বিক্ষোভকারীরা প্রতিবাদ করবেন রাষ্ট্রের পুলিশের দায়িত্ব নির্বিঘ্নে তার প্রতিবাদের সুযোগ তৈরি করা প্রতিবাদের স্বাভাবিক পথ রুদ্ধ হলেই তা অস্বাভাবিক পথে ধাবিত হয় এটা নিশ্চিতভাবেই কোনো গণতান্ত্রিক সমাজে প্রত্যাশিত হতে পারে না এমনও অভিযোগ উঠছে বিরোধীদের দমনে ক্ষমতাসীন দলের ছাত্রযুব সংগঠনের নেতাকর্মীর পাশাপাশি পুলিশও একসঙ্গে তৎপর হচ্ছে পুলিশের সামনে সকল রাজনৈতিক পক্ষ একই সমান্তরালের এই চিন্তা কার্যকর না হলে অবাধ নির্বাচনের পরিবেশ প্রস্তুত করা আদৌ সম্ভব নয় ৩ অবাধ নির্বাচন আয়োজনের অন্যতম বড় অংশীদার নির্বাচন কমিশন নিয়মিত বিপরীতধর্মী কার্যকলাপ করে চলেছে ইসি রাষ্ট্রপতির সঙ্গে দেখা করবেন মর্মে সংবাদ এসেছে আরও সংবাদ এসেছে তারা নিবন্ধিত ৪৪টি রাজনৈতিক দলকে সংলাপের জন্য আমন্ত্রণ জানিয়েছেন যদিও ইসি বলেছিলেন রাজনৈতিক দলের সঙ্গে আর কোনো আলোচনা নয় সংলাপ প্রশ্নে যখন সরকারি দলের নেতিবাচক অবস্থান সুস্পষ্ট বিএনপি যখন তত্ত্বাবধায়ক সরকার প্রসঙ্গ ছাড়া সংলাপে সম্মত নয় তখন নির্বাচন কমিশনের এই উদ্যোগ কৌতূহলের সৃষ্টি করে বিএনপির কার সঙ্গে সংলাপ করতে চায় নির্বাচন কমিশন বিএনপির মহাসচিবসহ প্রধান নেতারা সকলে কারাগারে বা আত্মগোপনে ইসি কি সেটা অবগত তারা কি সরকারের কাছে জানতে চাইবে যে দলটির ভোট অন্ততপক্ষে শতকরা ৩০ ভাগ তার মূল নেতৃত্ব নির্বাচনের আগে কেন কারাগারে এই প্রশ্নের উত্তর না খুঁজে নিবন্ধিত ৪৪টি রাজনৈতিক দলের সঙ্গে ইসির সংলাপ কৌতুকমিশ্রিত প্রশ্ন জাগিয়ে তোলে বিএনপির হয়ে সিদ্ধান্ত জানানোর মতো কোনো নেতাই গ্রেপ্তার এড়িয়ে প্রকাশ্যে নেই সেখানে সংলাপ করবে কে বা কারা এ প্রশ্নের উত্তর হতে পারে এমন নিবন্ধিত আরও ৪৩ দল আছে তারাই সংলাপ করবে তারাই নির্বাচন করবে নির্বাচনের আগে কোনো রাজনৈতিক দল কি নিবন্ধিত হবে আইন কী বলে এ প্রশ্নে সংশ্লিষ্ট আইনজ্ঞ হাসিমুখে বললেন আইন না থাকলেও আইন তৈরি করা যায় মানুষই প্রয়োজনে সব সময় আইন তৈরি করে ৪ আইনজ্ঞের সঙ্গে একমত হওয়া গেল না মানুষ প্রয়োজনে আইন তৈরি করে বটে তবে প্রয়োজন বিষয়টাই আপেক্ষিক নির্বাচন নিয়ে জটিলতা চলমান সহিংসতা নিশ্চয়ই দেশে নতুন নয় এরপরও সহিংসতা জটিলতা শেষ করার জন্য একটা মীমাংসা কেন প্রধান রাজনৈতিক দল দুটি করতে চায় না ১৯৯৬ সালে বিএনপি তত্ত্বাবধায়ক সরকার চায়নি এই যুক্তি যে আইনটি সংবিধানে নেই ১৯৯৬ সালের একতরফা নির্বাচনের পর আওয়ামী লীগের নেতৃত্বে জনদাবির সামনে বিএনপি সংবিধানে তত্ত্বাবধায়ক আইন যুক্ত করে ২০০৬ সালে বিএনপির হাতে তত্ত্বাবধায়ক সরকার বিতর্কিত হয়ে পড়ায় পরবর্তী সময়ে তা বাতিল হয় এখন সরকারি দল আওয়ামী লীগ বলছে তত্ত্বাবধায়ক সরকারের আইন সংবিধানে নেই তারা বিস্মৃত থাকে ১৯৯৬ সালে বিএনপি একই কথা বলায় আওয়ামী লীগ জোর গণআন্দোলন গড়ে তোলে তত্ত্বাবধায়ক সরকারের আইন সংবিধানে যুক্ত করা হয় এ দেশের গণতন্ত্র গণতান্ত্রিক প্রতিষ্ঠানসমূহ মজবুত নয় তাই সরকারি কোনো দলের অধীনেই নির্বাচন সুষ্ঠু ও অবাধ হয় না সরকারি দলের অধীনে সুষ্ঠু জাতীয় নির্বাচনের কোনো উদাহরণ নেই এ কারণেই নির্বাচনকালীন তত্ত্বাবধায়ক সরকারের বিধান সংবিধানে যুক্ত করা হয়েছিল যার প্রাসঙ্গিকতা বর্তমানেও একই আছে এই দেশ ও দেশের মানুষের জন্যই নির্বাচন প্রধান দুটি রাজনৈতিক দলের অংশগ্রহণ ছাড়া গত দুটি নির্বাচন অংশগ্রহণমূলক হয়নি আগামীতেও হবে না ওয়ান ইলেভেনের বাস্তবতা তত্ত্বাবধায়ক সরকারের প্রাসঙ্গিকতার সামনে নিশ্চয়ই বড় প্রশ্ন নিয়ে আসে কিন্তু তাকে বাতিল করে একক নির্বাচন করার কোনো সুযোগ তৈরি হয় না নির্বাচনকালীন নিরপেক্ষ তত্ত্বাবধায়ক সরকার সুষ্ঠু নির্বাচন করে তার দায়িত্ব থেকে বিদায় নেবে এই সিদ্ধান্ত বর্তমানে যৌক্তিক ও প্রায়োগিক করার দায়িত্ব দেশের প্রধান দুই রাজনৈতিক দলের তবে বিরোধী দলের নেতারা গ্রেপ্তারঅন্তরীণআড়ালে থাকায় রাজনীতির এলোমেলো সমীকরণকে সমাধানে পৌঁছে দেওয়ার দায়িত্ব এখন সরকারি দলের,1
ঘূর্ণিঝড় রেমালের প্রভাবে ক্ষতিগ্রস্ত সুন্দরবনের বিভিন্ন চর থেকে আরও ৩১টি মৃত হরিণ উদ্ধার করা হয়েছে শনিবার ১ জুন দুপুর পর্যন্ত উদ্ধার করা এসব হরিণ মাটিচাপা দিয়েছেন বনরক্ষীরা এর আগে ঝড়ের পর থেকে বুধবার পর্যন্ত বনের বিভিন্ন চর থেকে ৯৬টি মৃত হরিণ ও ৪টি মৃত শূকর উদ্ধার করা হয় এ নিয়ে ঘূর্ণিঝড় রেমালের পরে সুন্দরবন থেকে ১২৭ মৃত হরিণসহ ১৩১ মৃত বন্যপ্রাণি উদ্ধার করল বন বিভাগ এছাড়া জীবিত ও আহত অবস্থায় ১৮টি হরিণ ও একটি অজগর উদ্ধার করে বনে অবমুক্ত করা হয়েছে খুলনা অঞ্চলের বন সংরক্ষক মিহির কুমার দে বলেন ঘূর্ণিঝড় রেমালের তাণ্ডবে সুন্দরবনের অনেক ক্ষতি হয়েছে জোয়ারজলোচ্ছ্বাসের পানিতে সুন্দরবনের বেশিরভাগ অংশ প্লাবিত হয়েছে মিষ্টি পানির পুকুরগুলো সব লবণ পানিতে প্লাবিত হয়েছে ঝড়ের পরে বনের কটকা কচিখালী করমজল পক্ষীরচর ডিমেরচর শেলারচর নারিকেলবাড়িয়াসহ বিভিন্ন এলাকা থেকে ১২৭ মৃত হরিণ উদ্ধার করা হয়েছে,1
গ্রহাণুর আঘাত থেকে পৃথিবীকে বাঁচাতে মহাকাশে পরীক্ষামূলকভাবে নাসা একটি রকেট পাঠিয়েছে এটি পৃথিবীর দিকে ধেয়ে আসা গ্রহাণুকে ধাক্কা দিয়ে তার গতিপথ পরিবর্তন করে দেবে বলে নাসার পক্ষ থেকে বলা হয়েছে বিষয়টি বিজ্ঞানের কল্পগল্প মনে হতে পারে তবে ডার্ট ডাবল অ্যাস্ট্রয়েড রিডিরেকশন টেস্ট নামের এই পরীক্ষামূলক অভিযানটি বাস্তবেই ঘটছে মঙ্গলবার স্থানীয় সময় ১০টা ২১ মিনিটে যুক্তরাষ্ট্রের ক্যালিফোর্নিয়ার ভ্যানডেনবার্গ স্পেস ফোর্স বেস থেকে ইলন মাস্ক প্রতিষ্ঠিত স্পেসএক্স কোম্পানির ওই রকেটটি উৎক্ষেপণ করা হয় খবর আলজাজিরার বিশ্বে এই ধরনের অভিযান এটাই প্রথম অভিযানের উদ্দেশ্য হলো ছোট চাঁদের মতো ১৬০ মিটার ব্যাসের ডিমরফস নামের গ্রহাণুকে ধাক্কা দিয়ে তার সম্ভাব্য গতিপথ কিছুটা পরিবর্তন করা ডিমরফর উপগ্রহটি ৭৬২ মিটার ব্যাসের বাইনারি অ্যাস্ট্রারয়েড ডিডিমসকে কেন্দ্র করে ঘুরে আর ডিমরফস ও ডিডিমস উভয়ে সূর্যকে প্রদক্ষিণ করে ধারণা করা হচ্ছে রকেটটি ডিডিমসকে ২০২২ সালের তৃতীয় ভাগে গিয়ে আঘাত করবে যখন সেটি পৃথিবী থেকে ১১ মিলিয়ন কিলোমিটার দূরে অবস্থান করবে উপগ্রহটি তখন প্রথমবারের মতো পৃথিবীর এতো কাছাকাছি আসবে ৩৩০ মিলিয়ন ডলার ব্যয়ে চালানো এই অভিযান সম্পর্কে নাসার শীর্ষ বিজ্ঞানী থমাস জুবুর্চেন বলেন আমরা আসলে হুমকি কিভাবে পরিবর্তন করা যায় তা শেখার চেষ্টা করছি,1
ঢাকাসহ দেশের চার বিভাগের ওপর দিয়ে তিন দিন ধরে বইছে মৃদু থেকে মাঝারি ধরনের তাপপ্রবাহ আবহাওয়া অধিদপ্তর জানিয়েছে এসব এলাকায় আগামী দুতিন দিন তাপমাত্রা আরও বাড়তে পারে তাই এসব এলাকায় তাপপ্রবাহের সতর্কবার্তা বা হিট অ্যালার্ট জারি করেছে আবহাওয়া অধিদপ্তর বুধবার অধিদপ্তরের আবহাওয়াবিদ মো বজলুর রশীদের স্বাক্ষর করা বিজ্ঞপ্তির মাধ্যমে এ সতকর্বাতা জারি করা হয় সেখানে বলা হয় ঢাকা রাজশাহী খুলনা ও বরিশাল বিভাগের ওপর দিয়ে বয়ে যাওয়া চলমান তাপপ্রবাহ পরবর্তী ৭২ ঘণ্টায় অব্যাহত থাকতে পারে আশপাশের এলাকাকায় এটি আরও বিস্তৃত হতে পারে আবহাওয়া অধিদপ্তরের তথ্য অনুযায়ী তাপমাত্রা যদি ৩৬ থেকে ৩৭ দশমিক ৯ ডিগ্রি সেলসিয়াস হয় তাকে মৃদু তাপপ্রবাহ বলে ৩৮ থেকে ৩৯ দশমিক ৯ ডিগ্রি সেলসিয়াস তাপমাত্রাকে মাঝারি তাপপ্রবাহ বলা হয় তীব্র তাপপ্রবাহ বলা হয় যখন তাপমাত্রা ৪০ থেকে ৪১ দশমিক ৯ ডিগ্রি সেলসিয়াসের মধ্যে থাকে আর অতি তীব্র হয় ৪২ ডিগ্রি বা এর বেশি হলে আবহাওয়া অধিদপ্তর সূত্র জানিয়েছে ৮ ও ৯ এপ্রিল তাপমাত্রা কিছুটা কমে আসার সম্ভাবনা আছে সামান্য বৃষ্টি হতে পারে আবহাওয়াবিদ মো বজলুর রশীদ প্রথম আলোকে বলেন এখন যে তাপ তাতে সাধারণ ছিটেফোঁটা বৃষ্টিতে গরম কমবে না এর জন্য ভারী বৃষ্টির দরকার তার সম্ভাবনা খুব বেশি নেই বুধবার দেশের সর্বোচ্চ তাপমাত্রা রেকর্ড করা হয় চুয়াডাঙ্গা ও ঈশ্বরদীতে ৩৮ দশমিক ৫ ডিগ্রি সেলসিয়াস গরমে স্বস্তি পেতে যা করবেন এই গরমে কিছুটা স্বস্তি পেতে কিছু পরামর্শ দিয়েছেন চিকিৎসকেরা তাঁরা মনে করেন অপ্রয়োজনে বাইরে বের না হওয়াই ভালো সরাসরি সূর্যের আলো পড়ে এমন জায়গায় না থাকা বের হলে ছায়াযুক্ত স্থানে চলাফেরা করতে হবে ঘরেবাইরে আরামদায়ক পোশাক পরতে হবে ২ এপ্রিল ঢাকা জেলায় সর্বোচ্চ তাপমাত্রা ছিল ৩৭ দশমিক ৭ ডিগ্রি সেলসিয়াস সেদিন এ প্রসঙ্গে ল্যাবএইডের ওয়েলনেস সেন্টারের পুষ্টিবিদ ফাহমিদা হাশেমের সঙ্গে প্রথম আলোর কথা হয়েছিল তিনি কিছু পরামর্শ দিয়ে বলেছিলেন একজন নারীকে দিনে দুই থেকে আড়াই লিটার ও পুরুষদের আড়াই থেকে তিন লিটার পানি পান করতে হবে এখন যেহেতু রমজান মাস তাই ইফতারের পর থেকে সাহ্রি পর্যন্ত সময়টিতে পানি পান করতে হবে প্রচণ্ড গরমে অনেক সময় শরীরের ইলেকট্রোলাইট ভারসাম্য হারিয়ে যায় তাই ডাবের পানি আখের গুড় লবণ ও লেবু দিয়ে ঘরে তৈরি শরবত ও স্যালাইন পান করতে হবে অনেক সময় খাবার হজমেও সমস্যা হয় পেট গরম হয়ে যায় তাই বেলের শরবত তরমুজের শরবত টক দই দিয়ে মাঠা বা লাবাং তৈরি করে খাওয়া যায় তবে কোনো শরবতেই অতিরিক্ত চিনি বা লবণ না দেওয়া সাদা পানিকে বেশি প্রাধান্য দিতে হবে এ ছাড়া শরীরে পানি ধরে রাখে এমন কিছু খাবারের ওপর জোর দেন ওই পুষ্টিবিদ যেমন ইসবগুল চিয়া সিডস তোকমাদানা তরমুজ নাশপাতি আর সাহ্রিতে লাউ চিচিঙ্গা ঝিঙে পেঁপে চালকুমড়া পটোল ধুন্দুল বা শসা দিয়ে হালকা মসলায় পাতলা ঝোলের তরকারি,0
দিনবদলের বইছে হাওয়া ডিজিটাল বাংলাদেশ আমাদের প্রথম চাওয়াএই পরম স্লোগান সামনে রেখে মাননীয় প্রধানমন্ত্রী শেখ হাসিনা তার সম্ভাবনাময় এক স্বপ্ন পূরণের নিরিখে ২০০৯১০ সালে বাংলাদেশকে একটি ডিজিটাল দেশে রূপান্তর করার আশা ব্যক্ত করে ডিজিটাল বাংলাদেশ ভিশন ২০২১ ঘোষণা করে আর তারই ধারাবাহিকতায় দেশ এগিয়ে চলছে ডিজিটাল বাংলাদেশের প্রথম চ্যালেঞ্জ ভিশন ২০২১ ঘোষণার পর আজ ১২ বছরে ডিজিটালাইজেশনের দিকে অনেকটাই এগিয়ে গেছে বাংলাদেশ একসময়ের পিছিয়ে থাকা দেশ আজ শেখ হাসিনার দক্ষ নেতৃত্বে ডিজিটাল হওয়ায় বিশ্ব দরবারে মাথা উঁচু করে দাঁড়ানোর মতো স্থান দখল করতে পেরেছে স্বাধীনতার ৪৭ বছর পর কাপ্তাইয়ের তিন হাজার পরিবারে বিদ্যুৎ যখন সারা দেশে সীমাহীন বিদ্যুৎসংকট চলছিল এবং বিদ্যুত্ ঘাটতি পূরণের অসম্ভব চ্যালেঞ্জকে মাথায় রেখে মাননীয় প্রধানমন্ত্রীর এই সুদূরপ্রসারী চিন্তা স্বপ্ন ও ঘোষণাকে সমাজের সুশীল নামধারী কিছু তথাকথিত বুদ্ধিজীবী সেদিন কটাক্ষ করেছিলেন সমালোচনামুখর সেইসব তুচ্ছতাচ্ছিল্যকে পেছনে ফেলে বিদ্যুতের ঘাটতিকে জয় ও উদ্বৃত্ত বিদ্যুৎ উৎপাদনের চ্যালেঞ্জ মোকাবিলা করে ডিজিটাল বাংলাদেশ বাস্তবায়নের স্বপ্নকে বাস্তবে রূপান্তরের ফলে বাংলাদেশ আজ নিম্নমধ্যবিত্ত দেশের তালিকায় জায়গা করে নিতে সমর্থ হয়েছে তাই ডিজিটাল বাংলাদেশের সুবিধাভোগী প্রত্যন্ত গ্রাম থেকে শহরে আপামর মানুষের কণ্ঠে আজ ধ্বনিত হচ্ছে জাতির জনক বঙ্গবন্ধু শেখ মুজিবুর রহমানের স্বপ্নের সোনার বাংলা এবং দেশরত্ন জননেত্রী শেখ হাসিনার ঘোষিত ডিজিটাল বাংলাদেশ কালের আবর্তে আজ স্বপ্ন নয় বরং রূপ নিয়েছে বাস্তবে একটি তথ্যপ্রযুক্তিনির্ভর সমৃদ্ধ ডিজিটাল বাংলাদেশ গড়তে সরকার যে ঘোষণা করেছিল সেই ঘোষণার আলোকে জেলা ও ইউনিয়ন পর্যায়ে ইন্টারনেট সেবা মোবাইল মানি ট্রান্সফার বিমানের টিকিট ইটেন্ডারিংসহ শিক্ষা স্বাস্থ্য কৃষি বাণিজ্য দ্রুতগতিসম্পন্ন বঙ্গবন্ধু স্যাটেলাইট১ পায়রা গভীর সমুদ্রবন্দর ঢাকা মেট্রোরেল বঙ্গবন্ধু সেতু পদ্মা সেতু রূপপুর পারমাণবিক বিদ্যুেকন্দ্রসহ ঢাকা এবং দেশের অধিকাংশ জেলা শহরে যানজট নিরসন তথা দুর্ঘটনা কমিয়ে আনতে তৈরি করেছেন শত শত উড়াল সেতু ডিজিটাল বাংলাদেশের স্বপ্নকে বাস্তবতায় রূপ দিতে বাংলাদেশ সরকার নিয়েছে যুগান্তকারী সব পদক্ষেপ দেশের তৃণমূল পর্যায়ে প্রযুক্তির ব্যবহারের মাধ্যমে সরকারি সেবা পৌঁছে দেওয়ার অভিপ্রায়ে দেশের ৪ হাজার ৫৫০টি ইউনিয়ন পরিষদে স্থাপন করা হয়েছে ইউনিয়ন ডিজিটাল সেন্টার তৈরি করা হয়েছে বিশ্বের অন্যতম বিশাল ন্যাশনাল ওয়েব পোর্টাল কেন্দ্রীয় পর্যায় থেকে শুরু করে ইউনিয়ন পর্যায় পর্যন্ত এ পোর্টালের সংখ্যা প্রায় ২৫ হাজার দেশের সব উপজেলাকে আনা হয়েছে ইন্টারনেটের আওতায় টেলিযোগাযোগের ক্ষেত্রে নেওয়া বিভিন্ন পদক্ষেপের কারণে বর্তমানে বাংলাদেশে মোবাইল ফোন গ্রাহকের সংখ্যা ১২ কোটি ৩৭ লাখ এবং ইন্টারনেট গ্রাহকের সংখ্যা ৪ কোটি ৪৬ লাখে উন্নীত হয়েছে সেবা প্রদান প্রক্রিয়া সহজ ও স্বচ্ছ করতে চালু করা হয়েছে ইপেমেন্ট ও মোবাইল ব্যাংকিং সরকারি ক্রয়প্রক্রিয়া অনলাইনে সম্পাদন করার বিষয়টিকে প্রাতিষ্ঠানিক রূপ দেওয়া হয়েছে ফোরজি প্রযুক্তির মোবাইল নেটওয়ার্কের বাণিজ্যিক কার্যক্রম শুরু করা হয়েছে জনগণের দোরগোড়ায় তথ্যপ্রযুক্তির সেবা তথা ডিজিটাল বাংলাদেশের সুফল পৌঁছে দিতে আমাদের আন্তরিক প্রয়াস নিতে হবে তাই প্রধানমন্ত্রী শেখ হাসিনার উন্নয়নের হাতকে গতিশীল করতে জনগণকে ঐক্যবদ্ধ হয়ে এগিয়ে আসতে হবে তাহলেই প্রধানমন্ত্রীর এই চ্যালেঞ্জকে বাস্তবে রূপ দেওয়া সম্ভব হবে,1
বন্ডে বিনিয়োগ শেয়ারবাজার এক্সপোজার থেকে বাদ দেওয়া হচ্ছে শেয়ারবাজারে ব্যাংকের বিনিয়োগ বাজার মূল্যে হিসাব করা হবেমর্মে কিছু গণমাধ্যমে প্রকাশিত খবর ঠিক নয় বলে জানিয়েছে বাংলাদেশ ব্যাংক বুধবার সন্ধ্যায় এক সংবাদ বিজ্ঞপ্তির মাধ্যমে কেন্দ্রীয় ব্যাংক এ তথ্য জানায় কেন্দ্রীয় ব্যাংক বলেছে শেয়ারবাজারে তফসিলি ব্যাংক এবং আর্থিক প্রতিষ্ঠানের বিনিয়োগ সংক্রান্ত অন্যান্য বিষয়ে শেয়ারবাজার নিয়ন্ত্রক সংস্থা বিএসইসির প্রতিনিধি দলের সঙ্গে বিস্তারিত আলোচনা হয়েছে তবে এ বিষয়ে কোনো সিদ্ধান্ত হয়নি সংবাদ বিজ্ঞপ্তিতে বলা হয় ব্যাংক কোম্পানি আইন ১৯৯১ এবং আর্থিক প্রতিষ্ঠান ১৯৯৩এ শেয়ারবাজারে ব্যাংক ও আর্থিক প্রতিষ্ঠানের বিনিয়োগের বিষয়ে বিদ্যমান কতিপয় আইনি সীমাবদ্ধতার বিষয়ে বিএসইসির প্রতিনিধি দলকে স্পষ্ট করে দেওয়া হয়েছে কিন্তু সভার পরে বাংলাদেশ সিকিউরিটিজ অ্যান্ড এক্সচেঞ্জ কমিশনের প্রতিনিধির বরাত দিয়ে বিভিন্ন সংবাদমাধ্যমে ওই সভার কতিপয় বিষয়ে সিদ্ধান্ত গ্রহণের যে সংবাদ প্রচার করা হয়েছে তা সঠিক নয় সংবাদ বিজ্ঞপ্তিতে আরও বলা হয় বাংলাদেশ ব্যাংকের ডেপুটি গভর্নর একেএম সাজেদুর রহমান খানের সভাপতিত্বে বিএসইসির সঙ্গে পূর্ব নির্ধারিত এ সভা কেন্দ্রীয় ব্যাংক কার্যালয়ে অনুষ্ঠিত হয়সভায় বিএসইসির উদ্যোগে ক্যাপিটাল মার্কেট স্ট্যাবিলাইজেশন ফান্ড গঠনের ফলে তফসিলি ব্যাংক ও আর্থিক প্রতিষ্ঠানের ক্ষেত্রে সৃষ্ট জটিলতা নিরসন এবং পুঞ্জিভূত লোকসান বিদ্যমান থাকলেও সংশ্নিষ্ট বছরের মুনাফা হতে নগদ লভ্যাংশ বিতরণের বিষয়ে আলোচনা হয়েছে এছাড়া সভায় ব্যাংক কোম্পানি আইন ১৯৯১ এর ৩৫১গ ধারা ও ২২ ধারা এবং আর্থিক প্রতিষ্ঠান আইন ১৯৯৩ এর ১০ ধারার বিষয়গুলো ব্যাখ্যা করে ক্যাপিটাল মার্কেট স্ট্যাবিলাইজেশন ফান্ডে ব্যাংক ও আর্থিক প্রতিষ্ঠানের অদাবিকৃত তহবিল স্থানান্তর এবং পুঞ্জিভূত লোকসান থাকা সত্ত্বেও নগদ লভ্যাংশ দেওয়া আইনসম্মত নয় বলে অভিহিত করা হয়েছে এ বিষয়ে বিএসইসির নির্দেশনায় প্রয়োজনীয় সংশোধন আনতে অনুরোধ জানিয়েছে বাংলাদেশ ব্যাংক নানা ইস্যুতে গত ২১ নভেম্বর থেকে মঙ্গলবার পর্যন্ত টানা আট কার্যদিবস ধরে দরপতন হয়েছে শেয়ারবাজারে এতে ৯০ শতাংশেরও বেশি শেয়ার দর হারায় এতে প্রধান মূল্য সূচক ডিএসইএক্সের ৩৮৮ পয়েন্ট বা সাড়ে ৫ শতাংশ পতন হয় কিন্তু অনুষ্ঠিত বৈঠকে ইতিবাচক আলোচনা হয়েছে এবং বিবদমান কয়েকটি ইস্যুতে সংশোধন আনতে বাংলাদেশ ব্যাংক রাজি হয়েছে এমন খবর প্রচারের পর বুধবার ডিএসইতে লেনদেন হওয়া ৩৭৩ শেয়ার ও মিউচুয়াল ফান্ডের মধ্যে ২৯৩টিরই বাজার দর বেড়েছে কমেছে মাত্র ৪৫টির এবং অপরিবর্তিত থেকেছে ৩৫টির এতে প্রধান মূল্য সূচক ডিএসইএক্স ১৪৩৭৫ পয়েন্ট বেড়ে ছয় হাজার ৮৪৭ পয়েন্টে গিয়ে দাঁড়ায় তবে শেয়ার লেনদেন ৪৪ কোটি টাকা কমে এক হাজার ১০২ কোটি টাকায় নেমেছে,0
সারা বিশ্বেই ভূপর্যবেক্ষণ প্রযুক্তির চাহিদা বাড়ছে বড় দেশগুলো তো বটেই উদীয়মান দেশগুলোও এ খাতে তাদের বিনিয়োগ বাড়াচ্ছে এরই মধ্যে এই প্রযুক্তির বাজার ৫০০ কোটি মার্কিন ডলার ছুঁয়েছে এটি আগামী ২০৩৩ সালের মধ্যে ৮০০ কোটি ডলার ছাড়িয়ে যাবে বলে জানিয়েছে মহাকাশ প্রযুক্তিবিষয়ক পরামর্শক সংস্থা নোভাস্পেস সম্প্রতি প্রকাশিত এক প্রতিবেদনে নোভাস্পেস বলছে বর্তমানে ভূপর্যবেক্ষণ প্রযুক্তির বাজার ৫০০ কোটি ডলারের এ বাজার দ্রুতই ৮০০ কোটি ডলার ছাড়িয়ে যাবে এ জন্য অবশ্য নোভাস্পেস সম্ভাব্য সময় হিসেবে ২০৩৩ সালের কথা বলেছে তবে একই ধরনের অন্য সংস্থাগুলো বলছে এ বাজারের আকার দেড় হাজার কোটি ডলারও ছুঁতে পারে এই সময় ব্যবধানে বার্তা সংস্থা রয়টার্সের প্রতিবেদনে বলা হয় ভূপর্যবেক্ষণ ইও প্রযুক্তি ক্রমেই জনপ্রিয় হচ্ছে বিশেষত সীমান্ত নিরাপত্তা জলবায়ু পরিবর্তনসহ নানা ধরনের কাজে এই প্রযুক্তি ব্যবহার করা হয় এর সবচেয়ে বেশি ব্যবহারের সম্ভাব্য ক্ষেত্র হিসেবে রয়েছে প্রতিরক্ষা দপ্তরগুলো সাগরের তলদেশে হলুদ ইটের রাস্তা গবেষকরা যা বলছেনসাগরের তলদেশে হলুদ ইটের রাস্তা গবেষকরা যা বলছেন বাতাসের মান বায়ুমণ্ডলের রাসায়নিক গঠন তো বটেই ভূপ্রকৃতির বদল ভূপৃষ্ঠের ছবি তোলা এর থ্রিডি মডেলিংসহ প্রায় সবকিছুই এই ভূপর্যবেক্ষণ প্রযুক্তির আওতায় এর বড় ধরনের প্রয়োগ রয়েছে কৃষি খাতে বর্তমানে নিরাপত্তা সম্পর্কিত নানা বিষয়াদিও এর সাথে যুক্ত হয়েছে বলা যায় অগ্রসর এই প্রযুক্তি ক্ষমতাধর দেশগুলোর চোখ ও কানকে অনেকটাই প্রসারিত করবে এই প্রযুক্তি আরও উন্নত হচ্ছে বিশেষত প্রতিরক্ষা ক্ষেত্রে এর চাহিদা ক্রমেই বাড়ছে আর গবেষণা ক্ষেত্রেও উচ্চমানের ছবি ও থ্রিডি মডেলিং যুক্ত হওয়ায় পৃথিবী পর্যবেক্ষণে নতুন মাত্রা যুক্ত হওয়ার সম্ভাবনা তৈরি হয়েছে সাথে তো মহাকাশ প্রযুক্তির বাণির্জিকীকরণের মতো সম্ভাবনা রয়েছেই মহাকাশে মিলল সোনাভর্তি গ্রহাণু পেলে আপনিও হয়ে যাবেন বিলিয়নিয়ারমহাকাশে মিলল সোনাভর্তি গ্রহাণু পেলে আপনিও হয়ে যাবেন বিলিয়নিয়ার নোভাস্পেস বলছে ২০২৩ সালে ভূপর্যবেক্ষণ প্রযুক্তি বাজারের ৪৪ শতাংশ আমেরিকার দখলে এর পরের অবস্থানেই আছে ইউরোপ বাজারে যার অংশ ২২ শতাংশ তবে সামনে এই খাতের প্রবৃদ্ধির একটি বড় অংশই এশিয়ায় হবে বলে মনে করা হচ্ছে এ ক্ষেত্রে অবশ্যই সামনের কাতারে রয়েছে চীন এর পর ভারত ২০৩৩ সাল নাগাদ এই বাজারের ২৩ শতাংশ এশিয়া দখল করবে বলে মনে করা হচ্ছে এ ক্ষেত্রে এগিয়ে থাকবে দক্ষিণপূর্ব এশিয়া ও মধ্যপ্রাচ্য অঞ্চল,0
আদালতের আদেশের পরও নির্ধারিত সময়ের মধ্যে আইন বিষয়ক প্রতিনিধি নিয়োগ না করায় ব্রাজিলে নিষিদ্ধ হলো জনপ্রিয় সামাজিক যোগাযোগমাধ্যম এক্স স্থানীয় সময় শনিবার বিবিসি এক প্রতিবেদনে এ তথ্য জানিয়েছে আদালত অবিলম্বে এবং সম্পূর্ণ স্থগিতাদেশ কার্যকরের আদেশ দিয়েছে এক্স কর্তৃপক্ষ যতক্ষণ না আদালতের সমস্ত আদেশ মেনে চলে এবং নির্ধারিত জরিমানা প্রদান করে ততক্ষণ এই নিষেধাজ্ঞা থাকবে আদালতের সিদ্ধান্তের প্রতিক্রিয়ায় এক্স মালিক ইলন মাস্ক বলেছেন স্বাধীনতা হলো গণতন্ত্রের ভিত্তি ব্রাজিলের একজন অনির্বাচিত ছদ্মবেশী বিচারক রাজনৈতিক উদ্দেশে এটিকে ধ্বংস করছে মাইক্রোব্লগিং প্ল্যাটফর্ম এক্স নিয়ে ব্রাজিলে ২৪ ঘণ্টার মধ্যে আইন বিষয়ক প্রতিনিধি পাঠানোর জন্য সময় দিয়েছিল দেশটির আদালত এই সময় শেষ হয়ে গেলেও প্রতিনিধি পাঠায়নি এক্স বার্তা সংস্থা রয়টার্স বলছে অ্যাকাউন্ট বন্ধ করা নিয়ে ব্রাজিলে এক্সের সঙ্গে দ্বন্দ্ব শুরু হয় গত এপ্রিলে ওই সময় ভুল তথ্য ছড়ানোর অভিযোগ এনে এক্সের বেশকিছু অ্যাকাউন্ট বন্ধের নির্দেশ দেন সুপ্রিম কোর্টের বিচারক আলেক্সান্দ্রে দে মোরায়েস কিন্তু তা মানেননি ইলন মাস্ক পরে এ ব্যাপারে আইন বিষয়ক প্রতিনিধি পাঠাতে বলা হয় ধনকুবের ইলন মাস্ককে গত বুধবার এই আদেশ দেওয়া হয় ব্রাজিলের স্থানীয় সময় বৃহস্পতিবার রাত ৮টা ৭ মিনিটে ওই সময় শেষ হয় এরপর মাস্ক জানান তিনি প্রতিনিধি পাঠাবেন না এ কারণে ব্রাজিলে বন্ধ করে দেওয়া হয় এই মাইক্রোব্লগিং প্ল্যাটফর্ম ব্রিটিশ সংবাদমাধ্যম গার্ডিয়ান বলছে ব্রাজিলের প্রেসিডেন্ট লুলা দা সিলভার মন্তব্যেও এক্স নিষিদ্ধের আভাস মিলেছিল শুক্রবার দেশটির একটি রেডিও চ্যানেলকে দেওয়া সাক্ষাৎকারে লুলা বলেন উনার ইলন মাস্ক অনেক টাকা আছে বলে তিনি আমাদের অসম্মান করতে পারেন না তিনি নিজেকে কী মনে করেন সম্প্রতি ব্রাজিলে এক্সের কার্যক্রম বন্ধের ঘোষণা দেন ইলন মাস্ক সুপ্রিম কোর্টের বিচারক আলেক্সান্দ্রে দে মোরায়েসের আদেশকে সেন্সরশিপ বলে আখ্যায়িত করেন তিনি এরপর গত ১৭ আগস্ট থেকেই ব্রাজিলে এক্সের কোনো আইন বিষয়ক প্রতিনিধি নেই,1
ঢাকা মেডিকেল কলেজ হাসপাতালের গাইনি বিভাগ থেকে এক নবজাতক চুরি হয়েছে মঙ্গলবার ৪ জুন বিকালে এ চুরির ঘটনা ঘটে পুলিশ বলছে সুখি বেগম নামের এক নারী আজ সকাল ৭টার দিকে যমজ কন্যাসন্তান জন্ম দেন দুধ খাওয়ানো ও সহযোগিতা করার কথা বলে এক নারী এক নবজাতককে চুরি করে নিয়ে যান ঢাকা মেডিকেল কলেজ পুলিশ ফাঁড়ির পরিদর্শক বাচ্চু মিয়া বলেন গতকাল সোমবার প্রসবের ব্যথা নিয়ে সুখি বেগমকে হাসপাতালে ভর্তি করা হয় আজ সকালে ওই নারী যমজ কন্যাসন্তানের জন্ম দেন পরে হাসপাতাল থেকে এক নারী কমলা রঙের ওড়না পরিহিত একটি বাচ্চা চুরি করে নিয়ে গেছেন ক্লোজ সার্কিট ক্যামেরা সিসিটিভি দেখে চোরকে গ্রেপ্তারের চেষ্টা চলছে পুলিশ সূত্র জানায় দুই নবজাতক তাদের দাদি হাসিনা বেগম ও বাবা শরিফুলের কাছে ছিল সহযোগিতা করার কথা বলে বাবার কাছ থেকে এক নারী বাচ্চাটিকে কোলে নেন কিছু সময় তার কাছে রাখেন এভাবে দাদি ও বাবার সঙ্গে সম্পর্ক গড়ে তোলেন একসময় তাদের চোখ ফাঁকি দিয়ে এক শিশুকে নিয়ে আনসারদের নিরাপত্তাবেষ্টনী পার হয়ে পালিয়ে যান চুরি হয়ে যাওয়া শিশুটির বাবা শরিফুল ইসলাম বলেন মহিলা ওয়ার্ডের গেটে এক নারীর সঙ্গে তার পরিচয় হয় পুরুষদের ওই ওয়ার্ডে যেতে দেওয়া হয় না এই সুযোগে ওই নারী বাচ্চাকে নিয়ে মায়ের কাছ থেকে দুধ খাওয়ানোর কথা বলে পালিয়ে যান সুখি কুষ্টিয়া জেলার কুমারখালী উপজেলার বাঁশগ্রামের বাসিন্দা তার স্বামী শরিফুল ইসলাম ট্রাকচালকের সহকারী বর্তমানে তারা ধামরাই কালামপুরে থাকেন,0
দীর্ঘদিন ধরেই অলিম্পিক গেমসে ক্রিকেটের অন্তর্ভুক্তির চেষ্টায় বিশ্ব ক্রিকেটের নিয়ামক সংস্থা আইসিসি ২০২৮ সালে অলিম্পিকের আসর বসবে আমেরিকার লস অ্যাঞ্জেলেস শহরে সেই গেমসে ক্রিকেটের অন্তর্ভুক্তির বিষয়ে এখনও আশাবাদী আইসিসি অ্যাডিশনাল স্পোর্টস হিসেবে হলেও ক্রিকেটকে অন্তর্ভুক্তির চেষ্টা চালিয়ে যাচ্ছে আইসিসি অলিম্পিক সংস্থার পক্ষ থেকে ২০২৮ অলিম্পিক আসরে প্রাথমিক কর্মসূচির মধ্যে ২৮টি খেলার কথা ঘোষণা করা হয়েছে যার মধ্যে জায়গা করে নিয়েছে স্কেট বোর্ডিং সার্ফিং এবং স্পোর্টস ক্লাইম্বিং এই অবস্থায় দাঁড়িয়েও আইসিসি আশাবাদী শেষ বেলাতে লস অ্যাঞ্জেলেস গেমসে অ্যাডিশনাল স্পোর্টস হিসেবে জায়গা করে নেবে ক্রিকেট আইসিসির এক মুখপাত্র টাইমস অব ইন্ডিয়াকে দেয়া সাক্ষাৎকারে বলেন ক্রিকেটকে অলিম্পিকের অংশ বানানোর লক্ষ্য পাল্টে যায়নি আমাদের এটা জেনেও যে আমাদের পৃথিবীর অনেক বড় ইভেন্টের সঙ্গে প্রতিদ্বন্দ্বিতা করতে হবে ক্রিকেট কখনোই প্রাথমিক তালিকায় থাকবে না আগামী বছর আয়োজক শহর কর্তৃক বাছাই প্রক্রিয়ার মাধ্যমে নির্বাচিত করা হবে অ্যাডিশনাল স্পোর্টস সেই প্রক্রিয়ার অংশ হিসেবে ক্রিকেটও থাকবে আমরা আশাবাদী টিটোয়েন্টির ওপর ভরসা করেই অলিম্পিকে জায়গা করে নিতে মরিয়া আইসিসি অনেকেই মনে করেন অলিম্পিকে জায়গা পেতে আমেরিকাকে বিশ্বকাপ আয়োজনের দায়িত্ব দেয়া হয়েছে ২০২৪ সালের টি টোয়েন্টি বিশ্বকাপ আসর বসবে মার্কিন যুক্তরাষ্ট্রে আগামী বছর ফেব্রুয়ারিতে চীনের বেইজিং শহরে ক্রীড়াসূচির লিস্ট ভোটাভুটির জন্য তোলা হবে ক্রিকেটের পাশাপাশি বেসবল সফটবল এবং আমেরিকান ফুটবল অ্যাডিশনাল স্পোর্টস হিসেবে অন্তর্ভুক্ত হওয়ার দৌঁড়ে থাকবে,0
দুই দফা বন্যার রেশ কাটতে না কাটতেই প্রবল বর্ষণ ও পাহাড়ি ঢলে আবারও বন্যার মুখোমুখি সিলেট ও সুনামগঞ্জের বাসিন্দারা গত দুদিনে ভারতের চেরাপুঞ্জিতে ৪৯৯ মিলিমিটার বৃষ্টি হয়েছে গেল ২৪ ঘণ্টায় সুনামগঞ্জে ১৭০ মিলিমিটার সিলেট ৬৯ মিলিমিটার কানাইঘটে ৫৪ মিলিমিটার ও শেরপুরে ৬৮ মিলিমিটার বৃষ্টি হয়েছে এতে সিলেট সুনামগঞ্জ জেলার বিভিন্ন এলাকা প্লাবিত হয়েছে সোমবার ১ জুলাই বিকালে আবারও অঝোর ধারায় বৃষ্টি শুরু হয় এতে বৃদ্ধি পেয়েছে পানির লেবেল সোমবার সকাল ৬টায় কানাইঘাটে পানি বিপদসীমার ৮ সেন্টিমিটার উপরে ছিল সন্ধ্যা ৬টায় সেখানে পানি বিপদসীমার ১০২ সেন্টিমিটার উপর দিয়ে প্রবাহিত হচ্ছে পানি উন্নয়ন বোর্ডের উত্তর পূর্বাঞ্চলীয় অতিরিক্ত প্রধান প্রকৌশলী খুশী মোহন বলেন আগামী ৩ দিনে দেশের উত্তর পূর্বাঞ্চলে ভারী থেকে অতিভারী বৃষ্টি হতে পারে সিলেট পানি উন্নয়ন বোর্ডের নির্বাহী প্রকৌশলী দীপক রঞ্জন দাস বলেন সিলেটের বন্যা পরিস্থিতির উন্নতি হচ্ছিলো কিন্তু সিলেট ও ভারতে টানা বৃষ্টি হচ্ছে একই সঙ্গে নামছে ভারত থেকে পাহাড়ি ঢল যার জন্য সিলেটের নদনদীর পানিও বৃদ্ধি পাচ্ছে সুনামগঞ্জ পানি উন্নয়ন বোর্ডের নির্বাহী প্রকৌশলী মামুন হাওলাদার জানান চেরাপুঞ্জির বৃষ্টির কারণে উজানের পানিতে সীমান্তের নিচু সড়ক প্লাবিত হয় রোববার থেকেই পাহাড়ি ঢলের পানি যাদুকাটা নদী হয়ে তাহিরপুরসুনামগঞ্জ সড়কের আনোয়ারপুরের পাশের ডুবন্ত অংশ প্লাবিত হয়েছে এর কয়েক কিলোমিটার পরেই শক্তিয়ারখলা সড়কের একশ মিটার ডুবন্ত অংশও প্লাবিত দুর্গাপুর অংশেও পানি উঠেছে সিলেটে ১৩টি উপজেলার মধ্যে ১০টি উপজেলার আশ্রয়কেন্দ্রে রোববার পর্যন্ত ১০ হাজার ৯০৩ জন আশ্রয় নিয়েছেন জেলায় ৬৫৩টি আশ্রয়কেন্দ্র প্রস্তুত রয়েছে এর মধ্যে ২১৯টি আশ্রয়কেন্দ্রে লোক উঠেছেন তবে সিলেট সিটি কর্পোরেশন ও সদর উপজেলায় আশ্রয়কেন্দ্রে লোকজন নেই,1
ধসে পড়া ভারত শিবিরের হাল ধরে দেশকে জিতিয়েছেন শক্ত হাতের বিরাট কোহলি অস্ট্রেলিয়ার করা ১৯৯ রান তাড়া করতে নেমে শুরুতেই ২ রানে ৩ উইকেট হারায় ভারত কোহলিই দলের ভরসা হয়ে হাল ধরলেন রেকর্ডও গড়লেন আইসিসির প্রতিযোগিতায় ভারতীয়দের মধ্যে সব থেকে বেশি রানের রেকর্ড এত দিন ছিল শচীন টেন্ডুলকারের রবিবার বিরাট সেই রেকর্ড ভেঙে দিলেন আইসিসি প্রতিযোগিতায় ৫৮টি ইনিংস খেলে শচীন করেছিলেন ২৭১৯ রান বিরাট এ দিন ৬৪তম ইনিংস খেলছেন সেই ইনিংসেই শচীনকে টপকে গেলেন কোহলি ভারতীয়দের মধ্যে সচীন এবং কোহলি ছাড়া একমাত্র রোহিত শর্মা আইসিসি প্রতিযোগিতায় ২০০০ রানের গণ্ডি পার করেছেন যদিও মাঠে নেমেই অনিল কুম্বলের রেকর্ড ভেঙে দিয়েছিলেন কোহলি অস্ট্রেলিয়া ব্যাট করার সময় স্লিপে ক্যাচ ধরেন তিনি সঙ্গে সঙ্গে ভারতীয়দের মধ্যে এক দিনের বিশ্বকাপে সব থেকে বেশি ক্যাচ নেওয়ার রেকর্ড গড়েন তিনি টপকে যান অনিল কুম্বলেকে এত দিন এক দিনের বিশ্বকাপে সব থেকে বেশি ক্যাচ নেওয়ার রেকর্ড ছিল কুম্বলের তিনি ১৪টি ক্যাচ নিয়েছিলেন বিরাট নিলেন ১৫তম ক্যাচ ভারতীয়দের মধ্যে সেটাই এই প্রতিযোগিতায় সব থেকে বেশি ক্যাচ নেওয়ার রেকর্ড তবে সব দেশ মিলিয়ে শীর্ষে রয়েছেন রিকি পন্টিং অস্ট্রেলিয়ার বিশ্বকাপজয়ী অধিনায়ক ২৮টি ক্যাচ ধরেছিলেন তাকে এ বারের বিশ্বকাপে টপকে যাওয়ার সুযোগ রয়েছে ইংল্যান্ডের জো রুটের তিনি এখনও পর্যন্ত এক দিনের বিশ্বকাপে ২০টি ক্যাচ ধরেছেন এই তালিকায় কোহলি রয়েছেন পাঁচ নম্বরে রবিবারের ম্যাচ পর্যন্ত এক দিনের বিশ্বকাপে ১৬টি ক্যাচ ধরা পড়েছে বিরাটের হাতে,0
সুন্দরবনে কাঠ কাটার সময় বাঘের আক্রমণের শিকার হয়ে রেজাউল পাইক ৪৫ নামের এক জেলে আহত হয়েছেন শনিবার ১০ আগস্ট দুপুর ১২ টার দিকে সুন্দরবনের সবেদ আলী খালে জ্বালানির কাঠ কাটার সময় বাঘের আক্রমণের শিকার হন তিনি রেজাউল শ্যামনগর উপজেলার মুন্সিগঞ্জ ইউনিয়নের পাশ্বেখালি গ্রামের মৃত সুরাত পাইকের ছেলে জানা গেছে শনিবার দুপুর ১২ টার দিকে রেজাউল কাঠ কাটার জন্য একা সুন্দরবনের ছবেদ আলির খালে যায় এ সময় বাঘ আক্রমণ করলে হাতে থাকা দা দিয়ে বাঘের মুখে আঘাত করে তিনি তখন রেজাউলকে ছেড়ে বাঘ পালিয়ে যায় বনবিভাগের কৈখালী স্টেশন কর্মকর্তা সলজ কুমার দ্বীপ বিষয়টি নিশ্চিত করে বলেন আহত রেজাউল শ্রবণ প্রতিবন্ধী বলে জানা গেছে তিনি এখন নিজ বাড়িতে চিকিৎসাধীন আছেন,0
আওয়ামী লীগ সরকার গোটা দেশকে ভয়ের রাজত্বে পরিণত করেছে বলে অভিযোগ করেছেন বিএনপির মহাসচিব মির্জা ফখরুল ইসলাম আলমগীর তিনি বলেন তারা কাউকে সম্মান করে না দেশের আলেমওলামা অধ্যাপক বিখ্যাতকাউকে তারা সম্মান করে না আজ শুক্রবার বিকেলে ঠাকুরগাঁওয়ের হরিপুর উপজেলার হাটপুকুর এলাকায় এক সংক্ষিপ্ত সমাবেশে বক্তব্য দেন মির্জা ফখরুল ৮ এপ্রিল পুলিশি হেফাজতে ঠাকুরগাঁওয়ের হরিপুর উপজেলা যুবদলের সদস্যসচিব মো আকরাম হোসেনের মৃত্যু হয় বলে তাঁর পরিবার ও বিএনপি অভিযোগ তুলেছে আজ যুবদলের এই নেতার কবর জিয়ারত ও পরিবারের সদস্যদের সঙ্গে পবিত্র ঈদুল ফিতরের শুভেচ্ছা বিনিময় করেন মির্জা ফখরুল পরে তিনি ঠাকুরগাঁওয়ের হরিপুরের হাটপুকুর এলাকায় এক সমাবেশে অংশ নেন এ সময় জেলাউপজেলা বিএনপি ও অঙ্গসংগঠনের নেতাকর্মীরা উপস্থিত ছিলেন সমাবেশে বিএনপির মহাসচিব বলেন পুলিশের হেফাজতে আকরামের মৃত্যুর ঘটনা নতুন নয় আমাদের আন্দোলন চলাকালে ৩০ জন নেতাকর্মীকে হত্যা করা হয়েছে তিনি আরও বলেন আমাদের বিরুদ্ধে প্রায় ৬০ লাখ মিথ্যা মামলা দেওয়া হয়েছে ৭০০ থেকে ৮০০ জন নেতাকর্মীকে গুম করা হয়েছে ২৮ অক্টোবরের পর কয়েক দিনের মধ্যে ২৭ হাজার নেতাকর্মীকে গ্রেপ্তার করা হয়েছে তারা আওয়ামী লীগ সরকার সারা দেশকে নির্যাতনের কারখানায় পরিণত করেছে বলেও অভিযোগ করেন তিনি এই সরকার পুলিশ বাহিনী দিয়ে মানুষ হত্যা করছে বলে অভিযোগ করেন মির্জা ফখরুল দলের নেতাকর্মীদের উদ্দেশে তিনি বলেন এবারে আপনাদের ঈদ আনন্দের হয় নাই আওয়ামী লীগ সরকার জনগণের ভোটে কখনো নির্বাচিত হতে পারেনি বলেও দাবি করেন মির্জা ফখরুল তিনি বলেন তারা ভয় দেখিয়ে প্রতারণা করে ভুল বুঝিয়ে জোর করে ক্ষমতায় থাকতে চায় এই রাষ্ট্রকে তারা সত্যিকার অর্থে গভীর পুলিশি রাষ্ট্রে পরিণত করেছে মির্জা ফখরুল বলেন সবাই যেন অবাধে বিনা ভয়ে ভোট দিতে পারেএমন একটা নির্বাচন চাই,1
জীবনযাপন ও খাদ্যাভ্যাস শরীরের বিভিন্ন অঙ্গে খারাপ প্রভাব ফেলে এই তালিকা থেকে বাদ যায় না কিডনিও খাদ্যাভ্যাসের ভুলত্রুটি এই অঙ্গটিরও ভীষণ ক্ষতি করে  বিশেষজ্ঞরা বলছেন একবার এই অঙ্গের ক্ষতি হলে পূর্বাবস্থায় ফেরানো যায় না তখন কেবল রোগটিকে নিয়ন্ত্রণে রাখা যায় বিশেষজ্ঞদের ভাষায় খারাপ খাবারদাবারের জন্য কিডনি ক্ষতিগ্রস্ত হতে পারে এর থেকে কিডনিতে পাথর ক্রনিক বা অ্যাকিউট কিডনি ডিজিজ পলিসিস্টিক কিডনি ডিজজ ইত্যাদি সমস্যা দেখা যায় কিডনি সমস্যা হলে কিছু প্রাথমিক লক্ষণ দেখা দেয় যেমন ১ সারা শরীরে ব্যথা ২ ক্লান্তি গ্রাস করা ৩ ত্বকে র্যাশ বের হওয়া ৪ প্রস্রাবের সমস্যা ৫ সবসময় রেগে থাকা ৬ প্রস্রাবে জ্বালা ৭ বেশি ঠান্ডা লাগা ৮ কম খিদে পাওয়া তবে অনেক সময় এই রোগের তেমন কোনও উপসর্গের দেখা মেলে না তখনই আসল সমস্যা শুরু হয় কিছু কিছু খাবার খেলে কিডনির ঝুঁকি বাড়ে যেমন অ্যালকোহল  অ্যালকোহলে থাকা ক্ষতিকারক পদার্থকে শরীরের বাইরে বের করে দিতে গিয়ে একসময় কিডনি ক্লান্ত হয়ে পড়ে তবে এই সমস্যা একদিনে হয় না দীর্ঘদিন ধরে অ্যালকোহল পান করলে এই সমস্যা প্রকট হয়ে ওঠে কফি  কফিতে ক্যাফিন থাকে বিভিন্ন গবেষণায় দেখা গেছে কফিতে উপস্থিত বেশি পরিমাণ ক্যাফিন ক্রনিক কিডনি ডিজিজ তৈরি করতে পারে তাই ক্রনিক কিডনি ডিজিজ থাকলে বা এই রোগ প্রতিরোধ করতে চাইলে কফি পান পরিমিত করতে হবে লবণ  লবণে প্রচুর পরিমাণে সোডিয়াম থাকে শরীরে বেশি পরিমাণে সোডিয়াম থাকলে তরলে মাত্রা বেড়ে যায় আর এই তরলের আধিক্য সামলাতে গিয়ে কিডনির সমস্যা বাড়ে রেড মিট  রেড মিটে প্রোটিনের মাত্রা সব থেকে বেশি থাকে প্রোটিন বিপাকে কিডনির বড় ভূমিকা থাকে তবে বেশি রেডমিট খেলে কিডনিকে খুব বেশি পরিশ্রম করতে হয় তখন সমস্যা দেখা দেয় এতে কিডনির রোগ বাড়ে আর্টিফিসিয়াল সুইটনার  বর্তমানে ডায়াবেটিসের কারণে অনেকেই কৃত্রিম মিষ্টি খেয়ে থাকেন এই ধরনের আর্টিফিসিয়াল সুইটনার বেশি পরিমাণে ব্যবহার করলে কিডনির ক্ষতি হতে পারে,0
ছানোয়ার হোসেন বলেন চক্রটির সদস্যরা অনলাইনের মাধ্যমে খুঁজতে থাকে কোথায় জানাজা আছে জানাজার সন্ধান পাওয়ার পর তারা খোঁজখবর নিতে থাকে মানুষের সমাগম কেমন হবে সেটার জন্য সেখানে গিয়ে তারা কয়েকটি গ্রুপে ভাগ হয়ে যায় প্রত্যেকটি গ্রুপে তিনজন করে সদস্য থাকে এই কাজের কোড নাম দেয় বডিকাজ জানাজার স্থান নির্ধারণ হওয়ার পর তারা সেখানে পায়জামা পাঞ্জাবি ও টুপি পরে যায় চক্রের সদস্যরা জানাজার ভিড়ের মধ্যে কৌশলে মোবাইল চুরি করে গ্রুপের দ্বিতীয় সদস্যকে দেয় দ্বিতীয় সদস্য মোবাইলটি আবার তৃতীয় সদস্যকে দেয় পরে সেই ব্যক্তি জানাজার স্থান ছেড়ে চলে যায় তিনি বলেন পকেট থেকে মোবাইলটি যে চুরি করে তাকে মহাজন বলা হয় জানাজা ছাড়াও চক্রটির জুম্মার নামাজেও একই কাজ করে এই চুরিকে তারা মসজিদ কাম বলে থাকে জুমার নামাজকে কেন্দ্র করে চক্রটির সব থেকে বেশি গ্রুপ সক্রিয় থাকে বায়তুল মোকাররম মসজিদে এই কর্মকর্তা বলেন চক্রের সদস্য বাহার চোরাই মোবাইল গ্রুপগুলো থেকে সংগ্রহ করত বাহারের একজন মোটরসাইকেল চালক আছে বাহারের দেওয়া তথ্য অনুযায়ী গ্রুপগুলো থেকে মোবাইল সংগ্রহ করে পরে মোবাইলগুলো গ্রেপ্তার মাসুদের কাছে পাঠিয়ে দিত গ্রেপ্তার মাসুদের কাজ হচ্ছে চোরাই মোবাইলগুলো নির্দিষ্ট দোকানে পৌঁছে দেওয়া তদন্তে চোরাই মোবাইল কেনাবেচা করে এমন তিনটি দোকানের খোঁজ পেয়েছে এটিইউ এর মধ্যে জুরাইনের বিক্রমপুর প্লাজার এসআই টেলিকম যার মালিক গ্রেপ্তার সাইফুল জুরাইনের সেতু মার্কেটের ফয়সাল টেলিকম যার মালিক গ্রেপ্তার ফয়সাল এছাড়া যমুনা ফিউচার পার্কের চতুর্থ তলার একটি দোকান যার মালিক গ্রেপ্তার মিল্লাত এসব দোকানে প্রথমে মোবাইলগুলোর আইএমইআই নম্বর পরিবর্তন করা হতো তারপর বিক্রি করা হতো,1
সেবা রপ্তানি ও ফ্রিল্যান্সারদের আয় দেশে আনা আরও সহজ করলো বাংলাদেশ ব্যাংক এখন থেকে সেবা রপ্তানিকারকরা আন্তর্জাতিক মার্কেট প্লাটফর্মের সঙ্গে মার্চেন্ট অ্যাকাউন্ট খুলতে পারবেন আবার অন্য দেশের লাইসেন্সপ্রাপ্ত পেমেন্ট গেটওয়েতে অনানুষ্ঠানিক হিসাব নোশনাল অ্যাকাউন্ট খোলার সুযোগ পাবেন সোমবার এ সংক্রান্ত একটি সার্কুলার জারি করে ব্যাংকগুলোতে পাঠায় বাংলাদেশ ব্যাংক সার্কুলারে বলা হয়েছে আন্তর্জাতিক মার্কেট প্লাটফর্ম কিংবা বিদেশি পেমেন্ট গেটওয়ের মাধ্যমে পাওয়া আয় প্রথমে বৈদেশিক মুদ্রা লেনদেনকারী ব্যাংকের নস্ট্রো হিসাবে জমা হবে এরপর ব্যাংক সেবা প্রদানকারী গ্রাহকের হিসাবে তা জমা করবে গ্রাহকের ব্যাংক অ্যাকাউন্টের পাশাপাশি স্থানীয় ডিজিটাল ওয়ালেটেও অর্থ জমা করা যাবে গ্রাহক চাইলে প্রযোজ্য অংশ ইআরকিউ হিসাবে জমা করতে পারবেন সব ক্ষেত্রে প্রয়োজনীয় কর পরিশোধের বিধান মেনে চলতে হবে আর সেবা রপ্তানির চার মাসের মধ্যে আয় দেশে আনার বিষয়টি নিশ্চিত করতে হবে এতে আরও বলা হয়েছে আন্তর্জাতিক মার্কেট প্লাটফর্ম বা পেমেন্ট গেটওয়েতে খোলা হিসাবের অর্থ আনার ক্ষেত্রে ব্যাংকগুলোকে কিছু শর্ত পরিপালন করতে হবে বিশেষ করে সেবা প্রদানকারীর আন্তর্জাতিক মার্কেট প্লাটফর্মের সঙ্গে পরিচালিত মার্চেন্ট হিসাব পরিচালনা এবং বিদেশস্থ লাইসেন্সপ্রাপ্ত পেমেন্ট সেবা প্রদানকারীর সঙ্গে তার নোশনাল হিসাব সম্পর্কে তথ্য নিতে হবে সেবা কার্যক্রম বিষয়ে তথ্য সংগ্রহসহ ঘোষণাপত্র নিতে হবে সেবার বিপরীতে পাওয়া আয় নির্ধারিত সময়ের মধ্যে আন্তর্জাতিক মার্কেট প্লাটফর্মের মাধ্যমে প্রত্যাবাসন কিংবা অনানুষ্ঠানিক হিসাবে জমার মাধ্যমে তাৎক্ষণিকভাবে তা দেশে আনার বিষয়ে গ্রাহক থেকে অঙ্গীকার নামা নিতে হবে কেন্দ্রীয় ব্যাংকের একজন কর্মকর্তা জানান ক্ষুদ্র পরিসরে সেবা খাতের আয় প্রত্যাবাসনের জন্য বাংলাদেশ ব্যাংক ২০১১ সালে এডি ব্যাংকগুলোকে বিদেশস্থ ওপিজিএসপির সঙ্গে সম্পর্ক স্থাপনের সুযোগ দেয় এখন নীতিমালা আরও সহজ করা হলো,0
বার্গারপ্রেমীরা সবসময়ই নতুন টেস্টের বার্গার চান এই বিষয়টি মাথায় রেখেই বার্গার কিং তাদের মেনুতে যোগ করে নতুন সব রেসিপি এবার তারা ইউনিক টেস্ট আর ভিন্ন সাইজের দুটি বার্গার যোগ করল তাদের মেনুতে বিশালাকৃতির ইনক্রেডিবল ক্রিস্পি কিং বার্গারটি বার্গার কিংএর মেনুতে এখনপর্যন্ত সবচেয়ে বড় বার্গার অন্যদিকে ক্রিস্পি কিং বার্গারটিতে অনন্য ফ্লেভারের পাশাপাশি প্রতি বাইটে পাওয়া যাবে এক বিশেষ স্পাইসি সসের ক্রেজি টেস্ট নতুন এ বার্গার দুটি ঢাকায় বার্গার কিংএর ৮টি আউটলেটের সবগুলোতেই পাওয়া যাচ্ছে এর পাশাপাশি ১৬৬০৬ নাম্বরে কল করে ফ্যামিলি কিংবা বন্ধুদের নিয়ে ফ্রি হোম ডেলিভারিতে ঘরে বসে উপভোগের সুযোগও রয়েছে ইনক্রেডিবল ক্রিস্পি কিং বার্গারের ১১টি লেয়ারে আছে মুখরোচক স্বাদের নানা উপাদান রোস্টেড সেসামি সিড দেয়া বানের প্রতিটি বাইটে পাওয়া যাবে স্পেশাল স্পাইসি সস আইসবার্গ লেটুস টমেটো স্লাইস আমেরিকান চেডার চিজ ক্রিস্পি চিকেন প্যাটি স্পেশাল সসের লেয়ার হ্যালাপিনো স্লাইস সুইস চিজ এখানেই শেষ নয় উপরে থাকছে বোনাস আরো একটি চিকেন প্যাটি সব মিলে ফুডিজদের এক নতুন ক্রিস্পি টেস্ট নেয়ার জন্য এটাই হতে যাচ্ছে বেস্ট অপশন অন্যদিকে সব ফুড লাভারদের মাঝে নুতন এক উন্মাদনার নাম হতে যাচ্ছে ক্রিস্পি কিং এর ক্রাঞ্চি চিকেন প্যাটি আইসবার্গ লেটুস স্পেশাল স্পাইসি সস আর সেসামি সিড দেয়া সফট বান দিবে ফুল টেস্টের এক অসাধারণ অনুভূতি ইনক্রেডিবল ক্রিস্পি কিং বার্গারটির মূল্য ৬৪৯ টাকা ক্রিস্পি কিং বার্গারটির মূল্য ৩২৯ টাকায় এগুলোর পাশাপাশি এই আমেরিকান চেইন বার্গার শপে রেগুলার ও সিগনেচার বার্গারতো থাকছেই ফ্লেমগ্রিল্ড হোয়াপার থেকে শুরু করে কিং অব ফ্রাইড চিকেন পাওয়া যাচ্ছে সবই এই ফ্রাইড চিকেনের স্বাদ অটুট রাখতে কোনো ধরনের কৃত্রিম উপাদান ও প্রিজারভেটিভ ব্যবহার করে না বার্গার কিং ২০১৬ সালে এদেশে যাত্রা শুরু করা বার্গার কিংএর ৮টি আউটলেট রয়েছে ঢাকায় বার্গারপ্রেমীরা এই বার্গারগুলো উপভোগ করতে পারবেন বনানী গুলশান২ উত্তরা বসুন্ধরা আবাসিক এলাকা যমুনা ফিউচার পার্ক ধানমন্ডি মিরপুর ও নিউমার্কেট বলাকা বার্গার কিং আউটলেট থেকে,1
বর্তমান সরকার নিরপেক্ষ নির্বাচনের মাধ্যমে ক্ষমতা হস্তান্তরে বিশ্বাসী নয় রাতের অন্ধকারে নির্বাচন হয়ে যাবেএভাবে আর চলতে দেওয়া যায় না জাতীয় প্রেসক্লাবে আজ সোমবার জাতীয় সমাজতান্ত্রিক দলের জেএসডি আয়োজিত এক অনুষ্ঠানে বক্তারা এসব কথা বলেন এতে বিদ্যমান রাজনৈতিক সংকট নিরসনে জাতীয় সরকারের প্রস্তাব তুলে ধরেন জেএসডির সভাপতি আ স ম আবদুর রব অনুষ্ঠানে আ স ম আবদুর রব বলেন আমি উপলব্ধি করেছি এই জাতিকে বাঁচানো দরকার এ জন্য জাতীয় সরকারের প্রস্তাবনা দিয়ে আলোচনার সূত্রপাত করেছি তাঁর প্রস্তাব অনুযায়ী জাতীয় সরকারের উদ্দেশ্য হবে নির্বাচনের মাধ্যমে নির্বাচিত জনপ্রতিনিধিদের কাছে ক্ষমতা হস্তান্তর করা স্বাধীন নির্বাচন কমিশন প্রতিষ্ঠা করা রাজবন্দীদের মুক্তি দেওয়া সব গায়েবি মামলা প্রত্যাহার করা আইনের শাসন ও বিচার বিভাগের স্বাধীনতা নিশ্চিত করা গণফোরামের একাংশের সভাপতি মোস্তফা মহসিন মন্টু বলেন ২০১৮ সালের নির্বাচনে আমরা কী দেখলাম রাতের অন্ধকারে নির্বাচনটা হয়ে গেল ২০১৪ সালেও একই রকম হয়েছে জীবনভর কি আমরা এ রকম করতে থাকব এভাবে তারা পার পেয়ে যাবে এটা হতে পারে না গণসংহতি আন্দোলনের প্রধান সমন্বয়ক জোনায়েদ সাকি বলেন আন্তর্জাতিক শক্তির মধ্যে ভাগ তৈরি হয়েছে তাদের নিজস্ব স্বার্থে প্রতিদ্বন্দ্বিতা শুরু হয়ে গেছে বাংলাদেশের ওপরে প্রভাব খাটাতে তাদের নানা তৎপরতা চলবে বাংলাদেশের জনগণ যেন আন্তর্জাতিক শক্তির দ্বন্দ্বের বলি না হয় প্রস্তাবিত জাতীয় সরকারকে সমর্থন জানিয়ে ডাকসুর সাবেক ভিপি নুরুল হক বলেন এই সরকার ১২ বছরের শাসনামলে সব থেকে দুর্বল সময় পার করছে প্রশাসনের অনেকে আমাদের সঙ্গে যোগাযোগ করে অনুরোধ জানিয়েছেন আপনারা কিছু করেন আপনারা কিছু করলে আমরা নামব অনুষ্ঠানে আরও বক্তব্য দেন বাংলাদেশের বিপ্লবী ওয়ার্কার্স পার্টির সাধারণ সম্পাদক সাইফুল হক অধ্যাপক আবদুল লতিফ আইনজীবী হাসনাত কাইয়ুম প্রমুখ,0
শিক্ষার্থী উদ্যোক্তা খুঁজতে প্রতিযোগিতার আয়োজন করেছে উদ্যোক্তা সংগঠন ইও বাংলাদেশ আগামী ২০ ডিসেম্বর থেকে এই প্রতিযোগীতা শুরু হচ্ছে সোমবার রাজধানীর বসুন্ধরায় জিপি হাউসে আয়োজিত এক অনুষ্ঠানের মাধ্যমে ৭তম বার্ষিক গ্লোবাল স্টুডেন্ট এন্টারপ্রেনারশিপ অ্যাওয়ার্ড জিএসইএ ২০২২২৩ এর উদ্বোধন হয় শিক্ষার্থী উদ্যোক্তাদের খুঁজে বের করাই প্রতিযোগিতার মূল লক্ষ্য বলে জানান অনুষ্ঠানের আয়োজকরা ইও বাংলাদেশের সভাপতি ফারিয়ান ইউসুফের সভাপতিত্বে অনুষ্ঠানে উপস্থিত ছিলেন সংগঠনের জিএসইএ চেয়ার সাদাত অমি জিপি এক্সিলারেটর হেড অব সোশ্যাল ইমপ্যাক্ট ফারহানা ইসলাম এবং স্টার্টআপ বাংলাদেশের হেড অব পোর্টফোলিও হাসান আরিফ ব্রিফিংয়ে আয়োজকরা জানান বাংলাদেশ থেকে প্রতিযোগিতার বিজয়ী উদ্যোক্তা দক্ষিণ আফ্রিকার কেপটাউনে গ্লোবাল চ্যাম্পিয়নশিপে বাংলাদেশের প্রতিনিধিত্ব করবেন তারা বলেন আগামী ২০ ডিসেম্বর থেকে নির্ধারিত ওয়েবসাইটের  মাধ্যমে আবেদন করা যাবে যাচাইবাছাই শেষে ২০ জানুয়ারি গ্রান্ড ফাইনাল অনুষ্ঠিত হবে ওই দিন বিজয়ীদের হাতে পুরস্কার তুলে দেওয়া হবে জিএসইএ চেয়ার সাদাত অমি জানান ছাত্র উদ্যোক্তাদের উৎসাহিত করতে এই প্লাটফর্ম তৈরি করা তাদের যাত্রা সফল করতে যা প্রয়োজন সবই সাপোর্ট দিচ্ছি আমরা জিপি এক্সিলারেটর হেড অব সোশ্যাল ইমপ্যাক্ট ফারহানা ইসলাম বলেন ৫ লাখ কর্মসংস্থান হয়েছে জিপি এক্সেলেটরের মাধ্যমে এই আয়োজনে তরুন উদ্যোক্তারা অংশ নেবে যা খুবই প্রসংশনীয় স্টার্টআপ বাংলাদেশের পক্ষে হেড অব পোর্টফোলিও হাসান আরিফ বলেন আমরা এই পোগ্রামে যুক্ত হতে পেরে আনন্দিত উদ্যোক্তাদের আইডিয়ার সাথে তাদের উন্নয়নে আমরা কাজ করবো,1
সোমালিয়ার জলদস্যুদের হাত থেকে জিম্মি নাবিকদের উদ্ধার করার ক্ষেত্রে অল্প সময়ের মধ্যে অনেক অগ্রগতি হয়েছে বলে জানিয়েছেন পররাষ্ট্রমন্ত্রী হাছান মাহমুদ শিগগির তাঁদের মুক্তির বিষয়ে আশা প্রকাশ করে তিনি বলেন যে উদ্বেগটা কিছুদিন আগে ছিল সেটি এই মুহূর্তে নেই জলদস্যুদের হাতে জিম্মি বাংলাদেশি জাহাজ এমভি আবদুল্লাহ ও নাবিকদের সম্পর্কে সাংবাদিকদের এক প্রশ্নের জবাবে পররাষ্ট্রমন্ত্রী এসব কথা বলেন আজ বুধবার চট্টগ্রাম নগরীর দেওয়ানজি পুকুর লেনের ওয়াইএনটি সেন্টারে সাংবাদিকদের সঙ্গে মতবিনিময় করেন পররাষ্ট্রমন্ত্রী জিম্মি নাবিকদের উদ্ধারের বিষয়ে অগ্রগতির কথা জানিয়ে হাছান মাহমুদ বলেন আশা করছি শিগগির তাঁদের মুক্ত করতে পারব তবে উদ্ধারের দিনক্ষণ বলাটা কঠিন পররাষ্ট্রমন্ত্রী বলেন আমরা নাবিকদের পরিবারকে আশ্বস্ত করতে চাই যে সরকার সর্বাত্মকভাবে চেষ্টা করছে প্রথমত যারা অপহরণ করেছে তাদের সঙ্গে বিভিন্ন পক্ষের মাধ্যমে আলোচনা চলছে দ্বিতীয়ত তাদের জলদস্যু ওপর মনস্তাত্ত্বিক চাপ তৈরি করা হয়েছে নাবিকেরা ভালো আছেন নিয়মিতভাবে তাঁদের পরিবারের সঙ্গে যোগাযোগ রাখছেন এমনকি ভিডিও কলেও কথা বলছেন যে উদ্বেগটা কিছুদিন আগে ছিল সেটি এই মুহূর্তে নেই চট্টগ্রামে কিশোর গ্যাংয়ের তৎপরতা বৃদ্ধি ও তাদের হামলায় আজ এক ব্যক্তির মৃত্যুর ঘটনার বিষয়ে প্রশ্নের জবাবে সাংবাদিকদের পররাষ্ট্রমন্ত্রী বলেন গত মন্ত্রিসভার বৈঠকে অনানুষ্ঠানিক আলোচনায় কিশোর গ্যাং নিয়ে আলোচনা হয়েছে বিভিন্ন জেলা শহরে এই গ্যাং তৈরি হচ্ছে তাদের ব্যাপারে আইনশৃঙ্খলা রক্ষাকারী বাহিনী যাতে যথাযথ পদক্ষেপ নেয় সে ব্যাপারে প্রধানমন্ত্রী নির্দেশনা দিয়েছেন পররাষ্ট্রমন্ত্রী বলেন দেশে এটি নতুন সমস্যা এটি দূর করতে সরকার কাজ করছে কিশোর গ্যাংয়ের সঙ্গে নেপথ্যে যেই থাকুক সে যে দলেরই হোক তার বিরুদ্ধে কঠোর ব্যবস্থা নেওয়া হবে ও হচ্ছে আওয়ামী লীগ দেশে গণতন্ত্রকে ধ্বংস করেছে ও সারা বিশ্বে আওয়ামী লীগের বিরুদ্ধে এটি প্রচার হচ্ছেবিএনপির মহাসচিব মির্জা ফখরুল ইসলাম আলমগীরের এমন বক্তব্যের বিষয়ে সাংবাদিকদের প্রশ্নের জবাবে আওয়ামী লীগের যুগ্ম সাধারণ সম্পাদক হাছান মাহমুদ বলেন যাদের জন্মটাই অগণতান্ত্রিক আর প্রতিনিয়ত গণতন্ত্র ধ্বংস করার জন্য অপচেষ্টা চালায় সেই বিএনপি এখন গণতন্ত্রের কথা বলে এটিই হচ্ছে দুঃখজনক এটি যেন চোরের মায়ের বড় গলা সাংবাদিকদের মাধ্যমে দেশবাসীকে পবিত্র ঈদুল ফিতরের শুভেচ্ছা জানিয়ে হাছান মাহমুদ বলেন দেশে রমজান আসার আগে ও রমজানের সময় দ্রব্যমূল্য বৃদ্ধি করার জন্য একটি অসাধু চক্র ও কিছু মজুতদার সব সময় সক্রিয় হয় এবারও তার ব্যত্যয় হয়নি সেটির সঙ্গে নতুনভাবে যুক্ত হয়েছিল বিএনপির ভারতীয় পণ্য বর্জনের ডাক তাদের উদ্দেশ্য ছিল বাজারকে অস্থিতিশীল করা পণ্যের মূল্য যাতে বাড়ে কিন্তু সরকার বিভিন্ন পদক্ষেপ নেওয়ার পরিপ্রেক্ষিতে এবার রমজানের সময় বাজার স্থিতিশীল ছিল ও অনেক পণ্যের দাম কমেছে,1
দীর্ঘদিন ধরেই অলিম্পিক গেমসে ক্রিকেটের অন্তর্ভুক্তির চেষ্টায় বিশ্ব ক্রিকেটের নিয়ামক সংস্থা আইসিসি ২০২৮ সালে অলিম্পিকের আসর বসবে আমেরিকার লস অ্যাঞ্জেলেস শহরে সেই গেমসে ক্রিকেটের অন্তর্ভুক্তির বিষয়ে এখনও আশাবাদী আইসিসি অ্যাডিশনাল স্পোর্টস হিসেবে হলেও ক্রিকেটকে অন্তর্ভুক্তির চেষ্টা চালিয়ে যাচ্ছে আইসিসি অলিম্পিক সংস্থার পক্ষ থেকে ২০২৮ অলিম্পিক আসরে প্রাথমিক কর্মসূচির মধ্যে ২৮টি খেলার কথা ঘোষণা করা হয়েছে যার মধ্যে জায়গা করে নিয়েছে স্কেট বোর্ডিং সার্ফিং এবং স্পোর্টস ক্লাইম্বিং এই অবস্থায় দাঁড়িয়েও আইসিসি আশাবাদী শেষ বেলাতে লস অ্যাঞ্জেলেস গেমসে অ্যাডিশনাল স্পোর্টস হিসেবে জায়গা করে নেবে ক্রিকেট আইসিসির এক মুখপাত্র টাইমস অব ইন্ডিয়াকে দেয়া সাক্ষাৎকারে বলেন ক্রিকেটকে অলিম্পিকের অংশ বানানোর লক্ষ্য পাল্টে যায়নি আমাদের এটা জেনেও যে আমাদের পৃথিবীর অনেক বড় ইভেন্টের সঙ্গে প্রতিদ্বন্দ্বিতা করতে হবে ক্রিকেট কখনোই প্রাথমিক তালিকায় থাকবে না আগামী বছর আয়োজক শহর কর্তৃক বাছাই প্রক্রিয়ার মাধ্যমে নির্বাচিত করা হবে অ্যাডিশনাল স্পোর্টস সেই প্রক্রিয়ার অংশ হিসেবে ক্রিকেটও থাকবে আমরা আশাবাদী টিটোয়েন্টির ওপর ভরসা করেই অলিম্পিকে জায়গা করে নিতে মরিয়া আইসিসি অনেকেই মনে করেন অলিম্পিকে জায়গা পেতে আমেরিকাকে বিশ্বকাপ আয়োজনের দায়িত্ব দেয়া হয়েছে ২০২৪ সালের টি টোয়েন্টি বিশ্বকাপ আসর বসবে মার্কিন যুক্তরাষ্ট্রে আগামী বছর ফেব্রুয়ারিতে চীনের বেইজিং শহরে ক্রীড়াসূচির লিস্ট ভোটাভুটির জন্য তোলা হবে ক্রিকেটের পাশাপাশি বেসবল সফটবল এবং আমেরিকান ফুটবল অ্যাডিশনাল স্পোর্টস হিসেবে অন্তর্ভুক্ত হওয়ার দৌঁড়ে থাকবে,1
জগন্নাথ বিশ্ববিদ্যালয় কেন্দ্রীয় শিক্ষার্থী সংসদ জকসু নির্বাচনে ৩০ ডিসেম্বর ভোট গ্রহণ হবে প্রথমবারের মতো হতে যাওয়া জকসু নির্বাচনকে সামনে রেখে ইসলামী ছাত্রশিবিরসমর্থিত অদম্য জবিয়ান ঐক্য প্যানেল ২১ দফা ইশতেহার ঘোষণা করেছে রোববার বিশ্ববিদ্যালয়ের ভাষাশহীদ রফিক ভবনের নিচে আয়োজিত সংবাদ সম্মেলনে এই ইশতেহার ঘোষণা করেন প্যানেলের সহসভাপতি ভিপি প্রার্থী রিয়াজুল ইসলাম সাধারণ সম্পাদক জিএস প্রার্থী আবদুল আলিম আরিফ সহসাধারণ সম্পাদক এজিএস প্রার্থী মাসুদ রানা আন্তর্জাতিক বিষয়ক সম্পাদক প্রার্থী নওশীন নওয়ার জয়া এবং বিজ্ঞান ও প্রযুক্তিবিষয়ক সম্পাদক প্রার্থী মোছা সুখীমন খাতুন সংবাদ সম্মেলনে প্যানেলের অন্য প্রার্থীরাও উপস্থিত ছিলেন ভিপি প্রার্থী রিয়াজুল ইসলাম বলেন প্রতিষ্ঠালগ্ন থেকেই বিশ্ববিদ্যালয়টি অবকাঠামোগত সীমাবদ্ধতা আবাসনসংকট পরিবহনস্বল্পতাসহ নানা সমস্যায় জর্জরিত একটি শক্তিশালী শিক্ষার্থী সংসদই প্রশাসনের সঙ্গে সরাসরি সংলাপের মাধ্যমে সাধারণ শিক্ষার্থীদের প্রকৃত কণ্ঠস্বর হয়ে উঠতে পারে তাই আমাদের কাছে শিক্ষার্থী সংসদ নির্বাচন শুধু জয়পরাজয়ের লড়াই নয় এটি বরং দীর্ঘদিনের অচলায়তন ভেঙে শিক্ষার্থীদের অধিকার আদায় এবং একটি আধুনিক নিরাপদ ও শিক্ষার্থীবান্ধব ক্যাম্পাস গড়ার লক্ষ্য অর্জনের লড়াই অদম্য জবিয়ান ঐক্য প্যানেল তাদের ২১ দফা ইশতেহারে ক্যাম্পাসকে আধুনিক নিরাপদ ও শিক্ষার্থীবান্ধব করার প্রতিশ্রুতি দিয়েছে এতে বলা হয়েছে দ্বিতীয় ক্যাম্পাস নির্মাণ এবং কেরানীগঞ্জে আবাসন প্রকল্প দ্রুত শেষ করতে সেনাবাহিনীর সঙ্গে সমন্বয় করা হবে পাশাপাশি পুরান ঢাকার হলগুলোর কাজ দ্রুত সম্পন্ন করা হবে ইশতেহারে র্যাগিং সাইবার বুলিং ও মানসিক নির্যাতন বন্ধে জিরো টলারেন্স নীতি গ্রহণ মাদকমুক্ত ও পরিচ্ছন্ন ক্যাম্পাস গড়ার উদ্যোগ এবং নারী শিক্ষার্থীদের জন্য প্রোটেক্ট জবিয়ানস অ্যাপ ও বায়োমেট্রিক ব্যবস্থা চালুর কথা উল্লেখ করা হয়েছে শিক্ষা ও গবেষণার মানোন্নয়নের জন্য আন্তর্জাতিক মানের ওবিই কারিকুলাম বাস্তবায়ন শ্রেণিকক্ষ আধুনিকায়ন স্টারলিংক ইন্টারনেট গবেষণার জন্য স্কলারশিপ বৃদ্ধি ল্যাব সমৃদ্ধকরণ এবং আন্তবিশ্ববিদ্যালয় রিসার্চ ফেস্ট ও কর্মশালার আয়োজনের কথা বলা হয়েছে ইশতেহারে এতে কেন্দ্রীয় লাইব্রেরিতে বই জার্নাল ও ডিজিটাল রিসোর্স বৃদ্ধি এবং শিক্ষার্থীদের স্বাস্থ্যসেবা ক্যাফেটেরিয়া সুবিধা ট্রান্সপোর্ট ব্যবস্থা ও ক্রীড়া অবকাঠামো উন্নয়নেও জোর দেওয়া হয়েছে সংবাদ সম্মেলনে এজিএস প্রার্থী মাসুদ রানা বলেন অদম্য জবিয়ান ঐক্য প্যানেল কোনো প্রতিশ্রুতির ফুলঝুরি নিয়ে আসেনি এসেছে বাস্তবসম্মত ইশতেহার নিয়ে আমরা বিশ্বাস করি ভোট কেবল একজন প্রতিনিধি নির্বাচনের বিষয় নয় বরং জগন্নাথ বিশ্ববিদ্যালয়ের আগামীর ভাগ্য নির্ধারণের চাবিকাঠি মাসুদ রানা আরও বলেন দীর্ঘদিনের বঞ্চনা দূর করতে এবং বিশ্ববিদ্যালয়ের গৌরব পুনরুদ্ধার করতে আমরা স্বতঃস্ফূর্ত সমর্থন ও মূল্যবান ভোট প্রত্যাশা করছি ভয়ের সংস্কৃতিকে বিদায় জানিয়ে আমরা সম্মিলিতভাবে একটি নতুন ভোরের সূচনা করব প্রথম আলোর খবর পেতে গুগল নিউজ চ্যানেল ফলো করুন বাংলাদেশ থেকে আরও পড়ুন ইসলামী ছাত্রশিবিরজগন্নাথ বিশ্ববিদ্যালয়নির্বাচনী ইশতেহারছাত্র সংসদ নির্বাচন ২০২৫জকসু,0
করোনা সংক্রমণের সংখ্যা দিন দিনই বাড়ছে বিশেষজ্ঞদের মতে করোনার নতুন স্ট্রেনের হাত থেকে বাঁচতে হলে সঠিক পদ্ধতিতে মাস্ক পরা ভিড় এড়িয়ে চলা এবং পরিচ্ছন্নতা মেনে চলা জরুরি তবে অনেকেই মাস্ক পরতে গিয়ে নিয়ম মানছেন না অনেকেই পুরনো আলগা নোংরা হয়ে যাওয়া মাস্ক পরে বাইরে যাচ্ছেন বিশেষজ্ঞরা বলছেন মাস্ক পরার ক্ষেত্রে কিছু নিয়ম মানা জরুরি যেমন ১ মাস্ক এমনভাবে পরুন যাতে মুখ ও নাক সম্পূর্ণভাবে ঢাকা পরে মাস্ক পরে যদি শুধু নাক বা মুখের কোনও একটা খোলা থাকে তাহলে মাস্ক পরার কোনও উপযোগিতা থাকে না খেয়াল রাখবেন মাস্ক যেন নাকের ওপর থেকে শুরু করে গোটা মুখ ভালো ভাবে ঢাকতে পারে তাই মাস্ক কেনার সময় সেটি কতটা চওড়া তা ভালো করে দেখে তবেই কিনবেন বাজারে যেসব সার্জিক্যাল মাস্ক পাওয়া যায় তা এক লেয়ারের মহামারির এ সময়ে তা মোটেও উপযোগী নয় অন্তত তিন লেয়ারের মাস্ক ব্যবহার করা উচিত ২ মুখের থেকে ঢিলে মাস্ক ব্যবহার করবেন না মাস্ক ঢিলে হলে তা ঠিক করতে বারবার মুখে হাত দিতে হবে এতে হাতের ধুলো ময়লা মাস্কে লেগে যাওয়ার আশঙ্কা থাকে ৩ সুতির কাপড়ের তৈরি মাস্ক তাড়াতাড়ি ছিঁড়ে যায় রঙ হালকা হয়ে গেলে ও মাস্কে ছোট থেকে বড় ফুটো দেখা দিলে সঙ্গে সঙ্গে সেই মাস্ক ডাস্টবিনে ফেলে দিন ফুটো দেখা দিলে সেই মাস্ক না পরাই ভালো কারণ করোনার সঙ্গে সঙ্গে বাতাসে থাকা অন্যান্য ভাইরাসও আক্রমণ করতে পারে ৪ মাস্ক এখন বাধ্যতামূলক মাস্ক পরে যদি ত্বকে নানা সমস্যা যেমন ব্রণ র্যাশ চুলকানি ফুলে ওঠার মতো সমস্যা হয় তাহলে দ্রুত মাস্ক পরিবর্তন করা উচিত ৫ মাস্ক যদি পরিষ্কার করা যায় তাহলে অবশ্যই ধুয়ে শুকিয়ে তারপর পরা উচিত গবেষণা বলছে করোনা পরিস্থিতিতে সঠিক মাস্ক পরলে প্রায় ৭০ শতাংশ করোনা হওয়ার ঝুঁকি কমে শুধু পরলেই হবে না সেটি ঠিকসময়ে ফেলেও দিতে হবে ৬ মাস্ক পরে অস্বস্তি হলে অবশ্যই সেই মাস্ক এড়িয়ে চলুন আবার ঘন্টার পর ঘন্টা একই মাস্ক পরে থাকলে অস্বস্তি তৈরি হয় এতে শ্বাসপ্রশ্বাসে ব্যাঘাত ঘটে তাই মাস্ক বদলানো প্রয়োজন ৭ মাস্কের নোজ ক্লিপ আলগা হয়ে গেলে সেই মাস্ক দ্রুত পাল্টে ফেলুন এ ছাড়া কানে লাগানোর ইলাস্টিক বা কাপড় যদি আলগা হয়ে যায় তাহলে বুঝতে হবে মাস্ক পরিবর্তন করার সময় এসেছে,1
গভীর শ্রদ্ধা যথাযথ মর্যাদা ও পূর্ণ ভাবগাম্ভীর্য সহকারে অমর একুশে ফেব্রুয়ারির প্রথম প্রহরে জাতি ভাষা শহীদদের স্মরণের মাধ্যমে মহান শহীদ দিবস ও আন্তর্জাতিক মাতৃভাষা দিবস পালন করেছে একুশে ফেব্রুয়ারিতে নাশকতার কোন শঙ্কা নেই তবে কেন্দ্রীয় শহীদ মিনারসহ সারা দেশে কয়েক স্তরের নিরপত্তার কথা জানিয়েছেন র্যাব মহাপরিচালক ঢাকা বিশ্ববিদ্যালয় কর্তৃপক্ষ বলছে করোনার কারণে ব্যক্তি পর্যায়ে ২ জন এবং সংগঠন থেকে সর্বোচ্চ ৫ জন একত্রে শ্রদ্ধা নিবেদন করতে পারবে মূলত রাষ্ট্রভাষা বাংলার দাবিতে ১৯৫২ সালের এই দিনে বাঙালির রক্তে রঞ্জিত হয়েছিল রাজপথ ওই রক্তের দামে এসেছিল বাংলার স্বীকৃতি আর তার সিঁড়ি বেয়ে অর্জিত হয় স্বাধীনতা একুশে ফেব্রুয়ারি কেবল ভাষার অধিকার প্রতিষ্ঠার জন্য আত্মত্যাগের দিন নয় বাঙালির জাতিসত্তা স্বকীয়তা আর সাংস্কৃতিক স্বাতন্ত্র রক্ষার আন্দোলনের রক্তে লেখা স্মারক বাঙালির ইতিহাসের অবিস্মরণীয় এই দিনটি গতকাল আন্তর্জাতিক মাতৃভাষা দিবস হিসেবে সারা বিশ্বে পালিত হয় তবে গতবারের মতো এবারও করোনাকালীন বেশকিছু নির্দেশনা মেনেই শ্রদ্ধা জানাতে যেতে হবে সবাইকে ঢাকা বিশ্ববিদ্যালয় কর্তৃপক্ষ বলছে নিরাপত্তা তল্লাশির পাশাপাশি মাস্ক ও টিকার সনদও যাচাই করা হতে পারে পাশাপাশি সংক্রমন রোধে দলবেধে বেদিতে যাতায়াতেও নিষেধ করা হয়েছে এদিকে ২১ ফেব্রুয়ারির নিরাপত্তায় সিসিটিভি ক্যামেরার নজরদারির পাশাপাশি বিভিন্ন রাস্তায় বসানো হয়েছে তল্লাশি চৌকি সারাদেশে নাশকতার কোন শঙ্কা না থাকলেও নিরাপত্তায় সর্বোচ্চ প্রস্তুতির কথা জানিয়েছে র্যাব গোয়েন্দা নজরদারির পাশাপাশি সাইবার অপরাধ নিয়ন্ত্রণে অনলাইনেও থাকছে আলাদা মনিটরিং  শ্রদ্ধা নিবেদন করতে গিয়ে ভিড়ের মধ্যে নারী ও শিশুরা যাতে কোন ধরনের হেনস্তার শিকার না হয় সেদিকেও বিশেষ নজর থাকবে বলে জানিয়েছেন র্যাব মহাপরিচালক,1
শান্তিপূর্ণ ও সংঘাতমুক্ত বিশ্ব প্রতিষ্ঠা এবং গাজা ও ইউক্রেনে চলমান যুদ্ধের অবসান ঘটাতে বাংলাদেশকে সহযোগিতা দিতে যুক্তরাজ্য সরকারের প্রতি আহ্বান জানিয়েছেন পররাষ্ট্রমন্ত্রী ড হাছান মাহমুদ লন্ডনের স্থানীয় সময় বুধবার সন্ধ্যায় বাংলাদেশের ৫৪তম স্বাধীনতা ও জাতীয় দিবস উদযাপন উপলক্ষে লন্ডনে বাংলাদেশ হাইকমিশন আয়োজিত কূটনৈতিক সংবর্ধনা অনুষ্ঠানে সম্মানিত অতিথির বক্তব্যে পররাষ্ট্রমন্ত্রী হাছান মাহমুদ এ আহ্বান জানান গাজা এবং ইউক্রেনসহ বিশ্বব্যাপী সংঘাতপূর্ণ অঞ্চলে অবিলম্বে যুদ্ধবিরতির প্রয়োজনের ওপর জোর দিয়ে তিনি বলেন মানুষের স্বাভাবিক জীবনযাত্রা পুনরুদ্ধার এবং শান্তি প্রতিষ্ঠার জন্য নিরীহ মানুষ হত্যা বন্ধ করা অত্যন্ত গুরুত্বপূর্ণ ব্রিটিশ পার্লামেন্টের নিকটবর্তী ঐতিহাসিক চার্চিল হলে এ অনুষ্ঠানে যুক্তরাজ্যের পার্লামেন্টের স্পিকার স্যার লিন্ডসে হোয়েল প্রধান অতিথি এবং হাউস অব কমন্সের নেতা পেনি মর্ডান্ট যুক্তরাজ্যের মধ্যপ্রাচ্য উত্তর আফ্রিকা দক্ষিণ এশিয়া ও জাতিসংঘের এফসিডিও মন্ত্রী লর্ড তারিক আহমেদ পরিবেশ খাদ্য ও গ্রামীণবিষয়ক ছায়াসচিব স্টিভ রিড এবং বাংলাদেশ নিয়ে সর্বদলীয় সংসদীয় গ্রুপের চেয়ারম্যান রুশনারা আলী এমপি বিশেষ অতিথির বক্তব্য দেন প্রধানমন্ত্রীর আন্তর্জাতিকবিষয়ক উপদেষ্টা ড গওহর রিজভী সাবেক পররাষ্ট্রমন্ত্রী ও পররাষ্ট্রবিষয়ক সংসদীয় কমিটির চেয়ারম্যান ড এ কে আব্দুল মোমেন এবং প্রবাসী কল্যাণ ও বৈদেশিক কর্মসংস্থান প্রতিমন্ত্রী শফিকুর রহমান চৌধুরী প্রমুখের উপস্থিতিতে যুক্তরাজ্যে নিযুক্ত বাংলাদেশের হাইকমিশনার সাইদা মুনা তাসনিম অনুষ্ঠানে স্বাগত বক্তব্য দেন পররাষ্ট্রমন্ত্রী ড হাছান তার বক্তব্যে জাতির পিতা সকল শহীদ বীর মুক্তিযোদ্ধাদের প্রতি গভীর শ্রদ্ধা নিবেদন করেন তিনি বাংলাদেশের স্বাধীনতা যুদ্ধের সময় সমর্থনের জন্য যুক্তরাজ্য সরকার সে দেশের নাগরিক এবং ব্রিটিশবাংলাদেশি প্রবাসীদের প্রতি কৃতজ্ঞতা প্রকাশ করেন এবং প্রধানমন্ত্রী শেখ হাসিনার অনন্য নেতৃত্বে বাংলাদেশযুক্তরাজ্যের ঐতিহাসিক সম্পর্ককে নতুন উচ্চতায় উন্নীত করার অঙ্গীকার ব্যক্ত করেন পররাষ্ট্রমন্ত্রী হাছান মাহমুদ এদিন যুক্তরাজ্যের স্পিকার হাইকমিশনার এবং বিশিষ্ট অতিথিদের সঙ্গে নিয়ে মুজিব অ্যান্ড ব্রিটেন প্রকাশনার মোড়ক উন্মোচন করেন একইসঙ্গে বাংলাদেশের দুই মহান বন্ধু লর্ড মারল্যান্ড এবং লর্ড স্বরাজ পলের হাতে যথাক্রমে বঙ্গবন্ধুএডওয়ার্ড হিথ ফ্রেন্ডশিপ অ্যাওয়ার্ড এবং বঙ্গবন্ধুহ্যারল্ড উইলসন অ্যাওয়ার্ড হস্তান্তর করেন অনুষ্ঠানে বঙ্গবন্ধুর ওপর বিশেষ প্রদর্শনী ব্রিটিশবাংলাদেশি শিল্পীদের বর্ণাঢ্য সাংস্কৃতিক পরিবেশনা এবং ঐতিহ্যবাহী বাংলাদেশি শাড়ি প্রদর্শনীতে যুক্তরাজ্যের সংসদ সদস্য সরকারি কর্মকর্তা বিশিষ্ট ব্রিটিশ রাজনীতিবিদ হাইকমিশনার ও রাষ্ট্রদূত কমনওয়েলথ ও ইন্টারন্যাশনাল মেরিটাইম অর্গানাইজেশনের আইএমও সিনিয়র প্রতিনিধি কূটনীতিক থিঙ্ক ট্যাঙ্ক মিডিয়া একাডেমিয়া এবং যুক্তরাজ্যে বাংলাদেশি সম্প্রদায়ের সদস্যরা যোগ দেন,1
ভারতবাংলাদেশ ম্যাচে নাসুম আহমেদ যখন ৪২তম ওভারে বল করতে আসেন তখন জয়ের জন্য ভারতের দরকার ছিল দুই রান আর বিরাট কোহলির শতরানের জন্য বাকি ছিল তিন রান ৯৭ রানে খেলছিলেন বিরাট প্রথম বলটা লেগ সাইডের অনেকটা বাইরে করেন নাসুম বিরাট কিছুটা সরে যান তা সত্ত্বেও স্পষ্টত ওয়াইড ছিল এমনকি ওয়াইড হয়েছে ভেবে হতাশা প্রকাশ করেন বিরাটও বিরক্তির ভঙ্গিতে তাকিয়ে থাকেন নাসুমের দিকে কিন্তু অনফিল্ড আম্পায়ার রিচার্ড কেটেলবরো ওয়াইড দেননি যদিও সেটি দলের জয়পরাজয়ে প্রভাব ফেলার মতো ছিল না তবে ওয়াইড দিলে দুদলের স্কোর সমান হয়ে যেত পরে নাসুমের তৃতীয় বলে লং অন দিয়ে ছক্কা মেরে সেঞ্চুরি পূর্ণ করেছেন কোহলি ৯৭ বলে ১০৩ রানে অপরাজিত ছিলেন তিনি এদিকে কোহলিকে সেঞ্চুরি পাইয়ে দিতেই আম্পায়ার ওয়াইড দেননি বলে সামাজিক যোগাযোগমাধ্যমে আলোচনা শুরু হয়েছে অনেকেই প্রশ্ন তুলেছেন অন্য কোনো দেশের ক্ষেত্রে কি আম্পায়ার এমন সিদ্ধান্ত দিতে পারতেন উল্লেখ্য বাংলাদেশের দেওয়া ২৫৭ রানের লক্ষ্য রোহিত শর্মার দল পেরিয়েছে ৫১ বল এবং ৭ উইকেট হাতে রেখে,1
১৯৪৫ সালের পর এবার রাশিয়া ইউরোপে বড় ধরনের যুদ্ধের পরিকল্পনা করছে বলে অভিযোগ করেছেন ব্রিটিশ প্রধানমন্ত্রী বরিস জনসন বিবিসিকে দেয়া এক সাক্ষাৎকারে এমন মন্তব্য করেন তিনি জনসন বলেন রাশিয়ার নানা কর্মকাণ্ডই প্রমাণ দিচ্ছে যে বড় ধরনের পরিকল্পনা নিয়ে এগুচ্ছে মস্কো এসময় রাশিয়ার কারণে ইউক্রেনের অসংখ্য মানুষের জীবন হুমকির মুখে রয়েছে বলেও মন্তব্য করেন তিনি এর আগে মিউনিকে নিরাপত্তা বিষয়ক সম্মেলনেও কথা বলেন ব্রিটিশ প্রধানমন্ত্রী সেখানে জনসন আবারো সতর্ক করেছেন যে ইউক্রেনে হামলা হলে রাশিয়ার বিরুদ্ধে পূর্বে উল্লেখিত কঠোর নিষেধাজ্ঞা আরোপ করবে যুক্তরাজ্য জনসন বলেছেন তাদের হাতে থাকা তথ্যপ্রমাণ বলছে রাশিয়া ১৯৪৫ সালের পর ইউরোপে সবচেয়ে বড় যুদ্ধের পরিকল্পনা করছে পরিকল্পনার বাস্তবায়ন এরই মধ্যে এক রকম শুরুও হয়ে গেছে বলে সব লক্ষণ বলছে বিবিসিকে দেওয়া এক সাক্ষাৎকারে তিনি এমনটাই বলেছেন জনসন জানান গোয়েন্দাদের ধারণা রাশিয়া এমনভাবে আক্রমণ চালাতে চায় যা ইউক্রেইনের রাজধানী কিয়েভকে ঘিরে ফেলবে এতে যে কেবল মানুষের জীবনই খরচ হবে তা সকলের বোঝা দরকার বলেছেন তিনি ব্রিটিশ এ প্রধানমন্ত্রী বিবিসির সঙ্গে কথা বলেছেন মিউনিখ থেকে বার্ষিক এক নিরাপত্তা সম্মেলনে যোগ দিতে বিশ্ব নেতারা জার্মানির এ শহরে জড়ো হয়েছেন পশ্চিমা কর্মকর্তারা গত কয়েক সপ্তাহ ধরেই রাশিয়া যে কোনো মুহূর্তে ইউক্রেইনে হানা দিতে পারে বলে বারবার সতর্ক করে এলেও মস্কো বলছে প্রতিবেশী দেশটিতে হামলা চালানোর কোনো পরিকল্পনা তাদের নেই ইউক্রেইন সীমান্তে অবস্থান করা সৈন্যরা ওই এলাকাগুলোতে সামরিক মহড়ায় অংশ নিচ্ছে বলেও দাবি করেছে তারা মার্কিন সরকারের সাম্প্রতিক অনুমানে ইউক্রেইন সীমান্তের কাছে এখন এক লাখ ৬৯ হাজার থেকে এক লাখ ৯০ হাজারের মতো রুশ যোদ্ধা অবস্থান করছে বলে ধারণা দেওয়া হয়েছে এই সংখ্যার ভেতর পূর্ব ইউক্রেইনের রুশপন্থি বিচ্ছিন্নতাবাদীরাও অন্তর্ভুক্ত,1
বিশ মাস আগে ভ্লাদিমির পুতিন ইউক্রেনে পূর্ণমাত্রায় আগ্রাসন শুরু করার পর অনেক উচ্চপদস্থ রাশিয়ান বিশ্বাস করেছিলেন যুদ্ধ শিগগিরই শেষ হতে যাচ্ছে তাদের বিবেচনায় রুশ অর্থনীতি বিপর্যয়ের মুখে পড়েছিল এবং পুতিন সরকারও ছিল পতনের দ্বারপ্রান্তে আজ তাদের সেই মনোভাব নাটকীয়ভাবে পাল্টে গেছে ব্যবসায়ী নেতা ও কর্মকর্তারা এবং সাধারণ মানুষ আমাকে বলেছেন পশ্চিমা নিষেধাজ্ঞা উপেক্ষা করে অর্থনীতি স্থিতিশীল হয়েছে পুতিনের শাসনও গত দুই বছরে অন্য যে কোনো সময়ের চেয়ে বেশি স্থিতিশীল দেখাচ্ছে মস্কোর রেস্তোরাঁগুলো লোকে গিজগিজ করছে একজন শীর্ষ রাশিয়ান রেস্তোরাঁ মালিক বলেছেন অভ্যন্তরীণ পর্যটনের বিকাশ ঘটায় রেস্তোরাঁর বাজার দিন দিন বাড়ছে শুধু মস্কোতে নয় রাশিয়াজুড়ে এবং খাবারের মানও দিন দিন ভালো হচ্ছে ২০২২ সালের গোড়ার দিকে অবশ্যই এ শিল্পকে আতঙ্ক জেঁকে ধরেছিল তবে এটি দ্রুত কেটে গেছে বলছিলেন তিনি আবাসনের দাম বাড়ছে এবং নির্মাণ শিল্পে বেশ তেজি ভাব চলছে ২০২২এর শুরুতে মল এবং রাস্তায় খালি দোকান রেখে বেশির ভাগ বৈশ্বিক ব্র্যান্ড রাশিয়া ছেড়ে চলে যায় এখন একটি খুচরা চেইনশপের প্রধান নির্বাহী আমাকে বলেছেন ওই ব্যবসায়ীদের রাশিয়ান সমকক্ষরা শূন্যস্থান পূরণ করেছে পুতিনের মুখপাত্র দিমিত্রি পেসকভ সম্প্রতি স্বীকার করেছেন রাশিয়ার অর্থনীতি আক্রমণের কয়েক মাস পরে পতনের হুমকির সম্মুখীন হয়েছিল কিন্তু তাঁর মতে দেশটি ইতোমধ্যে সবচেয়ে খারাপ সময় কাটিয়ে উঠেছে যুদ্ধের আগে রাশিয়ান ব্যবসা প্রতিষ্ঠানের নির্বাহীরা সাধারণত পশ্চিমে তাদের টাকা জমা রাখতেন তারা সেখানে আবাসন ও ভূসম্পত্তিও কিনেছিলেন যাতে তা প্রয়োজনে তাদের পরিবারের জন্য দ্বিতীয় বাড়ি হিসেবে কাজ করে তবে এখন একজন রাশিয়ান ধনকুবের যেমন আমাকে বলেছেন সেই দরজাটি বন্ধ হওয়ায় দেশেই বিনিয়োগের ধুম লেগেছে তাদের অর্থ বিনিয়োগের আর কোনো জায়গা নেই পূর্ব সাইবেরিয়ার আলতাই পর্বতমালা থেকে ফিনল্যান্ডের সীমান্তে কারেলিয়া পর্যন্ত স্থানগুলোয় এখন বড় বড় বিল্ডিং নির্মাণের প্রকল্প চলছে সেপ্টেম্বরে ব্লুমবার্গ রিপোর্ট করেছে রাশিয়ার ধনকুবেররা ইউক্রেন যুদ্ধ শুরুর পর থেকে এ পর্যন্ত দেশটিতে কমপক্ষে ৫০ বিলিয়ন ডলার ফেরত এনেছেন আমি যাদের সাক্ষাৎকার নিয়েছি তাদের মতে এ হিসাব খুবই রক্ষণশীল বাস্তবে তা অনেক বেশি রাশিয়ান শিল্প খাত বিকশিত হচ্ছে অবশ্য সমরাস্ত্র কারখানাগুলো এতে নেতৃত্ব দিচ্ছে যেগুলোর মধ্যে কিছু এ বছর ৩০ শতাংশের বেশি প্রবৃদ্ধি পাবে বলে ধারণা করা হচ্ছে মস্কো বিদেশি ক্রেতাদের কাছে তেল ও গ্যাস বিক্রি করে চলেছে শুধু চীন ও ভারত নয় ইউরোপীয় দেশগুলোও তা কিনছে এ গ্রাহক বেশির ভাগই তুরস্ক আজারবাইজান বা মিসরের মতো মধ্যস্থতাকারীদের মাধ্যমে রাশিয়ান পেট্রোলিয়াম সামগ্রী ক্রয় করে পশ্চিমারা হয়তো রাশিয়ার সঙ্গে বেশির ভাগ ক্ষেত্রে সম্পর্ক ছিন্ন করতে সফল হয়েছে কিন্তু বাকি বিশ্বের সঙ্গে মস্কোর বাণিজ্য বাড়ছে সোভিয়েত ইউনিয়নের শীতল যুদ্ধকালীন বিচ্ছিন্নতার পুনরাবৃত্তি এবার ঘটেনি পুতিনের রাশিয়া চীন থেকে প্রয়োজনীয় অনেক সরবরাহ পেতে পারে মস্কোর অনেক বাসিন্দার জন্য রাস্তায় সম্ভবত সবচেয়ে বড় চমক হলো পশ্চিমা গাড়িগুলোর জায়গায় ব্যাপক হারে চীনা মডেলের গাড়ি চলছে নিষেধাজ্ঞার কারণে রাশিয়ান ব্যবসায়ী নেতাদের দেশে থাকা ছাড়া আর কোনো বিকল্প নেই এমনকি যারা পশ্চিমে থাকতে এবং ইউক্রেনকে সাহায্য করতে চেয়েছিলেন তাদেরও এ শাস্তি পেতে হয়েছে রাশিয়ার সবচেয়ে বড় প্রাইভেট ব্যাংকের সহপ্রতিষ্ঠাতা ধনকুবের মিখাইল ফ্রিডম্যান একটু রয়েসয়ে যুদ্ধের সমালোচনা করেছিলেন তাঁকেও ব্রিটিশ কর্তৃপক্ষ অল্প সময়ের জন্য হলেও গ্রেপ্তার করে এবং মার্কিন নিষেধাজ্ঞার নিচে পড়তে হয় কয়েক সপ্তাহ আগে ফ্রিডম্যান হাল ছেড়ে দিয়ে প্রাথমিকভাবে তাঁর লন্ডনের বাড়ি থেকে তেল আবিব চলে যান শেষ অবধি মস্কো ফিরে আসেন ফ্রিডম্যানের প্রত্যাবর্তন রাশিয়ান ব্যবসায়িক অভিজাতদের ওপর একটি প্রতীকী প্রভাব ফেলেছিল এটি তাদের মনে এ বিশ্বাসের জন্ম দিয়েছে যে পশ্চিম তাদের কেবল শত্রু হিসেবে দেখে তার মানে তাদের বেঁচে থাকার একমাত্র উপায় হলো ক্রেমলিনকে সহযোগিতা করা কারণ পুতিন পশ্চিমের মতো এখনও কোনো ব্যবসায়ী নেতাকে শাস্তি দেননি এমনকি যারা যুদ্ধের বিরুদ্ধে কথা বলেছিলেন তাদেরও কিছু বলেননি তবে মধ্যপ্রাচ্যের যুদ্ধই রাশিয়ান ব্যবসায়ী নেতাদের নিশ্চিত করেছে পুতিন জয়ী হচ্ছেন তাদের দৃষ্টিতে পশ্চিমের জনমত ইউক্রেন থেকে দূরে সরে যাচ্ছে এদিকে পুতিন গ্লোবাল সাউথ বা বৈশ্বিক দক্ষিণের কাছে তাঁর অবস্থান শক্তিশালী করবেন গাজার সংকটের জন্য মার্কিন যুক্তরাষ্ট্র দায়ী বলে তাঁর দাবি বিশ্বজুড়ে লাখ লাখ মানুষের মনে অনুরণিত হচ্ছে চলমান যুদ্ধ বিষয়ে বললে বলতে হয় সেনা সংগ্রহের জন্য রুশ কর্তৃপক্ষ রাশিয়ার সবচেয়ে দরিদ্র ও হতাশাগ্রস্ত অঞ্চলে মনোনিবেশ করেছে নবীন সেনাদের গড়ে ১০ গুণ বেতনের প্রতিশ্রুতি দেওয়া হচ্ছে পুতিনের কোষাগারে এখনও প্রচুর অর্থ আছে যার মানে শিগগিরই তাঁর কামানের খোরাক সংগ্রহে ভাটা পড়ার কোনো সম্ভাবনা নেই রাশিয়ার অগ্রসর বা প্রভাবশালী মানুষ ভালো করেই জানেন পুতিনের শাসন ব্যবস্থায় এখনও অনেক দুর্বলতা রয়েছে রাশিয়া এখনও তার প্রয়োজনীয় অনেক পণ্য উৎপাদন করতে পারে না তাঁর বন্ধুদের কাছ থেকে সেগুলো সংগ্রহ করা বেশ জটিল একজন ব্যবসায়ী আমাকে বলেছিলেন যাত্রীবাহী বিমানের খুচরা যন্ত্রাংশের অভাবে শিগগিরই তাদের এয়ারলাইন্স বন্ধ হয়ে যেতে পারে তা সত্ত্বেও পুতিনের পক্ষে জনমত পরিবর্তন বিষয়ে সন্দেহ পোষণের সুযোগ নেই ২০ মাস আগে রাশিয়ার অগ্রসর ও প্রভাবশালী মানুষ নিশ্চিত ছিলেন দীর্ঘ সময় কোনো চ্যালেঞ্জবিহীন থাকা পুতিন অবশেষে তাঁর তুরুপের তাসটি খেলে ফেলেছেন এবং সম্ভবত তাঁকে তাঁর ভুল হিসাবের জন্য কঠোর মূল্য দিতে হবে এখন তাদের বেশির ভাগই মত পরিবর্তন করেছেন বলে মনে হচ্ছে রাশিয়ান প্রেসিডেন্ট তাদের মতে স্পষ্ট দেখিয়ে দিয়েছেন তিনি এখানে থাকার জন্যই আছেন মিখাইল জাইগার নির্বাসিত রুশ লেখক দ্য ওয়াশিংটন পোস্ট থেকে ভাষান্তর করেছেন সাইফুর রহমান তপন,1
শরীরের জন্য থাইরয়েড হরমোনের একটি নির্দিষ্ট মাত্রা আছে এর থেকে কম বা বেশি হরমোন উৎপাদিত হলেই শরীরের উপর বিভিন্ন রকমের বিরূপ প্রভাব পড়তে শুরু করে তবে যথাযথ খাদ্যাভাস এবং জীবনযাত্রা ঠিক রাখার মাধ্যমে থাইরয়েড নিয়ন্ত্রণ করা সম্ভব যারা থাইরয়েডের সমস্যায় ভুগছেন এবং নিজেকে সুস্থ রাখতে চান তারা ঘরোয়া কিছু পদ্ধতি অনুসরণ করতে পারেন যেমন ১ জাঙ্ক ফুড এবং প্রক্রিয়াজাত খাবার থেকে দূরে থাকুন এগুলি স্বাস্থ্যের জন্য খুবই ক্ষতিকর ২ বর্তমান যুগে এত শারীরিক ও মানসিক সমস্যা হওয়ার সবচেয়ে বড় কারণ হল অগোছালো জীবনযাপন করা তাই নিয়মিত ব্যায়াম করা স্বাস্থ্য ভালো রাখার জন্য অত্যন্ত জরুরি এতে শরীরের অতিরিক্ত ক্যালোরি ঝরে এবং শরীর সুস্থ থাকে ৩ খাবার খাওয়ার সময় তাড়াহুড়ো না করে ধীরেসুস্থে ভালো করে চিবিয়ে খেতে হবে মনোযোগ দিয়ে ভালো করে চিবিয়ে খাওয়া থাইরয়েড এবং মনের মধ্যে সংযোগ গড়ে তোলে থাইরয়েড গ্রন্থি শরীরের বিপাক নিয়ন্ত্রণে গুরুত্বপূর্ণ ভূমিকা পালন করে তাই ধীরেসুস্থে খাবার চিবিয়ে খেলে তা বিপাক ক্রিয়া বাড়াতে বিশেষভাবে সাহায্য করে ৪ গবেষণায় দেখা গেছে এমন কিছু শাকসবজি আছে যেগুলি কাঁচা অবস্থায় খাওয়ার ফলে থাইরয়েড গ্রন্থির কাজ ব্যাহত হয় যেমন  বাঁধাকপি ব্রকলি ব্রাসেলস স্প্রাউট ফুলকপি ইত্যাদি এসব সবজি কাঁচা অবস্থায় খেলে থাইরয়েড গ্রন্থির ভারসাম্য নষ্ট নয় তাই এই ধরনের সবজি কাঁচা বা স্যালাদ হিসেবে না খেয়ে রান্না করে খান ৫ নারকেল তেলে থাকা ফ্যাটি অ্যাসিড থাইরয়েড গ্রন্থির কার্যকারিতা বাড়াতে সহায়তা করে নারকেল তেল গরম না করে যদি ব্যবহার করা হয় তাহলে তা ওজন হ্রাস করতে এবং বিপাকীয় ক্রিয়া বাড়িয়ে তুলতে সাহায্য করে এমনকি শরীরের তাপমাত্রাও ঠিক রাখতেও সাহায্য করে এই তেল ৬ অ্যাপেল সিডার ভিনেগার হরমোন উৎপাদনের ভারসাম্যতা বজায় রাখতে সহায়তা করে এতে বিপাকের উন্নতি হয় এছাড়াও এটি শরীরের ফ্যাট নিয়ন্ত্রণ এবং শরীর থেকে বিষাক্ত পদার্থগুলি বের করে পুষ্টি শোষণে সহায়তা করে ৭ আদায় বিভিন্ন রকম খনিজ যেমন পটাশিয়াম ম্যাগনেশিয়াম পাওয়া যায় এটি থাইরয়েডের সমস্যার সঙ্গে লড়াই করতে দারুন কার্যকর থাইরয়েডের সমস্যা কমাতে নিয়মিত আদা চা পান করুন ৮ থাইরয়েডের ক্ষেত্রে ভিটামিন বি খুবই সহায়ক বিশেষ করে ভিটামিন বি১২ হাইপোথাইরয়েডিজমে আক্রান্ত ব্যক্তিদের জন্য খুবই উপকারী তাই প্রতিদিনের খাদ্যতালিকায় ডিম মাছ মাংস দুধ বাদাম অবশ্যই অন্তর্ভুক্ত করুন এগুলি পর্যাপ্ত পরিমাণে ভিটামিন বি সরবরাহ করবে ৯ ভিটামিন ডিয়ের অভাবে থাইরয়েডের সমস্যা হতে পারে সূর্যের আলোতেই শরীর একমাত্র ভিটামিন ডি প্রস্তুত করতে পারে তাই দিনে অন্তত পক্ষে ১৫ মিনিট সূর্যের আলোয় থাকুন এতে শরীরে ভালোভাবে ক্যালসিয়ামের শোষণ হবে এবং রোগ প্রতিরোধ ক্ষমতাও বাড়বে ভিটামিন ডি সমৃদ্ধ কিছু খাবার হল  স্যালমন ম্যাকারেল দুগ্ধজাতীয় দ্রব্য কমলালেবুর রস ডিমের কুসুম ইত্যাদি শরীরে যদি ভিটামিন ডির মাত্রা খুবই কম থাকে তাহলে চিকিৎসকের পরামর্শ নিয়ে ভিটামিনডি সাপ্লিমেন্টও নিতে পারেন ১০ দুধ পনির দই এই ধরনের দুগ্ধজাতীয় খাবার থাইরয়েডের জন্য খুবই উপকারী কারণ এই সব খাবারে আয়োডিন এবং খনিজ বিপুল পরিমাণে থাকে যা থাইরয়েডের জন্য খুবই উপকারী আয়োডিন সাপ্লিমেন্টও এক্ষেত্রে গুরুত্বপূর্ণ ভূমিকা পালন করে,0
ইউনিভার্সিটি অব ক্যালিফোর্নিয়া রিভারসাইডের ইউসিআর জ্যোতির্বিজ্ঞানী আলেকজান্ডার ডি লা ভেগাকে নিয়ে জেমস ওয়েব স্পেস টেলিস্কোপের সহায়তায় একটি আন্তর্জাতিক গবেষণা দল মিল্কিওয়ের অনুরূপ সবচেয়ে দূরবর্তী সীমাবদ্ধ সর্পিল গ্যালাক্সিটি শনাক্ত করেছে সিয়ার্স২১১২ নামের এই গ্যালাক্সিটি গ্যালাক্সি বিবর্তন সম্পর্কে পূর্ববর্তী ধারণাগুলিকে চ্যালেঞ্জ করে এটা ইঙ্গিত দেয় যে সর্পিল গ্যালাক্সিগুলি মহাবিশ্বের ইতিহাসে ধারণা করার চেয়ে অনেক আগেই গঠন এবং ক্রম প্রদর্শন করতে পারে নেচার জার্নালে প্রকাশিত এই গবেষণায় স্পেনের সেন্ট্রো ডি অ্যাস্ট্রোবায়োলজিয়ার বিজ্ঞানীরা সিয়ার্স২১১২এর ওপর আলোকপাত করেছেন ঐতিহ্যগতভাবে মিল্কিওয়ের মতো নিষিদ্ধ সর্পিল গ্যালাক্সিগুলি মহাবিশ্বের প্রায় ১৩৮ বিলিয়ন বছরের বর্তমান বয়সের অর্ধেকে পৌঁছানোর পরে উদ্ভূত হয়েছিল বলে মনে করা হতো,0
চলতি বছরের প্রথম ছবি হিসেবে ৫০০ কোটি রুপি আয় পার করে বক্স অফিসে রীতিমতো হইচই ফেলে দিয়েছে নাগ অশ্বিনের সিনেমা কল্কি ২৮৯৮ এডি এ বছর ২৭ জুন সিনেমা হলে মুক্তি পায় সিনেমাটি চলতি আগস্টেই ছবিটি ওটিটিতে মুক্তি পাবে তার আগে নতুন রেকর্ড গড়ল সিনেমাটি হিন্দুস্তান টাইমসের খবর অনুযায়ী কল্কি আয়ের দিক থেকে গত বছর মুক্তি পাওয়া শাহরুখ খান অভিনীত আলোচিত ছবি জওয়ানকে পেছনে ফেলে দিয়েছে ভারতের প্রেক্ষাগৃহ থেকে ৪০ দিনে কল্কি আয় করেছে ৭৬০ কোটি রুপি অন্যদিকে অ্যাটলির জওয়ানএর আয় ছিল ৭৫০ কোটি রুপির কিছু বেশি ছবিটি যে বক্স অফিসে ঝড় তুলবে সে ইঙ্গিত আগেই পাওয়া গিয়েছিল ২৭ জুন মুক্তির পর কল্কি ২৮৯৮ এডি ছবিটি ভারতীয় বক্স অফিসে ৯৫ কোটি রুপি আয় করে এর মধ্যে ৬৪ কোটি ৫০ লাখ রুপি আয় করে তেলেগু সংস্করণ থেকেই হিন্দি সংস্করণে ছবিটি ২৪ কোটি রুপি আয় করেছে কল্কি ২৮৯৮ এডি ছবিটি পরিচালনা করেছেন নাগ অশ্বিন ছবিতে অভিনয় করেছেন বাহুবলী খ্যাত প্রভাস দীপিকা পাড়ুকোন অমিতাভ বচ্চন কমল হাসান দিশা পাটানি ছবিতে ম্রুণাল ঠাকুর দুলকার সলমন বিজয় দেবরাকোন্ডা এস এস রাজামৌলি রাম গোপাল ভার্মাকে অতিথি চরিত্রে দেখা গেছে,1
করোনাভাইরাসের সঙ্গে ব্ল্যাক ফাঙ্গাস রোগের কোনো সম্পর্ক নেই ব্ল্যাক ফাঙ্গাস একটি বিরল ছত্রাকজনিত রোগ আর করোনা হলো ভাইরাস সংক্রমিত রোগ ব্ল্যাক ফাঙ্গাস শরীরে দেখা দিলে দ্রুত চিকিৎসা না নিলে ৫০ শতাংশের অধিক রোগীর মৃত্যুর আশঙ্কা থাকে তাই এই ভয়াবহ রোগ সম্পর্কে জানা ও সচেতন হওয়া জরুরি করোনাভাইরাসের ভয় কাটতে না কাটতেই আবার নতুন উপদ্রব নিয়ে এসেছে ব্ল্যাক ফাঙ্গাস বা মিউকোরমায়কোসিস সামাজিক যোগাযোগ মাধ্যমে ব্লাক ফাঙ্গাস নিয়ে চলছে নানা গুজব ব্ল্যাক ফাঙ্গাস বাংলাদেশে নতুন রোগ নয় অনিয়ন্ত্রিত ডায়াবেটিস রোগীদের মধ্যে এর সংক্রমণ আগেও পরিলক্ষিত হয়েছে আশা করি আজকের লেখা অনেকের ভ্রান্তি দূর করবে এবং এই বিরল রোগ থেকে বেঁচে থাকতে সহায়ক হবে করোনাভাইরাসের সঙ্গে ব্ল্যাক ফাঙ্গাস রোগের কোনো সম্পর্ক নেই ব্ল্যাক ফাঙ্গাস একটি বিরল ছত্রাকজনিত রোগ আর করোনা হলো ভাইরাস সংক্রমিত রোগ ব্ল্যাক ফাঙ্গাস শরীরে দেখা দিলে দ্রুত চিকিৎসা না নিলে ৫০ শতাংশের অধিক রোগীর মৃত্যুর আশঙ্কা থাকে তাই এই ভয়াবহ রোগ সম্পর্কে জানা ও সচেতন হওয়া জরুরি ব্ল্যাক ফাঙ্গাস কীভাবে ছড়ায় এই রোগ ছোঁয়াচে নয় ফলে এটি সরাসরি একজনের দেহ থেকে অন্যের দেহে যেতে পারে না একমাত্র এ ধরনের ছত্রাকের ছোঁয়ায় এই রোগ শরীরে বাসা বাঁধতে পারে সাধারণত অপরিস্কার ও স্যাঁতসেঁতে পরিবেশে ছত্রাক বেড়ে ওঠে প্রথমেই মুখমণ্ডলের কপাল নাক চোখ এমনকি দাঁত হাড়ের কোটরে ছত্রাক বাসা বাঁধে ফুসফুস আক্রান্ত হয় ত্বকের সমস্যা থেকে শুরু করে চোখের সমস্যা এমনকি দৃষ্টিশক্তি হারাতে পারে জটিল ক্ষেত্রে রক্তের মাধ্যমে মস্তিস্কে ছড়িয়ে যেতে পারে এবং দ্রুত চিকিৎসা না করলে ৩০৫০ শতাংশ রোগীর মৃত্যু হতে পারে কাদের ব্ল্যাক ফাঙ্গাস রোগের আক্রান্ত হওয়ার সম্ভাবনা বেশি  অনিয়ন্ত্রিত ডায়াবেটিস ডায়াবেটিক কেটো এসিডোসিস রোগীদের ব্ল্যাক ফাঙ্গাস রোগে আক্রান্ত হওয়ার সম্ভাবনা বেশি  ক্যান্সারজনিত রোগ অথবা দীর্ঘদিন শারীরিকভাবে অসুস্থ রোগী যারা বিছানায় পড়ে আছেন তাদের মধ্যেই ব্ল্যাক ফাঙ্গাস রোগের প্রকোপ বেশি  ইমিউনোসপ্রেসেন্ট অ্যান্টিক্যান্সার চিকিৎসা দীর্ঘদিন ধরে স্টেরয়েড জাতীয় ওষুধ সেবনকারী রোগীদের আক্রান্ত হওয়ার সম্ভাবনা প্রবল  গুরুতর কভিড আক্রান্ত রোগী যারা অক্সিজেন অথবা ভেন্টিলেটর সাপোর্টে রয়েছেন তাদের ক্ষেত্রে ব্ল্যাক ফাঙ্গাসে আক্রান্ত হওয়ার সম্ভাবনা প্রবল অপরিস্কার ও স্যাঁতসেঁতে পরিবেশে অক্সিজেন সিলিন্ডার ও ভেন্টিলেটর ব্যবহারের ফলে এই রোগে আক্রান্ত বেশি হচ্ছে উপসর্গ  মুখমণ্ডলে নাক কপাল চোখ ও দাঁতে ক্ষতকালো দাগ ফুলে যাওয়া কিংবা ব্যথা হওয়া  অস্বাভাবিকভাবে কালো স্রাব নিঃসরণ হতে পারে এমনকি নাক থেকে রক্ত পড়তে পারে নিঃশ্বাস নিতে সমস্যা মাথাব্যথা চোখ ব্যথা চোখের চারপাশে ফোলাভাব একটি জিনিসকে দুটি করে দেখার সমস্যা চোখের লালচে ভাব দেখতে সমস্যা হওয়া চোখ বন্ধ করতে ও খুলতে সমস্যা হওয়া  কোনো কিছু চিবানো বা মুখ খোলার সময় সমস্যা হওয়া  দাঁত আলগা হয়ে যেতে পারে মাড়ি নাক ও মুখের ভেতরে কোনো অংশ ফুলে যেতে পারে এমনকি গর্ত হতে পারে ব্ল্যাক ফাঙ্গাস থেকে বাঁচার উপায় খুব সহজেই এ ভয়াল রোগ থেকে বাঁচা সম্ভব  নিজে পরিস্কারপরিচ্ছন্ন থাকা এবং আশপাশে পরিবেশকে পরিস্কার রাখা  ডায়াবেটিস নিয়ন্ত্রণে রাখা চিকিৎসকের পরামর্শ ছাড়া ওষুধ বিশেষ করে অ্যান্টিবায়োটিক ব্যথানাশক ওষুধ ও স্টেরয়েড সেবন না করা খুব প্রয়োজন ছাড়া স্টেরয়েড জাতীয় ওষুধ পরিহার করা প্রয়োজনে খুব কম সময়ের জন্য খেতে হবে  ইমিউনিটি রোগ প্রতিরোধ ক্ষমতা বাড়ানোর জন্য স্বাস্থ্যকর খাবার খেতে হবে নিয়মিত শারীরিক ব্যায়াম করতে হবে  উপসর্গ দেখা দিলে দ্রুত চিকিৎসকের পরামর্শ অনুযায়ী চিকিৎসা নিতে হবে কভিড১৯এর সঙ্গে কী সম্পর্ক কভিড১৯ করোনাভাইরাসজনিত রোগ ব্ল্যাক ফাঙ্গাস সংক্রমণের অনেক কারণের মধ্যে একটি কারণ হলো কভিড১৯ কভিড১৯ রোগের চিকিৎসায় পলি ফার্মাসি প্রয়োজন ছাড়া একগাদা ওষুধ বিশেষ করে অ্যান্টিবায়োটিক ও স্টেরয়েড সেবন রোগ প্রতিরোধ ক্ষমতা কমে যাওয়া অপরিস্কার ও অপরিচ্ছন্ন পরিবেশে অক্সিজেন সিলিন্ডার ও ভেন্টিলেটর ব্যবহারের কারণে এই ছত্রাক বাসা বাঁধে এবং দ্রুত ছড়িয়ে পড়ে ব্ল্যাক ফাঙ্গাস রোগ দেখা দেয় আমরা রোগকে ভয় না পেয়ে কীভাবে জয় করা যায় সে ব্যাপারে সচেষ্ট হই নিজে ও পরিবারের সবাই পরিস্কার থাকি বাসা ও কর্মস্থলকে পরিস্কার রাখি স্বাস্থ্যসম্মত খাবার খাই ডায়াবেটিস নিয়ন্ত্রণ করি এবং রেজিস্টার্ড চিকিৎসকের পরামর্শ ছাড়া ওষুধ সেবন না করলেই অনেক রোগ থেকে বাঁচা সম্ভব,1
রাজধানীর সচিবালয় এলাকায় আনসার সদস্যদের সঙ্গে শিক্ষার্থীদের সংঘর্ষে আহত বৈষম্যবিরোধী ছাত্র আন্দোলনের অন্যতম সমন্বয়ক হাসনাত আব্দুল্লাহকে দেখতে হাসপাতলে গেলেন বাংলাদেশ বিমান বাহিনী প্রধান এয়ার চীফ মার্শাল হাসান মাহমুদ খাঁন মঙ্গলবার ২৭ আগস্ট তাকে দেখতে ঢাকা সিএমএইচ পরিদর্শনে যান তিনি এসময় বিমান বাহিনী প্রধান তার শারিরীক অবস্থার খোঁজখবর নেন গত রোববার রাতে আনসার সদস্যদের হামলায় আহত হয়ে অন্তত ৪০ জন ঢাকা মেডিকেল কলেজ হাসপাতালে চিকিৎসা নেন সেখানে চিকিৎসাধীন ছিলেন হাসনাতও পরে তাকে ঢাকা সিএমএইচে নেওয়া হয়,1
ঢাকাই সিনেমার জনপ্রিয় চিত্রনায়ক ফেরদৌস আহমেদ সংসদ সদস্য হিসেবে নির্বাচিত হওয়ার প্রথম কোনো সিনেমায় চুক্তিবদ্ধ হতে যাচ্ছেন অভিনেতা ফেরদৌস আহমেদ এমপি তার সঙ্গে থাকার কথা রয়েছে অভিনেত্রী জ্যোতিকা জ্যোতি এবং রিয়াজ আহমেদের আরও থাকবেন অমিত হাসান রাফিদাসহ অনেকেই সিনেমায় শিল্পীকলাকুশলীদের সঙ্গে ইতোমধ্যে কথা বলেছেন নির্মাতা সবকিছু ঠিকঠাক থাকলে আগামী মাসে শেষের দিকে অথবা মার্চে শুরু হবে শুটিং সিনেমার নাম ভূমিকা অর্থাৎ জুলি চরিত্রে অভিনয় করবেন রাফিদা তার মায়ের ভূমিকায় থাকবেন জ্যোতিকা জ্যোতি শিগগিরই সিনেমাটি নিয়ে আনুষ্ঠাকি ঘোষণা দেবে প্রযোজনা প্রতিষ্ঠান এটি প্রযোজনা করেছে আশীবার্দ চলচ্চিত্র এ বিষয়ে ছটকু আহমেদ গণমাধ্যমে বলেন দর্শক যে ধরনের গল্প সিনেমায় দেখতে চায় এটি তেমনই মৌলিক গল্পের সিনেমাটি নিয়ে প্রস্তুতি চলছে এখন চিত্রনাট্য তৈরির কাজ চলছে ছবিটির প্রধান চরিত্র জুলি তাকে ঘিরেই এগিয়েছে গল্প তারকা অভিনয়শিল্পীরা অভিনয় করবেন আপাতত এতটুকুই জানাতে পারি এখনো আনুষ্ঠানিক চুক্তি হয়নি তবে কথা চুড়ান্ত হয়েছে,1
কাল শুরু হচ্ছে লেখকপাঠকপ্রকাশকের মিলনমেলা অমর একুশে গ্রন্থমেলা করোনা রোধে স্বাস্থ্যবিধি মেনেই বইমেলা পরিচালনা হবে বলে জানিয়েছেন সংস্কৃতি প্রতিমন্ত্রী কে এম খালিদ মাস্ক ছাড়া কেউ প্রবেশ করতে পারবে না বইমেলায় এ বছর দেরিতে শুরু হওয়ায় ফেব্রুয়ারির পরেও চলতে পারে বইমেলা মঙ্গলবার বিকেল তিনটায় অমর একুশে গ্রন্থমেলা ভার্চুয়ালি উদ্বোধন করবেন প্রধানমন্ত্রী শেখ হাসিনা এরইমধ্যে মেলার সব প্রস্তুতি শেষ করেছে আয়োজক বাংলা একাডেমি এবার মেলায় অংশ নিচ্ছে ৫৩৪ টি প্রকাশনা প্রতিষ্ঠান বাংলা একাডেমি প্রাঙ্গণ ও সোহরাওয়ার্দী উদ্যান মিলিয়ে মোট সাড়ে সাত লক্ষ স্কয়ার ফিট এলাকায় থাকছে ৭৭৬টি ষ্টল ও ৩৫টি প্যাভিলিয়ন মেলার আয়োজন নিয়ে সোমবার বাংলা একাডেমিতে এক সংবাদ স্মমেলনে সংস্কৃতি প্রতিমন্ত্রী কে এম খালিদ জানান করোনা স্বাস্থ্যবিধি মেনেই বইমেলা পরিচালনা করা হবে মেলায় আগতদের মাস্ক পরা বাধ্যতামূলক জানিয়ে তিনি বলেন দেরিতে শুরু হওয়ায় এবারের মেলা ফেব্রুয়ারির পরেও চলতে পারে বাংলা একাডেমির মহাপরিচালক কবি মুহম্মদ নূরুল হুদা জানিয়েছেন ভাষা আন্দোলনের ৭০ বছর ও বই মেলায় ৫০ বছর পূর্তিতে এবারের মেলা আলাদা গুরুত্ব বহন করছে প্রতিদিন দুপুর ২টা থেকে শুরু হয়ে রাত ৯টা পর্যন্ত চলবে বইমেলা আর শুক্র ও শনিবার মেলা শুরু হবে ১১টায় এছাড়া ২১ ফেব্রুয়ারি মেলা শুরু হবে সকাল ৮টায় উল্লেখ্য যে ১৯৭২ সালের একুশে ফেব্রুয়ারি ভাষা দিবসের অনুষ্ঠানে বাংলা একাডেমির ফটকে চট বিছিয়ে বই বিক্রি শুরু করেন মুক্তধারা প্রকাশনীর মালিক চিত্তরঞ্জন সাহা পরে ১৯৭৭ সালে তার সঙ্গে আরো অনেকে যোগ দেন এরপর ১৯৭৮ সালে বাংলা একাডেমির তৎকালীন মহাপরিচালক আশরাফ সিদ্দিকী বাংলা একাডেমিকে এ বইমেলার সঙ্গে সম্পৃক্ত করেন পরের বছর মেলার সঙ্গে যুক্ত হয় বাংলাদেশ পুস্তক বিক্রেতা ও প্রকাশক সমিতি ১৯৮৩ সালে মনজুরে মওলা বাংলা একাডেমির মহাপরিচালকের দায়িত্বে থাকার সময় অমর একুশে গ্রন্থমেলা নামে এ মেলা আয়োজনের প্রস্তুতি নেয়া হলেও তা আর করা যায়নি পরের বছর ১৯৮৪ সালে বাংলা একাডেমি প্রাঙ্গণে অমর একুশে বইমেলার সূচনা হয়,0
জাফর এক্সপ্রেসে বিএলএর হামলা সংগঠনটির ২৫ বছরের ইতিহাসে সম্ভবত সবচেয়ে বড় হামলা সন্ত্রাসী কর্মকাণ্ড হিসেবে সবচেয়ে পরিশীলিত যা তাদের জ্ঞাত ক্ষমতাও অতিক্রম করেছে নিঃসন্দেহে এই জঘন্য অভিযানের মধ্য দিয়ে তাদের আন্তর্জাতিক মাত্রা প্রমাণিত কারণ সন্ত্রাসীরা আফগানিস্তানে তাদের সহচরদের সঙ্গে ক্রমাগত যোগাযোগ রাখছিল আমাদের নিরাপত্তা বাহিনী সুপরিকল্পিত কৌশলের মাধ্যমে সব জিম্মিকে শুধু মুক্তই করেনি তাদের ৩৩ জনকে হত্যাও করেছে অভিযান শুরু হওয়ার আগেই সন্ত্রাসীরা ২১ যাত্রীকে হত্যা করেছিল এবং অভিযানের সময় চারজন এফসি বেলুচিস্তান ও খাইবার পাখতুনখোয়া প্রদেশে কর্মরত সৈন্যও শহীদ হয়েছেন বলে জানা গেছে পাকিস্তান ও চীনের উদ্দেশে এক ভিডিও বার্তায় বিএলএ জানিয়েছে তারা সিপিইসি চীনা প্রকল্প সম্পন্ন হতে দেবে না এবং ভবিষ্যতেও একই ধরনের হামলা চালাবে এটি প্রমাণ হিসেবে যথেষ্ট যে তারা সিপিইসির প্রতিপক্ষ এবং পাকিস্তানের উন্নতি ও অগ্রগতি চায় না এমন শক্তির পক্ষে কাজ করছে রাজনৈতিক ও নিরাপত্তা বিশ্লেষকরা পাকিস্তানের প্রতি তালেবান সরকারের বৈরিতার জন্য আফগানিস্তানে ভারতের জোরালো প্রভাব এবং র টিটিপি আফগান গোয়েন্দা সংস্থা এবং বিএলএর মধ্যে প্রমাণিত যোগসাজশকে দায়ী করেছেন টিটিপির প্রতিরক্ষা ও অর্থবিষয়ক প্রধান মৌলভি মনসুরের আত্মপ্রকাশ যিনি গত বছরের জুলাই মাসে বেলুচিস্তানে গ্রেপ্তার হয়েছিলেন সেই জোটের অস্তিত্বকে সমর্থন করার জন্য যথেষ্ট তিনি দ্ব্যর্থহীনভাবে আবারও বলেছেন টিটিপির মাধ্যমে তহবিল দেওয়া হচ্ছিল এবং সিপিইসিকে ধ্বংস করার জন্য বিএলএর সঙ্গে তাদের সহযোগিতাও তাদের নির্দেশে হয়েছিল ভারতীয় গণমাধ্যমে ঘটনার প্রতিবেদনগুলোও ভারতের জড়িত থাকা প্রমাণ করে বান্নু ক্যান্টনমেন্টের পর কয়েক দিনের মধ্যে এটি ছিল দ্বিতীয় বৃহত্তম সন্ত্রাসী হামলা সেই ঘটনায়ও আমাদের নিরাপত্তা বাহিনী সব আক্রমণকারীকে হত্যা করেছিল সবচেয়ে দুঃখজনক বাস্তবতা হলো কাবুলের তালেবান সরকার সন্ত্রাসী সংগঠনগুলোকে অন্য কোনো দেশের ওপর হামলার জন্য তাদের মাটি ব্যবহার করতে না দেওয়ার ব্যাপারে বাধ্যবাধকতা মানছে না বরং তারা তাদের সঙ্গে জোটবদ্ধ এবং পাকিস্তানের অভ্যন্তরে এই জঘন্য কাজগুলো পরিচালনাকে সমর্থন করছে তারা নিজেদের ভবিষ্যতের পরিণতি সম্পর্কে সচেতন নয় একদিন আগে ১০ ফেব্রুয়ারি জাতিসংঘে আমাদের স্থায়ী প্রতিনিধি মুনির আকরাম সন্ত্রাসী কর্মকাণ্ডের কারণে আন্তর্জাতিক শান্তি ও নিরাপত্তার জন্য হুমকি শিরোনামে জাতিসংঘ নিরাপত্তা পরিষদে বিবৃতি দিয়েছেন এতে তিনি বলেছিলেন আমাদের অবশ্যই আফগানিস্তান থেকে আসা সন্ত্রাসী হুমকির ব্যাপারে জোরালো মনোযোগ দিতে হবে আমাদের সীমান্তের মধ্যে আল কায়দা ও অন্যান্য সন্ত্রাসী গোষ্ঠীকে সফলভাবে ধ্বংস করার পর আমাদের সীমান্ত এলাকায় প্রস্তুতি থাকতে হবে আমি আবারও বলতে চাই আমাদের সীমান্তের মধ্যে পাকিস্তান নিয়মিত সন্ত্রাসীদের মুখে পড়ছে টিটিপি দায়েশ ও মাজিদ ব্রিগেডের মতো সন্ত্রাসী হামলার কথা উল্লেখ করা যায় আমি মনে করি এই সন্ত্রাসী অস্তিত্বের বিরুদ্ধে বিশ্বব্যাপী সমর্থন বৃদ্ধি করার পাশাপাশি সন্ত্রাসবাদের ক্রমবর্ধমান হুমকি মোকাবিলায় আঞ্চলিক শক্তিগুলোর সর্বসম্মত দৃষ্টিভঙ্গি গ্রহণ করা জরুরি সেই সঙ্গে তালেবান সরকারকে তার মাটিতে সন্ত্রাসীদের আস্তানা নির্মূল করার প্রয়োজনীয়তার ওপর জোর দেওয়া দরকার যা শুধু পাকিস্তানের জন্যই নয় সমগ্র অঞ্চলের জন্য হুমকি আফগানিস্তানের দীর্ঘমেয়াদি স্বার্থেও এ বিষয়ে চূড়ান্ত পদক্ষেপ নেওয়া উচিত পাকতিয়ায় টিটিপির আস্তানাগুলোতে হামলাকালে যেমনটি প্রমাণিত হয়েছিল পাকিস্তানের নিরাপত্তা বাহিনী এই হুমকি মোকাবিলায় সম্পূর্ণরূপে সক্ষম পাকিস্তান আফগানিস্তানের সঙ্গে সরাসরি সংঘর্ষ চায় না এ বিষয়টি এ থেকে স্পষ্ট তারা সর্বদা কূটনৈতিক চ্যানেল ব্যবহার করে আফগানিস্তানকে এ বিষয়ে তার দায়িত্বের কথা মনে করিয়ে দিয়েছে তবে জাফর এক্সপ্রেস ঘটনার পর পরিস্থিতি ভিন্নভাবে মোকাবিলা করতে হতে পারে আইএসপিআর মহাপরিচালক গণমাধ্যমের সঙ্গে কথা বলার সময় বলেন যেই করুক না কেন আমি স্পষ্টভাবে বলতে চাই তাকে খুঁজে বের করে বিচারের আওতায় আনা হবে আমি আরও যুক্ত করতে চাই জাফর এক্সপ্রেসের এই ঘটনা খেলার নিয়ম বদলে দেয় কারণ এই সন্ত্রাসীদের সঙ্গে পাকিস্তান ইসলাম এবং বেলুচিস্তানের কোনো সম্পর্ক নেই সন্ত্রাসীরা দেশের বাইরে তাদের সহযোগী এবং পাকিস্তানের অভ্যন্তরে সন্ত্রাসবাদ উস্কে দেওয়ার ক্ষমতা এবং দেশের অভ্যন্তরে তাদের সহানুভূতিশীলদের এই কথাগুলো অবশ্যই তাদের ব্যাপারে মাথায় রাখবে,0
সারা বিশ্বেই ভূপর্যবেক্ষণ প্রযুক্তির চাহিদা বাড়ছে বড় দেশগুলো তো বটেই উদীয়মান দেশগুলোও এ খাতে তাদের বিনিয়োগ বাড়াচ্ছে এরই মধ্যে এই প্রযুক্তির বাজার ৫০০ কোটি মার্কিন ডলার ছুঁয়েছে এটি আগামী ২০৩৩ সালের মধ্যে ৮০০ কোটি ডলার ছাড়িয়ে যাবে বলে জানিয়েছে মহাকাশ প্রযুক্তিবিষয়ক পরামর্শক সংস্থা নোভাস্পেস সম্প্রতি প্রকাশিত এক প্রতিবেদনে নোভাস্পেস বলছে বর্তমানে ভূপর্যবেক্ষণ প্রযুক্তির বাজার ৫০০ কোটি ডলারের এ বাজার দ্রুতই ৮০০ কোটি ডলার ছাড়িয়ে যাবে এ জন্য অবশ্য নোভাস্পেস সম্ভাব্য সময় হিসেবে ২০৩৩ সালের কথা বলেছে তবে একই ধরনের অন্য সংস্থাগুলো বলছে এ বাজারের আকার দেড় হাজার কোটি ডলারও ছুঁতে পারে এই সময় ব্যবধানে বার্তা সংস্থা রয়টার্সের প্রতিবেদনে বলা হয় ভূপর্যবেক্ষণ ইও প্রযুক্তি ক্রমেই জনপ্রিয় হচ্ছে বিশেষত সীমান্ত নিরাপত্তা জলবায়ু পরিবর্তনসহ নানা ধরনের কাজে এই প্রযুক্তি ব্যবহার করা হয় এর সবচেয়ে বেশি ব্যবহারের সম্ভাব্য ক্ষেত্র হিসেবে রয়েছে প্রতিরক্ষা দপ্তরগুলো সাগরের তলদেশে হলুদ ইটের রাস্তা গবেষকরা যা বলছেনসাগরের তলদেশে হলুদ ইটের রাস্তা গবেষকরা যা বলছেন বাতাসের মান বায়ুমণ্ডলের রাসায়নিক গঠন তো বটেই ভূপ্রকৃতির বদল ভূপৃষ্ঠের ছবি তোলা এর থ্রিডি মডেলিংসহ প্রায় সবকিছুই এই ভূপর্যবেক্ষণ প্রযুক্তির আওতায় এর বড় ধরনের প্রয়োগ রয়েছে কৃষি খাতে বর্তমানে নিরাপত্তা সম্পর্কিত নানা বিষয়াদিও এর সাথে যুক্ত হয়েছে বলা যায় অগ্রসর এই প্রযুক্তি ক্ষমতাধর দেশগুলোর চোখ ও কানকে অনেকটাই প্রসারিত করবে এই প্রযুক্তি আরও উন্নত হচ্ছে বিশেষত প্রতিরক্ষা ক্ষেত্রে এর চাহিদা ক্রমেই বাড়ছে আর গবেষণা ক্ষেত্রেও উচ্চমানের ছবি ও থ্রিডি মডেলিং যুক্ত হওয়ায় পৃথিবী পর্যবেক্ষণে নতুন মাত্রা যুক্ত হওয়ার সম্ভাবনা তৈরি হয়েছে সাথে তো মহাকাশ প্রযুক্তির বাণির্জিকীকরণের মতো সম্ভাবনা রয়েছেই মহাকাশে মিলল সোনাভর্তি গ্রহাণু পেলে আপনিও হয়ে যাবেন বিলিয়নিয়ারমহাকাশে মিলল সোনাভর্তি গ্রহাণু পেলে আপনিও হয়ে যাবেন বিলিয়নিয়ার নোভাস্পেস বলছে ২০২৩ সালে ভূপর্যবেক্ষণ প্রযুক্তি বাজারের ৪৪ শতাংশ আমেরিকার দখলে এর পরের অবস্থানেই আছে ইউরোপ বাজারে যার অংশ ২২ শতাংশ তবে সামনে এই খাতের প্রবৃদ্ধির একটি বড় অংশই এশিয়ায় হবে বলে মনে করা হচ্ছে এ ক্ষেত্রে অবশ্যই সামনের কাতারে রয়েছে চীন এর পর ভারত ২০৩৩ সাল নাগাদ এই বাজারের ২৩ শতাংশ এশিয়া দখল করবে বলে মনে করা হচ্ছে এ ক্ষেত্রে এগিয়ে থাকবে দক্ষিণপূর্ব এশিয়া ও মধ্যপ্রাচ্য অঞ্চল,1
প্রস্তাবিত ২১২২ বাজেটে উন্নয়নমূলক খাতে সর্বোচ্চ বরাদ্দ পাচ্ছে রূপপুর পারমানবিক বিদ্যুৎকেন্দ্র নির্মাণাধীন এ বিদ্যুৎকেন্দ্র ২০২১২২ অর্থবছরে বরাদ্দ পাচ্ছে ১৮ হাজার ৪২৬ কোটি টাকা এছাড়া দেশের মেগা প্রজেক্টগুলোরও বরাদ্দ বৃদ্ধি পাচ্ছে দৈনিক ইত্তেফাকের সর্বশেষ খবর পেতে অনুসরণ করুনসর্বোচ্চ বরাদ্দপ্রাপ্ত ১০ উন্নয়ন প্রকল্প ১ রূপপুর পারমানবিক বিদ্যুৎকেন্দ্র ২০২১২২ অর্থবছরে বরাদ্দ পাচ্ছে ১৮ হাজার ৪২৬ কোটি টাকা ২ মাতারবাড়ি ৬০০ মেগাওয়াট আল্ট্রা সুপার ক্রিটিক্যাল কোল পাওয়ার্ড পাওয়ার প্রজেক্ট পেয়েছে প্রায় ৬ হাজার ১৬২ কোটি টাকা ৩ চতুর্থ প্রাথমিক শিক্ষা উন্নয়ন কর্মসূচি পিইডিপি৪ পেয়েছে প্রায় ৫ হাজার ৫৪ কোটি টাকা ৪ ঢাকা ম্যাস র্যাপিড ট্রানজিট ডেভেলপমেন্ট প্রজেক্ট লাইন৬ পেয়েছে প্রায় ৪ হাজার ৮০০ কোটি টাকা ৫ পদ্মা সেতু রেলসংযোগ ১ম সংশোধিত প্রকল্প পেয়েছে প্রায় ৩ হাজার ৮২৩ কোটি টাকা ৬ বঙ্গবন্ধু শেখ মুজিব রেলওয়ে সেতু নির্মাণ প্রকল্পে বরাদ্দ দেওয়া হয়েছে প্রায় ৩ হাজার ৫৮০ কোটি টাকা ৭ পদ্মা বহুমুখী সেতু নির্মাণ ২য় সংশোধিত প্রকল্পে মোট ৩ হাজার ৫০০ কোটি টাকা বরাদ্দ দেওয়া হয়েছে ৮ ঢাকাআশুলিয়া এলিভেটেড এক্সপ্রেসওয়ে নির্মাণ প্রকল্প পেয়েছে প্রায় ৩ হাজার ২২৭ কোটি টাকা ৯ পাওয়ার সিস্টেম নেটওয়ার্ক আন্ডার ডিপিডিসি এরিয়া প্রকল্পে দেওয়া হয়েছে প্রায় ৩ হাজার ৫১ কোটি টাকা ১০ হযরত শাহজালাল আ,1
এবার পদত্যাগ করলেন জাতীয় বিশ্ববিদ্যালয়ের উপচার্য প্রফেসর মশিউর রহমান আজ রবিবার বিকেলে তিনি শিক্ষা মন্ত্রণালয়ের সচিবের কাছে পদত্যাগপত্র জমা দেন বিষয়টি নিশ্চিত করেছেন জাতীয় বিশ্ববিদ্যালয়ের জনসংযোগ শাখার কর্মকর্তা মহিউদ্দিন মাহি অধ্যাপক ড মশিউর রহমান বলেন জাতীয় বিশ্ববিদ্যালয়ের উপাচার্যের পদ থেকে অব্যাহতি নিয়ে ঢাকা বিশ্ববিদ্যালয়ে যোগদান করেছি ২০২১ সালের মে মাসে ঢাকা বিশ্ববিদ্যালয়ের সমাজবিজ্ঞান বিভাগের এই অধ্যাপক জাতীয় বিশ্ববিদ্যালয়ের উপাচার্য হিসেবে নিয়োগ পান এর আগে তিনি বিশ্ববিদ্যালয়টির উপউপাচার্য হিসেবে দায়িত্ব পালন করেছেন জানা গেছে ৫ আগস্ট ছাত্রজনতার অভ্যুত্থানের মুখে পদত্যাগ করে দেশ ছাড়েন আওয়ামী লীগ সভানেত্রী ও সাবেক প্রধানমন্ত্রী শেখ হাসিনা এরপর থেকে বিশ্ববিদ্যালয়ে অনুপস্থিত ছিলেন মশিউর রহমান,0
বুয়েটের ভর্তি পরীক্ষায় প্রথম হওয়া মেফতাউল আলম সিয়াম সবাইকে তাক লাগিয়ে দিয়েছেন ঢাকা বিশ্ববিদ্যালয়ে ক ইউনিটের ভর্তি পরীক্ষায় আগেই প্রথম হয়েছিলেন এছাড়া দেশের তিনটি প্রকৌশল ও প্রযুক্তি বিশ্ববিদ্যালয়ের গুচ্ছ ভর্তি পরীক্ষায় তৃতীয় ইসলামিক ইউনিভার্সিটি অব টেকনোলজির আইইউটি ভর্তি পরীক্ষায় প্রথম আর মেডিকেলের ভর্তি পরীক্ষায় ৫৯তম হয়েছিলেন তিনি এবার বাংলাদেশ প্রকৌশল বিশ্ববিদ্যালয়ের বুয়েট ভর্তি পরীক্ষায়ও প্রথম হলেন মেফতাউল বৃহস্পতিবার রাতে ২০২০২১ শিক্ষাবর্ষে স্নাতক প্রথম বর্ষের ভর্তি পরীক্ষার ফলাফলে দেখা যায় প্রথম হয়েছেন বগুড়ার সরকারি আজিজুল হক কলেজ থেকে উচ্চমাধ্যমিক পাস করা মেফতাউল গণমাধ্যমের খবর বলছে পঞ্চম শ্রেণিতে মেফতাউলের রোল নম্বর ছিল ২৫২ তবে হাইস্কুলে ভর্তি হয়েই পড়াশোনায় মনোযোগ দেন তিনি ষষ্ঠ শ্রেণিতে তার রোল নম্বর ছিল ২০ এরপর অষ্টম শ্রেণি থেকে প্রথম হতে শুরু করেন মাধ্যমিক ও উচ্চ মাধ্যমিক দুটিতেই জিপিএ ৫ পেয়েছেন মেফতাউল পঞ্চমের সমাপনী পরীক্ষায় জিপিএ ৫ পান তিনি অষ্টম শ্রেণিতে জিপিএ ৫ ও জেনারেল বৃত্তি এবং এসএসসিতে জিপিএ ৫ ও ট্যালেন্টপুলে বৃত্তি পান বগুড়ার অবসরপ্রাপ্ত এনজিও কর্মকর্তা খোরশেদ আলমের তিন ছেলের মধ্যে মেফতাউল আলম সিয়াম সবার বড় তার মা মা মুনজিলা আলম গৃহিণী তাদের অনুপ্রেরণায়ই সাফল্য লাভ করেছেন বলে জানিয়েছেন তিনি,0
চারদিকে ধু ধু মাঠ মাঝে একটি রানওয়ে আর একটি ভবন প্রায় শত বছর আগে বিমানবন্দরটি গড়ে তুলেছিল বিখ্যাত উড়োজাহাজ নির্মাতা প্রতিষ্ঠান ডি হ্যাভিল্যান্ড কানাডা এরপর বহুদিন হয়েছে বিমানবন্দরটি পরিত্যক্ত এখন সেখানে গড়ে তোলা হচ্ছে বিশাল এক শহর এতে খরচও কম হবে না ব্যয় ধরা হয়েছে তিন হাজার কোটি মার্কিন ডলার বিমানবন্দরটির নাম ডাউনসভিউ এয়ারপোর্ট অবস্থান কানাডার টরন্টো শহরের উত্তরপশ্চিমে দ্বিতীয় বিশ্বযুদ্ধের সময়ও সেখানে ব্যাপক হারে যুদ্ধবিমান তৈরি করা হয়েছে এরপর নব্বইয়ের দশকের শুরুর দিকে বিমানবন্দরটি কিনে নেয় বম্বার্ডিয়ার নামের আরেক উড়োজাহাজ ও মহাকাশযান নির্মাতা প্রতিষ্ঠান তবে ২০২৪ সালে তারাও সেখান থেকে ব্যবসা গুটিয়ে চলে যায় এরপর ২০২৬ সালের শুরুর দিকে বিমানবন্দরটিতে শুরু হচ্ছে ওই শহর নির্মাণের কাজ ৩৭০ একর জমির ওপর এই শহরে থাকতে পারবেন ৫০ হাজারের বেশি মানুষ শহরের ৭৫ একর এলাকায় থাকবে সবুজ গাছপালা ও উন্মুক্ত জায়গা প্রথম ধাপে ২০৩১ সাল পর্যন্ত ৩ হাজার বাড়ি নির্মাণ করা হবে ৩০ বছর পর নির্মাণকাজ শেষে এটিই হবে উত্তর আমেরিকার সবচেয়ে বড় আবাসন প্রকল্পগুলোর একটি শহরটি নির্মাণ করতে গিয়ে রানওয়ের কিন্তু কোনো ক্ষতি করা হবে না সেটি শহরের কেন্দ্রেই থাকবে শহরের মোট সাতটি এলাকাকে যুক্ত করবে এই রানওয়ে প্রতিটি এলাকায় থাকবে নিজস্ব শিক্ষাপ্রতিষ্ঠান লাইব্রেরি দোকানপাট ও কমিউনিটি সেন্টার এই প্রকল্পের দায়িত্ব পাওয়া প্রতিষ্ঠান নর্থক্রেস্ট ডেভেলপমেন্টের প্রধান ড্রেক গোরিং বলেন শহরে বিমানবন্দরটির ঐতিহ্য ধরে রাখবে এই রানওয়ে বিমানবন্দরে উড়োজাহাজ রাখার অবকাঠামোও ভাঙা হবে না বরং সেটি সংস্কার করে তৈরি হবে বাণিজ্যিক ভবন সেখানে হবে চলচ্চিত্র নির্মাণসহ বিভিন্ন কাজ পরিবেশের কথা মাথায় রেখে ছাদে লাগানো হবে ঘাস আর গাছপালা ড্রেক গোরিংয়ের ভাষ্যমতে বিমানবন্দরে থাকা স্থাপনাগুলো না ভেঙে যদি সেগুলো আবার কাজে লাগানো যায় তাহলে কার্বন নিঃসরণ কমবে বাঁচবে প্রকৃতিও,1
১৯৭১ সালের ২৫ মার্চের বিভীষিকাময় কালরাতের হত্যাযজ্ঞ স্মরণে সারা দেশে আলো নিভিয়ে স্মরণ করা হল ২৫ মার্চের ভয়াল কালরাতের কথা শুক্রবার ২৫ মার্চ রাত ৯টা থেকে ৯টা ১ মিনিট পর্যন্ত সারা দেশে আলো নিভিয়ে এ ব্ল্যাক আউট কর্মসূচি পালন করেছে বাংলাদেশ একাত্তরে গণহত্যায় নিহতদের স্মরণে সারা দেশে ৯টা বাজতেই এক মিনিটের জন্য নামে অন্ধকার প্রতীকী ব্ল্যাকআউট এর আগে পরে মোম জ্বালিয়ে সেই অন্ধকার রাতের ভয়াবহতার কথা নতুন প্রজন্মের কাছে তুলে ধরতে এ কর্মসূচি পালন করে বিভিন্ন সংগঠন একাত্তরের এই দিনে নিরস্ত্র বাঙালির ওপর ইতিহাসের বর্বরতম হত্যাযজ্ঞ চালায় পাকিস্তানি হানাদার বাহিনী জাতীয় গণহত্যা দিবস হিসেবে দিনটি পালন হলেও স্বাধীনতার ৫১ বছরেও মেলেনি আন্তর্জাতিক স্বীকৃতি ১৯৭১ সালের ৭ মার্চ বঙ্গবন্ধু শেখ মুজিবুর রহমানের ভাষণে স্বাধীনতার দিকনির্দেশনা পাওয়ার পর মুক্তিকামী জনতার মধ্যে বিদ্রোহ দানা বাঁধতে থাকে অন্যদিকে পাকিস্তানি সেনাবাহিনী প্রস্তুতি নেয় ভয়ংকর নিধনযজ্ঞের বাঙালির মুক্তির আন্দোলনকে চিরতরে স্তব্ধ করে দেয়ার জন্য ২৫ মার্চ রাতে এ দেশের নিরস্ত্র মানুষের ওপর ঝাঁপিয়ে পড়ে পাকিস্তানি সেনাবাহিনী অপারেশন সার্চলাইট নামের সেই অভিযানে ঢাকা বিশ্ববিদ্যালয় রাজারবাগ পুলিশ লাইন্স রমনা কালিমন্দিরসহ বিভিন্ন এলাকায় শুরু হয় গণহত্যা ওই রাতে শুধু ঢাকায় অন্তত ৭ হাজার বাঙালিকে হত্যা করা হয় সে রাতের প্রত্যক্ষদর্শীদের একজন অরুণ চন্দ্র রায় থাকতেন জগন্নাথ হলে পাকিস্তানি বাহিনীর সে হত্যাযজ্ঞের কথা মনে হলে আজও শিউরে ওঠেন তিনি ঢাকা বিশ্ববিদ্যালয়ের মধুর ক্যান্টিন চালাতেন মধুসূদন দে তার ছেলে অরুণ কুমার দে জানালেন সে রাতে ক্যান্টিন ভাঙচুর থেকে শুরু করে বাবামাসহ পরিবারের চার সদস্যকে নির্মমভাবে হত্যা করার কথা পাকিস্তানি হানাদারদের বিরুদ্ধে প্রথম প্রতিরোধ গড়ে ওঠে রাজারবাগ পুলিশ লাইনে বীরত্বের সঙ্গে লড়াই করলেও সে রাতে শহিদ হয়েছিলেন শতাধিক পুলিশ সদস্য তবে স্বাধীনতার ৫১ বছরেও মেলেনি নির্মম সেই গণহত্যার আন্তর্জাতিক স্বীকৃতি ২০১৭ সালের ১১ মার্চ সংসদে প্রস্তাব গ্রহণের মাধ্যমে ২৫ মার্চকে জাতীয় গণহত্যা দিবস ঘোষণা করে সরকার,0
ডোনাল্ড ট্রাম্পের কর বাড়ানোর হুমকি শিগগিরই আন্তর্জাতিক খবরে বড় শিরোনাম হতে পারে কিন্তু বৈশ্বিক অর্থনীতি ও বাণিজ্যব্যবস্থার ক্ষেত্রে চীনের অতিরিক্ত উৎপাদনক্ষমতা বা ওভার ক্যাপাসিটিও একটি দীর্ঘমেয়াদি বড় চ্যালেঞ্জ হিসেবে সংবাদমাধ্যমে বড় জায়গা দখল করবে উন্নত এবং উদীয়মান দেশগুলো সম্প্রতি চীনের পণ্য আমদানিতে শুল্ক আরোপ করেছে এর প্রতিক্রিয়ায় চীনও বিভিন্ন পদক্ষেপ নিয়েছে এবং সামষ্টিক অর্থনীতিতে প্রণোদনা দিয়েছে ফলে আগামী কয়েক বছরে চীনের অতি উৎপাদনের এই সমস্যা কোন দিকে গড়াবে তা ক্রমে স্পষ্ট হচ্ছে বোঝা যাচ্ছে বৈশ্বিক ভূরাজনীতির ওপর এই সংকট বড় ধরনের প্রভাব ফেলবে যুক্তরাষ্ট্র চীনের ওভার ক্যাপাসিটির বিরুদ্ধে ব্যবস্থা হিসেবে শুল্ক আরোপ করার এক মাস পর গত ২৯ অক্টোবর ইউরোপও চীনের উৎপাদিত বিদ্যুচ্চালিত গাড়ির ইভিএস ওপর শুল্ক বসায় এই পদক্ষেপগুলো ব্যাপকভাবে প্রচারিত হলেও বিশ্ব বাণিজ্য সংস্থায় চীনের দায়ের করা অভিযোগ যেখানে চীন তুরস্কের ইভিএস শুল্কের বিরুদ্ধে প্রতিবাদ জানিয়েছে অনেকটাই উপেক্ষিত রয়ে গেছে এই মামলা চীনের ব্যর্থতাকে তুলে ধরেছে এ থেকে বোঝা যাচ্ছে চীন উদীয়মান বাজারগুলোকে উন্নত অর্থনীতির পথ অনুসরণ করা থেকে নিরুৎসাহিত করার চেষ্টা করেও তা এখন পর্যন্ত করতে পারেনি এদিকে বিদেশের মাটিতে চীনের উৎপাদন বেড়ে যাওয়ার ফলে বৈশ্বিক অর্থনীতি পরিবর্তিত হচ্ছে এবং বৈশ্বিক অর্থনীতিতে চীনের ভূমিকা বদলে যাচ্ছে চীনের সাম্প্রতিক প্রণোদনা পরিকল্পনা দেখাচ্ছে সরকার দেশের দুর্বল অভ্যন্তরীণ চাহিদার কথা স্বীকার করলেও অর্থনীতির ভারসাম্য ফিরিয়ে আনার জন্য তারা চেষ্টা করছে না এর ধারাবাহিকতায় যুক্তরাষ্ট্র ও চীনের বাণিজ্যযুদ্ধ আবার বাড়তে পারে কারণ ট্রাম্প চীনা পণ্যে ৬০ শতাংশ আমদানি শুল্ক বসানোর কথা আগাম ঘোষণা করে বসে আছেন চীনের অতিরিক্ত উৎপাদনের প্রভাব অন্য বড় অর্থনীতিতে বেশি পড়বে ইউরোপীয় ইউনিয়ন ইইউ এতে সবচেয়ে বেশি ক্ষতিগ্রস্ত হতে পারে কারণ চীনের সঙ্গে ইউরোপের বাণিজ্যিক বিরোধ বাড়ছে ইইউ যেসব চীনা বিদ্যুচ্চালিত গাড়িতে শুল্ক বসিয়েছে সেটিকে সবে শুরু বলা যেতে পারে সদস্যদেশগুলোর মধ্যে এই শুল্ক নিয়ে মতবিরোধ থাকলেও ভবিষ্যতে আরও বড় পদক্ষেপ দেখা যেতে পারে উন্নত দেশগুলোর দিকে থেকে চাপ আসার কারণে বাধ্য হয়ে চীনের রপ্তানিকারকেরা এখন তাদের পণ্য উন্নয়নশীল দেশগুলোতে পাঠাচ্ছে কারণ ২০২৩ সালে চীনের রপ্তানির ৫০ শতাংশের বেশি এই দেশগুলোর কাছে গেছে সামনে চীনের রপ্তানি আরও বাড়বে ফলে বড় বড় দেশগুলোর সঙ্গে চীনের বাণিজ্যঘাটতি বাড়বে এই দেশগুলো চীনের সস্তা পণ্য ও বিনিয়োগ থেকে লাভ পাচ্ছে কিন্তু তারা চীনের বাজারে প্রবেশ করতে পারছে না এ কারণে তাদের নিজস্ব শিল্পের উন্নতিসাধন কঠিন হয়ে পড়ছে ট্রাম্প চীনের ওপর নতুন আমদানি শুল্ক আরোপ করার এবং অন্যান্য দেশ থেকে আমদানির ওপর ১০ থেকে ২০ শতাংশ শুল্ক আরোপের প্রতিশ্রুতি দিয়েছেন এর ফলে চীনের রপ্তানি আরও বেশি করে উদীয়মান বাজার এবং ইউরোপীয় ইউনিয়নে চলে যাবে এটি চীনের ওপর বিশ্ববাণিজ্যব্যবস্থার নির্ভরশীলতা বাড়াবে যুক্তরাষ্ট্র ও ইউরোপীয় ইউনিয়ন চীনের অতিরিক্ত উৎপাদনক্ষমতা নিয়ে সমস্যা তুলে ধরেছে তারা শুল্ক এবং আন্তর্জাতিক সম্পর্কের মাধ্যমে চীনা শিল্পের এই সমস্যার মোকাবিলা শুরু করেছে আশার বিষয় হলো চীনা কোম্পানিগুলো তাদের সম্প্রসারণ পরিকল্পনা কমিয়েছে কারণ অভ্যন্তরীণ চাহিদা কম এবং অতিরিক্ত পণ্য রপ্তানি করা কঠিন হয়ে পড়েছে তবে এই সমস্যা সমাধানে আরও কঠোর বাণিজ্য নিষেধাজ্ঞা এবং নতুন নীতি দরকার জি৭ দেশগুলোর একযোগে কাজ করার গতি ইঙ্গিত দিচ্ছে যে ভবিষ্যতে আরও পদক্ষেপ নেওয়া হবে চীন থেকে পণ্য আমদানিতে নিরাপত্তা পরিবেশ এবং শ্রমবিষয়ক পর্যালোচনা বাড়বে চীন বিদেশি বিনিয়োগ বাড়িয়েছে এটি তার বাণিজ্যিক অংশীদারেরা স্বাগত জানিয়েছে কিন্তু এই পরিকল্পনা কতটা কার্যকর হবে তা নিয়ে সন্দেহ রয়েছে,0
শিক্ষার্থী উদ্যোক্তা খুঁজতে প্রতিযোগিতার আয়োজন করেছে উদ্যোক্তা সংগঠন ইও বাংলাদেশ আগামী ২০ ডিসেম্বর থেকে এই প্রতিযোগীতা শুরু হচ্ছে সোমবার রাজধানীর বসুন্ধরায় জিপি হাউসে আয়োজিত এক অনুষ্ঠানের মাধ্যমে ৭তম বার্ষিক গ্লোবাল স্টুডেন্ট এন্টারপ্রেনারশিপ অ্যাওয়ার্ড জিএসইএ ২০২২২৩ এর উদ্বোধন হয় শিক্ষার্থী উদ্যোক্তাদের খুঁজে বের করাই প্রতিযোগিতার মূল লক্ষ্য বলে জানান অনুষ্ঠানের আয়োজকরা ইও বাংলাদেশের সভাপতি ফারিয়ান ইউসুফের সভাপতিত্বে অনুষ্ঠানে উপস্থিত ছিলেন সংগঠনের জিএসইএ চেয়ার সাদাত অমি জিপি এক্সিলারেটর হেড অব সোশ্যাল ইমপ্যাক্ট ফারহানা ইসলাম এবং স্টার্টআপ বাংলাদেশের হেড অব পোর্টফোলিও হাসান আরিফ ব্রিফিংয়ে আয়োজকরা জানান বাংলাদেশ থেকে প্রতিযোগিতার বিজয়ী উদ্যোক্তা দক্ষিণ আফ্রিকার কেপটাউনে গ্লোবাল চ্যাম্পিয়নশিপে বাংলাদেশের প্রতিনিধিত্ব করবেন তারা বলেন আগামী ২০ ডিসেম্বর থেকে নির্ধারিত ওয়েবসাইটের  মাধ্যমে আবেদন করা যাবে যাচাইবাছাই শেষে ২০ জানুয়ারি গ্রান্ড ফাইনাল অনুষ্ঠিত হবে ওই দিন বিজয়ীদের হাতে পুরস্কার তুলে দেওয়া হবে জিএসইএ চেয়ার সাদাত অমি জানান ছাত্র উদ্যোক্তাদের উৎসাহিত করতে এই প্লাটফর্ম তৈরি করা তাদের যাত্রা সফল করতে যা প্রয়োজন সবই সাপোর্ট দিচ্ছি আমরা জিপি এক্সিলারেটর হেড অব সোশ্যাল ইমপ্যাক্ট ফারহানা ইসলাম বলেন ৫ লাখ কর্মসংস্থান হয়েছে জিপি এক্সেলেটরের মাধ্যমে এই আয়োজনে তরুন উদ্যোক্তারা অংশ নেবে যা খুবই প্রসংশনীয় স্টার্টআপ বাংলাদেশের পক্ষে হেড অব পোর্টফোলিও হাসান আরিফ বলেন আমরা এই পোগ্রামে যুক্ত হতে পেরে আনন্দিত উদ্যোক্তাদের আইডিয়ার সাথে তাদের উন্নয়নে আমরা কাজ করবো,0
আসন্ন শিক্ষাবর্ষের জন্য প্রণীত প্রাথমিক ও মাধ্যমিক স্তরের ৬৪৭টি পাঠ্যপুস্তকের অনলাইন সংস্করণ পিডিএফ প্রকাশ করেছে এনসিটিবি সংস্থাটির ওয়েবসাইটে  বইগুলোর পিডিএফ কপি দেওয়া হয়েছে ফলে কেউ চাইলে শিক্ষাবর্ষ শুরুর আগেই সেখান থেকে বই ডাউনলোড করে নিতে পারবে আজ রোববার মতিঝিলে এক অনুষ্ঠানের এই কার্যক্রম উদ্বোধন করেন শিক্ষা উপদেষ্টা অধ্যাপক চৌধুরী রফিকুল আবরার সি আর আবরার এবং প্রাথমিক ও গণশিক্ষা উপদেষ্টা বিধান রঞ্জন রায় পোদ্দার এ সময় মাধ্যমিক ও উচ্চশিক্ষা বিভাগের সচিব রেহানা পারভীন কারিগরি ও মাদ্রাসা শিক্ষা বিভাগের সচিব মুহাম্মদ রফিকুল ইসলাম প্রাথমিক ও গণশিক্ষা মন্ত্রণালয়ের সচিব আবু তাহের মো মাসুদ রানা এনসিটিবির চেয়ারম্যান অতিরিক্ত দায়িত্ব মো মাহবুবুল হক পাটওয়ারী প্রমুখ বক্তব্য দেন এবার প্রাথমিক ও মাধ্যমিক স্তরের জন্য মোট বইয়ের সংখ্যা ৩০ কোটি ২ লাখ ৫৫ হাজার ১৫৪ কপি এর মধ্যে ইবতেদায়ি স্তরসহ প্রাথমিকের ১১ কোটি ৭০ লাখ ৪৬ হাজারের বেশি বইয়ের শতভাগই বই সরবরাহ করা হয়েছে মাধ্যমিকে মোট বই ইবতেদায়ি ছাড়া ১৮ কোটি ৩২ লাখ ৮ হাজার ৬৯৩ কপি এর মধ্যে ২৭ ডিসেম্বর পর্যন্ত মাধ্যমিকের ৫৮ দশমিক ৬৮ শতাংশ পাঠ্যবই সরবরাহ হয়েছে,1
স্বাদগন্ধ বাড়াতে বাঙালির রান্না ঘরে তেজপাতার উপস্থিতি সুপ্রাচীন এছাড়া স্বাদ বাড়াতে তেজপাতা ব্যবহার করা হলেও ডায়াবেটিস কমাতেও তেজপাতা খুবই উপকারী এর রয়েছে অনেক ঔষধি গুণ বিশেষজ্ঞদের মতে তেজপাতায় রয়েছে কপার সেলেনিয়াম আয়রন জিংক ম্যাগনেশিয়াম পটাশিয়াম ও ক্যালশিয়ামের মতো বিভিন্ন উপকারী উপাদান রয়েছে একাধিক ভিটামিনও তাই ডায়াবেটিস থাকলেও তেজপাতায় ক্ষতি নয় বরং লাভের আশাই বেশি দেখে নিন কী কী গুণ রয়েছে অতিপরিচিত মশলার ১ ডায়াবেটিস নিয়ন্ত্রণ তেজপাতা সহায়তা করতে পারে ডায়াবেটিস নিয়ন্ত্রণে গবেষণা বলছে দৈনিক এক থেকে তিন গ্রাম তেজ পাতা পাতে থাকলে কমতে পারে ডায়াবিটিস বিশেষজ্ঞদের মতে তেজপাতায় পাওয়া যায় পলিফেনল জাতীয় উপাদান যা ডায়াবিটিস নিয়ন্ত্রণে সহায়তা করতে পারে ২ রোগ প্রতিরোধ ক্ষমতা বৃদ্ধি তেজপাতায় ভিটামিন এ ভিটামিন বি৬ ও ভিটামিন সি পাওয়া যায় এই ভিটামিনগুলি রোগ প্রতিরোধ ক্ষমতা বৃদ্ধিতে সহায়তা করে সর্দিতে নাক বন্ধ হয়ে গেলে অনেকেই তেজপাতা দেওয়া চা পান করার পরামর্শ দেন ৩ মন ভাল রাখতে তেজ পাতার গন্ধে মানবদেহে আনন্দের অনুভূতি তৈরি করা হরমোনের মাত্রা বৃদ্ধি পায় পাশাপাশি ইদুরের উপর করা একটি সাম্প্রতিক গবেষণায় দেখা গিয়েছে প্রতি দিন ৫ মিনিট তেজপাতার ধোঁয়ায় থাকলে বৃদ্ধি পায় স্মৃতি শক্তি তবে এই বিষয়ে আরও বিস্তারিত গবেষণার প্রয়োজন বলে মত বিশেষজ্ঞদের ৪ ক্ষত নিরাময়ে তেজপাতার প্রদাহনাশক গুণ রয়েছে ক্ষতস্থান নিরাময়ে এই প্রদাহনাশক গুণ কাজে আসে বিভিন্ন প্রাণীর উপর করা পরীক্ষাতেও মিলেছে একই ফল ৫ কিডনির স্বাস্থ্য রক্ষায় ২০০৮ সালের একটি গবেষণায় দেখা গিয়েছে তেজপাতা কিডনির পাথর প্রতিরোধে কাজে লাগতে পারে এটি ইউরিয়েজ নামক একটি উৎসেচকের পরিমাণ নিয়ন্ত্রণে রাখে এই উৎসেচকের পরিমাণ অতিরিক্ত বেড়ে গেলে বেড়ে যায় কিডনিতে পাথর তৈরির আশঙ্কা গবেষণায় দেখা গেছে টানা ৩০ দিন ১ থেকে ৩ গ্রাম তেজপাতা গ্রহণ করলে রক্তে গ্লুকোজ ও কোলেস্টরেলের পরিমাণ কমে তেজপাতায় থাকা উপাদান ইনসুলিনের মাত্রা উল্লেখযোগ্য হারে নিয়ন্ত্রণে রাখে এছাড়াও তেজপাতার রয়েছে আরো অনেক গুণ,0
১৯৭১ সালের ২৫ মার্চের বিভীষিকাময় কালরাতের হত্যাযজ্ঞ স্মরণে সারা দেশে আলো নিভিয়ে স্মরণ করা হল ২৫ মার্চের ভয়াল কালরাতের কথা শুক্রবার ২৫ মার্চ রাত ৯টা থেকে ৯টা ১ মিনিট পর্যন্ত সারা দেশে আলো নিভিয়ে এ ব্ল্যাক আউট কর্মসূচি পালন করেছে বাংলাদেশ একাত্তরে গণহত্যায় নিহতদের স্মরণে সারা দেশে ৯টা বাজতেই এক মিনিটের জন্য নামে অন্ধকার প্রতীকী ব্ল্যাকআউট এর আগে পরে মোম জ্বালিয়ে সেই অন্ধকার রাতের ভয়াবহতার কথা নতুন প্রজন্মের কাছে তুলে ধরতে এ কর্মসূচি পালন করে বিভিন্ন সংগঠন একাত্তরের এই দিনে নিরস্ত্র বাঙালির ওপর ইতিহাসের বর্বরতম হত্যাযজ্ঞ চালায় পাকিস্তানি হানাদার বাহিনী জাতীয় গণহত্যা দিবস হিসেবে দিনটি পালন হলেও স্বাধীনতার ৫১ বছরেও মেলেনি আন্তর্জাতিক স্বীকৃতি ১৯৭১ সালের ৭ মার্চ বঙ্গবন্ধু শেখ মুজিবুর রহমানের ভাষণে স্বাধীনতার দিকনির্দেশনা পাওয়ার পর মুক্তিকামী জনতার মধ্যে বিদ্রোহ দানা বাঁধতে থাকে অন্যদিকে পাকিস্তানি সেনাবাহিনী প্রস্তুতি নেয় ভয়ংকর নিধনযজ্ঞের বাঙালির মুক্তির আন্দোলনকে চিরতরে স্তব্ধ করে দেয়ার জন্য ২৫ মার্চ রাতে এ দেশের নিরস্ত্র মানুষের ওপর ঝাঁপিয়ে পড়ে পাকিস্তানি সেনাবাহিনী অপারেশন সার্চলাইট নামের সেই অভিযানে ঢাকা বিশ্ববিদ্যালয় রাজারবাগ পুলিশ লাইন্স রমনা কালিমন্দিরসহ বিভিন্ন এলাকায় শুরু হয় গণহত্যা ওই রাতে শুধু ঢাকায় অন্তত ৭ হাজার বাঙালিকে হত্যা করা হয় সে রাতের প্রত্যক্ষদর্শীদের একজন অরুণ চন্দ্র রায় থাকতেন জগন্নাথ হলে পাকিস্তানি বাহিনীর সে হত্যাযজ্ঞের কথা মনে হলে আজও শিউরে ওঠেন তিনি ঢাকা বিশ্ববিদ্যালয়ের মধুর ক্যান্টিন চালাতেন মধুসূদন দে তার ছেলে অরুণ কুমার দে জানালেন সে রাতে ক্যান্টিন ভাঙচুর থেকে শুরু করে বাবামাসহ পরিবারের চার সদস্যকে নির্মমভাবে হত্যা করার কথা পাকিস্তানি হানাদারদের বিরুদ্ধে প্রথম প্রতিরোধ গড়ে ওঠে রাজারবাগ পুলিশ লাইনে বীরত্বের সঙ্গে লড়াই করলেও সে রাতে শহিদ হয়েছিলেন শতাধিক পুলিশ সদস্য তবে স্বাধীনতার ৫১ বছরেও মেলেনি নির্মম সেই গণহত্যার আন্তর্জাতিক স্বীকৃতি ২০১৭ সালের ১১ মার্চ সংসদে প্রস্তাব গ্রহণের মাধ্যমে ২৫ মার্চকে জাতীয় গণহত্যা দিবস ঘোষণা করে সরকার,0
টিকা বিক্রির বিষয়টি তদন্ত করা হচ্ছে স্বাস্থ্য অধিদফতরের কেউ এর সাথে জড়িত থাকলে তার বিরুদ্ধে ব্যবস্থা নেয়া হবে অধিদফতরের মহাপরিচালক অধ্যাপক ডা আবুল বাশার মুহাম্মদ খুরশীদ আলম এ কথা বলেছেন রোববার২২ আগস্ট রাজধানীর বিভিন্ন হাসপাতাল পরিদর্শন শেষে মহাপরিচালক আরও বলেন টিকা নিতে মানুষের আগ্রহ বাড়ায় টিকাদানের ক্ষেত্রে জট তৈরি হয়েছে জট খুলতে কেন্দ্রগুলোতে বুথের সংখ্যা বাড়ানো হবে প্রয়োজন হলে টিকার কেন্দ্রও বাড়ানো হবে বলে তিনি জানিয়েছেন,1
ভূমি দুর্নীতির মামলায় বুধবার জামিন পেয়েছেন পাকিস্তানের সাবেক প্রধানমন্ত্রী ইমরান খান তবে জামিন পেলেও আরও দুটি মামলায় তাকে জেলেই থাকতে হবে তার আইনজীবী এ কথা জানিয়েছেন খবর রয়টার্সের ইমরান খান ও তার স্ত্রীর বিরুদ্ধে অবৈধভাবে জমি উপহার নেওয়ার অভিযোগ আনা হয়েছে অভিযোগে বলা হয়েছে ২০১৮২২ সাল পর্যন্ত ক্ষমতায় থাকাকালীন তিনি একজন রিয়েল এস্টেট ডেভলপারের থেকে এই জমি নিয়েছেন ইমরানের দলের আইনজীবী নাঈম হায়দার পাঞ্জুথা সামাজিক যোগাযোগ মাধ্যম এক্সএ জামিন মঞ্জুরের বিষয়টি নিশ্চিত করেছেন পাশাপাশি অন্য দুটি মামলায় কারাগারে থাকার কথাও জানিয়েছেন তিনি মামলার দুটির মধ্যে একটি রাষ্ট্রীয় গোপনীয়তা ফাঁস করা এবং অন্যটি ইসলামী আইন লঙ্ঘন করে বিয়ে করা তবে এই অভিযোগ অস্বীকার করে ইসলামাবাদ হাইকোর্টে জামিনের আবেদন করেছিলেন ইমরান খান গত বছরের আগস্ট থেকে কারাগারে রয়েছেন পাকিস্তান তেহরিকইইনসাফ প্রতিষ্ঠাতা মোট চারটি মামলায় তিনি দোষী সাব্যস্ত হলেও দুটি মামলায় তার সাজা স্থগিত করা হয়েছে ২০২২ সালে সংসদীয় অনাস্থা ভোটে হেরে ক্ষমতাচ্যুত হন ইমরান খান এরপর থেকেই রাষ্ট্রের বিরুদ্ধে সহিংসতা উসকে দেওয়ার অভিযোগসহ কয়েক ডজন মামলার অভিযোগ দায়ের করা হয়েছে তার নামে তার স্ত্রী বুশরা বিবিও ২০১৮ সালে ইমরান খানকে বেআইনিভাবে বিয়ে করার মামলায় কারাগারে রয়েছেন বুধবার আল কাদির ট্রাস্ট মামলায় জামিন পেয়েছেন তিনি এই বেসরকারি কল্যাণ সংস্থাটি ক্ষমতায় থাকাকালীন তিনি ও তার স্ত্রী প্রতিষ্ঠা করেছিলেন জামিনের পরে এক বিবৃতিতে ইমরান খানের দলের মিডিয়া শাখা বলেছে জমিটি ব্যক্তিগত স্বার্থের জন্য নয় বরং ধর্মীয় ও বৈজ্ঞানিক শিক্ষা প্রতিষ্ঠানের জন্য ব্যবহার করেছিলেন ইমরান খান মূলত তাকে কারাগারে আটকে রাখতে ও জাতীয় নির্বাচনে অংশ নেওয়া থেকে আটকাতে এই মামলাগুলো করা হয়েছে,1
বিএনপি ও তারেক রহমান নিয়ে কথা বলায় গণস্বাস্থ্য কেন্দ্রের প্রতিষ্ঠাতা ট্রাস্টি জাফরুল্লাহ চৌধুরীকে বাধা দেন ছাত্রদলের কেন্দ্রীয় কমিটির এক নেতা এ সময় ওই নেতা পরবর্তী সময়ে কোনো ঘটনা ঘটলে তাঁর দায় তাঁরা নেবেন না বলে জাফরুল্লাহকে প্রচ্ছন্ন হুমকি দেন রাজধানীর জাতীয় প্রেসক্লাবে তফাজ্জল হোসেন মানিক মিয়া হলে আজ শনিবার দুপুরে এক আলোচনা সভায় এই ঘটনা ঘটে শিক্ষায় প্রত্যাশা ও প্রাপ্তি করোনাকালীন শিক্ষা বাজেট ২০২১২২ শীর্ষক এই সভার আয়োজন করে এডুকেশন রিফর্ম ইনিশিয়েটিভ ইআরআই ওহি লন্ডন থেকে আসে ওই সভায় প্রধান অতিথি ছিলেন জাফরুল্লাহ চৌধুরী তিনি বক্তব্যের একপর্যায়ে বিএনপির নেতৃত্বের সমালোচনা করেন জাফরুল্লাহ বলেন বিএনপির ক্ষমতায় আসারই ইচ্ছা নেই ক্ষমতায় আসতে হলে ইচ্ছা আগ্রহ থাকতে হবে সঙ্গে সঙ্গে তাকে পরিকল্পনা করতে হবে যে কী কী জায়গায় পরিবর্তন আনব সেগুলো নিয়ে আলোচনা প্রয়োজন তিনি বলেন আজকে বিএনপি পরিচালিত হচ্ছে ওহি নিয়ে আর সে ওহি লন্ডন থেকে আসে আমরা লক্ষ করছি সম্প্রতি নির্বাচনে দাঁড়ানোর লোক খুঁজে পাওয়া যাচ্ছে না তাই মনে করি স্বৈরাচার সরকারের পতন ঘটাতে হলে সবাইকে একাত্ম হতে হবে সে পরিবর্তন আনতে হবে বিএনপির নিজ ঘর থেকে,0
ডলারের দাম বাড়িয়ে দেওয়ায় এবং ঈদুল আজহা কারণে চলতি বছরের জুন মাসে রেকর্ড পরিমাণ রেমিট্যান্স বা প্রবাসী আয় পেয়েছিল বাংলাদেশ এক মাস না যেতে উল্টো চিত্র দেখা যাচ্ছে দেশজুড়ে কোটা সংস্কার নিয়ে শিক্ষার্থীদের আন্দোলনে সৃষ্ট উদ্ভূত পরিস্থিতিতে কমে গেছে রেমিট্যান্স কেন্দ্রীয় ব্যাংকের তথ্য অনুযায়ী সদ্য বিদায়ী জুলাই মাসে ১৯০ কোটি মার্কিন ডলারের রেমিট্যান্স দেশে পাঠিয়েছেন প্রবাসীরা যা গত ১০ মাসের মধ্যে সর্বনিম্ন দৈনিক ইত্তেফাকের সর্বশেষ খবর পেতে অনুসরণ করুন নিয়ম অনুযায়ী প্রতিমাসের প্রথম কার্যদিবসে আগের মাসের রেমিট্যান্সের তথ্য কেন্দ্রীয় ব্যাংকের ওয়েবসাইটে প্রকাশ করা হয় কিন্তু বৃহস্পতিবার ১ আগস্ট কেন্দ্রীয় ব্যাংক তা প্রকাশ করেনি বিকেলে সাংবাদিকরা বাংলাদেশ ব্যাংকের নির্বাহী পরিচালক ও মুখপাত্র মো মেজবাউল হকের কাছে রেমিট্যান্সের তথ্য জানতে চাইলে বলেন এখনো প্রতিবেদন কমপ্লিট হয়নি কাজ চলছে কমপ্লিট হলে জানানো হবে পরে বিকেল ৫টার দিকে প্রতিবেদন প্রকাশ না করে সংক্ষিপ্তভাবে শুধু জুলাই মাসে কত ডলার এসেছে তা হোয়াটসঅ্যাপে দেন মুখপাত্র জানান জুলাই মাসে ১৯০ কোটি ৯০ লাখ ডলার প্রবাসী আয় দেশে এসেছে আগের বছর জুলাই মাসে যা ছিল ১৯৭ কোটি ৩০ লাখ ডলার কেন্দ্রীয় ব্যাংকের তথ্য বলছে গেল ২০২৩২৪ অর্থবছরের প্রথম মাস ২০২৩ সালের জুলাইয়ে রেমিট্যান্স এসেছিল ১৯৭ কোটি ৩১ লাখ আগস্টে ১৫৯ কোটি ৯৪ লাখ সেপ্টেম্বর মাসে ১৩৩ কোটি ৪৩ লাখ অক্টোবরে ১৯৭ কোটি ১৪ লাখ নভেম্বর ১৯৩ কোটি ডিসেম্বরে ১৯৯ কোটি ১২ লাখ ২০২৪ সালের জানুয়ারিতে ২১১ কোটি ৩১ লাখ ফেব্রুয়ারিতে ২১৬ কোটি ৪৫ লাখ মার্চ মাসে ১৯৯ কোটি ৭০ লাখ এপ্রিলে এসেছে ২০৪ কোটি ৪২ লাখ মে মাসে এসেছে ২২৫ কোটি ৩৮ লাখ এবং জুন মাসে আছে ২৫৪ কোটি ১৬ লাখ মার্কিন ডলার রেমিট্যান্স দেশে কোটা সংস্কার নিয়ে শিক্ষার্থীদের আন্দোলনে সৃষ্ট উদ্ভূত পরিস্থিতিতে ইন্টারনেট বন্ধ থাকাসহ নানা কারণে চলতি মাসে রেমিট্যান্স কমে যাওয়ার আশঙ্কা রয়েছে আন্দোলনে সহিংসতায় বহু হতাহতের প্রতিবাদে দেশে ব্যাংকিং চ্যানেলে রেমিট্যান্স না পাঠানোর বিষয়ে ক্যাম্পেইন করছেন অনেক প্রবাসী কেন্দ্রীয় ব্যাংকের তথ্য পর্যালোচনা করে দেখা গেছে চলতি বছরের জুন মাসের তুলনায় জুলাই মাসে রেমিট্যান্স কমেছে ৬৩ কোটি ২০ লাখ ডলার বাংলাদেশি মুদ্রায় যার পরিমাণ দাঁড়ায় প্রায় সাড়ে ৭ হাজার কোটি টাকা বৈদেশিক মুদ্রাবাজারে স্থিতিশীলতা ফেরাতে গত ৮ মে ক্রলিং পেগ চালুর পর ডলারের দর এক লাফে ৭ টাকা বেড়ে মধ্যবর্তী দর ১১৭ টাকা নির্ধারণ করা হয় ফলে দুই মাসের বেশি সময় ধরে ডলারের দর ১১৭ থেকে ১১৮ টাকায় স্থিতিশীল ছিল এখন এটা বাড়তে শুরু করেছে,1
সম্প্রতি নিয়োগ বিজ্ঞপ্তি প্রকাশ করেছে বেসরকারি আইএফআইসি ব্যাংক পিএলসি ব্যাংকটিতে ট্রানজেকশন সার্ভিস অফিসার পদে কর্মী নিয়োগ দেওয়া হবে আগ্রহী প্রার্থীদের অনলাইনে আবেদন করতে হবে পদের নাম ট্রানজেকশন সার্ভিস অফিসার টিএসও গ্রেড ট্রেইনি অ্যাসিস্ট্যান্ট অফিসার টিএও পদসংখ্যা অনির্ধারিত যোগ্যতা যেকোনো বিষয়ে অন্তত স্নাতক ডিগ্রি থাকতে হবে শিক্ষাজীবনের কোনো পর্যায়ে তৃতীয় শ্রেণিবিভাগ বা সমমানের জিপিএসিজিপিএ থাকা যাবে না কম্পিউটার পরিচালনায় দক্ষতা থাকতে হবে অভিজ্ঞতার প্রয়োজন নেই বয়স ১৭ মার্চ ২০২৪ তারিখে সর্বোচ্চ ৩০ বছর কর্মস্থল বাংলাদেশের যেকোনো স্থানে বেতন প্রথম এক বছর প্রবেশনকালে মাসিক বেতন ৩৬৭০০ টাকা আলোচনা সাপেক্ষে প্রবেশনকাল সফলভাবে শেষে অ্যাসিস্ট্যান্ট অফিসার হিসেবে চাকরি স্থায়ী হলে মাসিক বেতন হবে ৪৮২০০ টাকা আলোচনা সাপেক্ষে আবেদন যেভাবে আগ্রহী প্রার্থীরা নিয়োগসংক্রান্ত বিস্তারিত তথ্য এই লিংক থেকে জেনে আবেদন করতে পারবেন আবেদনের শেষ সময় ১৭ মার্চ ২০২৪,1
রাষ্ট্রমালিকানাধীন ১০ ব্যাংক ও আর্থিক প্রতিষ্ঠানের কর্মকর্তা পদে নিয়োগের ২৩ ডিসেম্বরের প্রিলিমিনারি পরীক্ষা স্থগিত করেছে বাংলাদেশ ব্যাংক বৃহস্পতিবার বাংলাদেশ ব্যাংকের প্রধান কার্যালয় থেকে পাঠানো ব্যাংকার্স সিলেকশন কমিটির পরিচালক চলতি দায়িত্ব রফিকুল ইসলামের সই করা বিজ্ঞপ্তিতে এ তথ্য জানানো হয়েছে বিজ্ঞপ্তিতে বলা হয়েছে আগামী ২৩ ডিসেম্বর তারিখের ব্যাংকার্স সিলেকশন কমিটি সচিবালয়ের সদস্যভুক্ত ১০টি ব্যাংক ও আর্থিক প্রতিষ্ঠানে ২০২১ সালভিত্তিক অফিসার জেনারেলএর ২ হাজার ৭৭৫টি শূন্য পদে নিয়োগের উদ্দেশ্যে অনুষ্ঠেয় প্রিলিমিনারি পরীক্ষা অনিবার্য কারণবশত স্থগিত করা হলো পরীক্ষার পরিবর্তিত তারিখ ও সময় যথাসময়ে প্রকাশ করা হবে বলেও জানানো হয়েছে বিজ্ঞপ্তিতে ১০টি ব্যাংক ও আর্থিক প্রতিষ্ঠানের মধ্যে রয়েছে সোনালী ব্যাংক পিএলসি জনতা ব্যাংক পিএলসি অগ্রণী ব্যাংক পিএলসি রূপালী ব্যাংক পিএলসি বাংলাদেশ ডেভেলপমেন্ট ব্যাংক পিএলসি বাংলাদেশ কৃষি ব্যাংক বাংলাদেশ হাউস বিল্ডিং ফাইন্যান্স কর্পোরেশন প্রবাসী কল্যাণ ব্যাংক কর্মসংস্থান ব্যাংক ও ইনভেস্টমেন্ট করপোরেশন অব বাংলাদেশ চলতি বছরের জানুয়ারির প্রথম সপ্তাহে ১০ ব্যাংক ও আর্থিক প্রতিষ্ঠানের অফিসার সাধারণ পদে ২ হাজার ৭৭৫ জনবল নিয়োগের বিজ্ঞপ্তি প্রকাশ করে ব্যাংকার্স সিলেকশন কমিটি এর মধ্যে সোনালী ব্যাংকে এক হাজার ৫৪টি জনতা ব্যাংকে ৩০২টি অগ্রণী ব্যাংকে এক হাজার রূপালী ব্যাংকে ১৫টি বাংলাদেশ ডেভেলপমেন্ট ব্যাংকে ৩৫টি বাংলাদেশ কৃষি ব্যাংকে ২৭৫টি বাংলাদেশ হাউজ বিল্ডিং ফাইন্যান্স কর্পোরেশনে ২৪টি প্রবাসী কল্যাণ ব্যাংকে ১৯টি কর্মসংস্থান ব্যাংকে ৪৫টি এবং ইনভেস্টমেন্ট করপোরেশন অব বাংলাদেশে ৯টি শূন্য পদ রয়েছে,1
আজ ৭ জুন সোমবার ঐতিহাসিক ছয়দফা দিবস ১৯৬৬ সালের এ দিনে জাতির পিতা বঙ্গবন্ধু শেখ মুজিবুর রহমান ঘোষিত বাঙালি জাতির মুক্তির সনদ ৬ দফা দাবির পক্ষে দেশব্যাপী তীব্র গণআন্দোলনের সূচনা হয় রচিত হয় স্বাধীনতার রূপরেখা ৬ দফাভিত্তিক আন্দোলনসংগ্রামের ধারাবাহিকতায় বাঙালির স্বাধিকার আন্দোলন স্বাধীনতা সংগ্রামে রূপ নেয় আওয়ামী লীগের উপদেষ্টা পরিষদ সদস্য আমির হোসেন আমু ৬ দফা সম্পর্কে বলেন ছয় দফা জনগণের সামনে বাংলার মানুষের মুক্তির সনদ হিসেবে উপস্থাপন করেছিলেন বঙ্গবন্ধু ঐতিহাসিক ছয় দফা বাঙালির মুক্তির পথ দেখিয়েছে নিজেদের অধিকার প্রতিষ্ঠার সংগ্রামে বঙ্গবন্ধুর নেতৃত্বে সবাইকে ঐক্যবদ্ধ করেছে বঙ্গবন্ধু শেখ মুজিবুর রহমান ১৯৬৬ সালের ৫ ফেব্রুয়ারি তাসখন্দ চুক্তিকে কেন্দ্র করে লাহোরে অনুষ্ঠিত সম্মেলনের সাবজেক্ট কমিটিতে ৬ দফা উত্থাপন করেন এবং পরের দিন সম্মেলনের আলোচ্যসূচিতে ৬ দফাকে স্থান দিতে সংশ্লিষ্টদের প্রয়োজনীয় ব্যবস্থা নিতে অনুরোধ করেন সম্মেলনে বঙ্গবন্ধুর অনুরোধ উপেক্ষা করে ৬ দফার প্রতি আয়োজকপক্ষ গুরুত্ব না দিয়ে তা প্রত্যাখান করে এর প্রতিবাদে বঙ্গবন্ধু ওই সম্মেলনে আর যোগ দেননি তবে লাহোরে অবস্থানকালেই ৬ দফা উত্থাপন করেন বঙ্গবন্ধু এরমধ্য দিয়ে পশ্চিম পাকিস্তানের খবরের কাগজে বঙ্গবন্ধুকে বিচ্ছিন্নতাবাদী নেতা তকমা দিয়ে সংবাদ ছাপানো হয় পরে বঙ্গবন্ধু ঢাকায় ফিরে ১৩ মার্চ ৬ দফা এবং দলের অন্যান্য বিস্তারিত কর্মসূচি দলের কার্যনির্বাহী সংসদে পাস করিয়ে নেন ৬ দফা দাবি আদায়ের লক্ষ্যে শুরু হয় আওয়ামী লীগের আন্দোলন হরতালও ডাকা হয় হরতাল চলাকালে নিরস্ত্র জনতার ওপর পুলিশ ও তৎকালীন ইপিআর গুলিবর্ষণ করে এতে ঢাকা এবং নারায়ণগঞ্জে মনু মিয়া সফিক ও শামসুল হকসহ ১১ জন শহীদ হন ক্রমেই ৬ দফার প্রতি ব্যাপক জনসমর্থন তৈরি হয় জনপ্রিয়তা বেড়ে যায় বঙ্গবন্ধুর নেতৃত্বের বঙ্গবন্ধুর জনপ্রিয়তায় ভীত হয়ে সামরিক জান্তা আইয়ুব খানের নেতৃত্বাধীন স্বৈরাচারী সরকার ১৯৬৬ সালের ৮ মে বঙ্গবন্ধুকে গ্রেফতার করে কারাগারে পাঠায় জাতির পিতা বঙ্গবন্ধু শেখ মুজিবুর রহমান ঘোষিত ৬ দফা আন্দোলন ১৯৬৬ সালের ৭ জুন নতুন মাত্রা পায় ৬ দফাভিত্তিক ১১ দফা আন্দোলনের পথপরিক্রমায় শুরু হয় ঊনসত্তরের গণঅভ্যুত্থান সর্বোপরি ১৯৭০এর সাধারণ নির্বাচনে বাংলার জনগণ আওয়ামী লীগ মনোনীত প্রার্থীদের একচেটিয়া রায় প্রদান করেন জনগণ বিজয়ী করলেও স্বৈরাচারী পাকিস্তানি শাসকরা বিজয়ী দলকে সরকার গঠন করতে না দিলে বঙ্গবন্ধু জাতিকে ঐক্যবদ্ধ করে স্বাধীনতার পক্ষে আন্দোলন শুরু করেন এরই ধারাবাহিকতায় বঙ্গবন্ধুর নেতৃত্বে ১৯৭১ সালে সশস্ত্র মুক্তিযুদ্ধের মাধ্যমে অভ্যুদয় ঘটে স্বাধীন সার্বভৌম বাংলাদেশের ৬ দফার মূল বক্তব্য ছিল প্রতিরক্ষা ও পররাষ্ট্র বিষয় ছাড়া সকল ক্ষমতা প্রাদেশিক সরকারের হাতে থাকবে পূর্ববাংলা ও পশ্চিম পাকিস্তানে দুটি পৃথক ও সহজে বিনিময়যোগ্য মুদ্রা থাকবে সরকারের কর ও শুল্ক ধার্য ও আদায় করার দায়িত্ব প্রাদেশিক সরকারের হাতে থাকাসহ দুই অঞ্চলের অর্জিত বৈদেশিক মুদ্রার আলাদা হিসাব থাকবে এবং পূর্ববাংলার প্রতিরক্ষা ঝুঁকি কমানোর জন্য এখানে আধাসামরিক বাহিনী গঠন ও নৌবাহিনীর সদর দফতর স্থাপনের দাবি জানানো হয় দিবসটি যথাযথ মর্যাদার সাথে পালন করে আসছে আওয়ামী লীগ কিন্তু করোনাভাইরাসের মহামারিতে সৃষ্ট সংকটের কারণে ঐতিহাসিক এই দিনটিতে ব্যাপক জনসমাগম এড়িয়ে যথাযোগ্য মর্যাদায় সীমিত পরিসরে স্বাস্থ্য সুরক্ষা বিধি মেনে দিবসটির কর্মসূচি পালন করবে দলটি দলটির দফতর থেকে পাঠানো এক সংবাদ বিজ্ঞপ্তিতে জানানো হয় কর্মসূচির মধ্যে রয়েছে  সোমবার সূর্যোদয়ের ক্ষণে বঙ্গবন্ধু ভবন কেন্দ্রীয় কার্যালয় ও আওয়ামী লীগের সকল দলীয় কার্যালয়ে জাতীয় ও দলীয় পতাকা উত্তোলন সকাল ৯ টায় বঙ্গবন্ধু ভবন প্রাঙ্গণে জাতির পিতা বঙ্গবন্ধু শেখ মুজিবুর রহমানের প্রতিকৃতিতে শ্রদ্ধা নিবেদন,0
তামিল চলচ্চিত্রের জনপ্রিয় নায়ক থালাপতি বিজয় পর্দার বীরত্ব ছাপিয়ে এবার রাজনীতির ময়দানেও অভাবনীয় সাফল্যের স্বাক্ষর রেখেছেন মাত্র দুই বছর আগে রাজনৈতিক দল গঠন করে তামিলনাড়ু বিধানসভা নির্বাচনে প্রতিদ্বন্দ্বিতা করেই তিনি ভারতীয় রাজনীতিতে নতুন এক চমক সৃষ্টি করেছেনৎ তার দল তামিলাগা ভেত্রি কাজাগাম টিভিকে বর্তমানে রাজ্যের অন্যতম প্রধান রাজনৈতিক শক্তি হিসেবে আবির্ভূত হয়েছে জোসেফ বিজয় চন্দ্রশেখর যিনি ভক্তদের কাছে থালাপতি বিজয় নামেই পরিচিত ২০২৪ সালে টিভিকে গঠন করার পর থেকেই জনকল্যাণ ও মানুষের অধিকার রক্ষায় সোচ্চার ছিলেন এবারের নির্বাচনে ২৩৪টি আসনের মধ্যে বিজয়ের দল ১০৭টি আসনে জয়লাভ করেছে যদিও এককভাবে সরকার গঠনের জন্য প্রয়োজনীয় ১১৮টি আসনের ম্যাজিক ফিগার থেকে তারা কিছুটা পিছিয়ে আছে তবে একক বৃহত্তম দল হিসেবে বিজয়ের অবস্থান এখন অত্যন্ত সুসংহত যদি বিজয় মুখ্যমন্ত্রী হিসেবে শপথ নেন তবে দীর্ঘ ৪৯ বছর পর তামিলনাড়ুতে কোনো চলচ্চিত্র তারকা সরাসরি এই শীর্ষ আসনে বসবেন এর আগে ১৯৭৭ সালে কিংবদন্তি অভিনেতা এম জি রামচন্দ্রন এমজিআর একই কৃতিত্ব দেখিয়েছিলেন পরবর্তী সময়ে জয়ললিতার মতো বড় তারকারা মুখ্যমন্ত্রী হলেও তারা মূলত এমজিআরের গড়া দলের উত্তরাধিকার হিসেবে ক্ষমতায় এসেছিলেন বিজয়ের বিশেষত্ব হলো তিনি সম্পূর্ণ নতুন একটি দল গড়ে এই মাইলফলক স্পর্শ করার পথে রয়েছেন মূলত ২০০৯ সালে তার ফ্যান ক্লাবগুলোকে বিজয় মাক্কাল ইয়াক্কাম সংগঠনের পতাকাতলে নিয়ে আসার মাধ্যমেই তার এই দীর্ঘমেয়াদি রাজনৈতিক প্রস্তুতির শুরু হয়েছিল শুরুতে এটি সমাজসেবামূলক কাজ করলেও তৃণমূল পর্যায়ে একটি শক্তিশালী নেটওয়ার্ক তৈরি করতে সক্ষম হয় যা এবারের নির্বাচনে বড় ভূমিকা পালন করেছে নাগরিকত্ব সংশোধনী আইনসহ কেন্দ্রীয় সরকারের বিভিন্ন সিদ্ধান্তের কড়া সমালোচনা এবং বেকারত্ব ও দুর্নীতির মতো জনগুরুত্বপূর্ণ বিষয়গুলো নিয়ে সাহসী অবস্থানের কারণে বিজয় তরুণ প্রজন্মের কাছে অত্যন্ত জনপ্রিয় হয়ে উঠেছেন রাজনীতির প্রতি নিজের একাগ্রতা প্রমাণ করতে তিনি তার তিন দশকের সফল অভিনয় ক্যারিয়ারের ইতি টানেন প্রায় ৭০টি চলচ্চিত্রে অভিনয়ের পর সিনেমার রঙিন জগত ত্যাগ করার তার এই সিদ্ধান্ত ভোটারদের কাছে একটি নির্ভুল বার্তা দিয়েছিল যে রাজনীতি তার কাছে কোনো শখের বিষয় নয় এর আগে ২০২১ সালের স্থানীয় সরকার নির্বাচনেও তার সংগঠনের প্রার্থীরা জয়লাভ করে প্রমাণ করেছিলেন যে বিজয়ের জনপ্রিয়তা কেবল সিনেমার পর্দায় সীমাবদ্ধ নয় বরং তা ব্যালট বাক্সেও সমানভাবে কার্যকর নির্বাচনী প্রচারণায় বিজয় নিজেকে কেবল একজন প্রথাগত বক্তা নয় বরং মানুষের কথা শোনার নেতা হিসেবে তুলে ধরেছেন এমনকি ২০২৫ সালে একটি অনাকাঙ্ক্ষিত পদদলিত হওয়ার ঘটনায় তার দায়িত্বশীল ভূমিকা ও ভুল শুধরে নেওয়ার মানসিকতা দলটির শৃঙ্খলা ও জবাবদিহিতা নিয়ে ভোটারদের আস্থাকে আরও বাড়িয়ে দেয় বর্তমানে তামিলনাড়ুর রাজনৈতিক সমীকরণে বিজয়ের এই উত্থান ডিএমকে ও এআইএডিএমকের মতো প্রতিষ্ঠিত দলগুলোর বাইরে একটি শক্তিশালী বিকল্প হিসেবে আত্মপ্রকাশ করেছে,1
চট্টগ্রাম বিশ্ববিদ্যালয়ের চবি ২০২৩২৪ শিক্ষাবর্ষের বিজ্ঞান ইউনিটের প্রথম বর্ষ স্নাতক ভর্তি পরীক্ষার ফলাফল শুক্রবার ৮ মার্চ বিকাল ৫টায় প্রকাশিত হয়েছে এতে পাস করেছেন ৪০ হাজার ৮৬৬ জন পরীক্ষার্থী পাসের হার ৫২ দশমিক ৮৯ শতাংশ বিষয়টি নিশ্চিত করেছেন ইঞ্জিনিয়ারিং অনুষদের ডিন অধ্যাপক ড রাশেদ মোস্তফা গত শনিবার ২ মার্চ অনুষ্ঠিত হওয়া বিজ্ঞান ইউনিটের ভর্তি পরীক্ষায় অংশগ্রহণ করেন ৭৭ হাজার ২৫৯ জন এর মধ্যে পাস করেছেন ৪০ হাজার ৮৬৬ জন এবং অকৃতকার্য হয়েছেন ৩৬ হাজার ৩৯৩ জন পাসের হার ৫২৮৯ সর্বোচ্চ নম্বর ১১০ ও সর্বনিম্ন নম্বর ৫২৪৬ ভর্তি পরীক্ষার ফলাফল চট্টগ্রাম বিশ্ববিদ্যালয়ের ফেসবুক পেজের  মাধ্যমে প্রকাশ করা হয়েছে তবে পরীক্ষার্থী বিশ্ববিদ্যালয়ের ওয়েবসাইটের মাধ্যমে ভর্তি পরীক্ষার আইডি লগইন করে ফলাফল জানতে পারবে,1
প্রায় দুই মাসের জন্য নতুন একটি চাঁদ পেতে যাচ্ছে বিশ্ব শুনতে অবাক লাগলেও এটাই সত্যি আগামীকাল রোববার ২৯ সেপ্টেম্বর থেকেই দেখা যাবে এই মিনি মুন বিজ্ঞানীরা বলছেন একটি ছোট গ্রহাণু আমাদের গ্রহকে প্রদক্ষিণ করতে শুরু করবে আর তখনই এটি চাঁদের মতো দেখা যাবে এই চাঁদের নাম রাখা হয়েছে মিনি মুন কারণ মহাকাশ কেন্দ্র ছাড়া তা দেখা যাবে না বলে জানিয়েছেন গবেষকরা মার্কিন সংবাদমাধ্যম সিবিএস নিউজের প্রতিবেদনে বলা হয় ২৯ সেপ্টেম্বর থেকে নভেম্বরের ২৫ তারিখ পর্যন্ত পৃথিবীর আকাশে উদয় হবে ক্ষুদ্র চাঁদ আমেরিকান অ্যাস্ট্রোনমিক্যাল সোসাইটির প্রকাশিত প্রতিবেদন বলা হয় ২০২৪ পিটিফাইভ নামে একটি গ্রহাণু পৃথিবীকে অতিক্রম করবে সেপ্টেম্বরের শেষের দিকে গত মাসেই এই গ্রহাণুর অস্তিত্ব মিলেছে বিজ্ঞানীরা বলছেনপৃথিবীর পাশ দিয়ে যাওয়ার সময়ে গ্রহাণুর একটি অংশ মহাকর্ষ বলের কারণে কক্ষপথে ঢুকে যাবে তা পৃথিবীকে প্রদক্ষিণ করবে আগামী ২ মাস তার পর ধীরে ধীরে আকর্ষণ কাটিয়ে ফের চলে যাবে নিজের পথে আর এই প্রদক্ষিণরত গ্রহাণুর অংশকে উপগ্রহ হিসেবে মনে করছেন বিজ্ঞানীরা তুলনা করা হচ্ছে চাঁদের ছোট অংশের সঙ্গে গবেষণার প্রধান লেখক কার্লোস দে লা ফুয়েন্তে মার্কোস বলেন মিনিমুনটি সাধারণ টেলিস্কোপ বা দূরবীন দিয়ে দেখতে খুব ছোট হবে তবে শক্তিশালী সরঞ্জাম দিয়ে পেশাদার জ্যোতির্বিজ্ঞানীরা এটি সনাক্ত করতে সক্ষম হবেন,1
ঘুমের সমস্যাটি প্রকট হয়েছে করোনা মহামারির সময় গবেষণায়ও দেখা গেছে মানুষের ঘুম কমেছে করোনাকালে ২০২৩ সালে বিশ্বখ্যাত নেচার সাময়িকীর সায়েন্টেফিক রিপোর্টে বাংলাদেশের মানুষের ঘুম নিয়ে একটি গবেষণা প্রবন্ধ ছাপা হয়েছে ২০২০ সালের এপ্রিল মাসে ৯ হাজার ৭৩০ জনের ঘুমের তথ্য সংগ্রহ করা হয়েছিল তাতে দেখা গেছে কম সময় ঘুমানো মানুষের সংখ্যা বেড়েছে তবে স্বাভাবিক জীবনযাপন করতে হলে পর্যাপ্ত ঘুমের বিকল্প নেই জেনে নিন কী করলে ভালো ঘুম হবে ১ শোবার ঘর ঘুমানোর জন্য শোবার ঘরের আয়োজন যথাযথ হওয়া খুবই জরুরি শোবার ঘরে চাই নীরবতা শান্তি আর অন্ধকার খেয়াল রাখতে হবে যাতে বাইরের আলো না আসে এবং ঘরের সব আলো নিভিয়ে রাখা যায় আলো ও শব্দের পাশাপাশি শোবার ঘরের পরিষ্কারপরিচ্ছন্নতাটাও খুব জরুরি বিছানাবালিশ আর ঘুমাতে যাওয়ার পোশাকআশাক যতটা সম্ভব পরিচ্ছন্ন ও আরামদায়ক হওয়া চাই ২ ঘুমের রুটিন আসলে ঘুমের রুটিন ঠিক করতে হলে পুরো দিনের রুটিনটাই ঠিকঠাক মেনে চলতে হবে তার পরও দিন যেভাবেই কাটুক না কেন প্রতি রাতে একই সময়ে ঘুমাতে যাওয়ার অভ্যাস করাটা খুবই জরুরি পাশাপাশি প্রতি রাতেই ঘুমাতে যাওয়ার আগে পড়া হালকা গান শোনা বা এমন নির্দিষ্ট অভ্যাস তৈরি করতে পারলে আরও ভালো ঘুমানোর এই প্রস্তুতিগুলো মস্তিষ্ককে ঘুমানোর সংকেত পাঠাতে থাকে ৩ আসক্তি ছাড়ুন ঠান্ডা থাকুন ঘুমাতে যাওয়ার জন্য শরীরকে প্রস্তুত করতে হলে অ্যালকোহল এমনকি ক্যাফেইনের মতো উত্তেজনা সৃষ্টিকারী বিষয়গুলোকে এড়িয়ে চলতে হবে কেননা এগুলোর প্রভাব না কাটিয়ে ঘুমানো যায় না আর ঘুমানোর জন্য ঘরের তাপমাত্রার মতোই শরীরের তাপমাত্রা নিয়ন্ত্রণ করতে পারাটা জরুরি একটু ঠান্ডা ঠান্ডা ঘরে ঘুম ভালো হয় আর শরীর ঠান্ডা রাখতে রাতে কম ক্যালরিযুক্ত খাবারদাবার খাওয়া ভালো ৪ ব্যায়াম ও গোসল প্রতিদিন হালকা ব্যায়ামের অভ্যাস করতে পারা মানসিক চাপ কমায় এবং শরীরে প্রশান্তি আনে এটা ঘুমের জন্য ভালো তবে ব্যায়ামে যেহেতু শরীরের তাপমাত্রা বেড়ে যায় তাই রাতের বদলে দিনে ব্যায়ামের অভ্যাসটাই ভালো আর রাতে ঘুমাতে যাওয়ার তিনচার ঘণ্টা আগে হালকা গরম পানিতে গোসল করতে পারলে খুবই ভালো এতে যদিও প্রথমে শরীরের তাপ একটু বাড়ে কিন্তু ধীরে ধীরে তাপ কমে এলে শরীরে প্রশান্তি আসে এবং তা ঘুমাতে সাহায্য করে আরও কিছু বিষয় নিয়মিত এসব অভ্যাস মেনে চলার পাশাপাশি নিজেকে নিজের দেহমন সম্পর্কে আরও জানার চেষ্টা করুন কিছু যোগাসন মেডিটেশন বা ধ্যান এবং গভীরভাবে শ্বাসপ্রশ্বাস নেওয়ার অভ্যাস রপ্ত করতে পারেন প্রয়োজনে আলো থেকে রেহাই পেতে চোখ ঢেকে রাখার কাপড়ের আইশেড বাড়তি শব্দ থেকে রেহাই পেতে কানে ইয়ারপ্লাগ ব্যবহারের মতো টোটকার আশ্রয় নিন আর সবচেয়ে জরুরি হলো ঘুমাতে যাওয়ার সময় জীবন সম্পর্কে ইতিবাচক চিন্তা করা সুখ আর আনন্দের স্মৃতি রোমন্থন করা সুন্দরভাবে সকাল শুরু করে একটা ভালো দিন কাটানোর জন্য নিজেকে মানসিকভাবে প্রস্তুত করা,1
লেবাননে ইসরায়েলি হামলায় অস্থিরতার মধ্যেই এবার ইরানি জণগণকে উদ্দেশ্য করে উসকানিমূলক এক ভিডিও বার্তা দিয়েছেন ইসরায়েলের প্রধানমন্ত্রী বেনিয়ামিন নেতানিয়াহু খবর টাইমস অব ইসর্যেলের ভিডিও বার্তায় নেতানিয়াহু বলেছেন আমি ইরানের নেতাদের নিয়ে অনেক কথা বলি কিন্তু এই গুরুত্বপূর্ণ মুহূর্তে আমি ইরানের জনগণের উদ্দেশ্যে কিছু বলতে চাই আমি এটা সরাসরি বলতে চাই কোনো ফিল্টার বা মিডলম্যান ছাড়া ইরানি জণগণকে উদ্দেশ্য করে তিনি বলেন প্রতিদিন আপনারা এমন একটি শাসনব্যবস্থা দেখেন যারা আপনাদের অধীনস্ত করে রেখেছে তারা লেবানন ও গাজাকে রক্ষা করতে জ্বালাময়ী বক্তৃতা দেয় অথচ সেই শাসনব্যবস্থাই প্রতিদিন আমাদের এই অঞ্চলকে যুদ্ধের আরও গভীরে নিয়ে যাচ্ছে নেতানিয়াহু বলেন মধ্যপ্রাচ্যের যে কোনো জায়গায় হামলা চালানোর সক্ষমতা আছে ইসরায়েলের আমাদের দেশ ও জনগণকে রক্ষায় যেখানে যাওয়া দরকার আমরা সেখানেই যাব প্রতি মুহূর্তে পারস্যের মহান জনগণকে নরকের অতলে নিয়ে যাচ্ছে তাদের এই শাসনব্যবস্থা নেতানিয়াহু বলেন ইরানের অধিকাংশ মানুষই জানেন এই শাসনব্যবস্থা তাদের নিয়ে মোটেও ভাবে না যদি তারা সত্যিই আপনাদের কথা ভাবত তাহলে তারা মধ্যপ্রাচ্যে যুদ্ধ বাঁধিয়ে রাখতে কোটি কোটি টাকা খরচ করত না এর পরিবর্তে তারা আপনাদের জীবনমান উন্নয়নের চেষ্টা করত তিনি আরও বলেন যখন ইরান সত্যিকার অর্থে মুক্ত হবে সেই সময়টা মানুষের ভাবনার অনেক আগেই আসবে কোনো কিছুই আর আগের মতো থাকবে না আমাদের প্রাচীন ইহুদি ও পারস্য সম্প্রদায়ের মানুষ অবশেষে শান্তি খুঁজে পাবে আমাদের দুই দেশ ইরান ও ইসরায়েল শান্তি খুঁজে পাবে নেতানিয়াহু বলেন যখন সেই দিন আসবে এই শাসকরা দেউলিয়া হবে ভেঙে চুরমার হবে ইরানের এমন উন্নয়ন ঘটবে যা আগে কখনো ঘটেনি ইরানের বর্তমান সমাজে থাকা মেধার মাধ্যমেই বৈশ্বিক বিনিয়োগ পর্যটনের ব্যাপক বিকাশ প্রযুক্তিগত উদ্ভাবন ঘটবে নেতানিয়াহু বলেন আমি জানি আপনারা হামাস ও হিজবুল্লাহর খুনিদের সমর্থন করেন না কিন্তু আপনাদের নেতারা করে আপনাদের আরও ভালো কিছু পাওয়া উচিত ইরানের জনগণের জানা উচিত ইসরায়েল আপনাদের পাশে আছে যে ভবিষ্যৎ হবে সমৃদ্ধি ও শান্তির,0
শরীরে পুষ্টির ভারসাম্য রক্ষায় ফল খাওয়ার কোনো বিকল্প নেই ভিটামিন মিনারেল অ্যান্টি অক্সিডেন্টের পাশাপাশি ফলে রয়েছে নানা উপকারী উপাদান কিছু ফল ওজন কমাতেও সাহায্য করে রোজ চারবার ফল খেলে অতিরিক্ত ক্যালোরি গ্রহণের মাত্রা কমে যায় আর এভাবেই ওজন কমাতে সাহায্য করে ফল আসুন জেনে নেই কোন ফল খেলে দ্রুত ওজন কমে যায়  কলা উচ্চ মাত্রায় ক্যালরি ও শর্করা থাকার কারণে ওজন কমাতে গিয়ে অনেকেই কলা খাওয়া এড়িয়ে যান তবে ক্যালরি বেশি হলেও এই ফলে আরও রয়েছে পটাশিয়াম ম্যাগনেশিয়াম ম্যাঙ্গানিজ আঁশ বিভিন্ন অ্যান্টিঅক্সিডেন্ট এবং ভিটামিন এ বিসিক্স এবং সি এই ফলের শর্করাও শরীরে ধীরে শোষিত হয় তাই বিভিন্ন পুষ্টি উপাদানে ভরপুর কলা দেহের ওজন কম রাখতে সাহায্য করে  তরমুজ মিনারেল সমৃদ্ধ ফল হিসেবে পরিচিত এর ক্যালরির পরিমাণও কম এক কাপ অর্থাৎ ১৫০ থেকে ১৬০ গ্রাম তরমুজ থেকে মিলবে মাত্র ৪৬ থেকে ৬১ ক্যালরি এতে রয়েছে উচ্চ মাত্রায় আশ পটাশিয়াম এবং অ্যান্টিঅক্সিডেন্ট যেমন ভিটামিন সি বেটাক্যারোটিন এবং লাইকোপেন আর এর শর্করা ধীরে রক্তে মিশে ফলে অন্যান্য খাবার খাওয়ার চাহিদা কমায়  আপেল আপেল উচ্চ আঁশ এবং ফ্লাভানয়েড পলিমারস সমৃদ্ধ যা ওজন নিয়ন্ত্রণে রাখতে সাহায্য করে আঁশ ও অ্যান্টিঅক্সিডেন্ট পেতে খোসাসহ আপেল খাওয়া উচিত এটা রক্তের শর্করা নিয়ন্ত্রণে রাখে রক্তের শর্করা নিয়ন্ত্রণে থাকলে তা ক্ষুধা নিয়ন্ত্রণে রেখে ডায়াবেটিস হওয়া থেকে রক্ষা করে  কমলা অন্যান্য টক ফলের মতো কমলা ভিটামিন সি সমৃদ্ধ এবং ক্যালরি কম আর এটা অনেকক্ষণ পেট ভরা রাখতে সাহায্য করে  নাশপাতি নাশপাতি ওজন নিয়ন্ত্রণে রাখতে সহায়তা করে কারণ এতে আছে ফ্লাভানয়েড পলিমারস প্রতি ১৩৮ মিগ্রা বাড়তি ফ্লাভানয়েড পলিমারস ওজন কম হারে বাড়ায়  স্ট্রবেরি ব্লুবেরি বা স্ট্রবেরি এই ধরনের ফলে ক্যালরির মাত্রা কম কিন্তু অন্যান্য পুষ্টিগুণ অনেক আমাদের দেশে ব্লুবেরি সহজলভ্য না হলেও স্ট্রবেরি পাওয়া যায় এক কাপ বা ১৫২ গ্রাম স্ট্রবেরিতে ৫০এর কম ক্যালরি থাকে,0
বাংলাদেশ ব্যাংক ননলিকুইড সম্পদ বিবেচনায় নিয়ে রিজার্ভ বেশি দেখাচ্ছে আইএমএফের এমন পর্যবেক্ষণ সঠিক নয় বলে জানিয়েছে বাংলাদেশ ব্যাংক সম্প্রতি সংস্থাটিকে চিঠি দিয়ে কেন্দ্রীয় ব্যাংক জানায় আন্তর্জাতিকভাবে প্রচলিত রীতি মেনে দীর্ঘদিন ধরে একই পদ্ধতিতে বৈদেশিক মুদ্রার রিজার্ভের হিসাব করা হচ্ছে এক্ষেত্রে রিজার্ভ বেশি দেখানোর কোনো সুযোগ নেই জানা গেছে বৈদেশিক মুদ্রার রিজার্ভ থেকে রপ্তানি উন্নয়ন তহবিলে ইডিএফ যোগান দেওয়া ছয় বিলিয়ন ডলার ও সোনালী ব্যাংকের মাধ্যমে পায়রা বন্দর কর্তৃপক্ষকে দেওয়া ৬৪ কোটি ডলার ননলিকুইড সম্পদ মনে করে আইএমএফ যে কারণে এই সম্পদ রিজার্ভের হিসাবে ধরা নিয়ে প্রশ্ন তোলে সংস্থাটি গত জুন ভিত্তিক প্রতিবেদনের ওপর ওই পর্যবেক্ষণ দেওয়া হয় গত জুন শেষে বাংলাদেশ ব্যাংকের রিজার্ভ ছিলো ৪৬ দশমিক ৩৯ বিলিয়ন ডলার বাংলাদেশ ব্যাংক জানিয়েছে বৈদেশিক মুদ্রার রিজার্ভের নিট ও গ্রস আলাদা হিসাব হয় নিট হিসাব থেকে ইডিএফ ও পায়রা বন্দর কর্তৃপক্ষকে দেওয়া ঋণ বাদ যায় আর ১৯৮৯ সাল থেকে রপ্তানি উন্নয়ন তহবিলে যোগান দেওয়া অর্থ রিজার্ভের গ্রস হিসাবে দেখানো হচ্ছে এই পদ্ধতি নিয়ে আইএমএফ বা অন্য কোনো সংস্থা এতোদিন প্রশ্ন তোলেনি এছাড়া করোনার কারণে অন্যসব দেশের মতো অর্থনীতিকে সহায়তার জন্য ইডিএফ তহবিলের আকার বাড়ানো হয়েছে গতবছরের এপ্রিলের পর ইডিএফে নতুন করে যোগান দেওয়া হয় আড়াই বিলিয়ন ডলার বাংলাদেশ ব্যাংকের একজন কর্মকর্তা সমকালকে বলেন আন্তর্জাতিক পদ্ধতি অনুসরণে অনেক আগ থেকে এ উপায়ে রিজার্ভের হিসাব করা হচ্ছে হঠাৎ করে কেন তারা এমন পর্যবেক্ষণ দিলো সেটা পরিষ্কার নয় তাদের পর্যবেক্ষণের জবাব দেওয়া হয়েছে তিনি আরও বলেন ইডিএফ ও সরকারি প্রকল্পের অর্থায়ন রিজার্ভের গ্রস হিসাবে দেখানো না গেলে আইএমএফের এসডিআরে বরাদ্দ অর্থও তো এখানে দেখানো যাবে না কাজেই তাদের পর্যবেক্ষণ সঠিক নয়,1
সম্প্রতি নিয়োগ বিজ্ঞপ্তি প্রকাশ করেছে বেসরকারি আইএফআইসি ব্যাংক পিএলসি ব্যাংকটিতে ট্রানজেকশন সার্ভিস অফিসার পদে কর্মী নিয়োগ দেওয়া হবে আগ্রহী প্রার্থীদের অনলাইনে আবেদন করতে হবে পদের নাম ট্রানজেকশন সার্ভিস অফিসার টিএসও গ্রেড ট্রেইনি অ্যাসিস্ট্যান্ট অফিসার টিএও পদসংখ্যা অনির্ধারিত যোগ্যতা যেকোনো বিষয়ে অন্তত স্নাতক ডিগ্রি থাকতে হবে শিক্ষাজীবনের কোনো পর্যায়ে তৃতীয় শ্রেণিবিভাগ বা সমমানের জিপিএসিজিপিএ থাকা যাবে না কম্পিউটার পরিচালনায় দক্ষতা থাকতে হবে অভিজ্ঞতার প্রয়োজন নেই বয়স ১৭ মার্চ ২০২৪ তারিখে সর্বোচ্চ ৩০ বছর কর্মস্থল বাংলাদেশের যেকোনো স্থানে বেতন প্রথম এক বছর প্রবেশনকালে মাসিক বেতন ৩৬৭০০ টাকা আলোচনা সাপেক্ষে প্রবেশনকাল সফলভাবে শেষে অ্যাসিস্ট্যান্ট অফিসার হিসেবে চাকরি স্থায়ী হলে মাসিক বেতন হবে ৪৮২০০ টাকা আলোচনা সাপেক্ষে আবেদন যেভাবে আগ্রহী প্রার্থীরা নিয়োগসংক্রান্ত বিস্তারিত তথ্য এই লিংক থেকে জেনে আবেদন করতে পারবেন আবেদনের শেষ সময় ১৭ মার্চ ২০২৪,0
বুয়েটের ভর্তি পরীক্ষায় প্রথম হওয়া মেফতাউল আলম সিয়াম সবাইকে তাক লাগিয়ে দিয়েছেন ঢাকা বিশ্ববিদ্যালয়ে ক ইউনিটের ভর্তি পরীক্ষায় আগেই প্রথম হয়েছিলেন এছাড়া দেশের তিনটি প্রকৌশল ও প্রযুক্তি বিশ্ববিদ্যালয়ের গুচ্ছ ভর্তি পরীক্ষায় তৃতীয় ইসলামিক ইউনিভার্সিটি অব টেকনোলজির আইইউটি ভর্তি পরীক্ষায় প্রথম আর মেডিকেলের ভর্তি পরীক্ষায় ৫৯তম হয়েছিলেন তিনি এবার বাংলাদেশ প্রকৌশল বিশ্ববিদ্যালয়ের বুয়েট ভর্তি পরীক্ষায়ও প্রথম হলেন মেফতাউল বৃহস্পতিবার রাতে ২০২০২১ শিক্ষাবর্ষে স্নাতক প্রথম বর্ষের ভর্তি পরীক্ষার ফলাফলে দেখা যায় প্রথম হয়েছেন বগুড়ার সরকারি আজিজুল হক কলেজ থেকে উচ্চমাধ্যমিক পাস করা মেফতাউল গণমাধ্যমের খবর বলছে পঞ্চম শ্রেণিতে মেফতাউলের রোল নম্বর ছিল ২৫২ তবে হাইস্কুলে ভর্তি হয়েই পড়াশোনায় মনোযোগ দেন তিনি ষষ্ঠ শ্রেণিতে তার রোল নম্বর ছিল ২০ এরপর অষ্টম শ্রেণি থেকে প্রথম হতে শুরু করেন মাধ্যমিক ও উচ্চ মাধ্যমিক দুটিতেই জিপিএ ৫ পেয়েছেন মেফতাউল পঞ্চমের সমাপনী পরীক্ষায় জিপিএ ৫ পান তিনি অষ্টম শ্রেণিতে জিপিএ ৫ ও জেনারেল বৃত্তি এবং এসএসসিতে জিপিএ ৫ ও ট্যালেন্টপুলে বৃত্তি পান বগুড়ার অবসরপ্রাপ্ত এনজিও কর্মকর্তা খোরশেদ আলমের তিন ছেলের মধ্যে মেফতাউল আলম সিয়াম সবার বড় তার মা মা মুনজিলা আলম গৃহিণী তাদের অনুপ্রেরণায়ই সাফল্য লাভ করেছেন বলে জানিয়েছেন তিনি,1
একদুবার নয় অন্তত ৪৫ বার কারাভোগ করেছেন আবুল কালাম আজাদ ৫৫ এর পরও শোধরাননি তিনি ছাড়েননি চুরি জামিনে মুক্ত হয়ে আবার নামেন চুরি করতে ৫৩টি মামলায় এজাহারনামীয় আসামি কালাম প্রথম দিকে রিকশা চুরি করতেন কারাগারে গিয়ে এক মোটরসাইকেল চোরের সঙ্গে পরিচয় হওয়ার পর জামিনে বেরিয়ে রিকশা চুরি বাদ দেন হাত পাকান মোটরসাইকেল চুরিতে প্রতি মাসে চারপাঁচটি মোটরসাইকেল চুরি করেন তবে চুরি করে যে আয় তা মামলার পেছনেই চলে যায় গত মঙ্গলবার রাতে কালামকে গ্রেপ্তার করে ঢাকা মহানগর গোয়েন্দা ডিবি পুলিশের ওয়ারী বিভাগ এর পর চুরির কথা স্বীকার করেন তিনি ডিবি জানায় কালামের বাড়ি বরিশালের বাকেরগঞ্জ থানার দক্ষিণ দুধাল এলাকায় প্রায় তিন দশক ঢাকা ও নারায়ণগঞ্জে বসবাস করেন তিনি কখনও রিকশা চালিয়ে কখনও ঠেলাগাড়ি ঠেলে জীবিকা নির্বাহ করতেন ২০১০ সালে রাজধানীর রামপুরা এলাকায় তার রিকশা চুরি হয় এর পর নিজেই নামেন রিকশা চুরি করতে বছরখানেক পর চুরি করতে গিয়ে ধরা পড়ে কারাগারে যান এ পর্যন্ত কালাম অন্তত ৪৫ বার গ্রেপ্তার হন এবং কারাগারে যান ১০১২ বার পুলিশের রিমান্ডে এসেছেন বিভিন্ন মামলায় একটি মামলায় কালামকে সর্বোচ্চ ১৩ মাস কারাগারে থাকতে হয় গ্রেপ্তারের পর স্ত্রী ধারদেনা করে তাকে জামিন করান জামিনে বেরিয়ে বাইক চুরি করে বিক্রির টাকা পাওয়ার পর ঋণ পরিশোধ করেন কারাগারে মোটরসাইকেল চোর চক্রের সদস্য জসিম রাকিব রহিমসহ কয়েকজনের সঙ্গে কালামের পরিচয় হয় জামিনে বেরিয়ে একসঙ্গে চুরি করলেও পরে কালাম ছাড়া অন্যরা চোর চক্রের হোতা বনে যান আলাদা চক্র গড়ে তুলে চুরি করেন তারা সাধারণত আবাসিক ভবনের গ্যারেজ থেকে মোটরসাইকেল চুরি করেন কালাম ও খালেক চক্রে আরও কয়েকজন আছেন একটি চুরি মামলায় তিন মাস আগে কারাগারে যান কালাম দুই মাস আগে জামিনে মুক্ত হন যাত্রাবাড়ী এলাকায় মোটরসাইকেল চুরি মামলায় মঙ্গলবার তাকেসহ চারজনকে যাত্রাবাড়ী এলাকা থেকে গ্রেপ্তার করে ডিবির ওয়ারী বিভাগের একটি টিম গতকাল তাদের আদালতে পাঠানো হয়,0
বাংলাদেশে মাথাপিছু আয় বেড়ে দাঁড়িয়েছে ২২২৭ মার্কিন ডলারে টাকার অঙ্কে যার পরিমাণ ১ লাখ ৮৯ হাজার টাকা আর মানুষের গড় আয়ু বৃদ্ধি পেয়ে ২০১৯২০ সালে দাঁড়িয়েছে ৭২ দশমিক ৬ বছর বাজেট বক্তৃতায় এসব তথ্য জানিয়েছেন অর্থমন্ত্রী আ হ ম মুস্তফা কামাল অর্থমন্ত্রী বলেন বাংলাদেশ বদলে যাওয়া এক দেশ বাংলাদেশের ইতিহাসে আমরা একটি স্বর্ণালী যুগ অতিক্রম করলাম যা সারাবিশ্বে সমাদৃত বঙ্গবন্ধুর পরে অর্থনীতি ও উন্নয়ন সমাজনীতি সংস্কৃতি আইনশৃখলা পররাষ্ট্রনীতিসহ সব ক্ষেত্রে বাংলাদেশকে প্রধানমন্ত্রী শেখ হাসিনা ইতিহাসের সর্বোচ্চ পর্যায়ে নিয়ে এসেছেন গত ১২ বছরে জিডিপির গড় প্রবৃদ্ধি ছিল ৬ দশমিক ৬ শতাংশ যা ২০১৬১৭ ২০১৭১৮ ও ২০১৮১৯ অর্থবছরে ৭ শতাংশের বেশি ছিল এবং ২০১৮১৯ অর্থবছরে ৮ শতাংশ অতিক্রম করে মূল্যস্ফীতি ছিল সহনীয় পর্যায়ে তিনি আরও বলেন ২০০৫০৬ অর্থবছরে আমাদের মাথাপিছু আয় ছিল ৫৪৩ মার্কিন ডলার যা বর্তমানে ২ হাজার ২২৭ মার্কিন ডলারে উন্নীত হয়েছে ওই সময়ে দারিদ্র্যের হার ছিল ৪১ দশমিক ৫ শতাংশ বর্তমানে দারিদ্র্যের হার কমে দাঁড়িয়েছে ২০ দশমিক ৫ শতাংশ জিডিপির আকার ৪ লাখ ৮২ হাজার ৩৩৭ কোটি টাকা থেকে ২৮ লাখ কোটি টাকা হয়েছে অর্থমন্ত্রী বলেন ২০০৫০৬ অর্থবছরে বাজেটের আকার ছিল ৬১ হাজার কোটি টাকা যা বর্তমান অর্থবছরে দশগুণের মতো বৃদ্ধি পেয়েছে মানুষের গড় আয়ু ২০০৫০৬ অর্থবছরের ৫৯ বছর থেকে বৃদ্ধি পেয়ে ২০১৯২০ সালে দাঁড়িয়েছে ৭২ দশমিক ৬ বছর শিশুমৃত্যু হার কমে প্রতি হাজারে ৮৪ থেকে ২৮ এবং মাতৃমৃত্যু হার প্রতি লাখে ৩৭০ থেকে কমে ১৬৫ জনে দাঁড়িয়েছে,1
পৃথিবীর বয়স যতই বাড়ছে আমরা ততই কেয়ামতের সম্মুখীন হচ্ছি প্রশ্ন হলো কেয়ামত কী পবিত্র কোরআনে আল্লাহ বলেন অবশ্যই কেয়ামত আসবে এতে বিন্দুমাত্র সন্দেহ নেই কিন্তু অধিকাংশ লোকই এ অমোঘ সত্য বিশ্বাস করে না সুরা আল মোমেন আয়াত ৫৯ যখন কেয়ামতের ঘটনাটি সংঘটিত হবে তখন কেউই তার সংঘটিত হওয়ার অস্বীকারকারী থাকবে না সুরা আল ওয়াকিয়া আয়াত ১২ সেদিন এর অবস্থা সম্পর্কে কোরআনে বর্ণিত হয়েছে পৃথিবী যখন প্রবল কম্পনে কম্পিত হবে পর্বতমালা সম্পূর্ণরূপে চূর্ণবিচূর্ণ করে দেওয়া হবে অতঃপর তা বিক্ষিপ্ত ধূলিকণায় পরিণত হয়ে যাবে সুরা ওয়াকিয়া আয়াত ৪ ৫ ৬ তাহলে আমরা জানতে পারলাম কেয়ামতের দিন পৃথিবীর অবস্থা কি হবে তাহলে সেদিনটি আসার আগে আমাদের কী করা উচিত পবিত্র কোরআনে আল্লাহ বলেন হে মানুষ সেদিনটি আসার আগেই তোমরা তোমাদের মালিকের ডাকে সাড়া দাও মনে রেখ আল্লাহতায়ালার কাছ থেকে যে দিনটির প্রতিরোধকারী কেউ থাকবে না সেদিন তোমাদের জন্য কোনো আশ্রয়স্থলও থাকবে না আর না তোমাদের পক্ষে সেদিন কেয়ামতের দিন অস্বীকার করা সম্ভব হবে সুরা আশ শুরা আয়াত ৪৭ কেয়ামতের পূর্ব লক্ষণগুলো কী বা কীভাবে আমরা জানতে পারব কেয়ামত সন্নিকটে কেয়ামত নিকটবর্তী বা তার পূর্বলক্ষণ হলো ক্রমাগতভাবে ফেতনা বৃদ্ধি পাওয়া ফেতনা হলো ক্রমাগত সমস্যা ইমান নষ্ট হয়ে যাওয়া মানুষের মধ্যে মায়া মমতা দয়া লোপ পাওয়া রক্তপাত বা হানাহানি বৃদ্ধি পাওয়া মিথ্যার প্রসার ঘটা ইসলামী জ্ঞান উঠে যাওয়া গান বাজনার প্রসার ঘটা আমানত উঠে যাওয়া মিথ্যা সাক্ষী দেওয়া সুদ খাওয়ার প্রবণতা বেড়ে যাওয়া ঘুষের আধিক্য বেড়ে যাওয়া আত্মীয়তার সম্পর্ক ছিন্ন করা এমন কি মানুষ জানবেও না সে কত ধরনের সমস্যা বা ফেতনার সম্মুখীন হচ্ছে রসুল সা বলেছেন তখন ধৈর্য ধরা বা ইমানের ওপর স্থির থাকা এত কঠিন হবে যে যেমন আগুনের কয়লা হাতে রাখা কঠিন রসুল সা আরও বলেছেন কিয়ামতের আগে ইলম ওঠে যাবে এবং অজ্ঞতার বিস্তার ঘটবে বুখারি আবু হুরায়রা রা থেকে বর্ণিত কেয়ামত কায়েম হবে না যতক্ষণ না ফোরাত তার মধ্যস্থিত সোনার পর্বত বের করে দেবে লোকেরা এ নিয়ে লড়াই করবে এবং এক শর মধ্যে নিরানব্বই জনই মারা যাবে তাদের প্রত্যেকেই মনে করবে সম্ভবত আমি বেঁচে যাব মুসলিম শরিফ ৭০০৮ অতিবৃষ্টি বন্যা খরা তীব্র ঠাণ্ডা দাবদাহ ঘন ঘন ভূমিকম্প ও বিভিন্ন প্রাকৃতিক দুর্যোগ ব্যাপক হারে দেখা দেবে এতে করে মাঠঘাট ফসলহীন হয়ে পড়বে লোকেরা এত পরিমাণ সম্পদশালী হয়ে উঠবে তখন জাকাত গ্রহণকারী কাউকে খুঁজে পাওয়া যাবে না চতুর্দিক থেকে ইসলামের ওপর এত পরিমাণ হামলা আসবে যেভাবে নেকড়ের দল শিকারের ওপর ঝাঁপিয়ে পড়ে যখন কেয়ামত সংঘটিত হবে তখন কী ঘটবে পবিত্র কোরআনে আল্লাহ বলেন যখন পৃথিবী তার কম্পনে প্রকম্পিত হবে যখন সে তার বোঝা বের করে দেবে সুরা যিলযাল আয়াত ১২ কেয়ামতের আগে ১০টি নিদর্শন ১ ধোঁয়া ২ দজ্জালের আবির্ভাব ৩ দাব্বাতুল আরদ্ব পৃথিবীর প্রাণী ৪ পশ্চিম দিক থেকে সূর্যোদয় ৫ ঈসা আ এর আগমন ৬ ইয়াজুজমাজুজের আগমন ৭ পূর্বদিকে ভূমিধস ৮ পশ্চিম দিকে ভূমিধস ৯ আরব ভূমিতে ভূমিধস ১০ কাফিররাই শুধু কেয়ামত অস্বীকার করবে আল্লাহ বলেন আর কাফিররা বলে আমাদের কাছে কেয়ামত আসবে না বলুন অবশ্যই হ্যাঁ শপথ আমার রবের নিশ্চয় তোমাদের কাছে তা আসবে সুরা সাবা আয়াত ৩ কেয়ামতকে প্রতিহত করার শক্তি কারও থাকবে না আল্লাহ আরও বলেন বরং তা তাদের ওপর আসবে অতর্কিতভাবে এবং তাদের হতভম্ব করে দেবে ফলে তারা তা রোধ করতে পারবে না এবং তাদেরকে অবকাশও দেওয়া হবে না সুরা আল আম্বিয়া আয়াত ৪০ সুতরাং প্রতিটি মুমিন বান্দার উচিত কেয়ামত সংঘটিত হওয়ার আগে জীবনের প্রতিটি মুহূর্তকে শেষ মুহূর্ত বিবেচনা করে ওপরে উল্লিখিত কাজগুলো থেকে বিরত থাকা কেয়ামতের দিন কোনো বিনিময়ই গ্রহণযোগ্য হবে না আল্লাহ বলেন তোমরা সেদিনটিকে ভয় করো যেদিন একজন মানুষ আরেকজনের কোনো কাজেই আসবে না না সেদিন কোনো বিনিময় নেওয়া হবে সুরা বাকারা আয়াত ১২৩ আল্লাহ রব্বুল আলামিন মুসলমান জাতিকে কেয়ামতের সব আলামত ও ভয়াবহতা থেকে নিরাপদ রাখুন ইমান ও নেক আমলের ওপর জীবনযাপন করার তৌফিক দান করুন,0
রাজধানীর শাহবাগের শিল্পকলা একাডেমির সামনে দুর্বৃত্তদের হামলায় জাতীয়তাবাদী ছাত্রদলের কেন্দ্রীয় কমিটির সাবেক দুই নেতা গুরুতর আহত হয়েছেন তাঁরা হলেন কেন্দ্রীয় ছাত্রদলের সাবেক সভাপতি রওনকুল ইসলাম শ্রাবণ ৩৭ ও সাবেক সহসভাপতি ঝলক ৩৫ মঙ্গলবার রাত ১০টার দিকে তাঁদের ঢাকা মেডিকেল কলেজ ঢামেক হাসপাতালের জরুরি বিভাগে নিয়ে আসা হয় আহতদের ভাষ্য শিল্পকলা একাডেমির সামনে বসা অবস্থায় হঠাৎ ২০ থেকে ২২ দুর্বৃত্ত তাঁদের ওপর অতর্কিত হামলা চালায় তাঁদের হাতুড়ি দিয়ে পেটানোর পাশাপাশি কুপিয়ে জখম করা হয় পরে পুলিশ গিয়ে আহত অবস্থায় তাঁদের উদ্ধার করে ঢাকা মেডিকেল হাসপাতালে নিয়ে আসে পরে আহত ঝলককে একটি বেসরকারি হাসপাতালে নিয়ে যাওয়া হয় তবে তাঁদের ওপর কে বা কারা হামলা চালিয়েছে তা নিশ্চিত করে বলতে পারেননি ভুক্তভোগীরা শাহবাগ থানার এসআই ইশতিয়াক বলেন ৯৯৯ নম্বরে একটি ফোনকল পেয়ে আমরা ঘটনাস্থলে যাই আমরা যেতেই হামলকারীরা পালিয়ে যায় কে বা কারা তাঁদের ওপর এই হামলা চালিয়েছে বিষয়টি ভুক্তভোগীরা জানাতে পারেননি,0
ডাক টেলিযোগাযোগ ও তথ্যপ্রযুক্তি উপদেষ্টা মো নাহিদ ইসলাম বলেছেন শিক্ষার্থীদের পরিকল্পিতভাবে বিতর্কিত করার চেষ্টা করা হচ্ছে সবাইকে এই বিষয়ে সচেতন থাকার আহ্বান জানিয়েছে তিনি দৈনিক ইত্তেফাকের সর্বশেষ খবর পেতে অনুসরণ করুন শনিবার ২৩ নভেম্বর ঢাকায় সরকারি বিজ্ঞান কলেজে ১১তম জিএসসি ন্যাশনাল সাইন্টিস্ট ম্যানিয়াএর সমাপনী অনুষ্ঠানে প্রধান অতিথির বক্তৃতায় তিনি এ কথা বলেন ছাত্রদের মধ্যে বিবাদ ও সংঘাত শিক্ষার্থীদের নেতিবাচকভাবে দেশবাসীর কাছে উপস্থাপন করতে সহায়তা করছে মন্তব্য করে নাহিদ ইসলাম বলেন শিক্ষার্থীদের নেতিবাচকভাবে উপস্থাপন করা গেলে জুলাই অভ্যুত্থানকেও নেতিবাচকভাবে উপস্থাপন করা সহজ হবে এ সুযোগ যেন কেউ নিতে না পারে আমরা এতদিন বিক্ষোভ করেছি রাজপথে থেকেছি আমাদের এখন রাষ্ট্র গঠনের সময় আমাদের এখন মেধাকে কাজে লাগাতে হবে সৃজনশীলতাকে কাজে লাগাতে হবে আমরা বৈষম্যহীন সমাজ প্রতিষ্ঠার জন্য বাংলাদেশ গড়তে চেয়েছি তিনি বলেন জুলাই গণঅভ্যুত্থানের সুফল যেন বাংলাদেশের প্রতিটি মানুষ পায় সে কাজটি আমাদের করতে হবে আমরা আশা করি যে প্রত্যাশা নিয়ে সবাই আন্দোলন করেছে রক্ত দিয়েছে সে প্রত্যাশা আমাদের পূরণ হবে জুলাই গণঅভ্যুত্থান আমাদের আত্মমর্যাদা নিয়ে দাঁড়াতে শিখিয়েছে এই আত্মবিশ্বাস নিয়ে আমরা বাংলাদেশকে নতুনভাবে গড়তে পারবো কলেজের ছাত্রছাত্রীদের উদ্দেশে উপদেষ্টা বলেন আমাকে স্যার বলার দরকার নেই আমি আপনাদের ভাই গণঅভ্যুত্থানের মতো কাঁধে কাঁধ মিলিয়ে একসাথে এগিয়ে যাব ভুল করলে শুধরে দিবেন যদি জাতির প্রয়োজন পড়ে আমরা আবারও রাস্তায় নামবো তার আগ পর্যন্ত সবাইকে লেখাপড়ায় মনোযোগী হতে বললেন নাহিদ ইসলাম জুলাই গণঅভ্যুত্থান শহীদ ও আহতদের রাষ্ট্রীয় সম্মান প্রদান করার পাশাপাশি শহীদের পরিবারকে পুনর্বাসন এবং আহতদের চিকিৎসার ব্যবস্থা করা হবে বলেও জানান তিনি জুলাইআগস্ট অভ্যুত্থানের অন্যতম নায়ক নাহিদ ইসলাম বলেন জেনজি পৃথিবীকে দেখিয়ে দিয়েছে তারা আন্দোলন সংগ্রামে রক্ত দিয়ে দেশকে স্বৈরাচারমুক্ত করতে পারে তারা অলস নয় জুলাই গণঅভ্যুত্থানে সরকারি বিজ্ঞান কলেজের ছাত্রদের অংশগ্রহণ এবং আত্মত্যাগের জন্য ধন্যবাদ ও কৃতজ্ঞতা জানান তিনি অনুষ্ঠানে বিশিষ্ট পরমাণু বিজ্ঞানী প্রফেসর ড মুহাম্মাদ শমশের আলী বলেন বিজ্ঞানে বাতিক না থাকলে বিজ্ঞান এগোয় না গণআন্দোলনে আহতরা যেন আজীবন স্বাস্থ্যসেবা পায় আন্দোলনকারীদের স্বপ্ন যেন সত্য হয় তরুণদের সুযোগ দিলে তারা বাংলাদেশকে বিশ্ব দরবারে নতুনভাবে পরিচিত করাবে সরকারি বিজ্ঞান কলেজের অধ্যক্ষ প্রফেসর কে এম আমিনুল হক বলেন দেশ গঠনে বিজ্ঞানের বিকল্প নেই এক্ষেত্রে তরুণদের দায়িত্ব নিতে হবে এই কলেজটি ১৯৫৪ সালের অবকাঠামোর নিয়ে চলছে যা ঝুঁকিপূর্ণ অতিদ্রুত বহুতল ভবন নির্মাণ করার ব্যাপারে উপদেষ্টার সহযোগিতা কামনা করছি উল্লেখ্য উপদেষ্টা মো নাহিদ ইসলাম সরকারি বিজ্ঞান কলেজের প্রাক্তন শিক্ষার্থী সরকারি বিজ্ঞান কলেজের উপাধ্যক্ষ তানজিনা ফেরদৌস নাগরিক কমিটির সদস্য সারওয়ার তুষার জুলাই বিপ্লবের অন্যতম সমন্বয়ক সরকারি বিজ্ঞান কলেজের সাবেক ছাত্র তারিকুল ইসলামসহ বিপুলসংখ্যক ছাত্রছাত্রী অনুষ্ঠানে উপস্থিত ছিলেন,1
প্রথম সিনেমা আয়নাবাজি মুক্তির পর থেকেই অভিনেত্রী ও মডেল মাসুমা রহমান নাবিলাকে নিয়ে দর্শক ও সমালোচকদের মধ্যে আলাদা আলোচনা শুরু হয় এরপর একাধিক সিনেমা ও নাটকে কাজ করলেও গেল বছরের রোজার ঈদে ঢালিউড সুপারস্টার শাকিব খানের সঙ্গে তাঁর অভিনীত সিনেমা তুফান মুক্তি পায় সিনেমাটি দর্শক মহলে ভালো সাড়া ফেললে আবারও আলোচনায় আসেন নাবিলা এবার আসন্ন ঈদকে সামনে রেখে মুক্তি পেতে যাচ্ছে তাঁর অভিনীত নতুন সিনেমা বনলতা সেন সিনেমাটি নিয়ে দারুণ আশাবাদী এই অভিনেত্রী নাবিলা বলেন বেশ কিছুদিন বিরতির পর আমার অভিনীত কোনো সিনেমা মুক্তি পাচ্ছে এটা ভেবেই ভালো লাগছে আমি সত্যিই আশাবাদী যে বনলতা সেন দর্শকের প্রত্যাশা পূরণ করতে পারবে গল্প নির্মাণ আর অভিনয় সব মিলিয়ে এটি আলাদা অভিজ্ঞতা হয়ে উঠবে বলে আমার বিশ্বাস আগামী রোজার ঈদে একগুচ্ছ সিনেমা মুক্তির গুঞ্জন শোনা যাচ্ছে এরই মধ্যে প্রিন্স দম রাক্ষস বনলতা এক্সপ্রেস পিনিকসহ আরও কয়েকটি সিনেমার নাম প্রকাশ্যে এসেছে সেই তালিকায় নতুন করে যুক্ত হলো বনলতা সেন ২০২৪ সালেই সিনেমাটি মুক্তির প্রস্তুতি নিয়েছিলেন নির্মাতা মাসুদ হাসান উজ্জ্বল তবে দেশের সার্বিক পরিস্থিতি বিবেচনা করে তখন মুক্তি পিছিয়ে দেওয়া হয় অবশেষে জানা গেছে নতুন বছরে দর্শকের সামনে আসছে সিনেমাটি বাংলা সাহিত্যের শক্তিমান কবি জীবনানন্দ দাশের কাল্পনিক চরিত্র বনলতা সেনকে ঘিরেই নির্মিত হয়েছে এই সিনেমা সরকারি অনুদানে নির্মিত ছবিটিতে নাম ভূমিকায় অভিনয় করেছেন মাসুমা রহমান নাবিলা সিনেমায় কবি জীবনানন্দ দাশের চরিত্রে দেখা যাবে খায়রুল বাসারকে আরও অভিনয় করেছেন সোহেল মণ্ডল নাজিবা বাশার প্রিয়ন্তী উর্বী রুপন্তী আকীদ শরিফ সিরাজ ও সুমাইয়া খুশি প্রমুখ বনলতা সেন ২০২১২২ অর্থবছরে সরকারি অনুদান পায় নির্মাতা মাসুদ হাসান উজ্জ্বল জানিয়েছেন সিনেমাটি নির্মাণে তিনি কোনো ধরনের আপস করেননি সময় বেশি লাগলেও যত্ন নিয়ে কাজ শেষ করেছেন তিনি বলেন জীবনানন্দ দাশকে নিয়ে কাজ করা মানেই বাড়তি দায়বদ্ধতা গবেষণা প্রস্তুতি উপযুক্ত অভিনয়শিল্পী নির্বাচন সবকিছুই ছিল কঠিন ও সময়সাপেক্ষ দীর্ঘদিন রিহার্সাল করা হয়েছে এবং প্রোডাকশন ডিজাইনের দিকেও বিশেষ মনোযোগ দেওয়া হয়েছে সিনেমাটির মুক্তি প্রসঙ্গে নির্মাতা জানান ২০২৬ সালের ঈদুল ফিতরকে সামনে রেখেই বনলতা সেন মুক্তির পরিকল্পনা করা হয়েছে শিগগিরই আনুষ্ঠানিক ঘোষণার মাধ্যমে প্রচারপ্রচারণা শুরু হবে,0
নোয়াখালীর কোম্পানীগঞ্জ থানা ১২ ঘণ্টারও বেশি সময় ধরে ঘেরাও করে অবস্থান ধর্মঘট পালন করছেন সেতুমন্ত্রী ও আওয়ামী লীগের সাধারণ সম্পাদক ওবায়দুল কাদেরের ছোট ভাই আবদুল কাদের মির্জা পাশাপাশি তাঁর ডাকে আজ বুধবার সকাল থেকে উপজেলায় হরতাল চলছে জেলা প্রশাসক ডিসি পুলিশ সুপার এসপি কোম্পানীগঞ্জ থানার ভারপ্রাপ্ত কর্মকর্তা ওসি ও ভারপ্রাপ্ত কর্মকর্তাতদন্তকে প্রত্যাহার এবং চরকাঁকড়া ইউনিয়ন আওয়ামী লীগের নেতা ফখরুল ইসলাম ওরফে সবুজের গ্রেপ্তারের দাবিতে গতকাল মঙ্গলবার রাত সাড়ে আটটা থেকে তিনি থানা ঘেরাও কর্মসূচি শুরু করেন সকাল থেকে শুরু হয়েছে হরতাল আজ সকাল সাড়ে নয়টায় এ প্রতিবেদন লেখা পর্যন্ত কয়েক শ নেতাকর্মী নিয়ে কাদের মির্জা থানার ফটকে অবস্থান করছিলেন হরতালের কারণে উপজেলার দোকানপাট সব বন্ধ আছে কোনো যানবাহন কোম্পানীগঞ্জে ঢুকতে পারছে না স্থানীয় সূত্রে জানা গেছে গতকাল সন্ধ্যায় কোম্পানীগঞ্জের বসুরহাট পৌরসভার মেয়র আবদুল কাদের মির্জা ফেনীর দাগনভূঞা ও চট্টগ্রামে তাঁর ওপর হামলা ও তাঁকে হত্যার ষড়যন্ত্রের প্রতিবাদে বসুরহাট রূপালী চত্বরে সংবাদ সম্মেলন করেন এতে তিনি ফেনীর সাংসদ নিজাম উদ্দিন হাজারী নোয়াখালীর সাংসদ একরামুল করিম চৌধুরীসহ দাগনভূঞা ও সোনাগাজী উপজেলা পরিষদের চেয়ারম্যানদের অভিযুক্ত করেন সূত্র জানায় এই সংবাদ সম্মেলন চলাকালে উপজেলার টেকেরবাজারে আবদুল কাদের মির্জার বিরুদ্ধে একটি সমাবেশ করেন চরকাঁকড়া ইউনিয়ন আওয়ামী লীগের নেতা ফখরুল ইসলাম ওরফে সবুজ কাদের মির্জা কোম্পানীগঞ্জকে জিম্মি করে রেখেছেন উল্লেখ করে তিনি বিভিন্ন অভিযোগ তুলে ধরেন সমাবেশ শেষে সেখানে একটি বিক্ষোভ মিছিল হয় সমাবেশের খবরে কাদের মির্জার একদল সমর্থক টেকেরবাজারে যান সেখানে দুই পক্ষের মধ্যে হাতাহাতি ও পাল্টাপাল্টি ধাওয়ার ঘটনা ঘটে একপর্যায়ে থানা থেকে পুলিশ গিয়ে ফখরুল ইসলামকে আটক করেন এ সময় সমর্থকেরা পুলিশের কাছ থেকে ফখরুলকে ছিনিয়ে নিয়ে যায় এ ঘটনার প্রতিবাদে কাদের মির্জা রাত সাড়ে আটটার দিকে কয়েক শ নেতাকর্মী নিয়ে থানার সামনে অবস্থান নেন সেখানে দেওয়া বক্তব্যে তিনি নোয়াখালীর ডিসি মোহাম্মদ খোরশেদ আলম খান এসপি আলমগীর হোসেন কোম্পানীগঞ্জের ওসি মীর জাহেদুল হক ও ওসি তদন্ত রবিউল হককে প্রত্যাহারের দাবি জানান পাশাপাশি সাংসদ নিজাম উদ্দিন হাজারী ও একরামুল করিম চৌধুরীর বিরুদ্ধেও ব্যবস্থা নেওয়ার দাবি তাঁর প্রত্যক্ষদর্শীরা বলেন গতকাল রাতের দিকে নেতাকর্মীর সংখ্যা কিছুটা কমে গেলেও আজ সকাল থেকে বাড়তে থাকে কোম্পানীগঞ্জ থানার ওসি মীর জাহেদুল হক এই খবরের সত্যতা নিশ্চিত করেছেন,1
শরীরের জন্য থাইরয়েড হরমোনের একটি নির্দিষ্ট মাত্রা আছে এর থেকে কম বা বেশি হরমোন উৎপাদিত হলেই শরীরের উপর বিভিন্ন রকমের বিরূপ প্রভাব পড়তে শুরু করে তবে যথাযথ খাদ্যাভাস এবং জীবনযাত্রা ঠিক রাখার মাধ্যমে থাইরয়েড নিয়ন্ত্রণ করা সম্ভব যারা থাইরয়েডের সমস্যায় ভুগছেন এবং নিজেকে সুস্থ রাখতে চান তারা ঘরোয়া কিছু পদ্ধতি অনুসরণ করতে পারেন যেমন ১ জাঙ্ক ফুড এবং প্রক্রিয়াজাত খাবার থেকে দূরে থাকুন এগুলি স্বাস্থ্যের জন্য খুবই ক্ষতিকর ২ বর্তমান যুগে এত শারীরিক ও মানসিক সমস্যা হওয়ার সবচেয়ে বড় কারণ হল অগোছালো জীবনযাপন করা তাই নিয়মিত ব্যায়াম করা স্বাস্থ্য ভালো রাখার জন্য অত্যন্ত জরুরি এতে শরীরের অতিরিক্ত ক্যালোরি ঝরে এবং শরীর সুস্থ থাকে ৩ খাবার খাওয়ার সময় তাড়াহুড়ো না করে ধীরেসুস্থে ভালো করে চিবিয়ে খেতে হবে মনোযোগ দিয়ে ভালো করে চিবিয়ে খাওয়া থাইরয়েড এবং মনের মধ্যে সংযোগ গড়ে তোলে থাইরয়েড গ্রন্থি শরীরের বিপাক নিয়ন্ত্রণে গুরুত্বপূর্ণ ভূমিকা পালন করে তাই ধীরেসুস্থে খাবার চিবিয়ে খেলে তা বিপাক ক্রিয়া বাড়াতে বিশেষভাবে সাহায্য করে ৪ গবেষণায় দেখা গেছে এমন কিছু শাকসবজি আছে যেগুলি কাঁচা অবস্থায় খাওয়ার ফলে থাইরয়েড গ্রন্থির কাজ ব্যাহত হয় যেমন  বাঁধাকপি ব্রকলি ব্রাসেলস স্প্রাউট ফুলকপি ইত্যাদি এসব সবজি কাঁচা অবস্থায় খেলে থাইরয়েড গ্রন্থির ভারসাম্য নষ্ট নয় তাই এই ধরনের সবজি কাঁচা বা স্যালাদ হিসেবে না খেয়ে রান্না করে খান ৫ নারকেল তেলে থাকা ফ্যাটি অ্যাসিড থাইরয়েড গ্রন্থির কার্যকারিতা বাড়াতে সহায়তা করে নারকেল তেল গরম না করে যদি ব্যবহার করা হয় তাহলে তা ওজন হ্রাস করতে এবং বিপাকীয় ক্রিয়া বাড়িয়ে তুলতে সাহায্য করে এমনকি শরীরের তাপমাত্রাও ঠিক রাখতেও সাহায্য করে এই তেল ৬ অ্যাপেল সিডার ভিনেগার হরমোন উৎপাদনের ভারসাম্যতা বজায় রাখতে সহায়তা করে এতে বিপাকের উন্নতি হয় এছাড়াও এটি শরীরের ফ্যাট নিয়ন্ত্রণ এবং শরীর থেকে বিষাক্ত পদার্থগুলি বের করে পুষ্টি শোষণে সহায়তা করে ৭ আদায় বিভিন্ন রকম খনিজ যেমন পটাশিয়াম ম্যাগনেশিয়াম পাওয়া যায় এটি থাইরয়েডের সমস্যার সঙ্গে লড়াই করতে দারুন কার্যকর থাইরয়েডের সমস্যা কমাতে নিয়মিত আদা চা পান করুন ৮ থাইরয়েডের ক্ষেত্রে ভিটামিন বি খুবই সহায়ক বিশেষ করে ভিটামিন বি১২ হাইপোথাইরয়েডিজমে আক্রান্ত ব্যক্তিদের জন্য খুবই উপকারী তাই প্রতিদিনের খাদ্যতালিকায় ডিম মাছ মাংস দুধ বাদাম অবশ্যই অন্তর্ভুক্ত করুন এগুলি পর্যাপ্ত পরিমাণে ভিটামিন বি সরবরাহ করবে ৯ ভিটামিন ডিয়ের অভাবে থাইরয়েডের সমস্যা হতে পারে সূর্যের আলোতেই শরীর একমাত্র ভিটামিন ডি প্রস্তুত করতে পারে তাই দিনে অন্তত পক্ষে ১৫ মিনিট সূর্যের আলোয় থাকুন এতে শরীরে ভালোভাবে ক্যালসিয়ামের শোষণ হবে এবং রোগ প্রতিরোধ ক্ষমতাও বাড়বে ভিটামিন ডি সমৃদ্ধ কিছু খাবার হল  স্যালমন ম্যাকারেল দুগ্ধজাতীয় দ্রব্য কমলালেবুর রস ডিমের কুসুম ইত্যাদি শরীরে যদি ভিটামিন ডির মাত্রা খুবই কম থাকে তাহলে চিকিৎসকের পরামর্শ নিয়ে ভিটামিনডি সাপ্লিমেন্টও নিতে পারেন ১০ দুধ পনির দই এই ধরনের দুগ্ধজাতীয় খাবার থাইরয়েডের জন্য খুবই উপকারী কারণ এই সব খাবারে আয়োডিন এবং খনিজ বিপুল পরিমাণে থাকে যা থাইরয়েডের জন্য খুবই উপকারী আয়োডিন সাপ্লিমেন্টও এক্ষেত্রে গুরুত্বপূর্ণ ভূমিকা পালন করে,1
সারা দেশের বিভিন্ন জেলায় বিএনপির চেয়ারপারসন ও সাবেক প্রধানমন্ত্রী খালেদা জিয়ার গায়েবানা জানাজা অনুষ্ঠিত হয়েছে আজ বুধবার বিএনপিসহ স্থানীয় লোকজনের উদ্যোগে এ জানাজা অনুষ্ঠিত হয় একই সময়ে বিভিন্ন এলাকায় খালেদা জিয়ার রুহের মাগফিরাত কামনা করে দোয়া মাহফিল অনুষ্ঠিত হয়েছেগতকাল মঙ্গলবার সকালে রাজধানীর এভারকেয়ার হাসপাতালে চিকিৎসাধীন অবস্থায় মারা যান খালেদা জিয়া আজ বুধবার দুপুরে রাজধানীর মানিক মিয়া অ্যাভিনিউয়ে বিপুল মানুষের সমাগমে খালেদা জিয়ার জানাজা অনুষ্ঠিত হয় পরে বিকেলে জিয়া উদ্যানে স্বামী সাবেক রাষ্ট্রপতি ও বিএনপির প্রতিষ্ঠাতা জিয়াউর রহমানের কবরের পাশে রাষ্ট্রীয় মর্যাদায় তাঁকে দাফন করা হয় বিভিন্ন রাজনৈতিক দলের নেতাকর্মী প্রশাসনের কর্মকর্তা ও হাজারো মুসল্লির অংশগ্রহণে রংপুরের কেন্দ্রীয় ঈদগাহে খালেদা জিয়ার গায়েবানা জানাজা অনুষ্ঠিত হয়েছে আজ বেলা সোয়া দুইটায় স্থানীয় বিএনপির উদ্যোগে এ জানাজার আয়োজন করা হয় এতে ইমামতি করেন নগরের নজিরের হাট বায়তুল ফালাহ জামে মসজিদের ইমাম মাওলানা মো হামিদুল ইসলাম জানাজায় পুলিশের রংপুর রেঞ্জের ডিআইজি আমিনুল ইসলাম রংপুর মেট্রোপলিটন পুলিশ কমিশনার মো মজিদ আলী মহানগর বিএনপির সদস্য ও রংপুর সিটি করপোরেশন নির্বাচনে বিএনপির মনোনীত সাবেক মেয়র প্রার্থী কাওসার জামান জেলা যুবদলের জ্যেষ্ঠ সহসভাপতি রাকিবুল ইসলাম জাতীয় নাগরিক পার্টির এনসিপি মহানগরের জ্যেষ্ঠ যুগ্ম আহ্বায়ক আলাল উদ্দিন কাদেরী এনসিপির জেলার যুগ্ম সদস্যসচিব শেখ রেজওয়ান প্রমুখ অংশ নেন রংপুরে খালেদা জিয়ার গায়েবানা জানাজা অনুষ্ঠিত হয়েছে বুধবার নগরের কালেক্টরেট ঈদগাহে রংপুরে খালেদা জিয়ার গায়েবানা জানাজা অনুষ্ঠিত হয়েছে বুধবার নগরের কালেক্টরেট ঈদগাহেছবি এদিকে খালেদা জিয়ার রুহের মাগফিরাত কামনা করে বেগম রোকেয়া বিশ্ববিদ্যালয়ে দোয়া মাহফিল অনুষ্ঠিত হয়েছে আজ বাদ আসর সেন্ট্রাল মসজিদে আয়োজিত দোয়া মাহফিলে বিশ্ববিদ্যালয়ের শিক্ষক শিক্ষার্থী ও কর্মকর্তারা অংশ নেন এ ছাড়া খালেদা জিয়ার মৃত্যুতে শোক প্রকাশ করে অর্ধদিবস দোকানপাট বন্ধ রাখে মহানগর ব্যবসায়ী সমিতি রাজশাহী বিএনপি ও সহযোগী সংগঠনের নেতাকর্মীসহ সর্বস্তরের মানুষের অংশগ্রহণে রাজশাহীর বিভিন্ন স্থানে খালেদা জিয়ার গায়েবানা জানাজা অনুষ্ঠিত হয়েছে আজ দুপুর দুইটার দিকে নগরের টিকাপাড়া ঈদগাহ মাঠে আয়োজিত গায়েবানা জানাজা শেষে খালেদা জিয়ার রুহের মাগফিরাত কামনা করে বিশেষ দোয়া করা হয় রাজশাহীতে খালেদা জিয়ার গায়েবানা জানাজা বুধবার নগরের টিকাপাড়া ঈদগাহ মাঠে রাজশাহীতে খালেদা জিয়ার গায়েবানা জানাজা বুধবার নগরের টিকাপাড়া ঈদগাহ মাঠেছবি শহীদুল ইসলাম এদিকে জেলার গোদাগাড়ী তানোরসহ বিভিন্ন উপজেলায়ও গায়েবানা জানাজা হয়েছে নগরের বিভিন্ন গুরুত্বপূর্ণ স্থানে বিএনপির কার্যালয়ে মাইকে কোরআন তিলাওয়াত প্রচার করা হচ্ছে রাজশাহী প্রকৌশল ও প্রযুক্তি বিশ্ববিদ্যালয়সহ রুয়েট বিভিন্ন শিক্ষাপ্রতিষ্ঠানে শোক পালন করা হচ্ছে রুয়েটের প্রধান ফটকে খালেদা জিয়ার প্রতি শ্রদ্ধা জানিয়ে বড় ব্যানার টানানো হয়েছে রাজশাহী বিশ্ববিদ্যালয়ে আজ জোহরের নামাজের পর কেন্দ্রীয় মসজিদ প্রাঙ্গণে গায়েবানা জানাজা অনুষ্ঠিত হয় এতে ইমামতি করেন কেন্দ্রীয় মসজিদের সহকারী ইমাম মাওলানা সাহাজুল ইসলাম উপাচার্য অধ্যাপক সালেহ হাসান নকীব সহউপাচার্য অধ্যাপক ফরিদ উদ্দীন পদার্থবিজ্ঞান বিভাগের অধ্যাপক এফ নজরুল ইসলামসহ বিভিন্ন বিভাগের শিক্ষক ও প্রশাসনের ঊর্ধ্বতন কর্মকর্তাকর্মচারীরা জানাজায় অংশ নেন সিলেট দুপুরে সিলেট আন্তর্জাতিক ক্রিকেট স্টেডিয়ামে খালেদা জিয়ার গায়েবানা জানাজা অনুষ্ঠিত হয়েছে বাংলাদেশ ক্রিকেট বোর্ডের উদ্যোগে স্টেডিয়ামের গ্রিন গ্যালারির সামনে আয়োজিত জানাজায় বিসিবির কর্মকর্তাসহ বিপিএলের খেলোয়াড় ও সাংবাদিকেরা অংশ নেন সিলেটে খালেদা জিয়ার গায়েবানা জানাজা অনুষ্ঠিত হয় বুধবার বিকেলে সিলেট কেন্দ্রীয় শহীদ মিনারে বিকেল সাড়ে চারটার দিকে সিলেট কেন্দ্রীয় শহীদ মিনারে আরও একটি গায়েবানা জানাজা অনুষ্ঠিত হয় জানাজায় ইমামতি করেন হাফেজ মারজান আহমদ এতে সিলেটের বিভিন্ন শ্রেণিপেশার মানুষ অংশ নেন এ ছাড়া বিএনপির চেয়ারপারসনের উপদেষ্টা ও সিলেট৪ আসনে বিএনপি মনোনীত প্রার্থী আরিফুল হক চৌধুরীর উদ্যোগে নগরের কুমারপাড়ার বাসভবনে খতমে কোরআন ও দোয়া মাহফিলের আয়োজন করা হয়েছে খালেদা জিয়ার মৃত্যুতে নগরের তোপখানা এলাকায় জেলা ও মহানগর বিএনপির অস্থায়ী কার্যালয়ে গতকাল থেকে শোক বই খোলা হয়েছে এতে আজ দুপুর ১২টা থেকে বিএনপি ও অঙ্গসংগঠনের নেতাকর্মীসহ বিভিন্ন শ্রেণিপেশার মানুষ শোক প্রকাশ করে স্বাক্ষর করছেন এ ছাড়া খালেদা জিয়ার প্রতি শ্রদ্ধা জানিয়ে আজ সকাল থেকে দুপুর ১২টা পর্যন্ত অর্ধদিবস সিলেটে বন্ধ ছিল দোকানপাট ব্যবসাপ্রতিষ্ঠান ও বিপণিবিতান ময়মনসিংহ বিপুল মানুষের সমাগমে ময়মনসিংহের ঈশ্বরগঞ্জে খালেদা জিয়ার গায়েবানা জানাজা অনুষ্ঠিত হয়েছে বেলা দুইটায় ঈশ্বরগঞ্জ বড় খেলার মাঠে আয়োজিত এ জানাজায় ইমামতি করেন ঈশ্বরগঞ্জ নুর মসজিদের খতিব মো খলিলুর রহমান জানাজার আগে খালেদা জিয়াকে নিয়ে স্মৃতিচারণা করে বক্তব্য দেন উপজেলা বিএনপির যুগ্ম আহ্বায়ক এ কে এম হারুন অর রশিদ শাহজাহান জয়পুরী মো আহসান পারভেজ আবদুল্লাহ আল মামুন শাহজাহান কবির পৌর বিএনপির সদস্যসচিব মো নূরে আলম জুলফিকার আলী মো হায়দার আলী বীর মুক্তিযোদ্ধা হাবিবুর রহমান আকন্দ প্রমুখ ময়মনসিংহের ঈশ্বরগঞ্জে খালেদা জিয়ার গায়েবানা জানাজা অনুষ্ঠিত হয়েছে আজ দুপুরে স্থানীয় বড় মাঠে ময়মনসিংহের ঈশ্বরগঞ্জে খালেদা জিয়ার গায়েবানা জানাজা অনুষ্ঠিত হয়েছে আজ দুপুরে স্থানীয় বড় মাঠেছবি প্রথম আলো এদিকে খালেদা জিয়ার মৃত্যুতে শোক প্রকাশ করে ময়মনসিংহ শহরের সব ব্যবসাপ্রতিষ্ঠান বন্ধ রাখা হয়েছে গফরগাঁও আসনের বিএনপি মনোনীত প্রার্থী মোহাম্মদ আক্তারুজ্জামানের উদ্যোগে কোরআন খতম ও দোয়া মাহফিল অনুষ্ঠিত হয়েছে বগুড়া বগুড়ার ঐতিহাসিক আলতাফুন্নেছা খেলার মাঠে আজ বেলা তিনটায় খালেদা জিয়ার গায়েবানা জানাজা অনুষ্ঠিত হয়েছে এতে সর্বস্তরের মানুষ অংশ নেন জানাজা শেষে খালেদা জিয়ার মাগফিরাত কামনা করে বিশেষ দোয়া করা হয় বগুড়ায় বিএনপি চেয়ারপারসন ও সাবেক প্রধানমন্ত্রী খালেদা জিয়ার গায়েবানা জানাজা অনুষ্ঠিত হয়  বুধবার বেলা তিনটায় শহরের আশরাফুন্নেছা খেলার মাঠে বগুড়ায় বিএনপি চেয়ারপারসন ও সাবেক প্রধানমন্ত্রী খালেদা জিয়ার গায়েবানা জানাজা অনুষ্ঠিত হয়  বুধবার বেলা তিনটায় শহরের আশরাফুন্নেছা খেলার মাঠেছবি সোয়েল রানা খালেদা জিয়ার মৃত্যুতে শোক ও শ্রদ্ধা জানিয়ে আজ ভোর থেকেই শহরের বিভিন্ন বিপণিবিতান দোকানপাট ব্যবসাপ্রতিষ্ঠান সরকারিবেসরকারি কার্যালয় বন্ধ ছিল শহরের প্রাণকেন্দ্র সাতমাথা থেকে নিউমার্কেট কাঁঠালতলা চুড়িপট্টি শরীফ মার্কেট আল আমিন কমপ্লেক্স রানার প্লাজা পুলিশ প্লাজা জলেশ্বরীতলাসহ শহরের অধিকাংশ এলাকায় দোকানপাট বন্ধ ছিল শহরের হোটেলরেস্তোরাঁ ও সড়কের মোহনায় থাকা বড় পর্দার সামনে ভিড় ছিল শোকার্ত মানুষের সবার দৃষ্টি ছিল টেলিভিশনে সরাসরি সম্প্রচার করা জানাজার দিকে চাঁদপুর আজ বেলা আড়াইটায় চাঁদপুর শহরের হাসান আলী সরকারি উচ্চবিদ্যালয় মাঠে খালেদা জিয়ার গায়েবানা জানাজা অনুষ্ঠিত হয়েছে এতে বিএনপি জামায়াতে ইসলামী বৈষম্যবিরোধী ছাত্র আন্দোলন ইসলামী আন্দোলন বাংলাদেশ এনসিপিসহ বিভিন্ন রাজনৈতিক দলের নেতাকর্মী ও সাধারণ মানুষ অংশ নেন চাঁদপুরের মতলব দক্ষিণ উপজেলায় খালেদা জিয়ার গায়েবানা জানাজার একাংশ উপজেলার নিউ হোস্টেল মাঠে বুধবার দুপুরে চাঁদপুরের মতলব দক্ষিণ উপজেলায় খালেদা জিয়ার গায়েবানা জানাজার একাংশ উপজেলার নিউ হোস্টেল মাঠে বুধবার দুপুরেছবি প্রথম আলো এদিকে জেলার মতলব দক্ষিণ উপজেলায়ও গায়েবানা জানাজা অনুষ্ঠিত হয়েছে বেলা আড়াইটায় উপজেলার নিউ হোস্টেল মাঠে আয়োজিত জানাজার আগে খালেদা জিয়ার জীবন ও কর্মের ওপর স্মৃতিচারণা করে বক্তব্য দেন উপজেলা বিএনপির সভাপতি এনামুল হক উপজেলা জামায়াতের আমির আবদুর রশিদ পাটোয়ারী মতলব পৌর বিএনপির সভাপতি শোয়েব সরকার সাধারণ সম্পাদক মো জাকির হোসেন প্রধান জেলা বিএনপির সম্পাদকমণ্ডলীর সদস্য মোল্লা জাকির হোসেন উপজেলা যুবদলের আহ্বায়ক মুজাহিদুল ইসলাম পৌর যুবদলের আহ্বায়ক মজিবুর রহমান সরকার প্রমুখ জানাজায় বিভিন্ন শ্রেণিপেশার কয়েক হাজার মানুষ অংশ নেন নাটোর নাটোরের ছয়টি উপজেলার অন্তত ১১টি স্থানে খালেদা জিয়ার গায়েবানা জানাজা অনুষ্ঠিত হয়েছে আজ জোহরের নামাজের পর এসব জানাজায় বিএনপির নেতাকর্মীরা ছাড়াও সাধারণ মানুষ অংশ নেন লালপুরের শ্রী সুন্দরী পাইলট স্কুল অ্যান্ড কলেজ মাঠে খালেদা জিয়ার গায়েবানা জানাজা বুধবার দুপুর লালপুরের শ্রী সুন্দরী পাইলট স্কুল অ্যান্ড কলেজ মাঠে খালেদা জিয়ার গায়েবানা জানাজা বুধবার দুপুরছবি প্রথম আলো জেলার সবচেয়ে বড় গায়েবানা জানাজা অনুষ্ঠিত হয় লালপুর উপজেলার শ্রী সুন্দরী পাইলট স্কুল অ্যান্ড কলেজ মাঠে জানাজায় ইমামতি করেন মাওলানা রাশেদুল ইসলাম এ ছাড়া নাটোর শহরের আলাইপুর বাগাতিপাড়ার জামনগর দয়রামপুর সিংড়া উপজেলা সদর বড়াইগ্রামের কালিকাপুর গুরুদাসপুরের চাঁচকৈড়ে ও নলডাঙ্গা স্কুলমাঠে গায়েবানা জানাজা অনুষ্ঠিত হয় জেলা বিএনপির সদস্য নাসিম উদ্দীন নাসিম জানান জ্যেষ্ঠ নেতারা ঢাকার জানাজায় অংশ নিতে গেলেও সাধারণ কর্মীসমর্থকেরা নিজ উদ্যোগে খালেদা জিয়ার জন্য গায়েবানা জানাজার আয়োজন করেন এতে বিপুলসংখ্যক মানুষ অংশ নেন জয়পুরহাট জয়পুরহাটের ক্ষেতলাল উচ্চবিদ্যালয় মাঠে সাবেক প্রধানমন্ত্রী খালেদা জিয়ার গায়েবানা জানাজা অনুষ্ঠিত হয় আজ দুপুরে জয়পুরহাটের ক্ষেতলাল উচ্চবিদ্যালয় মাঠে সাবেক প্রধানমন্ত্রী খালেদা জিয়ার গায়েবানা জানাজা অনুষ্ঠিত হয় আজ দুপুরেছবি সংগৃহীত জয়পুরহাটের বিভিন্ন স্থানে খালেদা জিয়ার গায়েবানা জানাজা অনুষ্ঠিত হয়েছে আজ জোহরের নামাজের পর মাত্রাই উচ্চবিদ্যালয় মাঠ ও বিকেলে ক্ষেতলাল উপজেলার পাইলট উচ্চবিদ্যালয় মাঠে গায়েবানা জানাজা হয় জানাজায় বিএনপির নেতাকর্মীসহ বিভিন্ন শ্রেণিপেশার মানুষ অংশ নেন জানাজা শেষে খালেদা জিয়ার রুহের মাগফিরাত কামনা করে বিশেষ দোয়া ও মোনাজাত করা হয় বরিশাল খালেদা জিয়ার মৃত্যুতে বরিশাল নগরের ৩০টি ওয়ার্ড বিএনপি কার্যালয়ে সাত দিনব্যাপী দোয়া মোনাজাত খতমে কোরআন ও শোক কর্মসূচি পালন করা হচ্ছে জেলা মহানগরসহ প্রতিটি ওয়ার্ড ও ইউনিয়ন বিএনপির কার্যালয়ে কালো পতাকা উত্তোলন করা হয়েছে এ ছাড়া নগরের মসজিদগুলোতে দোয়া মোনাজাত অনুষ্ঠিত হয়েছে বরিশালের উজিরপুরে খালেদা জিয়ার গায়েবানা জানাজা বুধবার বিকেলে উজিরপুর মহিলা কলেজ মাঠে বরিশালের উজিরপুরে খালেদা জিয়ার গায়েবানা জানাজা বুধবার বিকেলে উজিরপুর মহিলা কলেজ মাঠেছবি প্রথম আলো এদিকে জেলার উজিরপুর উপজেলা শ্রমিক দলের উদ্যোগে খালেদা জিয়ার গায়েবানা জানাজা অনুষ্ঠিত হয়েছে বিকেল সাড়ে চারটায় উজিরপুর মহিলা কলেজ মাঠে এ জানাজা অনুষ্ঠিত হয় এ সময় খালেদা জিয়ার আত্মার মাগফিরাত কামনা করে দোয়া করা হয় ঝিনাইদহ ঝিনাইদহের শৈলকুপা ডিগ্রি কলেজ মাঠে উপজেলা বিএনপির উদ্যোগে খালেদা জিয়ার গায়েবানা জানাজা অনুষ্ঠিত হয়েছে আজ দুপুরে অনুষ্ঠিত জানাজায় তৃণমূলের নেতাকর্মীসহ বিভিন্ন শ্রেণিপেশার কয়েক হাজার মানুষ অংশ নেন এদিকে খালেদা জিয়ার মৃত্যুতে সাত দিনের শোক কর্মসূচি নিয়েছে জেলা বিএনপি দলীয় কার্যালয়ে ৩০ ডিসেম্বর সকাল থেকেই শোক বই খোলা হয়েছে এবং কোরআন তিলাওয়াত করা হচ্ছে আগামী ৫ জানুয়ারি পর্যন্ত এ কর্মসূচি চলবে বলে জানিয়েছেন জেলা বিএনপির উপদপ্তর সম্পাদক সাকিব আহমেদ দিনাজপুর দিনাজপুরের নবাবগঞ্জ ও হাকিমপুরে গায়েবানা জানাজা অনুষ্ঠিত হয়েছে আজ বেলা আড়াইটায় হাকিমপুর উপজেলার বোয়ালদাড় ইউনিয়ন বিএনপির উদ্যোগে বোয়ালদাড় মদিনাতুল উলুম মাদ্রাসার মুহতামিম আবুল কালাম আজাদের পরিচালনায় বোয়ালদাড় স্কুল অ্যান্ড কলেজ মাঠে জানাজা অনুষ্ঠিত হয় এতে উপজেলা বিএনপির জ্যেষ্ঠ সহসভাপতি শাহীনুর ইসলাম সহসভাপতি এরফান আলী বোয়ালদাড় ইউনিয়ন বিএনপির সভাপতি আতোয়ার রহমান সাধারণ সম্পাদক নূর ইসলাম সাংগঠনিক সম্পাদক কামরুজ্জামান শুভ প্রমুখ উপস্থিত ছিলেন সৈয়দপুরে খালেদা জিয়ার মৃত্যুর শোকে বেলা ২টা থেকে ৫টা পর্যন্ত সব দোকানপাট বন্ধ রাখা হয় বুধবার বিকেলে সৈয়দপুরে খালেদা জিয়ার মৃত্যুর শোকে বেলা ২টা থেকে ৫টা পর্যন্ত সব দোকানপাট বন্ধ রাখা হয় বুধবার বিকেলেছবি প্রথম আলো অন্যদিকে বিকেল চারটায় নবাবগঞ্জ উপজেলার টুপিরহাট এলাকায় হলাইজানা ফাজিল মাদ্রাসা মাঠে গায়েবানা জানাজা অনুষ্ঠিত হয় জানাজায় ইমামতি করেন দিনাজপুরের নূরজাহান আলিয়া মাদ্রাসার সাবেক অধ্যক্ষ জয়নুল আবেদীন এ ছাড়া বাদ মাগরিব নবাবগঞ্জ সরকারি পাইলট হাইস্কুল মাঠে বিএনপির উদ্যোগে গায়েবানা জানাজা অনুষ্ঠিত হয়েছে জানাজায় ইমামতি করে নবাবগঞ্জ থানা মসজিদের খতিব গোলাম রব্বানী এতে বিএনপি জামায়াত এনসিপিসহ বিভিন্ন সংগঠনের নেতাকর্মী ও সাধারণ মানুষ অংশ নেন নীলফামারী নীলফামারীর সৈয়দপুরে গায়েবানা জানাজা অনুষ্ঠিত হয়েছে বুধবার দুপুরে শহরের শহীদ জিকরুল হক সড়কে বিএনপির কার্যালয়ের সামনে অনুষ্ঠিত জানাজায় ইমামতি করেন ওলামা দলের কাজী শহিদুল হক এ সময় খালেদা জিয়ার আত্মার মাগফিরাত কামনা করে বিশেষ দোয়া ও মোনাজাত করা হয় সৈয়দপুরে খালেদা জিয়ার গায়েবানা জানাজায় মানুষের ঢল নামে বুধবার বিকেলে সৈয়দপুরে খালেদা জিয়ার গায়েবানা জানাজায় মানুষের ঢল নামে বুধবার বিকেলেছবি প্রথম আলো জানাজার আগে পৌর বিএনপির সাধারণ সম্পাদক শেখ বাবলুর সঞ্চালনায় বক্তব্য দেন বিএনপি নেতা ওবায়দুর রহমান শওকত হায়াত শাহ জিয়াউল হক কাজী একরামুল হক উপজেলা জামায়াতের আমির হাফেজ আবদুল মুনতাকিম প্রমুখ এ ছাড়া খালেদা জিয়ার প্রতি শ্রদ্ধা জানিয়ে বেলা দুইটা থেকে বিকেল পাঁচটা পর্যন্ত কাপড়ের দোকান মনিহারি দোকানসহ সব ধরনের দোকান বন্ধ রাখা হয় চট্টগ্রাম চট্টগ্রামের সাতকানিয়া ও লোহাগাড়া উপজেলায় পৃথকভাবে খালেদা জিয়ার গায়েবানা জানাজা অনুষ্ঠিত হয়েছে আজ বিকেল সাড়ে চারটার দিকে লোহাগাড়ার পদুয়া সিকদার দিঘির পাড় এলাকায় ও বেলা দুইটায় সাতকানিয়ার কেরানীহাট স্টেশনে অনুষ্ঠিত জানাজায় স্থানীয় বিএনপি জামায়াত এনসিপিসহ বিভিন্ন রাজনৈতিক দলের নেতাকর্মী ছাড়াও সাধারণ মানুষ অংশ নেন বিএনপির চেয়ারপারসন ও সাবেক প্রধানমন্ত্রী খালেদা জিয়া গায়েবানা জানাজায় অংশ নেন হাজারো মানুষ বুধবার দুপুরে সাতকানিয়ার কেরানীহাটে বিএনপির চেয়ারপারসন ও সাবেক প্রধানমন্ত্রী খালেদা জিয়া গায়েবানা জানাজায় অংশ নেন হাজারো মানুষ বুধবার দুপুরে সাতকানিয়ার কেরানীহাটেছবি সংগৃহীত সাতকানিয়ায় জানাজায় ইমামতি করেন সাতকানিয়া মডেল মসজিদের খতিব মো মিজানুর রহমান ও লোহাগাড়ায় ইমামতি করেন পদুয়া বাজার জামে মসজিদের খতিব এরশাদ উল্লাহ্ জানাজা শেষে খালেদা জিয়ার আত্মার মাগফিরাত কামনা করে দোয়া ও মোনাজাত করা হয়,1
বিশ্বে সবচেয়ে বেশি বায়ু দূষণ বাংলাদেশে আর সবচেয়ে দূষিত শহরের তালিকায় দ্বিতীয় অবস্থানে রয়েছে রাজধানী ঢাকা শীর্ষে ভারতের রাজধানী দিল্লি বায়ুদূষণ এবং বায়ু পরিশোধন প্রযুক্তি নিয়ে কাজ করা সুইস সংস্থা আইকিউ এয়ারের মঙ্গলবার প্রকাশিত এক প্রতিবেদনে এ তথ্য উঠে এসেছে বিশ্বের ১১৭টি দেশঅঞ্চলের ৬ হাজার ৪৭৫টি শহরের বায়ুর মান পর্যবেক্ষণ করে প্রতিবেদনটি তৈরি করা হয়েছে প্রতিবেদনে বলা হয়েছে গত বছর একটি দেশও বিশ্ব স্বাস্থ্য সংস্থার প্রত্যাশিত বায়ুমানের লক্ষ্যমাত্রা পূরণ করতে পারেনি মধ্য ও দক্ষিণ এশিয়ার বাতাসের মান বিশ্বের মধ্যে সবচেয়ে খারাপ সবচেয়ে দূষিত ৫০ শহরের মধ্যে ৪৬টিই এই অঞ্চলে অবস্থিত বলে জানানো হয়েছে গত বছরের ৬ হাজার ৪৭৫টি শহরের বায়ুতে দূষণের মাত্রা নিয়ে প্রতিবেদনটি তৈরি করা হয়েছে সমীক্ষা বলছে ২০২১ সালে ভারতের সামগ্রিক দূষণের মাত্রা আরো খারাপ হয়েছে এবং নয়াদিল্লি আবারো বিশ্বের সবচেয়ে দূষিত রাজধানীর তকমা পেয়েছে বাংলাদেশ আগের বছরের মতো ২০২১ সালেও সবচেয়ে দূষিত দেশের স্বীকৃতি পেয়েছে অন্যদিকে সমীক্ষায় প্রথমবারের মতো আফ্রিকার দেশগুলোর তথ্য নেয়ায় চাদ দ্বিতীয় স্থানে রয়েছে বায়ুদূষণের দিক থেকে বিশ্বের শীর্ষ ১০টি দেশের মধ্যে বাংলাদেশের পরে রয়েছে চাদ পাকিস্তান তাজিকিস্তান ভারত ওমান কিরগিজস্তান বাহরাইন ইরাক ও নেপালের নাম ২০১৪ সাল থেকে দূষণের বিরুদ্ধে কার্যত যুদ্ধ চালিয়ে যাওয়ায় চীন ২০২১ সালে পিএম ২৫ র্যাঙ্কিংয়ে ২২তম স্থানে নেমে এসেছে এর আগের বছর দেশটির অবস্থান ছিল ১৪তম আইকিউএয়ার বলছে ২০২০ সালের তুলনায় কিছু উন্নতি হয়ে ২০২১ সালে চীনে পিএম ২৫ মাত্রা ৩২৬ মাইক্রোগ্রামে নেমে এসেছে জিনজিয়াং প্রদেশের উত্তরপশ্চিমাঞ্চলীয় হোতান ছিল চীনের সবচেয়ে বায়ু দূষিত শহর যেখানে পিএম২৫ এর গড় মাত্রা ছিল ১০০ মাইক্রোগ্রামেরও বেশি যা মূলত ধূলিঝড়ের কারণে হয়েছিল তবে চীনের হোতান শহর ভারতের ভিওয়াদি ও গাজিয়াবাদকে পেছনে ফেলে বিশ্বের সবচেয়ে দূষিত শহরের তালিকায় তৃতীয় স্থানে নেমে এসেছে,1
কয়েক সপ্তাহ আগে ইনস্টাগ্রামে কয়েকটি পোস্ট করেছেন মেধা ছবিটি ছড়িয়ে পড়েছে ছবিতে প্রায় ২ লাখ রিঅ্যাক্ট পড়েছেশিল্পীর ইনস্টাগ্রাম থেকে ২  ৫ এসব ছবিতে ১৩ শতাধিক মন্তব্য এসেছে এসব ছবিতে ১৩ শতাধিক মন্তব্য এসেছেশিল্পীর ইনস্টাগ্রাম থেকে আরও পড়ুন টুয়েলভথ ফেল অভিনেত্রী মেধার প্রথম উপার্জন কত ছিল ১৬ মার্চ ২০২৪ টুয়েলভথ ফেল অভিনেত্রী মেধার প্রথম উপার্জন কত ছিল ৩  ৫ এসব ছবিতে ১৩ শতাধিক মন্তব্য এসেছে এসব ছবিতে ১৩ শতাধিক মন্তব্য এসেছেশিল্পীর ইনস্টাগ্রাম থেকে আরও পড়ুন এ বছর ফিল্মফেয়ারে কয়টি পুরস্কার জিতল টুয়েলভথ ফেল ২৯ জানুয়ারি ২০২৪ এ বছর ফিল্মফেয়ারে কয়টি পুরস্কার জিতল টুয়েলভথ ফেল ৪  ৫ ২০১৫ সালে কাজ শুরু করলেও হাতে গোনো কয়েকটি সিনেমা ও সিরিজে কাজ করেছেন মেধা ২০১৫ সালে কাজ শুরু করলেও হাতে গোনো কয়েকটি সিনেমা ও সিরিজে কাজ করেছেন মেধাশিল্পীর ইনস্টাগ্রাম থেকে ৫  ৫ ভারতের উত্তর প্রদেশের নয়ডায় জন্ম মেধা শংকরের সেখানেই বড় হয়েছেন ভারতের উত্তর প্রদেশের নয়ডায় জন্ম মেধা শংকরের সেখানেই বড় হয়েছেনশিল্পীর ইনস্টাগ্রাম থেকে প্রথম আলোর খবর পেতে গুগল নিউজ চ্যানেল ফলো করুন বলিউড থেকে আরও দেখুন সিনেমাবলিউড তারকাবলিউড,0
আগামী ৯ ডিসেম্বর বাংলাদেশ সফরে আসছেন ভারতের পররাষ্ট্রসচিব বিক্রম মিশ্রি শুক্রবার সাপ্তাহিক ব্রিফিংয়ে এ তথ্য নিশ্চিত করেন ভারতের পররাষ্ট্র মন্ত্রণালয়ের মুখপাত্র রণধীর জয়সওয়াল ফরেন অফিস কনসাল্টেশন বৈঠকে নেতৃত্ব দেবেন ভারতের পররাষ্ট্রসচিব বিক্রম মিশ্রি ঢাকায় তার মূল বৈঠকটি হবে বাংলাদেশের পররাষ্ট্র সচিব জসীম উদ্দিনের সঙ্গে পাশাপাশি পররাষ্ট্র উপদেষ্টা তৌহিদ হোসেন ও প্রধান উপদেষ্টা মুহাম্মদ ইউনুসের সঙ্গে সৌজন্য সাক্ষাৎ করার কথা রয়েছে তার গত ৫ আগস্ট হাসিনা সরকারের পতনের পর এই প্রথম উচ্চপর্যায়ের বৈঠকে শামিল হচ্ছে দুই দেশ যদিও ইউনুস সরকারের গত চার মাসে দুদেশের তিনটি টেকনিক্যাল কমিটির বৈঠক করেছে,1
একটা সময় কল্পনায় ভাবা হতো রোবট মানুষের কাজ করে দিবে সেই কল্পনা বাস্তবে পরিণত হয়েছে আরও অনেক দিন আগেই শিল্পকারখানা থেকে শুরু করে বিভিন্ন সেক্টরে আজ রোবট ও রোবটের মতো স্বয়ংক্রিয় প্রযুক্তির ব্যবহার হচ্ছে সাথে যুক্ত হয়েছে কৃত্রিম বুদ্ধিমত্তা বা এআই এ যেন মানিকজোড় রোবট প্রযুক্তির বিবর্তনের ধারাবাহিকতায় এবার দক্ষিণ কোরিয়ার একদল গবেষক তৈরি করেছেন শরীরে পরিধানযোগ্য ওয়্যারেবল একটি রোবট যেটি প্যারাপ্লেজিয়াতে আক্রান্ত শরীরের নিচের অংশে অসাড় ব্যক্তিদের হাঁটাচলায় দারুনভাবে সহায়ক হয়ে উঠতে পারে সম্প্রতি এই রোবটটির একটি প্রোটোটাইপ বা প্রাথমিক সংস্করণ প্রদর্শন করেছে গবেষক দলটি কোরিয়া অ্যাডভান্সড ইন্সটিটিউট অব সায়েন্স এন্ড টেকনোলজি কেআইএসটি এর এক্সোস্কেলিটন ল্যাবেরটরি দলের গবেষকরা এই রোবটটি তৈরি করেছেন তাঁদের লক্ষ্য এমন একটি রোবট তৈরি করা যেটি বিশেষভাবে সক্ষম ব্যক্তিদের দৈনন্দিন চলাফেরায় সহায়ক হয়ে উঠে বলা চলে তাদের প্রাত্যহিক জীবনের এক গুরুত্বপূর্ণ অংশ হয়ে উঠতে পারে এই রোবট উল্লেখ্য প্যারাপ্লেজিয়ার মতো শারীরিক সমস্যা যাদের রয়েছে তারা এই রোবটটি শরীরে পরিধান করে সাধারণ হাঁটাচলার পাশাপাশি সিঁড়ি বেয়ে উঠানামা করতে পারবে এমনকি হাঁটার পথে কোনো বাধা এলে সেটি এড়িয়েও যেতে পারবে গবেষক দলটির এক সদস্য কিম সিউংহন নিজেও প্যারাপ্লেজিয়াতে আক্রান্ত তাঁদের তৈরি রোবটের প্রাথমিক সংস্করণটি প্রোটোটাইপ কিম নিজেই শরীরে পরিধান করে দেখিয়েছে ওয়্যারেবল টেকনোলজি বা পরিধানযোগ্য প্রযুক্তিতে তৈরি এই রোবটটির সাহায্যে কিম ঘন্টায় ৩২ কিলোমিটার ২ মাইল গতিতে হেঁটেছে সিঁড়ি বেয়ে উপরে উঠেছে এবং পাশাপাশি সাইডওয়েজ মুভ করে একটি বেঞ্চে বসতে সক্ষম হয়েছে এই রোবটটির সবচেয়ে আকর্ষণীয় ও স্বতন্ত্র ফিচার হচ্ছে এটি ব্যবহারকারীর কাছে এসে নিজে থেকেই তার শরীরে এঁটে যেতে পারে ফলে রোবটটি পরিধান করার জন্যেও ব্যবহারকারীকে কোনোরুপ সমস্যার সম্মুখীন হতে হবে না রোবটটি ব্যবহারের অভিজ্ঞতা সম্পর্কে কিম জানান আমি যেখানেই থাকি না কেন এটি রোবটটি আমায় অনুসরণ করতে পারে এমনকি যখন আমি হুইলচেয়ারে বসে থাকি তখনও এর সবচেয়ে আকর্ষণীয় ফিচার হচ্ছে এটি নিজে থেকেই আমার কাছে এসে শরীরে এঁটে যায় এবং আমাকে উঠে দাঁড়াতে সাহায্য করে গবেষকদের তৈরি অদ্ভুত এই রোবটটিতে ব্যবহৃত এক্সোস্কেলিটনের নাম হচ্ছে ওয়াকঅন সুট এফ১ এক্সোস্কেলিটন হচ্ছে শরীরে পরিধান করার একটি শক্তিশালী বাহ্যিক আবরণ যেটি শরীরের সুরক্ষা প্রদানের পাশাপাশি পরিধানযোগ্য ডিভাইসের মাধ্যমে মানুষকে হাঁটাচলা করতে সহায়তা করে থাকে ওয়াকঅন সুট এফ১ নামের এক্সোস্কেলিটনে ব্যবহার করা হয়েছে অ্যালুমিনিয়াম ও টাইটানিয়াম এবং এর ওজন ৫০ কেজি বা ১১০ পাউন্ড এছাড়া এতে আরও ব্যবহার করা হয়েছে ১২টি ইলেকট্রনিক মোটর হাঁটাচলার সময় মানুষের পায়ের জয়েন্টগুলো যেরকম নড়াচড়া করে এই মোটরগুলো সেটা নকল বা অনুকরণ করতে সক্ষম কোরিয়া অ্যাডভান্সড ইন্সটিটিউট অব সায়েন্স এন্ড টেকনোলজি কেআইএসটি টিমের আরেক সদস্য পার্ক জেওংসু বলেন তিনি এই রোবটটি তৈরির অনুপ্রেরণা পেয়েছেন হলিউডের বিখ্যাত সিনেমা আয়রন ম্যান থেকে আয়রন ম্যান দেখার পর আমার মনে হয়েছে আমি যদি বাস্তব জীবনে এমন একটি রোবট তৈরি করে মানুষের সহায়তা করতে পারি তাহলে দারুন হবে ব্যবহারকারীদের ব্যালেন্স রক্ষার জন্য রোবটটির পায়ের পাতায় সোলে এবং উপরের অংশে বেশ কিছু সেন্সর রয়েছে যেগুলো প্রতি সেকেন্ডে ১০০০ সিগন্যাল মনিটর করার মাধ্যমে ব্যবহারকারীদের গতিবিধি পর্যবেক্ষণ করে থাকে ফলে তাদের পরবর্তী মুভমেন্ট পদক্ষেপ কী হতে পারে সেটাও বেশ অনুমান করতে সক্ষম এই রোবট রোবটটির সামনের অংশে যুক্ত লেন্সগুলো এর চোখ হিসেবে কাজ করে এই লেন্সগুলো ব্যবহার করেই রোবটটি এর চারপাশে যা আছে সেগুলো বিশ্লেষণ করতে পারে সিঁড়ির উচ্চতা পরিমাপ করা ও সামনে কোনো বাধা থাকলে সেটা চিহ্নিত করার মতো কাজগুলো এই লেন্সের মাধ্যমেই করে থাকে রোবটটি পুরোপুরি পক্ষাঘাতগ্রস্থ ব্যক্তিদের যেহেতু ইন্দ্রিয় সেন্সরি সক্ষমতার অভাব থাকে তাই রোবটটির লেন্সগুলো এক্ষেত্রে দারুন সহায়ক হতে পারে সাইবাথলন ২০২৪ প্রতিযোগিতায় এক্সোস্কেলিটন বিভাগে ওয়াকঅন সুট এফ১ শরীরে পরিধান করে স্বর্ণপদক জয় করেছেন কিম সিউংহন উল্লেখ্য এই প্রতিযোগিতায় বিভিন্ন শারীরিক প্রতিবন্ধকতায় আক্রান্ত ডেভেলপারদের তৈরি মানুষের সহায়ক বেশ কিছু রোবট ৮টি ভিন্ন ভিন্ন বিভাগে প্রদর্শিত হয়েছে স্বর্ণপদক জয়ী কিম আবেগাপ্লুত হয়ে বলেন আমি আমার ছেলেকে বলতে চেয়েছিলামযে আমিও এখন হাঁটতে পারি আমি ওর সাথে বিভিন্ন অভিজ্ঞতা শেয়ার করতে চেয়েছিলাম,0
আজ মধ্যরাতের আকাশে দেখা যাবে বছরের প্রথম সুপারমুন চাঁদটি স্বাভাবিকের চেয়ে বড় দেখায় তাই একে সুপারমুন বলা হয় নাসার বিবৃতিতে জানানো হয় রোববার রাত ১২টা ৪৮ মিনিটে কক্ষপথে প্রদক্ষিণ করতে করতে পৃথিবীর সবচেয়ে কাছে চলে আসবে চাঁদ এজন্য এটিকে আমাদের চোখে বড় মনে হবে ওই সময় পৃথিবীর দ্রাঘিমাংশ অনুযায়ী চাঁদ আর সূর্য থাকবে একে অন্যের ঠিক বিপরীতে নাসার ভাষ্য রাতের আকাশে টানা ৩ দিন ধরে বেশ বড় চাঁদ দেখা যাবে সংবাদমাধ্যমটি আরও জানায় ১৯৭৯ সালে এমন বড় আকারের চাঁদের নাম সুপারমুন দেয়া হয় এদিকে নাসার জ্যোতির্বিজ্ঞানীদের একাংশের ভাষ্য চলতি বছরে ৪টি সুপারমুন হবে মার্চ থেকে জুনের মধ্যে দেখা যাবে কেউ কেউে আবার বলছেন ৩টি সুপারমুন হবে এপ্রিল ও মে মাসে,0
চোখে দেখতে পান না তবু ২৫ বছরের হিমানী বুন্দেলার কাছে পৃথিবীটাই রঙিন তিনি বিশ্বাস করেন যে ডানা থাকলেই ওড়া যায় না স্বপ্নের আকাশে উড়তে হলে চাই আত্মবিশ্বাস আর সাহস তাই দৃষ্টিহীন হওয়া সত্ত্বেও রঙিন এক দুনিয়ার বাসিন্দা তিনি প্রাণশক্তিতে ভরপুর আগ্রার এই তরুণী ভারতের সনি এন্টারটেনমেন্ট চ্যানেলের জনপ্রিয় রিয়েলিটি শো কৌন বনেগা ক্রোড়পতি কেবিসি ১৩এর প্রথম কোটিপতি হিমানী বুন্দেলা ১৫ বছর বয়সে এক পথ দুর্ঘটনায় দৃষ্টিশক্তি হারান তিনি তাঁর স্বপ্ন আজ হাতের মুঠোয় কৌন বনেগা ক্রোড়পতি জীবনের সব অন্ধকার মুছে আরও আলোকময় করে তুলেছে তাঁর জীবন প্রথম আলোর সঙ্গে এক সাক্ষাৎকারের শুরুতে হিমানী বুন্দেলা শোনালেন কেবিসিতে আসার পর তাঁর নতুন জীবনের কথা একরাশ উচ্ছ্বাস নিয়ে হিমানী বলেন দেখুন কত অর্থ পেলাম সেটা বড় কথা নয় কেবিসি আমার জীবনকে সম্পূর্ণ বদলে দিয়েছে আগে শুধু আমার সোসাইটির মধ্যেই আমার পরিচিতি ছিল আজ আগ্রা বুদেলখন্ড জয়পুর ছাড়িয়ে দূরদূরান্তের মানুষ আমায় চেনেন সবার অনেক ভালোবাসাভরা বার্তা পাচ্ছি ফোন করে অনেকে একবার আমার সঙ্গে কথা বলতে চাইছেন আমার সঙ্গে ছবি তোলার আবদার করছেন ছোট থেকেই কেবিসির ভক্ত হিমানী তিনি বলেন বিশেষ করে এই রিয়েলিটি শোর ব্যাকগ্রাউন্ড মিউজিক আমার দারুণ লাগে আর অমিতাভ বচ্চন স্যারের নমস্কার দেবীয়ো সজ্জনো বলার ধরন আমাকে মুগ্ধ করত বাড়িতে আমি অমিতাভ বচ্চনকে নকল করতাম ১৩ বছর বয়স থেকে কেবিসিতে অংশগ্রহণ করার চেষ্টা করতাম আগে প্রচুর মেসেজ পাঠাতাম কিন্তু উত্তর পেতাম না সনি লাইভে শোটি আসার পর থেকে আমি মেসেজের উত্তর পেতে শুরু করি আমার আত্মবিশ্বাস বাড়তে থাকে বাড়িতে আমি অমিতাভ বচ্চনকে নকল করতাম বাড়িতে আমি অমিতাভ বচ্চনকে নকল করতাম নিজের ইচ্ছাশক্তির জোরেই কেবিসির মঞ্চে পা রেখেছিলেন হিমানী নিজেই নিজের প্রেরণা ছিলেন এই তরুণী পরিবারের সবারই আমার কেবিসিতে আসা নিয়ে শঙ্কা ছিল এই দুনিয়ায় আমি নিজেকে কতটা মানিয়ে নিতে পারব তা নিয়ে ওদের মনে ভয় ছিল তবে আমি ভয় পাইনি তাই আমার এখানে আসার পেছনে আসল মানুষটি আমি নিজেই ছিলাম আর সনি চ্যানেলের টিম আমাকে ওদের নিজের পরিবারের একজন অনুভব করিয়েছিল অমিতাভ স্যার সেটে আমাকে এতটাই সহজ করে তুলেছিলেন যে আমি ঘাবড়ে যাইনি অমিতাভ বচ্চনকে বাস্তবে স্পর্শ করার অনুভূতি সারা জীবন বয়ে বেড়াবেন হিমানী কৌন বনেগা ক্রোড়পতির সঞ্চালক অমিতাভ বচ্চনের সঙ্গে সাক্ষাতের প্রসঙ্গে তিনি বলেন এত বড় ব্যক্তিত্ব হয়েও স্যার অত্যন্ত বিনয়ী আর একদম মাটিতে পা রেখে চলেন ওনার সম্পর্কে অনেক ভালো ভালো কথা শুনেছিলাম দেখা হওয়ার পর মনে হলো স্যারেরর জন্য কোনো প্রশংসাই যথেষ্ট নয় কৌন বানেগা ক্রোড়পতি অনুষ্ঠানে অমিতাভ বচ্চন কৌন বানেগা ক্রোড়পতি অনুষ্ঠানে অমিতাভ বচ্চনসংগৃহীত বিগ বির সঙ্গে কিছু সময়ের সফর হিমানীকে মানুষ হিসেবে অনেক সমৃদ্ধ করেছে আগ্রার এই তরুণী এ প্রসঙ্গে বলেন অমিতাভ স্যারকে বলিউডের শাহেনশাহ বলা হয় আর তাই ওনাকে ঘিরে অনেকের মনে হয়তোবা ভীতি আছে কিন্তু মানুষ হিসেবে উনি একদম অন্য রকম আমি ওনার মতো বিনয়ী আর মাটির মানুষ হতে চাই আমি কাছ থেকে দেখেছি যে স্যার সবাইকে তাঁর প্রাপ্য সম্মান দেন সবাইকে সমান সুযোগ দেন এই বয়সেও স্যারের এনার্জির মাত্রা দেখে আমি অবাক হয়ে গিয়েছিলাম কাজের প্রতি ওনার একাগ্রতা আর নিয়মানুবর্তিতা আমাকে মুগ্ধ করেছিল স্যারের এই গুণগুলো নিয়ে আরও ভালো মানুষ হয়ে উঠতে চাই কেবিসি ঘিরে হিমানীর নানান রঙিন স্মৃতি তবে সবচেয়ে সুন্দর স্মৃতির প্রসঙ্গে তিনি বলেন অমিতাভ স্যার আমার হাতে যখন জলের গ্লাস তুলে দেন সেই মুহূর্তটা আমার সঙ্গে আজীবন থাকবে আর আমার হাত ধরে স্যার কেবিসির মঞ্চে প্রবেশ করেছিলেন আমি তা কোনো দিন ভুলতে পারব না কৌন বনেগা ক্রোড়পতি মঞ্চে হিমানী বুন্দেলা কৌন বনেগা ক্রোড়পতি মঞ্চে হিমানী বুন্দেলা কেবিসির মঞ্চ থেকে কোটি রুপি জয়ের পর নিজের জীবন নিয়ে বেশ কিছু স্বপ্ন এঁকেছেন হিমানী তিনি বলেন বেশ কিছু পরিকল্পনা আছে আমি প্রতিবন্ধী ছেলেমেয়েদের সরকারি প্রবেশিকা পরীক্ষার উপযোগী করে গড়ে তুলতে একটা কোচিং সেন্টার খুলতে চাই করোনার সময় বাবা চাকরি হারিয়েছেন তাই বাবার জন্য নতুন কোনো ব্যবসা শুরু করার পরিকল্পনা আছে ভাইবোনদের শিক্ষার জন্য কিছু অর্থ রাখতে চাই এ ছাড়া কিছু সচেতনতামূলক কাজ করার পরিকল্পনা আছে আগামী দিনে আরও কিছু করার পরিকল্পনা হিমানীর আছে তিনি বলেন আমার এই সংগ্রামে সব সময় আমার পরিবারকে পাশে পেয়েছি আজ আমি যা কিছু করতে পেরেছি তা আমার পরিবারের জন্য ওনারা কখনো আমার মনে নেতিবাচক চিন্তাভাবনা আসতে দেননি,1
বেসবল খেলোয়াড় হোয়াং জে গিয়োনের সঙ্গে দুই বছরের দাম্পত্য জীবনে ইতি টানলেন কেপপ গায়িকা জিইঅন বিচ্ছেদের ঘোষণার পর ইনস্টাগ্রাম থেকে দুজন দুজনের ছবি সরিয়ে ফেলেন গার্ল গ্রুপ টিআরার গায়িকার আইনজীবী চোই ইউ না জানান বিবাহবিচ্ছেদ চেয়ে আবেদন করেছেন জিইঅন আইনজীবী বলেন দুজনের মতপার্থক্যের জন্য বিবাহবিচ্ছেদের সিদ্ধান্ত নিয়েছেন বিচ্ছেদের আবেদনের পর দুজন আলাদা থাকবেন বিবিসি জানিয়েছে দক্ষিণ সিউলের পারিবারিক আদালতে বিষয়টির সুরাহার আবেদন করেছেন তারা কেউই কারও বিরুদ্ধে কোনো অভিযোগ ও মামলা করবেন না ২০২২ সালের ফেব্রুয়ারিতে দুজনের প্রেমের সম্পর্ককে প্রকাশ্যে এসেছিলেন তারা সেই বছর ডিসেম্বরে বিয়ে সেরেছেন এই জুটি এই বছরের জুনে দুজনের সম্পর্কের টানাপোড়েনের খবর প্রকাশ্যে আসে তারপরেই এই বিচ্ছেদের ঘোষণা আসলো ২০০৯ সালে টিআরার সদস্য হিসেবে আত্মপ্রকাশ করেন জিইঅন,0
ঢাকা মেডিকেল কলেজ হাসপাতালের গাইনি বিভাগ থেকে এক নবজাতক চুরি হয়েছে মঙ্গলবার ৪ জুন বিকালে এ চুরির ঘটনা ঘটে পুলিশ বলছে সুখি বেগম নামের এক নারী আজ সকাল ৭টার দিকে যমজ কন্যাসন্তান জন্ম দেন দুধ খাওয়ানো ও সহযোগিতা করার কথা বলে এক নারী এক নবজাতককে চুরি করে নিয়ে যান ঢাকা মেডিকেল কলেজ পুলিশ ফাঁড়ির পরিদর্শক বাচ্চু মিয়া বলেন গতকাল সোমবার প্রসবের ব্যথা নিয়ে সুখি বেগমকে হাসপাতালে ভর্তি করা হয় আজ সকালে ওই নারী যমজ কন্যাসন্তানের জন্ম দেন পরে হাসপাতাল থেকে এক নারী কমলা রঙের ওড়না পরিহিত একটি বাচ্চা চুরি করে নিয়ে গেছেন ক্লোজ সার্কিট ক্যামেরা সিসিটিভি দেখে চোরকে গ্রেপ্তারের চেষ্টা চলছে পুলিশ সূত্র জানায় দুই নবজাতক তাদের দাদি হাসিনা বেগম ও বাবা শরিফুলের কাছে ছিল সহযোগিতা করার কথা বলে বাবার কাছ থেকে এক নারী বাচ্চাটিকে কোলে নেন কিছু সময় তার কাছে রাখেন এভাবে দাদি ও বাবার সঙ্গে সম্পর্ক গড়ে তোলেন একসময় তাদের চোখ ফাঁকি দিয়ে এক শিশুকে নিয়ে আনসারদের নিরাপত্তাবেষ্টনী পার হয়ে পালিয়ে যান চুরি হয়ে যাওয়া শিশুটির বাবা শরিফুল ইসলাম বলেন মহিলা ওয়ার্ডের গেটে এক নারীর সঙ্গে তার পরিচয় হয় পুরুষদের ওই ওয়ার্ডে যেতে দেওয়া হয় না এই সুযোগে ওই নারী বাচ্চাকে নিয়ে মায়ের কাছ থেকে দুধ খাওয়ানোর কথা বলে পালিয়ে যান সুখি কুষ্টিয়া জেলার কুমারখালী উপজেলার বাঁশগ্রামের বাসিন্দা তার স্বামী শরিফুল ইসলাম ট্রাকচালকের সহকারী বর্তমানে তারা ধামরাই কালামপুরে থাকেন,1
ঢাকাসহ দেশের চার বিভাগের ওপর দিয়ে তিন দিন ধরে বইছে মৃদু থেকে মাঝারি ধরনের তাপপ্রবাহ আবহাওয়া অধিদপ্তর জানিয়েছে এসব এলাকায় আগামী দুতিন দিন তাপমাত্রা আরও বাড়তে পারে তাই এসব এলাকায় তাপপ্রবাহের সতর্কবার্তা বা হিট অ্যালার্ট জারি করেছে আবহাওয়া অধিদপ্তর বুধবার অধিদপ্তরের আবহাওয়াবিদ মো বজলুর রশীদের স্বাক্ষর করা বিজ্ঞপ্তির মাধ্যমে এ সতকর্বাতা জারি করা হয় সেখানে বলা হয় ঢাকা রাজশাহী খুলনা ও বরিশাল বিভাগের ওপর দিয়ে বয়ে যাওয়া চলমান তাপপ্রবাহ পরবর্তী ৭২ ঘণ্টায় অব্যাহত থাকতে পারে আশপাশের এলাকাকায় এটি আরও বিস্তৃত হতে পারে আবহাওয়া অধিদপ্তরের তথ্য অনুযায়ী তাপমাত্রা যদি ৩৬ থেকে ৩৭ দশমিক ৯ ডিগ্রি সেলসিয়াস হয় তাকে মৃদু তাপপ্রবাহ বলে ৩৮ থেকে ৩৯ দশমিক ৯ ডিগ্রি সেলসিয়াস তাপমাত্রাকে মাঝারি তাপপ্রবাহ বলা হয় তীব্র তাপপ্রবাহ বলা হয় যখন তাপমাত্রা ৪০ থেকে ৪১ দশমিক ৯ ডিগ্রি সেলসিয়াসের মধ্যে থাকে আর অতি তীব্র হয় ৪২ ডিগ্রি বা এর বেশি হলে আবহাওয়া অধিদপ্তর সূত্র জানিয়েছে ৮ ও ৯ এপ্রিল তাপমাত্রা কিছুটা কমে আসার সম্ভাবনা আছে সামান্য বৃষ্টি হতে পারে আবহাওয়াবিদ মো বজলুর রশীদ প্রথম আলোকে বলেন এখন যে তাপ তাতে সাধারণ ছিটেফোঁটা বৃষ্টিতে গরম কমবে না এর জন্য ভারী বৃষ্টির দরকার তার সম্ভাবনা খুব বেশি নেই বুধবার দেশের সর্বোচ্চ তাপমাত্রা রেকর্ড করা হয় চুয়াডাঙ্গা ও ঈশ্বরদীতে ৩৮ দশমিক ৫ ডিগ্রি সেলসিয়াস গরমে স্বস্তি পেতে যা করবেন এই গরমে কিছুটা স্বস্তি পেতে কিছু পরামর্শ দিয়েছেন চিকিৎসকেরা তাঁরা মনে করেন অপ্রয়োজনে বাইরে বের না হওয়াই ভালো সরাসরি সূর্যের আলো পড়ে এমন জায়গায় না থাকা বের হলে ছায়াযুক্ত স্থানে চলাফেরা করতে হবে ঘরেবাইরে আরামদায়ক পোশাক পরতে হবে ২ এপ্রিল ঢাকা জেলায় সর্বোচ্চ তাপমাত্রা ছিল ৩৭ দশমিক ৭ ডিগ্রি সেলসিয়াস সেদিন এ প্রসঙ্গে ল্যাবএইডের ওয়েলনেস সেন্টারের পুষ্টিবিদ ফাহমিদা হাশেমের সঙ্গে প্রথম আলোর কথা হয়েছিল তিনি কিছু পরামর্শ দিয়ে বলেছিলেন একজন নারীকে দিনে দুই থেকে আড়াই লিটার ও পুরুষদের আড়াই থেকে তিন লিটার পানি পান করতে হবে এখন যেহেতু রমজান মাস তাই ইফতারের পর থেকে সাহ্রি পর্যন্ত সময়টিতে পানি পান করতে হবে প্রচণ্ড গরমে অনেক সময় শরীরের ইলেকট্রোলাইট ভারসাম্য হারিয়ে যায় তাই ডাবের পানি আখের গুড় লবণ ও লেবু দিয়ে ঘরে তৈরি শরবত ও স্যালাইন পান করতে হবে অনেক সময় খাবার হজমেও সমস্যা হয় পেট গরম হয়ে যায় তাই বেলের শরবত তরমুজের শরবত টক দই দিয়ে মাঠা বা লাবাং তৈরি করে খাওয়া যায় তবে কোনো শরবতেই অতিরিক্ত চিনি বা লবণ না দেওয়া সাদা পানিকে বেশি প্রাধান্য দিতে হবে এ ছাড়া শরীরে পানি ধরে রাখে এমন কিছু খাবারের ওপর জোর দেন ওই পুষ্টিবিদ যেমন ইসবগুল চিয়া সিডস তোকমাদানা তরমুজ নাশপাতি আর সাহ্রিতে লাউ চিচিঙ্গা ঝিঙে পেঁপে চালকুমড়া পটোল ধুন্দুল বা শসা দিয়ে হালকা মসলায় পাতলা ঝোলের তরকারি,1
সাইবার নিরাপত্তা আইনটি সংশোধনযোগ্য নয় এটি বাতিলযোগ্য এই আইনটি বাতিল করতে হবে ক্ষমতাসীনরা এই আইনটিকে নিজেদের হাতিয়ার হিসেবে ব্যবহার করেছেন মঙ্গলবার ৮ অক্টোবর জাতীয় প্রেস ক্লাবের তফাজ্জল হোসেন মানিক মিয়া হলে ডিজিটালি রাইট ও নাগরিক আয়োজিত বাতিলযোগ্য সাইবার নিরাপত্তা আইন জনগণের প্রত্যাশা শীর্ষক গোলটেবিল বৈঠকে বক্তারা এসব কথা বলেন গোলটেবিল বৈঠকে ট্রান্সপারেন্সি ইন্টারন্যাশনাল বাংলাদেশের টিআইবি নির্বাহী পরিচালক ড ইফতেখারুজ্জামান বলেন আমি অবিলম্বে এই আইনটি বাতিলের কথা বলব সরকারের সদিচ্ছা থাকলে তা করতে দেরি হওয়ার কথা নয় সাইবার নিরাপত্তা আইনে ক্ষতিগ্রস্তদের ক্ষতিপূরণের দাবি করে ড ইফতেখারুজ্জামান বলেন এই আইনে যারা ক্ষতিগ্রস্ত হয়েছে তাদের ক্ষতিপূরণ দিতে হবে এই আইনের অপব্যবহারকারীদের জবাবদিহির আওতায় আনতে হবে আইনটিতে যারা কর্তৃত্ববাদের হাতিয়ার হিসেবে ব্যবহার করেছে তাদের জবাবদিহি নিশ্চিত করতে হবে ক্ষমতার পরিবর্তন হলেও আইনের পরিবর্তন হয়নি জানিয়ে ইফতেখারুজ্জামান বলেন এখনো যথেষ্ট উদ্বেগ রয়েছে শুধু ব্যক্তির পরিবর্তন হয়েছে আইনের পরিবর্তন হয়নি জাতীয় নিরাপত্তার নামে গোয়েন্দা সংস্থা যে চর্চা প্রতিষ্ঠিত হয়েছে সেটির দৃষ্টান্ত কিন্তু আমরা এখনো দেখতে পাচ্ছি এটা যেন না হয় সেখানে আমাদের জোরালোভাবে হাত দিতে হবে অন্তর্বর্তীকালীন সরকারের দায়িত্ব রয়েছে তাদের আইনি ও প্রাতিষ্ঠানিক অবকাঠামো তৈরির সেখানে তাঁদের হাত দিতে হবে ইফতেখারুজ্জামান আরও বলেন দেশে সাইবার সিকিউরিটি অ্যাক্ট বা ডিজিটাল সিকিউরিটি অ্যাক্টের মাধ্যমে নিরাপত্তার নামে নিরাপত্তাহীনতা সৃষ্টি করা হয়েছে নতুন আইন করার সময় এ বিষয়টি অপরিহার্য যাতে করে আইনের নামে নিরাপত্তাহীনতা তৈরি না হয় বৈঠকে ব্যারিস্টার জ্যোতির্ময় বড়ুয়া বলেন অন্তর্বর্তী সরকারের প্রধান উপদেষ্টা বলেছেন মন খুলে সমালোচনা করতে তবে হাসিনার সময়েও মামলা হতো এখন মামলা হচ্ছে এটা হয়তো তিনি ড ইউনূস কথার কথা বলেছিলেন আর্টিকেল নাইনটিনের দক্ষিণ এশিয়ার আঞ্চলিক পরিচালক শেখ মনজুরইআলম বলেন শাসকদের মানসিকতা হচ্ছে হয়রানি করা সাইবার সিকিউরিটি এই আইনে নিশ্চিত করা যায়নি নতুন আইন করার ক্ষেত্রে কেউ যাতে ওই আইনে হয়রানি না হয় তা নিশ্চিত করতে হবে এমআরডিআইএর হেড অব প্রোগ্রাম অ্যান্ড কমিউনিকেশনস মিরাজ আহমেদ চৌধুরী বলেন ন্যাশনাল সিকিউরিটির আলোচনাকে আর সাইবার সিকিউরিটির আলোচনাকে যদি আমরা আলাদা করতে না পারি তাহলে আমাদের আরও অনেক বড় অধিকার ক্ষুণ্ন হবে গোলটেবিল বৈঠকে আরও উপস্থিত ছিলেন আলোকচিত্রী ও মানবাধিকারকর্মী শহিদুল আলম রাষ্ট্র সংস্কার আন্দোলনের প্রধান সমন্বয়ক হাসনাত কাইয়ুমসহ অনেকে,1
রাষ্ট্রমালিকানাধীন ১০ ব্যাংক ও আর্থিক প্রতিষ্ঠানের কর্মকর্তা পদে নিয়োগের ২৩ ডিসেম্বরের প্রিলিমিনারি পরীক্ষা স্থগিত করেছে বাংলাদেশ ব্যাংক বৃহস্পতিবার বাংলাদেশ ব্যাংকের প্রধান কার্যালয় থেকে পাঠানো ব্যাংকার্স সিলেকশন কমিটির পরিচালক চলতি দায়িত্ব রফিকুল ইসলামের সই করা বিজ্ঞপ্তিতে এ তথ্য জানানো হয়েছে বিজ্ঞপ্তিতে বলা হয়েছে আগামী ২৩ ডিসেম্বর তারিখের ব্যাংকার্স সিলেকশন কমিটি সচিবালয়ের সদস্যভুক্ত ১০টি ব্যাংক ও আর্থিক প্রতিষ্ঠানে ২০২১ সালভিত্তিক অফিসার জেনারেলএর ২ হাজার ৭৭৫টি শূন্য পদে নিয়োগের উদ্দেশ্যে অনুষ্ঠেয় প্রিলিমিনারি পরীক্ষা অনিবার্য কারণবশত স্থগিত করা হলো পরীক্ষার পরিবর্তিত তারিখ ও সময় যথাসময়ে প্রকাশ করা হবে বলেও জানানো হয়েছে বিজ্ঞপ্তিতে ১০টি ব্যাংক ও আর্থিক প্রতিষ্ঠানের মধ্যে রয়েছে সোনালী ব্যাংক পিএলসি জনতা ব্যাংক পিএলসি অগ্রণী ব্যাংক পিএলসি রূপালী ব্যাংক পিএলসি বাংলাদেশ ডেভেলপমেন্ট ব্যাংক পিএলসি বাংলাদেশ কৃষি ব্যাংক বাংলাদেশ হাউস বিল্ডিং ফাইন্যান্স কর্পোরেশন প্রবাসী কল্যাণ ব্যাংক কর্মসংস্থান ব্যাংক ও ইনভেস্টমেন্ট করপোরেশন অব বাংলাদেশ চলতি বছরের জানুয়ারির প্রথম সপ্তাহে ১০ ব্যাংক ও আর্থিক প্রতিষ্ঠানের অফিসার সাধারণ পদে ২ হাজার ৭৭৫ জনবল নিয়োগের বিজ্ঞপ্তি প্রকাশ করে ব্যাংকার্স সিলেকশন কমিটি এর মধ্যে সোনালী ব্যাংকে এক হাজার ৫৪টি জনতা ব্যাংকে ৩০২টি অগ্রণী ব্যাংকে এক হাজার রূপালী ব্যাংকে ১৫টি বাংলাদেশ ডেভেলপমেন্ট ব্যাংকে ৩৫টি বাংলাদেশ কৃষি ব্যাংকে ২৭৫টি বাংলাদেশ হাউজ বিল্ডিং ফাইন্যান্স কর্পোরেশনে ২৪টি প্রবাসী কল্যাণ ব্যাংকে ১৯টি কর্মসংস্থান ব্যাংকে ৪৫টি এবং ইনভেস্টমেন্ট করপোরেশন অব বাংলাদেশে ৯টি শূন্য পদ রয়েছে,0
মার্কিন যুক্তরাষ্ট্রের প্রেসিডেন্ট জো বাইডেন ঘোষিত একটি যুদ্ধবিরতির প্রস্তাব জাতিসংঘ নিরাপত্তা পরিষদে সর্বসম্মতিক্রমে পাস হওয়ার পর ইসরায়েল ও হামাসের প্রতিক্রিয়ার দিকে তাকিয়ে আছে যুক্তরাষ্ট্র ফিলিস্তিনের সশস্ত্র সংগঠনটি বলছে তারা চুক্তিটিকে ইতিবাচক হিসেবে দেখছে এ নিয়ে তারা এগোতে চায় কিন্তু ইসরায়েলকে অবশ্যই স্থায়ী যুদ্ধবিরতিতে সম্মত হতে হবে ইসরায়েল সরকার এ নিয়ে কোনো মন্তব্য করেনি তবে নাম প্রকাশে অনিচ্ছুক একটি সূত্রের বরাত দিয়ে বিবিসি জানায় ইসরায়েল চুক্তিতে সম্মত নয় এ অবস্থায় বুধবার মার্কিন পররাষ্ট্রমন্ত্রী অ্যান্টনি ব্লিংকেন কাতারে পৌঁছান হামাস ও ইসরায়েলের মধ্যে মধ্যস্থতাকারীর ভূমিকায় কাতারের পাশাপাশি যুক্তরাষ্ট্র এবং মিসরও রয়েছে সেখানে কাতারের প্রধানমন্ত্রী শেখ মোহাম্মদ বিন আব্দুলরহমান বিন জসিম আল থানির সঙ্গে তিনি বৈঠক করেন পরে সংবাদ সম্মেলনে এসে কাতারের প্রধানমন্ত্রী ফিলিস্তিন বিষয়ে স্থায়ী সমাধানের কথা বলেন ব্লিংকেন মঙ্গলবার বলেছিলেন ইসরায়েলের প্রধানমন্ত্রী বেনিয়ামিন নেতানিয়াহু চুক্তির বিষয়ে তাঁর অঙ্গীকারের কথা জানিয়েছেন তবে সিএনএন জানায় নিরাপত্তা পরিষদে চুক্তি পাস হওয়ার পরই জাতিসংঘে ইসরায়েলের দূত হামাস নির্মূল না হওয়া পর্যন্ত যুদ্ধ চালিয়ে যাওয়ার কথা জানিয়েছিলেন বাইডেনের এ প্রস্তাবের প্রতি আনুষ্ঠানিক কোনো সমর্থনও জানাননি নেতানিয়াহু দ্য গার্ডিয়ান লিখেছে জাতিসংঘের কমিশন অব ইনকোয়ারির সিওআই এক প্রতিবেদনে যুদ্ধাপরাধ সংঘটনের জন্য হামাস ও ইসরায়েল উভয়কে দায়ী করা হয়েছে গত বছরের ৭ অক্টোবর থেকে ৩১ ডিসেম্বর সময় পর্যন্ত বিবেচনা করা হয়েছে ভুক্তভোগী প্রত্যক্ষদর্শী কৃত্রিম উপগ্রহের ছবি ও স্বাস্থ্যসেবা তথ্যের ভিত্তিতে এ প্রতিবেদন করা হয় হামাসের বিরুদ্ধে ইচ্ছাকৃতভাবে বেসামরিক মানুষকে লক্ষ্যে পরিণত করা এবং ইসরায়েলের বিরুদ্ধে ক্ষুধাকে অস্ত্র বানানোর অভিযোগ আনা হয়েছে চলমান পরিস্থিতিতে ইসরায়েলে এযাবৎকালের সবচেয়ে বড় রকেট হামলা চালিয়েছে লেবাননের সশস্ত্র সংগঠন হিজবুল্লাহ বৃহস্পতিবার রাতে লেবাননের জাউইয়া গ্রামে বিমান হামলায় একজন জ্যেষ্ঠ কমান্ডার তেলেব আব্দেল্লাহকে হত্যার জেরে হিজবুল্লাহ এসব রকেট ছোড়ে হিজবুল্লাহ বলছে তাদের ছোড়া রকেট আইন জাইতিমে ইসরায়েলের একটি ঘাঁটিতে আঘাত হেনেছে,0
আওয়ামী লীগের সাধারণ সম্পাদক এবং সড়ক পরিবহন ও সেতুমন্ত্রী ওবায়দুল কাদের বলেছেন বিএনপি জনগণ ও পুলিশকে এখন তাদের প্রতিপক্ষ হিসেবে দাঁড় করিয়েছে গায়ে পড়ে সংঘাতে জড়ানোর অপচেষ্টাও করছে বিএনপি আজ রোববার সকালে সিরাজগঞ্জ জেলার তাড়াশ উপজেলা আওয়ামী লীগের সম্মেলনে প্রধান অতিথির বক্তব্যে তিনি এসব কথা বলেন ওবায়দুল কাদের রাজধানী ঢাকার সরকারি বাসভবন থেকে ভিডিও কনফারেন্সের মাধ্যমে সম্মেলনে যুক্ত হন আওয়ামী লীগের সাধারণ সম্পাদক বলেন বিএনপির অপরাজনীতির ষোলো আনাই জনগণ এখন বুঝে ফেলছে তারা জনগণ ও পুলিশকে তাদের প্রতিপক্ষ হিসেবে দাঁড় করিয়েছে গায়ে পড়ে সংঘাতে জড়ানোর অপচেষ্টাও করছে বিএনপি আওয়ামী লীগ কখনো ষড়যন্ত্র করে না বরং বারবার ষড়যন্ত্রের শিকার হয়েছে জানিয়ে ওবায়দুল কাদের বলেন গণতান্ত্রিক ব্যবস্থায় ভোটের মাধ্যমেই সরকার পরিবর্তন হবে সময় হলেই সংবিধান অনুযায়ী নির্বাচন হবে জনগণ যে রায় দেবে তা মেনে নেওয়ার সৎ সাহস শেখ হাসিনার আছে আওয়ামী লীগের সাধারণ সম্পাদক বলেন দেশ যখন উন্নয়নের দিকে এগিয়ে যাচ্ছে তখন একটি অশুভ মহল ষড়যন্ত্রে মেতে উঠেছে আন্দোলন ও নির্বাচনে ধারাবাহিক ব্যর্থতার পর তারা এখন দেশে বিদেশে ষড়যন্ত্রের ঝুলি খুলে বসেছে দেশে এখন এমন কোনো আন্দোলনের ইস্যু নেই জানিয়ে তিনি বলেন প্রধানমন্ত্রী শেখ হাসিনার জনমুখী রাজনীতি বিএনপিকে আন্দোলনের ইস্যুসংকটে ফেলেছে আওয়ামী লীগের সাধারণ সম্পাদক বলেন যেসব জেলা উপজেলা থানা ইউনিয়ন ও ওয়ার্ডে কমিটি মেয়াদোত্তীর্ণ হয়েছে সেসব এলাকায় কেন্দ্রের নির্দেশনা অনুযায়ী সম্মেলনের মাধ্যমে কমিটি করতে হবে নিজের অবস্থান ভারী করার জন্য নিজস্ব লোক দিয়ে কমিটি গঠন করা যাবে না উল্লেখ করে ওবায়দুল কাদের বলেন দলকে শক্তিশালী করতে হলে ত্যাগী কর্মীদের এগিয়ে আনতে হবে তাড়াশ উপজেলা আওয়ামী লীগের সভাপতি আবদুল হকের সভাপতিত্বে আওয়ামী লীগের সাংগঠনিক সম্পাদক এস এম কামাল হোসেন স্বাস্থ্যবিষয়ক সম্পাদক রোকেয়া সুলতানা জেলা আওয়ামী লীগের ভারপ্রাপ্ত সভাপতি হোসেন আলী হাসান ভারপ্রাপ্ত সাধারণ সম্পাদক আবদুস সামাদ সাংসদ তানভীর শাকিল জয় সাংসদ আবদুল আজিজ সাবেক সাংসদ বীর মুক্তিযোদ্ধা আমজাদ হোসেন প্রমুখ বক্তব্য দেন সম্মেলন পরিচালনা করেন তাড়াশ উপজেলা আওয়ামী লীগের সাধারণ সম্পাদক সঞ্জিত কর্মকার,0
আন্তর্জাতিক মাতৃভাষা দিবসে ক্রেতা ও দর্শনার্থীদের পদচারণায় মুখর অমর একুশে গ্রন্থমেলা সকাল থেকেই শহীদ মিনারে শ্রদ্ধা জানিয়ে বইমেলায় আসেন ক্রেতা ও দর্শনার্থীরা বেলা বাড়ার সাথে সাথে সব বয়সের মানুষের পদচারণায় মেলা রূপ নেয় বাঙালির প্রাণের উৎসবে একুশে ফেব্রুয়ারিতে বইমেলায় নামে মানুষের ঢল বই বিক্রি ভাল হওয়ায় প্রকাশকেরাও খুশি তবে ভিড় থাকলেও স্বাস্থ্যবিধি মানায় কড়াকড়ি ছিলো মেলা কর্তৃপক্ষের বেশিরভাগ মানুষের মুখেই দেখা গেছে মাস্ক একুশের সকালে বইমেলায় ছিল ঝলমলে রোদ মহামারির নানা অনিশ্চয়তা পেরিয়ে মাসের মাঝামাঝিতে অমর একুশে গ্রন্থমেলা শুরু হলেও তার পূর্ণরূপ দেখা গেছে সোমবার একুশে ফেব্রুয়ারি উপলক্ষ্যে সব বয়সের ক্রেতা পাঠক ও দর্শনার্থী ভিড় করেন বাংলা একাডেমি প্রাঙ্গণ ও সোহরাওয়ার্দী উদ্যানে মেলায় আগতদের পোশাকেও দেখা গেছে একুশের আবহ একুশের চেতনার সাথে পরিচয় করিয়ে দিতে ছোট্ট শিশুকে নিয়ে মাবাবারা এসেছেন মেলায় মাতৃভাষার গুরুত্ব পৌঁছে দিচ্ছেন পরের প্রজন্মে বইমেলার শুরু থেকেই বেচাকেনা ভাল হলেও একুশে ফেব্রুয়ারিতে পুরোপুরিই প্রত্যাশা পূরণ হয়েছে প্রকাশকদের এই মানুষের ভীড় প্রাণের জোয়ার প্রমাণ করে একুশের চেতনা কখনো ম্লান হবার নয় এই ঐক্যবোধ পরাজিত করবে সাম্প্রদায়িকতা আর বিভেদকে অমর একুশের চেতনা ছড়িয়ে পড়ুক প্রজন্ম থেকে প্রজন্মে,1
ক্রিকেটার সাকিব আল হাসান আওয়ামী লীগের হয়ে তিনটি আসনের মনোনয়নপত্র কিনেছিলেন শেষমেশ মনোনয়ন পেয়েছেন একটি আসনে অভিনেতা ফেরদৌসও ঢাকার একটি আসনে মনোনয়ন পেয়েছেন জাতীয় দলের নিয়মিত খেলোয়াড় হিসেবেই সাকিব সংসদ সদস্য বা এমপি হওয়ার দিকে মনোনিবেশ করেছেন এর আগে ক্রিকেটার মাশরাফি বিন মুর্তজা এমপি হয়েছেন এমপি হয়েছেন মমতাজ বেগমসহ অনেক শিল্পীঅভিনেতা খেলোয়াড়শিল্পীদের এমপি হওয়ার বিষয় কতটা ইতিবাচক সাকিবের পরিসংখ্যানটা দেখা যাক তিনি সদ্য সমাপ্ত বিশ্বকাপ ও এশিয়া কাপে বাংলাদেশ দলকে নেতৃত্ব দিয়েছেন কিন্তু কাঙ্ক্ষিত জয় এনে দিতে পারেননি বিশ্বকাপে বাংলাদেশ দল এবং দলীয় অধিনায়ক উভয়ের হতশ্রী অবস্থা দেখা যায় এর পরই দেখা গেল অধিনায়ক এমপি হওয়ার টিকিট কিনেছেন খেলায় তাঁর আগের অবদান নিশ্চয় স্বীকার্য ভালো খেলেই তিনি বিশ্বের সেরা অলরাউন্ডার হয়েছেন সেই সূত্রেই তিনি বিজ্ঞাপনের মডেল হয়েছেন এবং নানা ব্যবসায়িক উদ্যোগ নিয়েছেন এখন তিনি এমপি হতে চাইছেন কিন্তু সাম্প্রতিক সময়ে তিনি জাতীয় দলকে কতটা দিতে পেরেছেন সে প্রশ্ন উঠছে এখানে এমপি হওয়া যে বড় ব্যবসা তা কে না জানে এমপি হওয়ার পরের গল্প সম্পদ বৃদ্ধির কারও সম্পদের পাহাড় গড়ার কৃতিত্বও রয়েছে মাঝেমধ্যে সংবাদপত্রে তারা খবর হন লাভজনক এই মাধ্যম যখন কেউ তাঁর পেশাদার জায়গার জনপ্রিয়তা দিয়ে বাগিয়ে নিতে চান তখনই বিপত্তি ঘটে মাশরাফি এমপি হয়েছেন সাকিব হবেন তাদের সূত্র ধরে এভাবে খেলোয়াড়রা আসবেন কিন্তু ক্রিকেট দলের অবস্থা কী আমাদের একটা সম্ভাবনাময় দল ছিল অনেকের প্রত্যাশার জায়গা ছিল কিন্তু বর্তমান পরিস্থিতিতে এ দল নিয়ে অনেকেই হতাশ সমস্যা ক্রিকেট প্রশাসনেও বাংলাদেশ ক্রিকেট বোর্ড নিয়ে তো প্রশ্ন বিস্তর দলীয়করণ সেখানেও অবক্ষয়ের জন্ম দিয়েছে এমপি হওয়া যদি ব্যক্তিগত প্রাপ্তির উপলক্ষ হয় সেই ক্রিকেট থেকে আমরা কী বা আশা করতে পারি বিশেষ করে দেশে সেই অর্থে যদি ভোট উৎসব থাকত সত্যিকারের প্রতিযোগিতায় এমপি হওয়ার পরিবেশ থাকত তখনকার পর্যবেক্ষণ হতো ভিন্ন ক্রিকেট অঙ্গনের কথা বাদ দিলে যে চলচ্চিত্র তারকাদের এমপি হওয়ার প্রতিযোগিতা দেখা যাচ্ছে তাদের গোড়ার প্রতিষ্ঠান বাংলাদেশ চলচ্চিত্র উন্নয়ন করপোরেশনএফডিসি বলা চলে বেহাল এমপি হওয়ার ক্ষেত্রে আমরা যদি আদর্শ লক্ষ্যের কথা বলি তবে সেটা জনগণের সেবা করা যারা রাজনীতি করেন এটা ঘোষণা দিয়েই করেন তারা দেশ ও দশের সেবা করতে চান তাদের কাছে যেন নিজের উন্নতির চেয়ে দেশের উন্নতিই মুখ্য যেন তাঁর ক্ষমতা পাওয়ার মূলেও রয়েছে দেশ আর সবার গণতান্ত্রিক অধিকার নিশ্চিত করা অন্তত প্রতিটি রাজনৈতিক দলের সংবিধান গঠনতন্ত্র দেখলে তাই মনে হবে কিন্তু আমাদের বাস্তবতায় যে কেউ বিভ্রান্ত হতে বাধ্য সে জন্যই তারকাদের এমপি হওয়ার ঝোঁক দেখে মানুষ বিস্মিত হয় সে জন্যই হয়তো সাকিব আল হাসান এক সময় তাঁর ফেসবুক পেজে পোস্ট দেন আই অ্যাম নট জয়েনিং পলিটিক্স অ্যান্ড আই ডোন্ট হ্যাভ অ্যানি ইনটেনশন টু জয়েন পলিটিক্স ইন মাই লাইফ অর্থাৎ আমি রাজনীতিতে যোগ দিচ্ছি না এবং জীবনে রাজনীতিতে যোগ দেওয়ার কোনো ইচ্ছাও আমার নেই এক দশক পর অবশ্য সাকিব আর সেই অবস্থানে নেই বলার অপেক্ষা রাখে না রাজনীতি এখন ব্যবসায়ীদের দখলে একাদশ সংসদ নির্বাচনে ব্যবসায়ী এমপি হয় ৬১ শতাংশ অথচ ১৯৭৩ সালের সংসদে আইনপ্রণেতাদের প্রধান পেশা ছিল আইন ব্যবসা তা ছাড়া পেশা হিসেবে ব্যবসা এবং কৃষিকাজও ছিল সেই সময়ের সংসদে ৩১ শতাংশ আইনপ্রণেতা ছিলেন আইনজীবী এবং ১৮ শতাংশ ছিলেন ব্যবসায়ী নব্বইপরবর্তী নির্বাচনগুলোতে ব্যবসায়ীদের হার বাড়তে থাকে সংশ্লিষ্টরা জানেন রাজনীতিতে টাকার প্রভাব বেড়ে যাওয়ায় ব্যবসায়ীদের সংখ্যা বেড়ে যাচ্ছে খেলোয়াড় শিল্পী কিংবা তারকাদের ক্ষেত্রেও এ সত্য অস্বীকারের সুযোগ সামান্যই তাদের যে সম্পদ আছে সেখান থেকে আরও বাড়িয়ে নেওয়াই থাকে অধিকাংশের লক্ষ্য ২০১৮ সালের নির্বাচনী হলফনামার তথ্যে জানা গেছে বয়সে ছোট ও রাজনীতিতে নবীন হলেও তারকা প্রার্থীদের মধ্যে সম্পদের শীর্ষে ছিলেন তৎকালীন জাতীয় ক্রিকেট দলের অধিনায়ক মাশরাফি বিন মুর্তজা তাঁর সম্পদের ব্যাপারে গত বছরই যে খবর চাউর হয় সেটি বিস্ময়কর অবশ্য মাশরাফি তা অস্বীকার করেছেন খেলোয়াড় শিল্পী অভিনেতা তথা তারকাদের অনেক ফ্যান থাকে যারা সংশ্লিষ্ট তারকার কাজের ভক্ত এই ভক্ত অধিকাংশই তরুণ প্রজন্মের কিন্তু এর আগে যে দুটি নির্বাচন অনুষ্ঠিত হয় অর্থাৎ ২০১৪ ও ১৮ সালের নির্বাচনে তরুণ প্রজন্মের ভোটার অনেকেই তাদের কাঙ্ক্ষিত ভোটাধিকার প্রয়োগ করতে পারেনি এবার দ্বাদশ সংসদ নির্বাচনেও যেভাবে নির্বাচনী ইশতেহার ঘোষণা করা হয়েছে সেখানে তরুণদের শঙ্কা রয়েই যাচ্ছে শিল্পীসাহিত্যিকতারকারা আগে যেভাবে নাগরিক সমাজের প্রতিনিধি হিসেবে কথা বলতেন অন্যায় দেখলে তার বিরুদ্ধে অবস্থান নিতেন এখন সে অবস্থানে নেই অনেকেই এর সঙ্গে রাজনীতি থেকে লাভবান হওয়া এবং এমপি হওয়ার সম্পর্ক আছে বৈ কি যখনই তাদের মধ্যে এমপি হওয়ার বাসনা থাকে কিংবা রাজনীতি থেকে কিছু পাওয়ার প্রত্যাশা থাকে তখনই আপসের মানসিকতা চলে আসে এ অবস্থাও শঙ্কাজনক দ্রব্যমূল্য যখন ঊর্ধ্বমুখী তখন মানুষের পক্ষে কথা বলে নাগরিক সমাজ তারা মানুষের পক্ষে মানুষের কাতারে যোগ না দিলে মানুষ যাবে কোথায় এমপি হওয়া নিঃসন্দেহে খারাপ নয় কিন্তু আমাদের সেই পরিবেশপরিস্থিতি নেই নিজ অবস্থান ঠিক না রেখে নিজের পেশাদার জায়গায় সর্বোচ্চটা না দিয়ে লাভজনক রাজনীতির এমপি হওয়া ভালো ফল আনতে পারে না বিশেষ করে আমাদের রাজনীতিতে যেখানে অর্থ ও পেশিশক্তিই ভরসা সেখানে তারকারা বেমানান তারকারা এমপি হয়েই যে পরিবর্তনের পথে হাঁটবেন সে ভরসা করার মতো পরিস্থিতি কি আছে যে যায় লঙ্কায় সেই হয় রাবণ,0
সৌদি প্রো লিগে উড়ছিল আল নাসর টানা ১০ জয়ের পর অবশেষে তাদের জয়রথ থামাল আল ইত্তিফাক গতকাল রাতে প্রতিপক্ষের মাঠে ২২ গোলে ড্র করেছে ক্রিস্টিয়ানো রোনালদোর দল তবে ম্যাচের স্কোরলাইনের চেয়েও এখন ফুটবলদুনিয়ায় বেশি আলোচনা রোনালদোর ক্যারিয়ারের ৯৫৭ নম্বর গোলটি নিয়ে কেন কারণ গোলটি তিনি পা বা মাথা দিয়ে নয় আক্ষরিক অর্থেই করেছেন কোমর দিয়ে ম্যাচের শুরুটা অবশ্য আল নাসরের জন্য সুখকর ছিল না ১৬ মিনিটেই সাবেক লিভারপুল তারকা জর্জিনিও উইনালদামের গোলে পিছিয়ে পড়ে তারা বিরতির ঠিক পরেই ৪৭ মিনিটে আল নাসরকে সমতায় ফেরান জোয়াও ফেলিক্স এরপরই আসে সেই মুহূর্তম্যাচের ৬৭ মিনিটে রোনালদোর সেই অদ্ভুত গোল গোলটি করতে রোনালদোকে আসলে খুব একটা কসরত করতে হয়নি ফেলিক্সের নেওয়া জোরালো শট রোনালদোর পিঠ বা কোমরের নিচের অংশে লেগে দিক পরিবর্তন করে জালে জড়ায় ভাগ্য সহায় থাকলে যা হয় আরকি বল জালে জড়ানো মাত্রই সিআর সেভেনের সেই চিরচেনা সিউউউ উদ্যাপন তিন কারণে রোনালদো এখনো অপরিহার্য বললেন পর্তুগাল কোচ তবে ভাগ্যের জোরে পাওয়া লিডটা শেষ পর্যন্ত ধরে রাখতে পারেনি আল নাসর ৮০ মিনিটে নিজের দ্বিতীয় গোল করে ইত্তিফাককে সমতায় ফেরান উইনালদাম শেষ পর্যন্ত পয়েন্ট ভাগাভাগি করেই মাঠ ছাড়তে হয় দুই দলকে ম্যাচ জিততে না পারলেও তালিকার শীর্ষ স্থানটা এখনো আল নাসরের দখলেই ১১ ম্যাচে ১০ জয় আর ১ ড্রয়ে ৩১ পয়েন্ট নিয়ে সবার ওপরে তারা বছরটা এমন এক গোল দিয়ে শেষ করে সামাজিক যোগাযোগমাধ্যমে রোনালদো লিখেছেন আমরা সঠিক পথেই আছি এবং জানি ২০২৬ সালে আমাদের কী করতে হবে এদিকে রোনালদোর এই কোমরকাব্য নিয়ে ইন্টারনেটদুনিয়ায় বইছে হাস্যরসের জোয়ার এক ভক্ত তো রোনালদোর কৃতিত্ব দিতে গিয়ে লিখেছেন গোট  চাইলে শরীরের যেকোনো অঙ্গ দিয়েই গোল করতে পারেন,0
সৌদি প্রো লিগে উড়ছিল আল নাসর টানা ১০ জয়ের পর অবশেষে তাদের জয়রথ থামাল আল ইত্তিফাক গতকাল রাতে প্রতিপক্ষের মাঠে ২২ গোলে ড্র করেছে ক্রিস্টিয়ানো রোনালদোর দল তবে ম্যাচের স্কোরলাইনের চেয়েও এখন ফুটবলদুনিয়ায় বেশি আলোচনা রোনালদোর ক্যারিয়ারের ৯৫৭ নম্বর গোলটি নিয়ে কেন কারণ গোলটি তিনি পা বা মাথা দিয়ে নয় আক্ষরিক অর্থেই করেছেন কোমর দিয়ে ম্যাচের শুরুটা অবশ্য আল নাসরের জন্য সুখকর ছিল না ১৬ মিনিটেই সাবেক লিভারপুল তারকা জর্জিনিও উইনালদামের গোলে পিছিয়ে পড়ে তারা বিরতির ঠিক পরেই ৪৭ মিনিটে আল নাসরকে সমতায় ফেরান জোয়াও ফেলিক্স এরপরই আসে সেই মুহূর্তম্যাচের ৬৭ মিনিটে রোনালদোর সেই অদ্ভুত গোল গোলটি করতে রোনালদোকে আসলে খুব একটা কসরত করতে হয়নি ফেলিক্সের নেওয়া জোরালো শট রোনালদোর পিঠ বা কোমরের নিচের অংশে লেগে দিক পরিবর্তন করে জালে জড়ায় ভাগ্য সহায় থাকলে যা হয় আরকি বল জালে জড়ানো মাত্রই সিআর সেভেনের সেই চিরচেনা সিউউউ উদ্যাপন তিন কারণে রোনালদো এখনো অপরিহার্য বললেন পর্তুগাল কোচ তবে ভাগ্যের জোরে পাওয়া লিডটা শেষ পর্যন্ত ধরে রাখতে পারেনি আল নাসর ৮০ মিনিটে নিজের দ্বিতীয় গোল করে ইত্তিফাককে সমতায় ফেরান উইনালদাম শেষ পর্যন্ত পয়েন্ট ভাগাভাগি করেই মাঠ ছাড়তে হয় দুই দলকে ম্যাচ জিততে না পারলেও তালিকার শীর্ষ স্থানটা এখনো আল নাসরের দখলেই ১১ ম্যাচে ১০ জয় আর ১ ড্রয়ে ৩১ পয়েন্ট নিয়ে সবার ওপরে তারা বছরটা এমন এক গোল দিয়ে শেষ করে সামাজিক যোগাযোগমাধ্যমে রোনালদো লিখেছেন আমরা সঠিক পথেই আছি এবং জানি ২০২৬ সালে আমাদের কী করতে হবে এদিকে রোনালদোর এই কোমরকাব্য নিয়ে ইন্টারনেটদুনিয়ায় বইছে হাস্যরসের জোয়ার এক ভক্ত তো রোনালদোর কৃতিত্ব দিতে গিয়ে লিখেছেন গোট  চাইলে শরীরের যেকোনো অঙ্গ দিয়েই গোল করতে পারেন,0
ঢাকা মেডিকেল কলেজ হাসপাতালের গাইনি বিভাগ থেকে এক নবজাতক চুরি হয়েছে মঙ্গলবার ৪ জুন বিকালে এ চুরির ঘটনা ঘটে পুলিশ বলছে সুখি বেগম নামের এক নারী আজ সকাল ৭টার দিকে যমজ কন্যাসন্তান জন্ম দেন দুধ খাওয়ানো ও সহযোগিতা করার কথা বলে এক নারী এক নবজাতককে চুরি করে নিয়ে যান ঢাকা মেডিকেল কলেজ পুলিশ ফাঁড়ির পরিদর্শক বাচ্চু মিয়া বলেন গতকাল সোমবার প্রসবের ব্যথা নিয়ে সুখি বেগমকে হাসপাতালে ভর্তি করা হয় আজ সকালে ওই নারী যমজ কন্যাসন্তানের জন্ম দেন পরে হাসপাতাল থেকে এক নারী কমলা রঙের ওড়না পরিহিত একটি বাচ্চা চুরি করে নিয়ে গেছেন ক্লোজ সার্কিট ক্যামেরা সিসিটিভি দেখে চোরকে গ্রেপ্তারের চেষ্টা চলছে পুলিশ সূত্র জানায় দুই নবজাতক তাদের দাদি হাসিনা বেগম ও বাবা শরিফুলের কাছে ছিল সহযোগিতা করার কথা বলে বাবার কাছ থেকে এক নারী বাচ্চাটিকে কোলে নেন কিছু সময় তার কাছে রাখেন এভাবে দাদি ও বাবার সঙ্গে সম্পর্ক গড়ে তোলেন একসময় তাদের চোখ ফাঁকি দিয়ে এক শিশুকে নিয়ে আনসারদের নিরাপত্তাবেষ্টনী পার হয়ে পালিয়ে যান চুরি হয়ে যাওয়া শিশুটির বাবা শরিফুল ইসলাম বলেন মহিলা ওয়ার্ডের গেটে এক নারীর সঙ্গে তার পরিচয় হয় পুরুষদের ওই ওয়ার্ডে যেতে দেওয়া হয় না এই সুযোগে ওই নারী বাচ্চাকে নিয়ে মায়ের কাছ থেকে দুধ খাওয়ানোর কথা বলে পালিয়ে যান সুখি কুষ্টিয়া জেলার কুমারখালী উপজেলার বাঁশগ্রামের বাসিন্দা তার স্বামী শরিফুল ইসলাম ট্রাকচালকের সহকারী বর্তমানে তারা ধামরাই কালামপুরে থাকেন,0
বলিউড দাপিয়ে এখন হলিউডে অভিনয় করছেন বলি কুইন প্রিয়াঙ্কা চোপড়া প্রিয়াঙ্কা বলিউডকে দিয়েছে বেশ কিছু ব্যবসা সফল ছবি তবে কিছু কিছু সিনেমা এখনও দর্শকদের হৃদয়ে দাগ কেটে আছে তার মধ্যে অন্যতম দোস্তানা দোস্তানা ছবিতে অভিনয় করে বিশেষ খ্যাতিও অর্জন করেন তিনি এমনকি এই সিনেমার দেশি গার্ল গানের জন্য এখনো দর্শক মনে গেঁথে রয়েছেন এই অভিনেত্রী গানে তার সৌন্দর্য মুগ্ধ করেছে দর্শকদের দীর্ঘদিন পর তৈরি হচ্ছে দোস্তানা সিনেমার সিক্যুয়েল এতে নায়িকা চরিত্রে অভিনয় করছেন প্রয়াত বলিউড কুইন শ্রীদেবী কন্যা জাহ্নবী কাপুর স্বাভাবিকভাবেই ইতোমধ্যে অনেকেই প্রিয়াঙ্কার সঙ্গে তার তুলনা শুরু করেছেন এক সাক্ষাৎকারে এ প্রসঙ্গে কথা বলেছেন জাহ্নবী নায়িকা বলেন প্রিয়াঙ্কা চোপড়া দোস্তানা সিনেমায় আইকনিক ছিলেন তাই বিশেষ একটা দায় থাকে কিন্তু প্রতিটি সিনেমাই আলাদাভাবে তৈরি করা হয় তাই জানি না কতটুকু করতে পারব আমি সৃষ্টিকর্তার কাছে প্রার্থনা করছি তিনি যে জায়গা তৈরি করেছেন তার কাছাকাছি যেন পৌঁছাতে পারি প্রিয়াঙ্কা চোপড়া ছাড়াও ২০০৮ সালে মুক্তি পাওয়া দোস্তানা সিনেমায় অভিনয় করেন অভিষেক বচ্চন ও জন আব্রাহাম অন্যদিকে দোস্তানা টু সিনেমায় জাহ্নবী কাপুরের সঙ্গে রয়েছেন কার্তিক আরিয়ান ও নবাগত লক্ষ্য লাওয়ানি দোস্তানা টু ছাড়াও জাহ্নবী ঝুলিতে একাধিক সিনেমা রয়েছে মুক্তির অপেক্ষায় এই অভিনেত্রীর রুহি এতে রাজকুমার রাওয়ের সঙ্গে দেখা যাবে তাকে এছাড়া গুড লাক জেরি সিনেমার শুটিং করছেন জাহ্নবী,1
মার্জার তথা একীভূত হওয়ার প্রক্রিয়ায় থাকা পাঁচটি ব্যাংকের আমানতকারীরা শিগগিরই সর্বোচ্চ ২ লাখ টাকা পর্যন্ত উত্তোলনের সুযোগ পাবেন তাঁদের চাহিদার পরিপ্রেক্ষিতে বাংলাদেশ ব্যাংক এই সুযোগ করে দিচ্ছে তবে এই পাঁচ ব্যাংকের আমানতকারীরা কবে থেকে টাকা তুলতে পারবেন সে বিষয়ে কোনো সুনির্দিষ্ট তারিখ বা সময় এখনো চূড়ান্ত করা হয়নি এদিকে সামাজিক যোগাযোগমাধ্যমে এবং কয়েকটি গণমাধ্যমে সম্প্রতি এ রকম একটি খবর ছড়িয়ে পড়েছে যে আগামী ২৯ ডিসেম্বর সোমবার থেকে মার্জারের আওতাভুক্ত একটি ব্যাংকের আমানতকারীদের টাকা উত্তোলনের সুযোগ দেওয়া হবে এ সংবাদ সঠিক নয় বলে জানিয়েছে বাংলাদেশ ব্যাংক আজ শুক্রবার এক বিজ্ঞপ্তিতে নিয়ন্ত্রক সংস্থাটি অসত্য তথ্যে বিভ্রান্ত না হওয়ার জন্য সংশ্লিষ্ট সবাইকে বিশেষভাবে অনুরোধ করেছে একীভূত হতে যাওয়া পাঁচ ব্যাংক হলো ফার্স্ট সিকিউরিটি ইসলামী সোশ্যাল ইসলামী ইউনিয়ন গ্লোবাল ইসলামী ও এক্সিম ব্যাংক এই ব্যাংকগুলো তারল্যসংকটের কারণে কর্মীদের বেতন দিতে হিমশিম খাচ্ছে গ্রাহকেরাও টাকা তুলতে সমস্যায় পড়ছেন ইতিমধ্যে সম্মিলিত ইসলামী ব্যাংক পিএলসি নামে নতুন ব্যাংক গঠনের চূড়ান্ত অনুমোদন দেওয়া হয়েছে ব্যাংকটি সমস্যাগ্রস্ত ওই পাঁচ ইসলামী ব্যাংককে অধিগ্রহণ করবে,1
স্বাস্থ্য ও পরিবারকল্যাণ মন্ত্রী ডা সামন্ত লাল সেন বলেছেন আমাদের মেডিকেল কলেজগুলোর সুযোগ সুবিধা বাড়াতে হবে মেডিকেল কলেজগুলো আমাদের ডাক্তার তৈরি করে মেডিকেল কলেজগুলোর মান বাড়লে আর উন্নত যুগোপযোগী শিক্ষা দিলে আমরা আরও সুদক্ষ ডাক্তার পাব রোববার ১৪ জুলাই সকালে দিনাজপুরের এম আব্দুর রহিম মেডিকেল কলেজে শিক্ষক শিক্ষার্থীদের সাথে এক মতবিনিময় সভায় প্রধান অতিথির বক্তব্যে স্বাস্থ্যমন্ত্রী একথা বলেন স্বাস্থ্যমন্ত্রী আরও বলেন মেডিকেল প্রফেশনাল এবং রোগীদের সুরক্ষার জন্য স্বাস্থ্য সুরক্ষা আইনের খসড়া তৈরি শেষ পর্যায়ে আছে ইতিমধ্যে আমরা অনেকবার এটা নিয়ে মন্ত্রণালয়ে সভা করেছি বিশেষ অতিথির বক্তব্যে স্বাস্থ্যসেবা বিভাগের সচিব মো জাহাঙ্গীর আলম ডাক্তারদের বিদ্যমান সকল সাবজেক্টে পোস্ট গ্রাজুয়েট সম্পন্ন করার গুরুত্ব তুলে ধরেন এবং প্রয়োজনে ডাক্তারদের জন্য সুপার নিউমারি পদ সৃষ্টির উদ্যোগের কথা বলেন এম আব্দুর রহিম মেডিকেল কলেজের অধ্যক্ষ অধ্যাপক ডা এ এফ এম নূরুউল্লাহর সভাপতিত্বে অনুষ্ঠিত এই মতবিনিময় সভায় অতিথি হিসেবে উপস্থিত ছিলেন জাতীয় সংসদের হুইপ ইকবালুর রহিম জাতীয় স্বাস্থ্য ও পরিবার কল্যাণ মন্ত্রণালয়ের স্বাস্থ্যসেবা বিভাগের সচিব মো জাহাঙ্গীর আলম স্বাস্থ্য ও পরিবার কল্যাণ অধিদপ্তরের মহাপরিচালক অধ্যাপক ডা আবুল বাসার মোহাম্মদ খুরশীদ আলমসহ স্বাস্থ্য বিভাগের এবং স্থানীয় প্রশাসনের কর্মকর্তারা,1
গেল বছরের প্রথম ১০ মাসে বাংলাদেশ থেকে ১৯৪০ কোটি ডলারের পোশাক নিয়েছে ইউরোপীয় ইউনিয়নের দেশগুলো ইউরোপীয় পরিসংখ্যান সংস্থা ইউরোস্ট্যাটের সর্বশেষ প্রকাশিত তথ্য অনুসারে জানুয়ারি থেকে অক্টোবর ২০২২ সময়ের মধ্যে ইউরোপীয় ইউনিয়ন বিশ্ব থেকে ৮৬৭৪ বিলিয়ন মার্কিন ডলার মূল্যের পোশাক আমদানি করেছে বছরওয়ারি প্রবৃদ্ধি হয়েছে ২৪৪১ শতাংশ জানুয়ারিঅক্টোবর ২০২২ সালে ইইউ বাংলাদেশ থেকে ১৯৪০ বিলিয়ন মার্কিন ডলার মূল্যের পোশাক আমদানি করেছে ইইউ এর পোশাক আমদানির জন্য বাংলাদেশ দ্বিতীয় বৃহত্তম পোশাক আমদানির উৎসের অবস্থানে রয়েছে ২০২১ সালের একই সময়ের তুলনায় বাংলাদেশ থেকে ইউরোপীয় ইউনিয়নের পোশাক আমদানি ৪১৭৬ শতাংশ বেড়েছে চীন ২৯৩৯ শতাংশ শেয়ার নিয়ে ইউরোপীয় ইউনিয়নে ইইউ সবচেয়ে বড় পোশাক সরবরাহকারীর অবস্থান ধরে রেখেছে ২০২২ সালের প্রথম দশ মাসে চীন থেকে ইউরোপীয় ইউনিয়নের আমদানি বছরওয়ারি ২২৪৩ শতাংশ প্রবৃদ্ধিসহ ২৫৪৯ বিলিয়ন মার্কিন ডলারে পৌঁছেছে একই সময়ে তুরস্ক থেকে আমদানিও বছরওয়ারি ১২৮২ শতাংশ বৃদ্ধি পেয়েছে তুরস্ক থেকে ইউরোপীয় ইউনিয়নের আমদানি ১০১২ বিলিয়ন মার্কিন ডলারে দাঁড়িয়েছে ভারত থেকে আমদানি ৪২৪ বিলিয়ন মার্কিন ডলারে পৌঁছেছে বছরওয়ারি প্রবৃদ্ধি হয়েছে ২৩৪৬ শতাংশ অন্যান্য শীর্ষ সরবরাহকারীদের মধ্যে কম্বোডিয়া ভিয়েতনাম পাকিস্তান মরক্কো শ্রীলঙ্কা এবং ইন্দোনেশিয়া থেকে ইউরোপীয় ইউনিয়নের আমদানি যথাক্রমে ৩৯৬৯ শতাংশ ৩৩০৫ শতাংশ ২৮৫৫ শতাংশ ৯৫৯ শতাংশ ১৮ শতাংশ এবং ৩১৭৬ শতাংশ বৃদ্ধি পেয়েছে,0
ভক্তরা ভেবেছিলেন পুষ্পা ২ দ্য রুল ছবির প্রিমিয়ারে পদপিস্ট হয়ে ভক্তের মৃত্যুর ঘটনায় তাঁদের প্রিয় তারকা আল্লু অর্জুন পরিত্রাণ পেতে পারেন কিন্তু এক বছর পার হতেই ভক্তরা শুনতে পেলেন দুঃসংবাদ হায়দরাবাদের থিয়েটারে পদদলনের ঘটনায় এখন প্রিয় তারকা আল্লু অর্জুনের বিরুদ্ধে চার্জশিট দাখিল হয়েছে এতে ফেঁসে যেতে পারেন প্রিয় এই তারকাপুষ্পা ২ দ্য রুল ছবির প্রিমিয়ার শো চলাকালীন সময়ে পদপিষ্ট হয়ে মারা যাওয়ার ঘটনায় অভিনেতা আল্লু অর্জুনসহ মোট ২৪ জনের বিরুদ্ধে চার্জশিট দাখিল করেছে পুলিশ ঘটনার এক বছরের বেশি সময় পর হায়দরাবাদের নামপল্লি আদালতের নবম অতিরিক্ত চিফ জুডিশিয়াল ম্যাজিস্ট্রেটের আদালতে চার্জশিট জমা দেওয়া হয়েছে পুষ্পা ২ সিনেমায় রাশমিকা মান্দানা ও আল্লু অর্জুন এক্স থেকে পুষ্পা ২ সিনেমায় রাশমিকা মান্দানা ও আল্লু অর্জুন এক্স থেকে ঘটনাটি ঘটে ২০২৪ সালের ৪ ডিসেম্বর হায়দরাবাদের আরটিসি এক্স রোড এলাকার সন্ধ্যা থিয়েটারে পুষ্পা ২ দ্য রুলএর প্রিমিয়ার শো চলাকালে বিপুলসংখ্যক ভক্ত অভিনেতাকে দেখতে জড়ো হলে পরিস্থিতি নিয়ন্ত্রণের বাইরে চলে যায় ভিড়ে ৩৫ বছর বয়সী রেবতী মারা যান তাঁর নাবালক ছেলে শ্রীতেজও শ্বাসরুদ্ধ হয়ে গুরুতর অসুস্থ হয়ে পড়েন এবং এখনো বিভিন্ন শারীরিক জটিলতায় ভুগছেন আল্লু অর্জুন আল্লু অর্জুনইনস্টাগ্রাম পুলিশের তদন্তে উঠে এসেছে দুর্ঘটনার পেছনে ছিল চরম অবহেলা ও নিরাপত্তার গুরুতর লঙ্ঘন চার্জশিটে সন্ধ্যা প্রেক্ষাগৃহের মালিকের বিরুদ্ধে অভিযোগের পাশাপাশি অনুষ্ঠানের ভিড় নিয়ন্ত্রণে ব্যর্থতার অভিযোগ আনা হয়েছে তদন্ত প্রতিবেদনে উল্লেখ করা হয়েছে আল্লু অর্জুনের পুষ্পা ২ দ্য রুল ছবির প্রিমিয়ারে আসবেন এটা আগেই জানা ছিল কিন্তু তারপরও যথাযথ নিরাপত্তাব্যবস্থা নেওয়া হয়নি এমনকি নিরাপত্তার ব্যাপারে পুলিশের পক্ষ থেকে অভিনেতার উপস্থিতির অনুমতি দেওয়া হয়নি আরও পড়ুন মামলার কারণে আহত কিশোরের সঙ্গে দেখা করতে পারছেন না আল্লু অর্জুন ১৬ ডিসেম্বর ২০২৪ মামলার কারণে আহত কিশোরের সঙ্গে দেখা করতে পারছেন না আল্লু অর্জুন পুষ্পা ২এ আল্লু অর্জুন ও রাশমিকা মান্দানা এক্স থেকে পুষ্পা ২এ আল্লু অর্জুন ও রাশমিকা মান্দানা এক্স থেকে চার্জশিটে আল্লু অর্জুনের বিরুদ্ধেও অভিযোগ আনা হয়েছে অভিযোগ অনুযায়ী ঝুঁকিপূর্ণ পরিস্থিতি থাকা সত্ত্বেও আল্লু অর্জুন উপস্থিত হন এবং স্থানীয় প্রশাসনের সঙ্গে আগে থেকে কোনো ধরনের যোগাযোগ করেননি এ ঘটনায় তাঁর ব্যক্তিগত ব্যবস্থাপক কর্মচারী এবং আটজন বেসরকারি দেহরক্ষীকেও অভিযুক্ত করা হয়েছে পুলিশের দাবি তাঁদের কিছু কর্মকাণ্ড পরিস্থিতিকে আরও বিপজ্জনক করে তোলে আরও পড়ুন আল্লু অর্জুন গ্রেপ্তার সিনেমা হলে নারী মৃত্যুর ঘটনায় অভিযুক্ত পুষ্পা তারকা ১৩ ডিসেম্বর ২০২৪ আল্লু অর্জুন গ্রেপ্তার সিনেমা হলে নারী মৃত্যুর ঘটনায় অভিযুক্ত পুষ্পা তারকা ভিআইপি অতিথিদের ঢোকার ও বের হওয়ার জন্য আলাদা কোনো ব্যবস্থা ছিল না বেসরকারি নিরাপত্তাকর্মীদের চলাচল ও আচরণ ভিড়ের চাপ বাড়িয়ে দেয় প্রেক্ষাগৃহ কর্তৃপক্ষের বিরুদ্ধে অবহেলাজনিত মৃত্যুর অভিযোগে ভারতীয় দণ্ডবিধির ৩০৪ ধারা এবং জননিরাপত্তা বিপন্ন করার অভিযোগে একাধিক ধারা যুক্ত করা হয়েছে আল্লু অর্জুন আল্লু অর্জুনভিডিও থেকে উল্লেখ্য ঘটনার পর ২০২৪ সালের ডিসেম্বরেই আল্লু অর্জুনকে গ্রেপ্তার করা হলেও পরে তিনি জামিনে মুক্তি পান পুলিশ জানায় তদন্ত চলাকালে অভিনেতা সহযোগিতা করেছেন চার্জশিট দাখিলের মধ্য দিয়ে মামলাটি এখন বিচারিক প্রক্রিয়ায় প্রবেশ করেছে নিহত রেবতীর পরিবার ইতিমধ্যেই ন্যায়বিচার ও আহত শিশুর দীর্ঘমেয়াদি চিকিৎসার জন্য ক্ষতিপূরণের দাবি জানিয়েছে,0
জীবনযাপন ও খাদ্যাভ্যাস শরীরের বিভিন্ন অঙ্গে খারাপ প্রভাব ফেলে এই তালিকা থেকে বাদ যায় না কিডনিও খাদ্যাভ্যাসের ভুলত্রুটি এই অঙ্গটিরও ভীষণ ক্ষতি করে  বিশেষজ্ঞরা বলছেন একবার এই অঙ্গের ক্ষতি হলে পূর্বাবস্থায় ফেরানো যায় না তখন কেবল রোগটিকে নিয়ন্ত্রণে রাখা যায় বিশেষজ্ঞদের ভাষায় খারাপ খাবারদাবারের জন্য কিডনি ক্ষতিগ্রস্ত হতে পারে এর থেকে কিডনিতে পাথর ক্রনিক বা অ্যাকিউট কিডনি ডিজিজ পলিসিস্টিক কিডনি ডিজজ ইত্যাদি সমস্যা দেখা যায় কিডনি সমস্যা হলে কিছু প্রাথমিক লক্ষণ দেখা দেয় যেমন ১ সারা শরীরে ব্যথা ২ ক্লান্তি গ্রাস করা ৩ ত্বকে র্যাশ বের হওয়া ৪ প্রস্রাবের সমস্যা ৫ সবসময় রেগে থাকা ৬ প্রস্রাবে জ্বালা ৭ বেশি ঠান্ডা লাগা ৮ কম খিদে পাওয়া তবে অনেক সময় এই রোগের তেমন কোনও উপসর্গের দেখা মেলে না তখনই আসল সমস্যা শুরু হয় কিছু কিছু খাবার খেলে কিডনির ঝুঁকি বাড়ে যেমন অ্যালকোহল  অ্যালকোহলে থাকা ক্ষতিকারক পদার্থকে শরীরের বাইরে বের করে দিতে গিয়ে একসময় কিডনি ক্লান্ত হয়ে পড়ে তবে এই সমস্যা একদিনে হয় না দীর্ঘদিন ধরে অ্যালকোহল পান করলে এই সমস্যা প্রকট হয়ে ওঠে কফি  কফিতে ক্যাফিন থাকে বিভিন্ন গবেষণায় দেখা গেছে কফিতে উপস্থিত বেশি পরিমাণ ক্যাফিন ক্রনিক কিডনি ডিজিজ তৈরি করতে পারে তাই ক্রনিক কিডনি ডিজিজ থাকলে বা এই রোগ প্রতিরোধ করতে চাইলে কফি পান পরিমিত করতে হবে লবণ  লবণে প্রচুর পরিমাণে সোডিয়াম থাকে শরীরে বেশি পরিমাণে সোডিয়াম থাকলে তরলে মাত্রা বেড়ে যায় আর এই তরলের আধিক্য সামলাতে গিয়ে কিডনির সমস্যা বাড়ে রেড মিট  রেড মিটে প্রোটিনের মাত্রা সব থেকে বেশি থাকে প্রোটিন বিপাকে কিডনির বড় ভূমিকা থাকে তবে বেশি রেডমিট খেলে কিডনিকে খুব বেশি পরিশ্রম করতে হয় তখন সমস্যা দেখা দেয় এতে কিডনির রোগ বাড়ে আর্টিফিসিয়াল সুইটনার  বর্তমানে ডায়াবেটিসের কারণে অনেকেই কৃত্রিম মিষ্টি খেয়ে থাকেন এই ধরনের আর্টিফিসিয়াল সুইটনার বেশি পরিমাণে ব্যবহার করলে কিডনির ক্ষতি হতে পারে,0
দুর্গাপূজাকে সামনে রেখে সারাদেশে সেনা মোতায়েন করা হয়েছে সবাইকে নির্ভয়ে পূজামণ্ডপে যাওয়ার আহ্বান জানিয়েছেন সেনাবাহিনীর প্রধান জেনারেল ওয়াকারউজজামান শনিবার ৫ অক্টোবর বিকেলে ঢাকেশ্বরী জাতীয় মন্দির পরিদর্শন শেষে সাংবাদিকদের সঙ্গে আলাপকালে এ আহ্বান জানান সেনাপ্রধান ওয়াকারউজজামান বলেন আমরা মাঠে আছি আপনারা নির্ভয়ে পূজামণ্ডপে যাবেন আমরা একটা সুন্দর পরিবেশ চাই যেখানে আপনারা সবাই পূজা উদযাপন করতে পারবেন তিনি আরও বলেন এ দেশে সবার সম অধিকার রয়েছে যার যার ধর্ম সে সে পালন করবে এর জন্য যা যা দরকার করা হবে,0
ইউনাইটেড ইন্টারন্যাশনাল ইউনিভার্সিটির ইউআইইউ অষ্টম সমাবর্তন আজ শনিবার ২৭ ডিসেম্বর ২০২৫ রাজধানীর ইউআইইউ ক্যাম্পাসে অনুষ্ঠিত হয়েছে সমাবর্তনে ১ হাজার ৭৩৬ শিক্ষার্থীকে গ্র্যাজুয়েশন ও পোস্টগ্র্যাজুয়েশন ডিগ্রি এবং কৃতিত্বপূর্ণ ফলাফলের জন্য চারজন শিক্ষার্থীকে স্বর্ণপদক দেওয়া হয় বিশ্ববিদ্যালয়ের আচার্য ও রাষ্ট্রপতির পক্ষে তাঁর প্রতিনিধি হিসেবে বাংলাদেশ প্রকৌশল ও প্রযুক্তি বিশ্ববিদ্যালয়ের বুয়েট উপাচার্য আবু বোরহান মোহাম্মদ বদরুজ্জামান সমাবর্তনে সভাপতিত্ব করেন তিনি শিক্ষার্থীদের উদ্দেশে বলেন আমাদের নতুন নতুন উদ্ভাবনকে কীভাবে স্কেলেবল সমাধানের মাধ্যমে আরও উন্নত ও টেকসই করা যায় সেই দিকে নজর দিতে হবে এ জন্য তিনি শিক্ষার্থীদের উচ্চশিক্ষা অর্জনের পাশাপাশি বিভিন্ন ধরনের শ্রমভিত্তিক শিক্ষাকে জ্ঞানভিক্তিক শিক্ষায় রূপান্তরের তাগিদ দিয়েছেন সমাবর্তন বক্তা হিসেবে উপস্থিত ছিলেন যুক্তরাষ্ট্রের ইলিনয় বিশ্ববিদ্যালয় আরবানাচ্যাম্পেইন ইলিনয় এবং গ্রেইঞ্জার ডিস্টিংগুইশড চেয়ার ইন ইঞ্জিনিয়ারিং অধ্যাপক এম তাহের এ সাইফ সমাবর্তন বক্তা হিসেবে উপস্থিত ছিলেন যুক্তরাষ্ট্রের ইলিনয় বিশ্ববিদ্যালয় আরবানাচ্যাম্পেইন ইলিনয় এবং গ্রেইঞ্জার ডিস্টিংগুইশড চেয়ার ইন ইঞ্জিনিয়ারিং অধ্যাপক এম তাহের এ সাইফছবি বিজ্ঞপ্তি বাংলাদেশ বিশ্ববিদ্যালয় মঞ্জুরি কমিশনের সদস্য অধ্যাপক মোহাম্মদ আনোয়ার হোসেন বিশেষ অতিথির বক্তব্য গ্র্যাজুয়েটদের উদ্দেশে বলেন আজকের এই অর্জিত জ্ঞান ও দক্ষতা শুধু ব্যক্তিসমৃদ্ধির কাজে নয় বরং সমাজ উন্নয়নের কাজেও লাগাতে হবে সমাবর্তন বক্তা যুক্তরাষ্ট্রের ইলিনয় বিশ্ববিদ্যালয় আরবানাচ্যাম্পেইন ইলিনয়র অধ্যাপক এম তাহের এ সাইফ ডিগ্রি প্রাপ্ত শিক্ষার্থীদের অভিনন্দন জানান এবং তাঁদের কর্মক্ষেত্রে সফলতা কামনার পাশাপাশি মানবকল্যাণে একনিষ্ঠভাবে কাজের পরামর্শ দেন ইউআইইউর বোর্ড অব ট্রাস্টিজের চেয়ারম্যান হাসান মাহমুদ রাজা বলেন ইউআইইউর স্নাতক শিক্ষার্থীরা তাঁদের পেশাগত প্রচেষ্টা এবং কৃত্বিতের মাধ্যমে তাঁদের পরিবার ও দেশের জন্য গর্ব বয়ে আনবেন সমাবর্তনে ১ হাজার ৭৩৬ শিক্ষার্থীকে গ্র্যাজুয়েশন ও পোস্টগ্র্যাজুয়েশন ডিগ্রি প্রধান করা হয় সমাবর্তনে ১ হাজার ৭৩৬ শিক্ষার্থীকে গ্র্যাজুয়েশন ও পোস্টগ্র্যাজুয়েশন ডিগ্রি প্রধান করা হয়ছবি বিজ্ঞপ্তি ইউআইইউর উপাচার্য মো আবুল কাশেম মিয়া শিক্ষার্থীদের ভালো মানুষ হওয়ার পাশাপাশি সমাজ ও দেশের মানুষের কল্যাণে নিজেদের আত্মনিয়োগ করার আহ্বান জানান সমাবর্তনে অন্যদের মধ্যে বক্তব্য দেন ইউনাইটেড ইন্টারন্যাশনাল ইউনিভার্সিটির বোর্ড অব ট্রাস্টিজের চেয়ারম্যান হাসান মাহমুদ রাজা সমাবর্তন অনুষ্ঠানে বিভিন্ন বিশ্ববিদ্যালয়ের উপাচার্য ইউআইইউর বোর্ড অব ট্রাস্টিজের সম্মানিত সদস্য সব অনুষদের ডিন বিভাগীয় প্রধান শিক্ষকশিক্ষিকা কর্মকর্তাকর্মচারী সাংবাদিক শিক্ষাবিদ ও সমাজের বিভিন্ন স্তরের বিশিষ্ট ব্যক্তিরা উপস্থিত ছিলেন,0
বাংলাদেশ ব্যাংকের পরিচালক হলেন অভিনেতা টুটুল চৌধুরী এর আগে তিনি ব্যাংকটির অতিরিক্ত পরিচালক জিএম পদে কর্মরত ছিলেন রোববার ৯ জুন বাংলাদেশ ব্যাংক থেকে টুটুল চৌধুরীকে পরিচালক পদে পদোন্নতি পত্র দেওয়া হয়েছে ১৯৯৯ সালে সহকারী পরিচালক পদে বাংলাদেশ ব্যাংকে যোগদান করেছিলেন টুটুল চৌধুরী এরপর তিনি উপপরিচালক যুগ্ম পরিচালক অতিরিক্ত পরিচালক হিসেবে দায়িত্ব পালন করেছেন এখন তিনি পঞ্চম পদন্নোতি পেয়ে পরিচালক হয়েছেন টুটুল চৌধুরী বলেন অফিসার পদে যোগদান করেছিলাম ছোটবেলা থেকে প্রয়াত আবদুল্লাহ আল মামুন ভাইয়ের থিয়েটারে যুক্ত ছিলাম ব্যাংকে চাকরি করলেও অভিনয়টা নেশার মতো সবসময় অফিস থেকে অনুমতি নিয়ে অভিনয় করছি তাছাড়া ছুটির দিনে বিশ্রাম না নিয়ে শুটিং করেছি দুটো মেইনটেইন করতে যথেষ্ট পরিশ্রম করতে হয়েছে এখনও করে যাচ্ছি প্রায় পাঁচ শতাধিকেরও বেশি নাটকে অভিনয় করেছেন টুটুল চৌধুরী ২০২২ সালে অঞ্জন আইচ পরিচালিত আগামীকাল ছবিতে গুরুত্বপূর্ণ চরিত্রে অভিনয় করতে দেখা গেছে তাকে তার আরেক ছবি কানামাছি মুক্তির অপেক্ষায় রয়েছে বর্তমানে বকুলপুর প্রবাসী পরিবার জাদুনগরসহ আরও একাধিক ধারাবাহিকে তিনি অভিনয় করছেন ব্যাংকার এবং অভিনেতা পরিচয়ের পাশাপাশি টুটুল চৌধুরী একজন শিক্ষা উদ্যোক্তা তিনি সহজপাঠ্য স্কুলের প্রতিষ্ঠাতা প্রিন্সিপ্যাল,0
ঢাকা মেডিকেল কলেজ হাসপাতালের গাইনি বিভাগ থেকে এক নবজাতক চুরি হয়েছে মঙ্গলবার ৪ জুন বিকালে এ চুরির ঘটনা ঘটে পুলিশ বলছে সুখি বেগম নামের এক নারী আজ সকাল ৭টার দিকে যমজ কন্যাসন্তান জন্ম দেন দুধ খাওয়ানো ও সহযোগিতা করার কথা বলে এক নারী এক নবজাতককে চুরি করে নিয়ে যান ঢাকা মেডিকেল কলেজ পুলিশ ফাঁড়ির পরিদর্শক বাচ্চু মিয়া বলেন গতকাল সোমবার প্রসবের ব্যথা নিয়ে সুখি বেগমকে হাসপাতালে ভর্তি করা হয় আজ সকালে ওই নারী যমজ কন্যাসন্তানের জন্ম দেন পরে হাসপাতাল থেকে এক নারী কমলা রঙের ওড়না পরিহিত একটি বাচ্চা চুরি করে নিয়ে গেছেন ক্লোজ সার্কিট ক্যামেরা সিসিটিভি দেখে চোরকে গ্রেপ্তারের চেষ্টা চলছে পুলিশ সূত্র জানায় দুই নবজাতক তাদের দাদি হাসিনা বেগম ও বাবা শরিফুলের কাছে ছিল সহযোগিতা করার কথা বলে বাবার কাছ থেকে এক নারী বাচ্চাটিকে কোলে নেন কিছু সময় তার কাছে রাখেন এভাবে দাদি ও বাবার সঙ্গে সম্পর্ক গড়ে তোলেন একসময় তাদের চোখ ফাঁকি দিয়ে এক শিশুকে নিয়ে আনসারদের নিরাপত্তাবেষ্টনী পার হয়ে পালিয়ে যান চুরি হয়ে যাওয়া শিশুটির বাবা শরিফুল ইসলাম বলেন মহিলা ওয়ার্ডের গেটে এক নারীর সঙ্গে তার পরিচয় হয় পুরুষদের ওই ওয়ার্ডে যেতে দেওয়া হয় না এই সুযোগে ওই নারী বাচ্চাকে নিয়ে মায়ের কাছ থেকে দুধ খাওয়ানোর কথা বলে পালিয়ে যান সুখি কুষ্টিয়া জেলার কুমারখালী উপজেলার বাঁশগ্রামের বাসিন্দা তার স্বামী শরিফুল ইসলাম ট্রাকচালকের সহকারী বর্তমানে তারা ধামরাই কালামপুরে থাকেন,0
মার্কিন যুক্তরাষ্ট্রের প্রেসিডেন্ট জো বাইডেন ঘোষিত একটি যুদ্ধবিরতির প্রস্তাব জাতিসংঘ নিরাপত্তা পরিষদে সর্বসম্মতিক্রমে পাস হওয়ার পর ইসরায়েল ও হামাসের প্রতিক্রিয়ার দিকে তাকিয়ে আছে যুক্তরাষ্ট্র ফিলিস্তিনের সশস্ত্র সংগঠনটি বলছে তারা চুক্তিটিকে ইতিবাচক হিসেবে দেখছে এ নিয়ে তারা এগোতে চায় কিন্তু ইসরায়েলকে অবশ্যই স্থায়ী যুদ্ধবিরতিতে সম্মত হতে হবে ইসরায়েল সরকার এ নিয়ে কোনো মন্তব্য করেনি তবে নাম প্রকাশে অনিচ্ছুক একটি সূত্রের বরাত দিয়ে বিবিসি জানায় ইসরায়েল চুক্তিতে সম্মত নয় এ অবস্থায় বুধবার মার্কিন পররাষ্ট্রমন্ত্রী অ্যান্টনি ব্লিংকেন কাতারে পৌঁছান হামাস ও ইসরায়েলের মধ্যে মধ্যস্থতাকারীর ভূমিকায় কাতারের পাশাপাশি যুক্তরাষ্ট্র এবং মিসরও রয়েছে সেখানে কাতারের প্রধানমন্ত্রী শেখ মোহাম্মদ বিন আব্দুলরহমান বিন জসিম আল থানির সঙ্গে তিনি বৈঠক করেন পরে সংবাদ সম্মেলনে এসে কাতারের প্রধানমন্ত্রী ফিলিস্তিন বিষয়ে স্থায়ী সমাধানের কথা বলেন ব্লিংকেন মঙ্গলবার বলেছিলেন ইসরায়েলের প্রধানমন্ত্রী বেনিয়ামিন নেতানিয়াহু চুক্তির বিষয়ে তাঁর অঙ্গীকারের কথা জানিয়েছেন তবে সিএনএন জানায় নিরাপত্তা পরিষদে চুক্তি পাস হওয়ার পরই জাতিসংঘে ইসরায়েলের দূত হামাস নির্মূল না হওয়া পর্যন্ত যুদ্ধ চালিয়ে যাওয়ার কথা জানিয়েছিলেন বাইডেনের এ প্রস্তাবের প্রতি আনুষ্ঠানিক কোনো সমর্থনও জানাননি নেতানিয়াহু দ্য গার্ডিয়ান লিখেছে জাতিসংঘের কমিশন অব ইনকোয়ারির সিওআই এক প্রতিবেদনে যুদ্ধাপরাধ সংঘটনের জন্য হামাস ও ইসরায়েল উভয়কে দায়ী করা হয়েছে গত বছরের ৭ অক্টোবর থেকে ৩১ ডিসেম্বর সময় পর্যন্ত বিবেচনা করা হয়েছে ভুক্তভোগী প্রত্যক্ষদর্শী কৃত্রিম উপগ্রহের ছবি ও স্বাস্থ্যসেবা তথ্যের ভিত্তিতে এ প্রতিবেদন করা হয় হামাসের বিরুদ্ধে ইচ্ছাকৃতভাবে বেসামরিক মানুষকে লক্ষ্যে পরিণত করা এবং ইসরায়েলের বিরুদ্ধে ক্ষুধাকে অস্ত্র বানানোর অভিযোগ আনা হয়েছে চলমান পরিস্থিতিতে ইসরায়েলে এযাবৎকালের সবচেয়ে বড় রকেট হামলা চালিয়েছে লেবাননের সশস্ত্র সংগঠন হিজবুল্লাহ বৃহস্পতিবার রাতে লেবাননের জাউইয়া গ্রামে বিমান হামলায় একজন জ্যেষ্ঠ কমান্ডার তেলেব আব্দেল্লাহকে হত্যার জেরে হিজবুল্লাহ এসব রকেট ছোড়ে হিজবুল্লাহ বলছে তাদের ছোড়া রকেট আইন জাইতিমে ইসরায়েলের একটি ঘাঁটিতে আঘাত হেনেছে,0
বাগেরহাটের মোল্লাহাটে কনেপক্ষের হামলায় আজিজুল হক ৪৫ নামের এক ব্যক্তি নিহত হয়েছেন বলে অভিযোগ পাওয়া গেছে আজ শুক্রবার সন্ধ্যায় উপজেলার আংড়া গ্রামের এ ঘটনা ঘটে নিহত আজিজুল হক খুলনার তেরখাদা উপজেলার ইছামতী গ্রামের শাহাদাত মোল্লার ছেলে আজিজুল বরের ভগ্নিপতি তাঁর চার কন্যাসন্তান রয়েছে বরের বাবা মোহাম্মাদ আলী গাজী বলেন আংড়া এলাকার এক ব্যক্তির মেয়ের সঙ্গে আমার ছেলে হাফিজুর রহমান গাজীর বিয়ের কথা হয়েছিল আমরা আগেই বলেছি যে ছেলের মেয়ে দেখে পছন্দ হলে বিয়ে হবে সেই শর্তেই আজকে আমরা সবাই ওই বাড়িতে গিয়েছিলাম কিন্তু মেয়ে দেখে ছেলের পছন্দ না হওয়ায় আমরা চলে আসছিলাম তখন কনেপক্ষের লোকজন আমাদের ওপর হামলা করেছে তাদের হামলায় আমার বড় জামাতা আজিজুল হক নিহত হয়েছে আমি এই ঘটনার বিচার চাই বরপক্ষের লোকজনের ওপর হামলা চালানোর অভিযোগের বিষয়ে কথা বলার জন্য কনেপক্ষের সঙ্গে আজ শুক্রবার রাতে মুঠোফোনে যোগাযোগের চেষ্টা করেও কাউকে পাওয়া যায়নি মোল্লাহাট থানার ভারপ্রাপ্ত কর্মকর্তা এস এম আশরাফুল আলম বলেন হামলায় নিহত আজিজুল হকের মরদেহ উদ্ধার করা হয়েছে ময়নাতদন্তের জন্য ওই লাশ সদর হাসপাতালের মর্গে পাঠানো হবে উভয় পক্ষের সঙ্গে যোগাযোগ করা হচ্ছে এখন পর্যন্ত কোনো অভিযোগ পাওয়া যায়নি,1
২০১১১২ অর্থ বছরে সরকারি অনুদানের ছবি হাডসনের বন্দুক ২০১৪ সালে এ সিনেমার নির্মাণ কাজ শুরু হয় নানা জটিলতা কাটিয়ে প্রায় ৭ বছর পর সম্প্রতি সেন্সর বোর্ডে জমা পড়েছে সিনেমাটি হাডসনের বন্দুক পরিচালনা করেছেন প্রশান্ত অধিকারী সিলেটের জাফলং শ্রীমঙ্গল মৌলভীবাজার ঢাকার উত্তরা ধানমন্ডিসহ বিভিন্ন স্থানে এর দৃশ্যধারণের কাজ হয়েছে হাডসনের বন্দুক ছবিতে মৌসুমী হামিদ ছাড়াও এতে অভিনয় করেছেন লুৎফুর রহমান জর্জ অন্তু করিম প্রমুখ,1
দরজায় কড়া নাড়ছে ৭৭তম কান চলচ্চিত্র উৎসব তাঁর আগেই শেষ হয়েছে গুরত্বপূর্ণ এই উৎসবের সিনেমা জমা নেওয়ার পালা এখন অপেক্ষা কবে মনোনয়ন ঘোষণা করা হবে তার আগেই গতকাল কানের অফিশিয়াল সাইট একটি সিনেমার প্রিমিয়ারের খবর প্রকাশ করেছে কান চলচ্চিত্র উৎসবে প্রিমিয়ার হতে যাচ্ছে ফিউরিওসা আ ম্যাড ম্যাক্স সাগা সিনেমাটি এটি উৎসবে আউট অব কম্পিটিশন শাখায় আগামী ১৫ মে প্রদর্শিত হবে ম্যাড ম্যাক্স ফ্র্যাঞ্চাইজির ছবিটি নির্মাণ করেছেন জর্জ মিলার এতে অভিনয় করেছেন আনা টেলরজয় ও ক্রিস হেমসওয়ার্থ ৯ বছর পর সিনেমাটির প্রিকুয়েল মুক্তি পাচ্ছে ফিউরিওসা আ ম্যাড ম্যাক্স সাগা সিনেমার শুটিংয়ের ফাঁকে একটি দৃশ্যে ছবি কান উৎসবের অফিশিয়াল সাইট থেকে ফিউরিওসা আ ম্যাড ম্যাক্স সাগা সিনেমার শুটিংয়ের ফাঁকে একটি দৃশ্যে ছবি কান উৎসবের অফিশিয়াল সাইট থেকে মিলার ভ্যারাইটিকে বলেন এই প্রিকুয়েলের আইডিয়া এক যুগের বেশি সময় আগের সিনেমাটি কানে প্রিমিয়ার হতে যাচ্ছে আবার কানে ফিরছি এটা রোমাঞ্চকার একটা বিষয় ফিউরিওসা আ ম্যাড ম্যাক্স সাগা সিনেমার কান উৎসবের প্রিমিয়ারই সবচেয়ে ভালো জায়গা যেখানে সারা বিশ্বের দর্শকদের সঙ্গে সিনেমাটির অভিজ্ঞতা ভাগাভাগি করতে পারব মিলার এর আগে দুবার কান চলচ্চিত্র উৎসবের বিচারকের দায়িত্ব পালন করেছেন এর মধ্যে একবার সদস্য ও একাবার তিনি জুরি প্রেসিডেন্ট হিসেবে দায়িত্ব পালন করেছেন ৭৭তম কান উৎসব ১৪২৫ মে পর্যন্ত চলবে ১৫ মার্চ ছিল কানে সিনেমা জমা দেওয়ার শেষ দিন আগামী ১১ এপ্রিলে জানা যাবে বিভিন্ন শাখায় মনোনীত সিনেমার নাম,1
বিশ্বের চতুর্থ বৃহত্তম অর্থনীতির দেশ জাপানকে ছাড়িয়ে গেল রাশিয়া জুনের শুরুতে প্রকাশিত বিশ্বব্যাংকের তথ্য অনুসারে পিপিপি শর্তে ক্রয় ক্ষমতা সমতা রাশিয়ার অর্থনীতি জাপানকে ছাড়িয়ে গেছে ফলে বিশ্ব অর্থনীতির তালিকায় চতুর্থ অবস্থানে উঠেছে মস্কো রাশিয়া ইউক্রেনে আক্রমণের কারণে পশ্চিমারা রাশিয়ার অর্থনীতির ওপর ১৬ হাজারেরও বেশি নিষেধাজ্ঞা আরোপ করেছে উদ্দেশ্য ছিল রাশিয়াকে পঙ্গু করা কিন্তু নজিরবিহীনভাবে ঘুরে দাঁড়াল রাশিয়ার অর্থনীতি এর আগে ইন্টেলিনিউজ এক প্রতিবেদনে বলেছিল আগস্টে রাশিয়া জার্মানিকে ছাড়িয়ে পঞ্চম বৃহত্তম অর্থনীতির দেশে পরিণত হবে নিষেধাজ্ঞা এড়াতে রাশিয়া রপ্তানি ও আমদানিসংক্রান্ত দুটি কৌশল গ্রহণ করেছে ভোক্তাপণ্যে পাওয়া রান অব দ্য মিল কম্পিউটার চিপ এবং ক্ষুদ্র যন্ত্রাংশ আমদানি শুরু করে রাশিয়া যা মূলত মার্কিন নির্মাতাদের কাছ থেকে আসে কিন্তু সেগুলো আবার রপ্তানি নিষেধাজ্ঞার বাইরে রাশিয়া তৃতীয় পক্ষের নেটওয়ার্কও ব্যবহার করেছে যাদের ট্যাঙ্ক ক্ষেপণাস্ত্র ড্রোন ইত্যাদি তৈরির জন্য প্রয়োজনীয় যন্ত্রাংশ যারা উৎপাদন করে তাদের সঙ্গে সুসম্পর্ক রয়েছে এ ছাড়া তেল রপ্তানির ক্ষেত্রে রাশিয়া শ্যাডো ভেসেল তথা ছায়া জাহাজ ব্যবহার করছে রাশিয়া এভাবে ধূম্রজাল তৈরি করছে এবং অর্থনীতির ক্ষেত্রে এগিয়ে গেছে,1
করোনাভাইরাসের সঙ্গে ব্ল্যাক ফাঙ্গাস রোগের কোনো সম্পর্ক নেই ব্ল্যাক ফাঙ্গাস একটি বিরল ছত্রাকজনিত রোগ আর করোনা হলো ভাইরাস সংক্রমিত রোগ ব্ল্যাক ফাঙ্গাস শরীরে দেখা দিলে দ্রুত চিকিৎসা না নিলে ৫০ শতাংশের অধিক রোগীর মৃত্যুর আশঙ্কা থাকে তাই এই ভয়াবহ রোগ সম্পর্কে জানা ও সচেতন হওয়া জরুরি করোনাভাইরাসের ভয় কাটতে না কাটতেই আবার নতুন উপদ্রব নিয়ে এসেছে ব্ল্যাক ফাঙ্গাস বা মিউকোরমায়কোসিস সামাজিক যোগাযোগ মাধ্যমে ব্লাক ফাঙ্গাস নিয়ে চলছে নানা গুজব ব্ল্যাক ফাঙ্গাস বাংলাদেশে নতুন রোগ নয় অনিয়ন্ত্রিত ডায়াবেটিস রোগীদের মধ্যে এর সংক্রমণ আগেও পরিলক্ষিত হয়েছে আশা করি আজকের লেখা অনেকের ভ্রান্তি দূর করবে এবং এই বিরল রোগ থেকে বেঁচে থাকতে সহায়ক হবে করোনাভাইরাসের সঙ্গে ব্ল্যাক ফাঙ্গাস রোগের কোনো সম্পর্ক নেই ব্ল্যাক ফাঙ্গাস একটি বিরল ছত্রাকজনিত রোগ আর করোনা হলো ভাইরাস সংক্রমিত রোগ ব্ল্যাক ফাঙ্গাস শরীরে দেখা দিলে দ্রুত চিকিৎসা না নিলে ৫০ শতাংশের অধিক রোগীর মৃত্যুর আশঙ্কা থাকে তাই এই ভয়াবহ রোগ সম্পর্কে জানা ও সচেতন হওয়া জরুরি ব্ল্যাক ফাঙ্গাস কীভাবে ছড়ায় এই রোগ ছোঁয়াচে নয় ফলে এটি সরাসরি একজনের দেহ থেকে অন্যের দেহে যেতে পারে না একমাত্র এ ধরনের ছত্রাকের ছোঁয়ায় এই রোগ শরীরে বাসা বাঁধতে পারে সাধারণত অপরিস্কার ও স্যাঁতসেঁতে পরিবেশে ছত্রাক বেড়ে ওঠে প্রথমেই মুখমণ্ডলের কপাল নাক চোখ এমনকি দাঁত হাড়ের কোটরে ছত্রাক বাসা বাঁধে ফুসফুস আক্রান্ত হয় ত্বকের সমস্যা থেকে শুরু করে চোখের সমস্যা এমনকি দৃষ্টিশক্তি হারাতে পারে জটিল ক্ষেত্রে রক্তের মাধ্যমে মস্তিস্কে ছড়িয়ে যেতে পারে এবং দ্রুত চিকিৎসা না করলে ৩০৫০ শতাংশ রোগীর মৃত্যু হতে পারে কাদের ব্ল্যাক ফাঙ্গাস রোগের আক্রান্ত হওয়ার সম্ভাবনা বেশি  অনিয়ন্ত্রিত ডায়াবেটিস ডায়াবেটিক কেটো এসিডোসিস রোগীদের ব্ল্যাক ফাঙ্গাস রোগে আক্রান্ত হওয়ার সম্ভাবনা বেশি  ক্যান্সারজনিত রোগ অথবা দীর্ঘদিন শারীরিকভাবে অসুস্থ রোগী যারা বিছানায় পড়ে আছেন তাদের মধ্যেই ব্ল্যাক ফাঙ্গাস রোগের প্রকোপ বেশি  ইমিউনোসপ্রেসেন্ট অ্যান্টিক্যান্সার চিকিৎসা দীর্ঘদিন ধরে স্টেরয়েড জাতীয় ওষুধ সেবনকারী রোগীদের আক্রান্ত হওয়ার সম্ভাবনা প্রবল  গুরুতর কভিড আক্রান্ত রোগী যারা অক্সিজেন অথবা ভেন্টিলেটর সাপোর্টে রয়েছেন তাদের ক্ষেত্রে ব্ল্যাক ফাঙ্গাসে আক্রান্ত হওয়ার সম্ভাবনা প্রবল অপরিস্কার ও স্যাঁতসেঁতে পরিবেশে অক্সিজেন সিলিন্ডার ও ভেন্টিলেটর ব্যবহারের ফলে এই রোগে আক্রান্ত বেশি হচ্ছে উপসর্গ  মুখমণ্ডলে নাক কপাল চোখ ও দাঁতে ক্ষতকালো দাগ ফুলে যাওয়া কিংবা ব্যথা হওয়া  অস্বাভাবিকভাবে কালো স্রাব নিঃসরণ হতে পারে এমনকি নাক থেকে রক্ত পড়তে পারে নিঃশ্বাস নিতে সমস্যা মাথাব্যথা চোখ ব্যথা চোখের চারপাশে ফোলাভাব একটি জিনিসকে দুটি করে দেখার সমস্যা চোখের লালচে ভাব দেখতে সমস্যা হওয়া চোখ বন্ধ করতে ও খুলতে সমস্যা হওয়া  কোনো কিছু চিবানো বা মুখ খোলার সময় সমস্যা হওয়া  দাঁত আলগা হয়ে যেতে পারে মাড়ি নাক ও মুখের ভেতরে কোনো অংশ ফুলে যেতে পারে এমনকি গর্ত হতে পারে ব্ল্যাক ফাঙ্গাস থেকে বাঁচার উপায় খুব সহজেই এ ভয়াল রোগ থেকে বাঁচা সম্ভব  নিজে পরিস্কারপরিচ্ছন্ন থাকা এবং আশপাশে পরিবেশকে পরিস্কার রাখা  ডায়াবেটিস নিয়ন্ত্রণে রাখা চিকিৎসকের পরামর্শ ছাড়া ওষুধ বিশেষ করে অ্যান্টিবায়োটিক ব্যথানাশক ওষুধ ও স্টেরয়েড সেবন না করা খুব প্রয়োজন ছাড়া স্টেরয়েড জাতীয় ওষুধ পরিহার করা প্রয়োজনে খুব কম সময়ের জন্য খেতে হবে  ইমিউনিটি রোগ প্রতিরোধ ক্ষমতা বাড়ানোর জন্য স্বাস্থ্যকর খাবার খেতে হবে নিয়মিত শারীরিক ব্যায়াম করতে হবে  উপসর্গ দেখা দিলে দ্রুত চিকিৎসকের পরামর্শ অনুযায়ী চিকিৎসা নিতে হবে কভিড১৯এর সঙ্গে কী সম্পর্ক কভিড১৯ করোনাভাইরাসজনিত রোগ ব্ল্যাক ফাঙ্গাস সংক্রমণের অনেক কারণের মধ্যে একটি কারণ হলো কভিড১৯ কভিড১৯ রোগের চিকিৎসায় পলি ফার্মাসি প্রয়োজন ছাড়া একগাদা ওষুধ বিশেষ করে অ্যান্টিবায়োটিক ও স্টেরয়েড সেবন রোগ প্রতিরোধ ক্ষমতা কমে যাওয়া অপরিস্কার ও অপরিচ্ছন্ন পরিবেশে অক্সিজেন সিলিন্ডার ও ভেন্টিলেটর ব্যবহারের কারণে এই ছত্রাক বাসা বাঁধে এবং দ্রুত ছড়িয়ে পড়ে ব্ল্যাক ফাঙ্গাস রোগ দেখা দেয় আমরা রোগকে ভয় না পেয়ে কীভাবে জয় করা যায় সে ব্যাপারে সচেষ্ট হই নিজে ও পরিবারের সবাই পরিস্কার থাকি বাসা ও কর্মস্থলকে পরিস্কার রাখি স্বাস্থ্যসম্মত খাবার খাই ডায়াবেটিস নিয়ন্ত্রণ করি এবং রেজিস্টার্ড চিকিৎসকের পরামর্শ ছাড়া ওষুধ সেবন না করলেই অনেক রোগ থেকে বাঁচা সম্ভব,0
আমরা এমন এক দুনিয়ায় বাস করছি যেখানে চারদিকে সেলিব্রিটিদের রমরমা যুক্তরাষ্ট্রের সাবেক ও ভবিষ্যৎ প্রেসিডেন্ট এক দশকের বেশি সময় রিয়েলিটি টিভি তারকা হিসেবে কাটিয়েছেন এই তো কয়েক দিন আগে টেলর সুইফট বিশ্বের ইতিহাসে সবচেয়ে বড় ও লাভজনক পপ মিউজিক ট্যুর শেষ করলেন বৃহৎ বিনোদনমাধ্যমগুলো এখনো তারকানির্ভর এই ছুটির মৌসুমে যাঁরা উইকেড বা গ্ল্যাডিয়েটর২ দেখতে যাচ্ছেন তাঁদের জিজ্ঞাসা করলেই এ কথার প্রমাণ পাবেন আর এর বাইরে আকর্ষণীয় ও বিখ্যাত ব্যক্তিদের ছোটখাটো সব নাটক তো আছেই এগুলো নিয়েই তো আমরা গুজবে মেতে থাকি এখন আমি এমন একটা যুক্তি দিতে যাচ্ছি যা শুনলে আপনাদের কাছে অদ্ভুত মনে হতে পারে কারণ কথাটা যা বললাম তার পুরোপুরি বিপরীত আমরা এই ঐতিহ্যবাহী গণসেলিব্রিটির যুগ থেকে দূরে সরে যাচ্ছি শুধু সরে যাচ্ছি না বরং আমরা এক নতুন ও অনিশ্চিত যুগের দিকে এগিয়ে যাচ্ছি এমনকি কয়েক বছর আগেও যাঁরা অন্ধভক্তি পেতেন এই নতুন জগতে তাঁদের প্রতি এখন নতুন একধরনের বিদ্বেষ দেখা দিয়েছে এই নতুন জগতের একটি বড় অংশ সবচেয়ে তরুণ প্রাপ্তবয়স্ক প্রজন্ম তথাকথিত জেনারেশন জি এবং ৪০এর নিচের বয়সী মিলেনিয়ালদের কাছ থেকে জেনারেশন জি সম্ভবত সবচেয়ে ভুল বোঝা প্রজন্ম তারা এমন একসময় প্রাপ্তবয়স্ক হয়েছে যখন পুরোনো একপক্ষীয় সংস্কৃতি ভেঙে পড়ছিল তাদের অনেকেরই বয়স কম কেব্ল টেলিভিশনের আধিপত্য জুলিয়া রবার্টস থেকে ব্র্যাড পিট পর্যন্ত তারকাদের সোনালি সময় বা স্টিভ জবসের মতো প্রযুক্তি মোগল একসময় যে উন্মত্ত ভক্তির পাত্র ছিলেন এ কথা তাদের জানতে পারার কথা নয় গত পাঁচ বছরে মূল ধারার গণমাধ্যম জেনারেশন জি সম্পর্কে বিভিন্ন কথা বলেছে কথাগুলোর একটার সঙ্গে আরেকটার মিল নেই তারা হয়তো অতিমাত্রায় উদার অতিরিক্ত বৈষম্যসচেতন অথবা ইন্টারনেটের প্রভাবে বিষাক্ত হয়ে পড়া চূড়ান্ত ডানপন্থী এরা বই পড়ে না কিছু পডকাস্টে আসক্ত আগামী দশকের বড় লড়াই বাম ও ডানের মধ্যে হবে না হবে যাঁরা বিদ্যমান প্রতিষ্ঠানগুলোকে প্রকাশ্যে ঘৃণা করেন এবং যাঁরা নতুন ব্যবস্থা প্রতিষ্ঠা করতে চান তাঁদের মধ্যে মাঞ্জিওনের প্রতি এই ভক্তি আসলে মাঞ্জিওনের জন্য নয় এই ভক্তি বরং আমরা কোথায় যাচ্ছি তারই ইঙ্গিত দিচ্ছে এই ক্ষোভ থামবে না বাস্তবতা আরও জটিল কারণ প্রতিটি প্রজন্মই আগের প্রজন্মের চেয়ে জটিল কিছু জেনারেশন জি ও তরুণ মিলেনিয়ালের সাধারণীকরণ করা একটু বেশি কঠিন কারণ তারা এমন একসময়ে বাস করছে যখন সংস্কৃতি ভাঙনের মুখে পড়েছে এখন আর এই লাখ লাখ কিশোর বা তরুণ কোনো নির্দিষ্ট সময়ে প্রচারিত টিভি শো বা নাটক একত্রে উপভোগ করে না তারা আর কোনো টক শো থেকে তাদের রাজনৈতিক ধারণাগুলো গ্রহণ করে না টেলিভিশনের মতো একপক্ষীয় সম্প্রচারের দিন শেষ হয়ে গেছে টেলিভিশন দিয়ে নির্বাচনে প্রভাব রাখা যায় না আর হলিউডও আর সংস্কৃতির কেন্দ্রস্থল হিসেবে নিজের আধিপত্য ধরে রাখতে পারছে না এখন আর কোনো কেন্দ্রীয় সংস্কৃতি নেই অন্তত এটি যে দ্রুত দুর্বল হয়ে পড়ছে তাতে সন্দেহ নেই টিকটকের মতো নতুন প্ল্যাটফর্ম ব্যবহার করে খ্যাতি অর্জন করেছেন অনেকেই সম্প্রতি একটি প্রবণতা ভাইরাল হয়েছে টিকটক ব্যবহারকারীদের ডাক দেওয়া হয়েছে বিভিন্ন সেলিব্রিটি ও প্রভাবশালীকে ইচ্ছাকৃতভাবে উপেক্ষা করতে যাতে প্রমাণ করা যায় যে সেলিব্রিটিদের চেয়ে টিকটকারদের ক্ষমতা কম নয় এর ফলে বিশাল সামাজিক যোগাযোগমাধ্যমে অনুসারী থাকা সেলিব্রিটিদের ভিডিওতে লাইকের সংখ্যা আশঙ্কাজনকভাবে কমে যায় অবশ্য এসব সেলিব্রিটি এতটাই ধনী যে এতে তাঁদের আর্থিক কোনো ক্ষতি হয়নি তবে এই প্রবণতা পাঁচ বছর আগেও অকল্পনীয় ছিল সেলিব্রিটিরা যে সতর্ক হয়েছেন এতে সন্দেহ নেই লেখক মো ডিগস এই প্রবণতাকে বলেন ব্যক্তিত্বে বিরক্তি বিশেষত ইন্টারনেট জগতে সাধারণ মানুষ ধনী ও বিখ্যাত ব্যক্তিদের নিয়ে বিরক্ত হয়ে পড়েছে আর রাজনৈতিকভাবে নেতাদের বা যাঁরা তাদের কী করতে হবে তা বলে বেড়ান তাঁদের মানুষ সন্দেহ করে আগের মতো আর তাঁদের কথা বিনা বাক্যে গ্রহণ করে না এবারের মার্কিন নির্বাচনেও এমন দেখা গেছে টেলর সুইফট ও বিয়ন্সে মারাত্মক জনপ্রিয় কিন্তু উদ্দীপনামূলক সমর্থনের পরও তাঁরা তরুণ ভোটারদের কমলা হ্যারিসের পক্ষে উল্লেখযোগ্যভাবে নিয়ে আসতে পারেননি বামপন্থী ঝোঁকের জেনারেশন জি ভোটাররা বিশেষভাবে ক্ষুব্ধ হয়েছিলেন সেই সব সেলিব্রিটির ওপর যাঁরা গাজার ঘটনায় ইসরায়েলের বিরুদ্ধে প্রকাশ্যে অবস্থান নেননি অভিজাত ব্যক্তিদের প্রতি এই অবিশ্বাস ক্রমাগত বাড়ছে এই শূন্যতায় এসে প্রবেশ করেছেন চূড়ান্ত অ্যান্টিইনফ্লুয়েন্সার ২৬ বছর বয়সী লুইজি মাঞ্জিওনে ইউনাইটেড হেলথকেয়ারের সিইও ব্রায়ান টম্পসনকে হত্যার অভিযোগে অভিযুক্ত মাঞ্জিওনে তিনি এখন অনলাইনে বিশাল এক ভক্তগোষ্ঠী পেয়েছেন সাম্প্রতিক ইতিহাসে এমনটা আগে দেখা যায়নি ২০২৩ সালে ১ বছরেই ১২ লাখ মার্কিন ডলার আয় করা এক সিইওকে হত্যার এই অভিযোগ সম্পূর্ণ রাজনৈতিক কিন্তু তা কোনো দলের সঙ্গে যুক্ত নয় বেন শাপিরো বা ম্যাট ওয়ালশের মতো ডানপন্থী বিশ্লেষক যখন এই হত্যাকাণ্ডের নিন্দা করেন তখন তাঁদের কমেন্ট সেকশন মার্কিন স্বাস্থ্যসেবা ব্যবসার বিরুদ্ধে ক্ষোভ এবং হত্যার প্রতি সমর্থনে ভরে যায় টম্পসনকে হত্যার নিন্দা জানানো উদারপন্থীরাও খুব একটা ভালো অবস্থানে নেই গণমাধ্যম ও রাজনৈতিক প্রতিষ্ঠানগুলো মাঞ্জিওনের প্রতি মানুষের মোহ নিয়ে একমত যে এটা ভালো হচ্ছে না কিন্তু অনলাইনে সাধারণ মানুষের মনোভাব অন্য রকম অ্যামাজনে ভিডিও গেম চরিত্র লুইজি ব্যাপকভাবে বিক্রি হচ্ছে কেউ কেউ মাঞ্জিওনের ছবিসংবলিত মোমবাতিও কিনেছেন এসব থেকে একটা বার্তা স্পষ্ট যদি নতুন কোনো আইডল তৈরি হয় তবে তা আর কোনো গায়ক নৃত্যশিল্পী বা অভিনেতা হবেন না অন্তত তরুণ প্রজন্ম এমনটাই মনে করছে প্রতিষ্ঠানের প্রতি তাদের ক্ষোভ ক্রমেই বাড়ছে তাদের লুইজি মিম বানানো বন্ধ করতে বললে আর কোনো লাভ হবে না যে ট্রাম্প নিজেকে বড় পরিবর্তনকারী বলে দাবি করেন আবার প্রেসিডেন্ট হয়েও এই প্রবণতার আওতার বাইরে তিনি থাকতে পারবেন না আগামী দশকের বড় লড়াই বাম ও ডানের মধ্যে হবে না হবে যাঁরা বিদ্যমান প্রতিষ্ঠানগুলোকে প্রকাশ্যে ঘৃণা করেন এবং যাঁরা নতুন ব্যবস্থা প্রতিষ্ঠা করতে চান তাঁদের মধ্যে মাঞ্জিওনের প্রতি এই ভক্তি আসলে মাঞ্জিওনের জন্য নয় এই ভক্তি বরং আমরা কোথায় যাচ্ছি তারই ইঙ্গিত দিচ্ছে এই ক্ষোভ থামবে না,1
একদুবার নয় অন্তত ৪৫ বার কারাভোগ করেছেন আবুল কালাম আজাদ ৫৫ এর পরও শোধরাননি তিনি ছাড়েননি চুরি জামিনে মুক্ত হয়ে আবার নামেন চুরি করতে ৫৩টি মামলায় এজাহারনামীয় আসামি কালাম প্রথম দিকে রিকশা চুরি করতেন কারাগারে গিয়ে এক মোটরসাইকেল চোরের সঙ্গে পরিচয় হওয়ার পর জামিনে বেরিয়ে রিকশা চুরি বাদ দেন হাত পাকান মোটরসাইকেল চুরিতে প্রতি মাসে চারপাঁচটি মোটরসাইকেল চুরি করেন তবে চুরি করে যে আয় তা মামলার পেছনেই চলে যায় গত মঙ্গলবার রাতে কালামকে গ্রেপ্তার করে ঢাকা মহানগর গোয়েন্দা ডিবি পুলিশের ওয়ারী বিভাগ এর পর চুরির কথা স্বীকার করেন তিনি ডিবি জানায় কালামের বাড়ি বরিশালের বাকেরগঞ্জ থানার দক্ষিণ দুধাল এলাকায় প্রায় তিন দশক ঢাকা ও নারায়ণগঞ্জে বসবাস করেন তিনি কখনও রিকশা চালিয়ে কখনও ঠেলাগাড়ি ঠেলে জীবিকা নির্বাহ করতেন ২০১০ সালে রাজধানীর রামপুরা এলাকায় তার রিকশা চুরি হয় এর পর নিজেই নামেন রিকশা চুরি করতে বছরখানেক পর চুরি করতে গিয়ে ধরা পড়ে কারাগারে যান এ পর্যন্ত কালাম অন্তত ৪৫ বার গ্রেপ্তার হন এবং কারাগারে যান ১০১২ বার পুলিশের রিমান্ডে এসেছেন বিভিন্ন মামলায় একটি মামলায় কালামকে সর্বোচ্চ ১৩ মাস কারাগারে থাকতে হয় গ্রেপ্তারের পর স্ত্রী ধারদেনা করে তাকে জামিন করান জামিনে বেরিয়ে বাইক চুরি করে বিক্রির টাকা পাওয়ার পর ঋণ পরিশোধ করেন কারাগারে মোটরসাইকেল চোর চক্রের সদস্য জসিম রাকিব রহিমসহ কয়েকজনের সঙ্গে কালামের পরিচয় হয় জামিনে বেরিয়ে একসঙ্গে চুরি করলেও পরে কালাম ছাড়া অন্যরা চোর চক্রের হোতা বনে যান আলাদা চক্র গড়ে তুলে চুরি করেন তারা সাধারণত আবাসিক ভবনের গ্যারেজ থেকে মোটরসাইকেল চুরি করেন কালাম ও খালেক চক্রে আরও কয়েকজন আছেন একটি চুরি মামলায় তিন মাস আগে কারাগারে যান কালাম দুই মাস আগে জামিনে মুক্ত হন যাত্রাবাড়ী এলাকায় মোটরসাইকেল চুরি মামলায় মঙ্গলবার তাকেসহ চারজনকে যাত্রাবাড়ী এলাকা থেকে গ্রেপ্তার করে ডিবির ওয়ারী বিভাগের একটি টিম গতকাল তাদের আদালতে পাঠানো হয়,0
চুল কমবেশি সবারই পড়ে হয়তো কারও কম কারও বেশি দিনে ৫০ থেকে ১০০টি চুল পড়া স্বাভাবিক তবে এর বেশি হলেই তা চিন্তার কারণ হয়ে দাঁড়ায় আবার চুল পড়া নিয়ে বেশি চিন্তা করলেও চুল পড়ে বেশি এই চুল পড়া সমস্যা থেকে বাঁচার জন্য প্রথমেই জানতে হবে কী কারণে চুল পড়ছে কারণটা খুঁজে বের করে তারপর সেই সমস্যার সমাধান করতে হবে তখন আপনাআপনিই চুল পড়া বন্ধ হয়ে যাবে তবে শুধু তাই নয় চুল পড়া বন্ধ করতে ও চুলের গোড়া মজবুত রাখতে নিয়মিত বেশ কিছু যত্ন নেওয়াও প্রয়োজন চুলের যত্ন নিতে গেলেই যে প্রচুর সময় ব্যয় করতে হবে কিংবা তা খরচ সাপেক্ষ হবে তা কিন্তু নয় কম খরচে সামান্য কিছু ঘরোয়া জিনিসও হয়ে উঠতে পারে আপনার চুল পরিচর্যার উপকরণ চলুন জেনে নেয়া যাক চুল পড়া রোধে জাদুর মতো কাজ করে যেসব ঘরোয়া উপকরণ আমলকী আমলকীতে আছে প্রচুর পরিমাণে ভিটামিনসি অ্যান্টি অক্সিড্যান্ট এবং অ্যান্টিইনফ্ল্যামেটারি উপাদান যা চুল পড়া বন্ধ করতে দারুণ কাজ করে মাথার ত্বক ভালো রাখতে এবং দ্রুত চুল বাড়াতে আমলকীর জুড়ি মেলা ভার যেভাবে ব্যবহার করবেন এক কাপ নারকেল তেলের মধ্যে ৪ থেকে ৫টি শুকনো আমলকী নিয়ে তা ফুটিয়ে নিন তেল কালো হয়ে যাওয়া পর্যন্ত ফোটাতে থাকুন এরপর তা নামিয়ে নিয়ে ঠাণ্ডা করে নিন এবার ওই তেল দিয়ে মাথায় মাসাজ করে ৩০ মিনিট মতো রেখে দিন তার পর শ্যাম্পু এবং পানি দিয়ে ধুয়ে ফেলুন ভাল ফল পেতে সপ্তাহে ২ বার এটি ব্যবহার করুন অ্যালোভেরা অ্যালোভেরা যেমন ত্বকের জন্য ভালো তেমনই চুলের জন্যও উপকারী এটি চুল পড়া বন্ধ করে নতুন চুল গজাতে সাহায্য করে এছাড়া মাথার ত্বকের চুলকানি ভাব দূর করে এবং এই ত্বকের স্বাভাবিক পিএইচএর মাত্রা সংরক্ষণে সাহায্য করে আর খুসকি দূর করতেও এর জুড়ি মেলা ভার যেভাবে ব্যবহার করবেন একটি বড় মাপের অ্যালোভেরা পাতা নিয়ে তার ভেতরের শাঁস বের করে নিন তারপর ওই শাঁস ভালো করে মাথার ত্বকে লাগিয়ে ৪৫ মিনিট রেখে দিন এরপর ঠাণ্ডা পানি দিয়ে ধুয়ে ফেলুন ভালো ফল পেতে সপ্তাহে ৩ থেকে ৪ দিন এটি ব্যবহার করুন মেথি চুল পড়া আটকাতে মেথি খুব ভালো কাজ করে এর মধ্যে থাকা প্রোটিন এবং নিকোটিনিক অ্যাসিড চুলের গোড়া মজবুত করে চুল উজ্জ্বল এবং লম্বা করতে সাহায্য করে যেভাবে ব্যবহার করবেন এক কাপ মেথি সারা রাত পানিতে ভিজিয়ে রেখে পরের দিন সকালে তা বেটে একটা পেস্ট তৈরি করে নিন এরপর ওই পেস্ট চুলে এবং মাথায় লাগিয়ে ৩০ মিনিট রাখুন পারলে একটা শাওয়ার ক্যাপ দিয়ে মাথা ঢেকে রাখুন এর পর পানি দিয়ে ধুয়ে ফেলুন শ্যাম্পু ব্যবহারের কোনো প্রয়োজন নেই টানা ১ মাস সপ্তাহে ২ দিন করে এটি ব্যবহার করলে আপনি পেয়ে যাবেন উজ্জ্বল ঘন লম্বা চুল,0
একটা সময় কল্পনায় ভাবা হতো রোবট মানুষের কাজ করে দিবে সেই কল্পনা বাস্তবে পরিণত হয়েছে আরও অনেক দিন আগেই শিল্পকারখানা থেকে শুরু করে বিভিন্ন সেক্টরে আজ রোবট ও রোবটের মতো স্বয়ংক্রিয় প্রযুক্তির ব্যবহার হচ্ছে সাথে যুক্ত হয়েছে কৃত্রিম বুদ্ধিমত্তা বা এআই এ যেন মানিকজোড় রোবট প্রযুক্তির বিবর্তনের ধারাবাহিকতায় এবার দক্ষিণ কোরিয়ার একদল গবেষক তৈরি করেছেন শরীরে পরিধানযোগ্য ওয়্যারেবল একটি রোবট যেটি প্যারাপ্লেজিয়াতে আক্রান্ত শরীরের নিচের অংশে অসাড় ব্যক্তিদের হাঁটাচলায় দারুনভাবে সহায়ক হয়ে উঠতে পারে সম্প্রতি এই রোবটটির একটি প্রোটোটাইপ বা প্রাথমিক সংস্করণ প্রদর্শন করেছে গবেষক দলটি কোরিয়া অ্যাডভান্সড ইন্সটিটিউট অব সায়েন্স এন্ড টেকনোলজি কেআইএসটি এর এক্সোস্কেলিটন ল্যাবেরটরি দলের গবেষকরা এই রোবটটি তৈরি করেছেন তাঁদের লক্ষ্য এমন একটি রোবট তৈরি করা যেটি বিশেষভাবে সক্ষম ব্যক্তিদের দৈনন্দিন চলাফেরায় সহায়ক হয়ে উঠে বলা চলে তাদের প্রাত্যহিক জীবনের এক গুরুত্বপূর্ণ অংশ হয়ে উঠতে পারে এই রোবট উল্লেখ্য প্যারাপ্লেজিয়ার মতো শারীরিক সমস্যা যাদের রয়েছে তারা এই রোবটটি শরীরে পরিধান করে সাধারণ হাঁটাচলার পাশাপাশি সিঁড়ি বেয়ে উঠানামা করতে পারবে এমনকি হাঁটার পথে কোনো বাধা এলে সেটি এড়িয়েও যেতে পারবে গবেষক দলটির এক সদস্য কিম সিউংহন নিজেও প্যারাপ্লেজিয়াতে আক্রান্ত তাঁদের তৈরি রোবটের প্রাথমিক সংস্করণটি প্রোটোটাইপ কিম নিজেই শরীরে পরিধান করে দেখিয়েছে ওয়্যারেবল টেকনোলজি বা পরিধানযোগ্য প্রযুক্তিতে তৈরি এই রোবটটির সাহায্যে কিম ঘন্টায় ৩২ কিলোমিটার ২ মাইল গতিতে হেঁটেছে সিঁড়ি বেয়ে উপরে উঠেছে এবং পাশাপাশি সাইডওয়েজ মুভ করে একটি বেঞ্চে বসতে সক্ষম হয়েছে এই রোবটটির সবচেয়ে আকর্ষণীয় ও স্বতন্ত্র ফিচার হচ্ছে এটি ব্যবহারকারীর কাছে এসে নিজে থেকেই তার শরীরে এঁটে যেতে পারে ফলে রোবটটি পরিধান করার জন্যেও ব্যবহারকারীকে কোনোরুপ সমস্যার সম্মুখীন হতে হবে না রোবটটি ব্যবহারের অভিজ্ঞতা সম্পর্কে কিম জানান আমি যেখানেই থাকি না কেন এটি রোবটটি আমায় অনুসরণ করতে পারে এমনকি যখন আমি হুইলচেয়ারে বসে থাকি তখনও এর সবচেয়ে আকর্ষণীয় ফিচার হচ্ছে এটি নিজে থেকেই আমার কাছে এসে শরীরে এঁটে যায় এবং আমাকে উঠে দাঁড়াতে সাহায্য করে গবেষকদের তৈরি অদ্ভুত এই রোবটটিতে ব্যবহৃত এক্সোস্কেলিটনের নাম হচ্ছে ওয়াকঅন সুট এফ১ এক্সোস্কেলিটন হচ্ছে শরীরে পরিধান করার একটি শক্তিশালী বাহ্যিক আবরণ যেটি শরীরের সুরক্ষা প্রদানের পাশাপাশি পরিধানযোগ্য ডিভাইসের মাধ্যমে মানুষকে হাঁটাচলা করতে সহায়তা করে থাকে ওয়াকঅন সুট এফ১ নামের এক্সোস্কেলিটনে ব্যবহার করা হয়েছে অ্যালুমিনিয়াম ও টাইটানিয়াম এবং এর ওজন ৫০ কেজি বা ১১০ পাউন্ড এছাড়া এতে আরও ব্যবহার করা হয়েছে ১২টি ইলেকট্রনিক মোটর হাঁটাচলার সময় মানুষের পায়ের জয়েন্টগুলো যেরকম নড়াচড়া করে এই মোটরগুলো সেটা নকল বা অনুকরণ করতে সক্ষম কোরিয়া অ্যাডভান্সড ইন্সটিটিউট অব সায়েন্স এন্ড টেকনোলজি কেআইএসটি টিমের আরেক সদস্য পার্ক জেওংসু বলেন তিনি এই রোবটটি তৈরির অনুপ্রেরণা পেয়েছেন হলিউডের বিখ্যাত সিনেমা আয়রন ম্যান থেকে আয়রন ম্যান দেখার পর আমার মনে হয়েছে আমি যদি বাস্তব জীবনে এমন একটি রোবট তৈরি করে মানুষের সহায়তা করতে পারি তাহলে দারুন হবে ব্যবহারকারীদের ব্যালেন্স রক্ষার জন্য রোবটটির পায়ের পাতায় সোলে এবং উপরের অংশে বেশ কিছু সেন্সর রয়েছে যেগুলো প্রতি সেকেন্ডে ১০০০ সিগন্যাল মনিটর করার মাধ্যমে ব্যবহারকারীদের গতিবিধি পর্যবেক্ষণ করে থাকে ফলে তাদের পরবর্তী মুভমেন্ট পদক্ষেপ কী হতে পারে সেটাও বেশ অনুমান করতে সক্ষম এই রোবট রোবটটির সামনের অংশে যুক্ত লেন্সগুলো এর চোখ হিসেবে কাজ করে এই লেন্সগুলো ব্যবহার করেই রোবটটি এর চারপাশে যা আছে সেগুলো বিশ্লেষণ করতে পারে সিঁড়ির উচ্চতা পরিমাপ করা ও সামনে কোনো বাধা থাকলে সেটা চিহ্নিত করার মতো কাজগুলো এই লেন্সের মাধ্যমেই করে থাকে রোবটটি পুরোপুরি পক্ষাঘাতগ্রস্থ ব্যক্তিদের যেহেতু ইন্দ্রিয় সেন্সরি সক্ষমতার অভাব থাকে তাই রোবটটির লেন্সগুলো এক্ষেত্রে দারুন সহায়ক হতে পারে সাইবাথলন ২০২৪ প্রতিযোগিতায় এক্সোস্কেলিটন বিভাগে ওয়াকঅন সুট এফ১ শরীরে পরিধান করে স্বর্ণপদক জয় করেছেন কিম সিউংহন উল্লেখ্য এই প্রতিযোগিতায় বিভিন্ন শারীরিক প্রতিবন্ধকতায় আক্রান্ত ডেভেলপারদের তৈরি মানুষের সহায়ক বেশ কিছু রোবট ৮টি ভিন্ন ভিন্ন বিভাগে প্রদর্শিত হয়েছে স্বর্ণপদক জয়ী কিম আবেগাপ্লুত হয়ে বলেন আমি আমার ছেলেকে বলতে চেয়েছিলামযে আমিও এখন হাঁটতে পারি আমি ওর সাথে বিভিন্ন অভিজ্ঞতা শেয়ার করতে চেয়েছিলাম,1
সুন্দরবনে কাঠ কাটার সময় বাঘের আক্রমণের শিকার হয়ে রেজাউল পাইক ৪৫ নামের এক জেলে আহত হয়েছেন শনিবার ১০ আগস্ট দুপুর ১২ টার দিকে সুন্দরবনের সবেদ আলী খালে জ্বালানির কাঠ কাটার সময় বাঘের আক্রমণের শিকার হন তিনি রেজাউল শ্যামনগর উপজেলার মুন্সিগঞ্জ ইউনিয়নের পাশ্বেখালি গ্রামের মৃত সুরাত পাইকের ছেলে জানা গেছে শনিবার দুপুর ১২ টার দিকে রেজাউল কাঠ কাটার জন্য একা সুন্দরবনের ছবেদ আলির খালে যায় এ সময় বাঘ আক্রমণ করলে হাতে থাকা দা দিয়ে বাঘের মুখে আঘাত করে তিনি তখন রেজাউলকে ছেড়ে বাঘ পালিয়ে যায় বনবিভাগের কৈখালী স্টেশন কর্মকর্তা সলজ কুমার দ্বীপ বিষয়টি নিশ্চিত করে বলেন আহত রেজাউল শ্রবণ প্রতিবন্ধী বলে জানা গেছে তিনি এখন নিজ বাড়িতে চিকিৎসাধীন আছেন,1
দুর্নীতি ও অসদাচরণের দায়ে একজন সহকারী পুলিশ সুপারকে বাধ্যতামূলক অবসরে পাঠিয়েছে সরকার ওই পুলিশ কর্মকর্তার নাম ইয়াকুব হোসেন তিনি সহকারী পুলিশ সুপার এএসপি পদে সারদা পুলিশ একাডেমিতে কর্মরত ছিলেন আজ রোববার ৩০ জুন স্বরাষ্ট্র মন্ত্রণালয়ের জননিরাপত্তা বিভাগ থেকে জারি একটি প্রজ্ঞাপনে ইয়াকুব হোসেনকে বাধ্যতামূলক অবসর দেওয়ার কথা জানানো হয়েছে প্রজ্ঞাপনে বলা হয় ইয়াকুব হোসেনের বিরুদ্ধে অসদাচরণ ও দুর্নীতির অভিযোগ প্রমাণিত হওয়ায় রাষ্ট্রপতি তাঁকে বাধ্যতামূলক অবসর প্রদান বিষয়ে সম্মতি দিয়েছেন ইয়াকুব হোসেন আগে কুষ্টিয়া জেলার মিরপুর সার্কেলে কর্মরত ছিলেন প্রজ্ঞাপনে বলা হয়েছে ওই সময় তিনি আর্থিকভাবে লাভবান হওয়ার অসৎ উদ্দেশ্যে একটি টিম গঠন করেন এসআই জীবন বিশ্বাস কনস্টেবল আল আমিন কনস্টেবল মো আবদুস সবুর গাড়িচালক কনস্টেবল সামিউল ও কনস্টেবল অনিক এই টিমের সদস্য ছিলেন ২০১৯ সালের ১৯ জানুয়ারি এসআই জীবন বিশ্বাস ও অন্যান্য পুলিশ সদস্যরা পূর্বপরিকল্পনা অনুযায়ী মিরপুর পৌর এলাকার মোশারফপুর ৩ নম্বর ওয়ার্ডের লিপি কমিশনারের বাড়িতে আকস্মিকভাবে যান সেখানে মায়া নামের এক নারীর সঙ্গে মো আশরাফ হোসেন ও মো শামীম রেজা অবস্থান করছিলেন তখন পুলিশ সদস্যরা তাঁদের অবৈধ কাজ করার অভিযোগে হাতকড়া পরিয়ে বেধড়ক মারধর করেন এবং তাঁদের অর্ধনগ্ন অবস্থায় ছবি তোলেন পরে মিরপুর বাজারের এমএসএফ মুঠোফোনে অর্থ লেনদেন ব্যবসায়ী সোহেল রানার মাধ্যমে ওই দুজনের কাছ থেকে এক লাখ টাকা নিয়ে তাঁদের ছেড়ে দেন স্বরাষ্ট্র মন্ত্রণালয়ের প্রজ্ঞাপনে বলা হয় বিষয়টি তিনি ইয়াকুব হোসেন অবগত থাকা সত্ত্বেও আইনানুগ ব্যবস্থা গ্রহণ না করে অপকর্মে সহায়তা করেন এ অভিযোগের ভিত্তিতে ২০২০ সালের ৯ নভেম্বর ইয়াকুব হোসেনের বিরুদ্ধে সরকারি কর্মচারী শৃঙ্খলা ও আপিল বিধিমালা ২০১৮এর বিধি ৩খ ও ৩ঘ অনুযায়ী অসদাচরণ ও দুর্নীতির অভিযোগে অভিযোগনামা ও অভিযোগ বিবরণী জারি করা হয় অভিযুক্ত কর্মকর্তাকে কারণ দর্শানোর নোটিশ দেওয়া হয় অভিযুক্ত কর্মকর্তা ব্যক্তিগত শুনানির আবেদন করেন এবং তাঁর জবাব পর্যালোচনা করা হয় অভিযোগ প্রমাণিত হওয়ায় গুরুদণ্ড আরোপের সম্ভাবনা থাকায় তদন্ত প্রতিবেদন প্রদানের জন্য তদন্ত কর্মকর্তা নিয়োগ করা হয় তদন্ত কর্মকর্তা যথাযথভাবে তদন্ত করে প্রতিবেদন দেন যেখানে ইয়াকুব হোসেনের বিরুদ্ধে আনা অভিযোগ প্রমাণিত হয় তদন্ত প্রতিবেদন অপরাধের গুরুত্ব ও প্রাসঙ্গিক বিষয় বিবেচনা করে ইয়াকুব হোসেনের বিরুদ্ধে সরকারি কর্মচারী শৃঙ্খলা ও আপিল বিধিমালা ২০১৮এর বিধি ৪এর উপবিধি ৩খ অনুযায়ী বাধ্যতামূলক অবসর গুরুদণ্ড দেওয়ার সিদ্ধান্ত হয় এ পরিপ্রেক্ষিতে তাঁকে বাধ্যতামূলক অবসরের আদেশ কার্যকর করা হয়েছে,0
মার্কিন যুক্তরাষ্ট্রের প্রেসিডেন্ট জো বাইডেন ঘোষিত একটি যুদ্ধবিরতির প্রস্তাব জাতিসংঘ নিরাপত্তা পরিষদে সর্বসম্মতিক্রমে পাস হওয়ার পর ইসরায়েল ও হামাসের প্রতিক্রিয়ার দিকে তাকিয়ে আছে যুক্তরাষ্ট্র ফিলিস্তিনের সশস্ত্র সংগঠনটি বলছে তারা চুক্তিটিকে ইতিবাচক হিসেবে দেখছে এ নিয়ে তারা এগোতে চায় কিন্তু ইসরায়েলকে অবশ্যই স্থায়ী যুদ্ধবিরতিতে সম্মত হতে হবে ইসরায়েল সরকার এ নিয়ে কোনো মন্তব্য করেনি তবে নাম প্রকাশে অনিচ্ছুক একটি সূত্রের বরাত দিয়ে বিবিসি জানায় ইসরায়েল চুক্তিতে সম্মত নয় এ অবস্থায় বুধবার মার্কিন পররাষ্ট্রমন্ত্রী অ্যান্টনি ব্লিংকেন কাতারে পৌঁছান হামাস ও ইসরায়েলের মধ্যে মধ্যস্থতাকারীর ভূমিকায় কাতারের পাশাপাশি যুক্তরাষ্ট্র এবং মিসরও রয়েছে সেখানে কাতারের প্রধানমন্ত্রী শেখ মোহাম্মদ বিন আব্দুলরহমান বিন জসিম আল থানির সঙ্গে তিনি বৈঠক করেন পরে সংবাদ সম্মেলনে এসে কাতারের প্রধানমন্ত্রী ফিলিস্তিন বিষয়ে স্থায়ী সমাধানের কথা বলেন ব্লিংকেন মঙ্গলবার বলেছিলেন ইসরায়েলের প্রধানমন্ত্রী বেনিয়ামিন নেতানিয়াহু চুক্তির বিষয়ে তাঁর অঙ্গীকারের কথা জানিয়েছেন তবে সিএনএন জানায় নিরাপত্তা পরিষদে চুক্তি পাস হওয়ার পরই জাতিসংঘে ইসরায়েলের দূত হামাস নির্মূল না হওয়া পর্যন্ত যুদ্ধ চালিয়ে যাওয়ার কথা জানিয়েছিলেন বাইডেনের এ প্রস্তাবের প্রতি আনুষ্ঠানিক কোনো সমর্থনও জানাননি নেতানিয়াহু দ্য গার্ডিয়ান লিখেছে জাতিসংঘের কমিশন অব ইনকোয়ারির সিওআই এক প্রতিবেদনে যুদ্ধাপরাধ সংঘটনের জন্য হামাস ও ইসরায়েল উভয়কে দায়ী করা হয়েছে গত বছরের ৭ অক্টোবর থেকে ৩১ ডিসেম্বর সময় পর্যন্ত বিবেচনা করা হয়েছে ভুক্তভোগী প্রত্যক্ষদর্শী কৃত্রিম উপগ্রহের ছবি ও স্বাস্থ্যসেবা তথ্যের ভিত্তিতে এ প্রতিবেদন করা হয় হামাসের বিরুদ্ধে ইচ্ছাকৃতভাবে বেসামরিক মানুষকে লক্ষ্যে পরিণত করা এবং ইসরায়েলের বিরুদ্ধে ক্ষুধাকে অস্ত্র বানানোর অভিযোগ আনা হয়েছে চলমান পরিস্থিতিতে ইসরায়েলে এযাবৎকালের সবচেয়ে বড় রকেট হামলা চালিয়েছে লেবাননের সশস্ত্র সংগঠন হিজবুল্লাহ বৃহস্পতিবার রাতে লেবাননের জাউইয়া গ্রামে বিমান হামলায় একজন জ্যেষ্ঠ কমান্ডার তেলেব আব্দেল্লাহকে হত্যার জেরে হিজবুল্লাহ এসব রকেট ছোড়ে হিজবুল্লাহ বলছে তাদের ছোড়া রকেট আইন জাইতিমে ইসরায়েলের একটি ঘাঁটিতে আঘাত হেনেছে,1
চলতি বছর এইচএসসি ও সমমানের পরীক্ষা গ্রহণকালে প্রয়োজনে সময় বাড়ানোর নির্দেশনা দিয়েছে ঢাকা মাধ্যমিক ও উচ্চমাধ্যমিক শিক্ষা বোর্ড আবহাওয়া পরিস্থিতির কারণে ঢাকা চট্টগ্রামসহ বিভিন্ন স্থানে বৃষ্টিপাত ও জলাবদ্ধতা সৃষ্টি হওয়ায় শিক্ষার্থীদের বিষয় বিবেচনায় নিয়ে বোর্ডটি সময় বাড়ানোর নির্দেশনা দিয়েছে ঢাকা শিক্ষা বোর্ডের পরীক্ষা নিয়ন্ত্রক অধ্যাপক মো আবুল বাশারের স্বাক্ষরিত এক জরুরি বিজ্ঞপ্তিতে রোববার এ নির্দেশনা দেওয়া হয়েছে বিজ্ঞপ্তিতে উল্লেখ করা হয় আবহাওয়া অধিদপ্তরের সূত্র হতে জানা যায় যে আগামী কয়েক দিন প্রচুর বৃষ্টিপাতের সম্ভাবনা রয়েছে পরীক্ষার দিনগুলোতে বৃষ্টি থাকলে প্রয়োজনে নির্দিষ্ট সময়ের পূর্বেই কেন্দ্রের মূল গেট খুলে দিয়ে পরীক্ষার্থীদের কেন্দ্রে প্রবেশের ব্যবস্থা করতে হবে অনিবার্য কারণে কোনো কেন্দ্রের পরীক্ষা শুরু করতে আধঘণ্টা কিংবা এক ঘণ্টা দেরি হলে জরুরি পরিস্থিতি বিবেচনায় উক্ত আধ ঘণ্টা কিংবা এক ঘণ্টা সময় সমন্বয় করে পরীক্ষা শেষ করার প্রয়োজনীয় ব্যবস্থা গ্রহণের জন্য বিষয়টি অতীব জরুরি বিবেচনায় এনে এ অনুরোধ জানানো হলো এদিকে ঢাকা শিক্ষা বোর্ডের চেয়ারম্যান ও আন্তবোর্ড সমন্বয় কমিটির সভাপতি তপন কুমার সরকার জানান আবহাওয়া পূর্বাভাসে আগামী পাঁচসাত দিন বৃষ্টিপাতের সম্ভাবনা রয়েছে রোববার পরীক্ষা শুরুর পর বৃষ্টিপাত ও যানজটের কারণে অনেক শিক্ষার্থী দুর্ভোগে পড়েছে সুতরাং পরীক্ষার্থীদের কথা বিবেচনায় নিয়ে তাদের পরীক্ষা চলাকালে অতিরিক্ত সময় দিতে একটি নির্দেশনা দেওয়া হয়েছে তিনি সাংবাদিকদের এক প্রশ্নের জবাবে বলেন বন্যার কারণে স্থগিত হওয়া কারিগরি মাদ্রাসা ও সিলেট বোর্ডের পরীক্ষার্থীরা দুএক দিনের মধ্যে তাদের পরীক্ষার রুটিন পেয়ে যাবে উল্লেখ্য রোববার সকাল ১০টায় সিলেট বাদে সারা দেশে এইচএসসি বা সমমানের পরীক্ষা শুরু হয়েছে রাজধানী ঢাকাসহ দেশের বিভিন্ন স্থানে বৃষ্টি ও যানজটের কারণে নির্ধারিত সময়ে কোনো কোনো পরীক্ষার্থী পরীক্ষাকেন্দ্রে পৌঁছাতে পারেনি এতে অনেক শিক্ষার্থী দুর্ভোগে পড়ে,0
বিশ্বজুুড়ে জনপ্রিয়তার শীর্ষে যে মেসেজিং অ্যাপগুলো রয়েছে তার মধ্যে অন্যতম হোয়াটসঅ্যাপ তবে হঠাৎই প্রাইভেসি পলিসিতে বদল এনেছে তারা সেই নীতি অনুসরণ করতে হবে সব গ্রাহককে না হলে ডিলিট হয়ে যেতে পারে মেসেজিং অ্যাপটি মঙ্গলবার এই মেসেজিং অ্যাপের ব্যবহারকারীদের অ্যাপে একটি নোটিফিকেশন আসে এতে বলা হয় হোয়াটসঅ্যাপ তাদের প্রাইভেসি পলিসি বদলাচ্ছে এতদিন যেকোন আপডেট হোক বা প্রাইভেসি পলিসি স্বীকার করে নেওয়া সবকিছুতে নট নাও অপশন পাওয়া যেত অর্থাৎ কেউ পরে সেই পলিসি স্বীকার করতে পারতেন ঠিকঠাক চলত হোয়াটসঅ্যাপ কিন্তু এবার তা বদলাচ্ছে নতুন পলিসিতে নট নাও অপশনই থাকছে না ৮ ফেব্রুয়ারি পর্যন্ত এই পলিসি মেনে নেওয়ার সময় দেওয়া হয়েছে এর মধ্যে নীতি না মানলে নিষ্ক্রিয় হয়ে যাবে মেসেজিং অ্যাপটি যা আছে এই নতুন পলিসিতে ব্যবহারকরীরা হোয়াটসঅ্যাপে যা কনটেন্ট আপলোড সাবমিট স্টোর সেন্ড বা রিসিভ করবেন সেগুলিকে ব্যবহার রিপ্রডিউস আর ডিসপ্লে করার জন্য গোটা বিশ্বে ননএক্সক্লুসিভ রয়্যালটি ফ্রি ট্রান্সফারেবল লাইসেন্স দেওয়া হচ্ছে পাশাপাশি একাধিক নতুন সেবাও দেবে মেসেজিং অ্যাপটি যেমন ব্যবহারকারীর ফরোয়ার্ড করা কোন ছবি বা মেসেজ নিজেদের সার্ভারে সুরক্ষিত রাখবে তারা যাতে পরবর্তী সময় প্রয়োজনে তা ব্যবহার করা যায় এমনকি হোয়াটসঅ্যাপ পেমেন্টের ক্ষেত্রেও নতুন সুবিধা মিলবে,0
ইসরায়েল ১৫ মাস ধরে মিথ্যা প্রচারণার মধ্য দিয়ে গণহত্যার পক্ষে পশ্চিমাদের সমর্থন টিকিয়ে রেখেছিল দেশটি হামাসের যুদ্ধাপরাধ যেমন শিশুর শিরশ্ছেদ ও দলবদ্ধ ধর্ষণের মতো কথা বললেও কোনো প্রমাণ এখনও পাওয়া যায়নি বিপরীতভাবে ইসরায়েল হামাসের প্রতিক্রিয়ার জবাব দিতে গিয়ে গুরুতর যুদ্ধাপরাধ ঘটিয়েছে আন্তর্জাতিক আদালত আইসিজে অনুসারে ইসরায়েলি নেতারা একটি নতুন যুদ্ধের দিকে মনোযোগ সরিয়ে নেওয়ার মরিয়া চেষ্টা করছেন গণহত্যা আবার শুরু করার ন্যায্যতা দিতে তাদের নতুন করে মিথ্যার দরকার পড়েছে এ ক্ষেত্রে বরাবরের মতো পশ্চিমা এস্টাবলিশমেন্ট মিডিয়া সক্রিয় সহায়তা করছে যুদ্ধবিরতির প্রথম পর্যায়ে জিম্মিদের নিয়মিত বিনিময় ব্যবহার করে নৈতিক উচ্চ ভূমি দখল করতে হামাস ও ইসরায়েল উভয় পক্ষ একটি অনুমানযোগ্য প্রোপাগান্ডা চালিয়ে যাচ্ছে ইসরায়েলের কাছে আবার সব ধরনের কার্ড আছে তবুও পাথরের মতো কঠিন পশ্চিমা সমর্থন এবং জনসংযোগ থাকা সত্ত্বেও তারা যুদ্ধে জয়ী হতে ব্যর্থ হচ্ছে ইসরায়েলি প্রধানমন্ত্রী বেনিয়ামিন নেতানিয়াহু সম্প্রতি হামাসকে দায়ী করে ইসরায়েলি জিম্মিদের মুক্তিকে অপমানজনক ও নিন্দনীয় অনুষ্ঠান বলেছে বিবিসিসহ পশ্চিমা মিডিয়া ইসরায়েলকে প্রতিধ্বনিত করে বলেছে ১৯ জানুয়ারি যুদ্ধবিরতি শুরু হওয়ার পর ১৩০ জনের হত্যাকাণ্ড ইসরায়েলিদের নরহত্যার চেয়ে গুরুতর আইনি লঙ্ঘন ছিল মিডিয়া একইভাবে দখলকৃত পশ্চিম তীরে ইসরায়েলি ধ্বংসযজ্ঞের নতুন পদক্ষেপকে হালকাভাবে তুলে ধরেছে হাজার হাজার বাড়ি ভেঙে ফেলা হয়েছে পুরো সম্প্রদায়কে জাতিগতভাবে নিশ্চিহ্ন করা হয়েছে পশ্চিমা মিডিয়া পরিসরগুলো লক্ষ্য করতে ব্যর্থ হয়েছে এই যুদ্ধাপরাধও যুদ্ধবিরতি চুক্তির চরম লঙ্ঘন এখন নেতানিয়াহু পরের সপ্তাহে দ্বিতীয় পর্ব শুরু করার আগে নতুন চক্রান্ত হাতে নিয়েছেন যুদ্ধবিরতি উড়িয়ে দেওয়ার অজুহাত হিসেবে ইসরায়েলি বন্দি ও হামাসের মধ্যে আপাত স্বস্তিদায়ক সম্পর্ককে কাজে লাগিয়েছেন যখনই ইসরায়েল গাজা থেকে নিজেদের পুরোপুরি প্রত্যাহার করে নেবে এবং এর পুনর্গঠনের অনুমতি দেবে তখনই দ্বিতীয় ধাপ শুরু হবে বলে আশা করা হচ্ছে ইসরায়েলি বন্দিরা নেতানিয়াহু ও তাঁর সংকীর্ণমনা ক্ষমাপ্রার্থীদের জন্য কেবল তখনই উপযোগী যখন তারা গণহত্যাকে ন্যায়সংগত করে এমন বয়ান তৈরি করতে সহায়তা করে ট্রাম্পের কাছে কোণঠাসা হয়ে ইসরায়েলি প্রধানমন্ত্রী নির্বিচারে গাজার শিশুদের পুনরায় হত্যা শুরুর আগে দুপক্ষের মধ্যে সমঝোতায় আসতে হয়েছে এ ক্ষেত্রে অন্তত কিছু ব্যাপার তুলে আনতে গিয়ে তাঁকে মূল্য দিতে হয়েছিল যাতে নতুন মার্কিন প্রেসিডেন্ট ও তাঁর নিজের জনসাধারণকে শান্ত রাখা যায় তিনি বারবার স্পষ্ট করেছেন প্রথম পর্যায়ে প্রধান জিম্মি বিনিময়ের পর স্থায়ী যুদ্ধবিরতির দিকে অগ্রসর হওয়ার কোনো ইচ্ছা তাঁর নেই নেতানিয়াহুর ক্ষেত্রে ইসরায়েলি বন্দিদের গুরুত্ব শুধু গণহত্যার পথ উন্মোচন করা অন্যদিকে হামাসের কাছে বন্দিদের মুক্তির মাধ্যমে ক্ষুদ্র পথটি ব্যবহার করার সব প্রণোদনা রয়েছে এতে বোঝানো যায় এটি ইসরায়েলিপ্রকৌশলী ও পশ্চিমা প্রবর্তিত মতবাদ দ্বারা ভীতিগ্রস্ত নয় এতে আশা করা যায় তারা ইসরায়েলের ধ্বংসাত্মক তাণ্ডব সত্ত্বেও এখনও গাজার দায়িত্বে কতটা বহাল হামাসের ইসরায়েলি বন্দিদের সঙ্গে যুক্তিসংগত সম্পর্ক গড়ে তোলার কারণ রয়েছে অন্তত বিদেশি জনসাধারণের কাছে তার ভাবমূর্তি নরম করার জন্য নয় বরং নেতানিয়াহু দ্বারা পুনরায় গণহত্যা চালানো কঠিন করে তোলার জন্য ইসরায়েলের অবশ্য এমন কোনো পারস্পরিক প্রণোদনা নেই তারা যতটা শক্তিশালী যেটি ২০২৩ সালের ৭ অক্টোবরের আগেও ১৭ বছরের ছিটমহল অবরোধের মাধ্যমে গাজার সব মানুষকে জিম্মি করে রেখেছিল এটি পছন্দমতো স্বেচ্ছাচারিতা চালাতে পারে দেশটি এমন জ্ঞানও উৎপাদন করতে পারে পশ্চিমা মিডিয়া যা নিয়ে কখনও প্রশ্ন তুলবে না আন্তর্জাতিক মানবাধিকার পর্যবেক্ষকদের কাছে মুক্ত ফিলিস্তিনি বন্দিরা তাদের নির্যাতন যৌন নিপীড়ন ও ধর্ষণের যেসব সাক্ষ্য দিয়েছেন তা কেবল উপেক্ষা করা হয়েছে ইসরায়েলের পক্ষে বিভিন্ন অবস্থান থাকা সত্ত্বেও পার্থক্যমূলক বাস্তবতা এতটাই তীব্র যে ইসরায়েল তবুও প্রচার যুদ্ধে হেরে যাচ্ছে এ কারণেই নেতানিয়াহু তাঁর প্রয়োজনের চেয়ে এক দিন বেশি বন্দি বিনিময় চালিয়ে যেতে আগ্রহী নয় সমস্যা হলো হামাসের মুক্তিপ্রাপ্ত বন্দি বেশির ভাগই তাঁর উদ্দেশ্যে কাজ করছে না এতে তারা বাধা দিচ্ছে ইসরায়েলপন্থি গোষ্ঠীর মধ্যে যারা গাজার শিশুদের হত্যায় যুক্তি খুঁজে পান তারা অবশ্যম্ভাবীভাবে তৎক্ষণাৎ রাগ ঢেলে দেওয়ার মতো কাজ করছেন আর বিবিসির ভূমিকা গুহা থেকে বিষয়টি উদোম করতে খানিক ধাক্কা দেওয়ার মতো ইসরায়েলপন্থি লবি গোষ্ঠীগুলো যা ভয় পায় তা হলো ফিলিস্তিনিদের কোনো প্রতিকৃতি যা ইসরায়েলি প্রচারের বিরোধিতা করে যেমন গাজার প্রত্যেক ব্যক্তি এমনকি শিশুরাও সহিংস যারা মৃত্যু ও ধ্বংস তাদের নিজের মাথায় নিয়ে এসেছে জোনাথন কুক ইসরায়েলফিলিস্তিনবিষয়ক লেখক মিডল ইস্ট আই থেকে ভাষান্তর ইফতেখারুল ইসলাম বিষয়  আন্তর্জাতিক,1
আওয়ামী লীগ সরকার গোটা দেশকে ভয়ের রাজত্বে পরিণত করেছে বলে অভিযোগ করেছেন বিএনপির মহাসচিব মির্জা ফখরুল ইসলাম আলমগীর তিনি বলেন তারা কাউকে সম্মান করে না দেশের আলেমওলামা অধ্যাপক বিখ্যাতকাউকে তারা সম্মান করে না আজ শুক্রবার বিকেলে ঠাকুরগাঁওয়ের হরিপুর উপজেলার হাটপুকুর এলাকায় এক সংক্ষিপ্ত সমাবেশে বক্তব্য দেন মির্জা ফখরুল ৮ এপ্রিল পুলিশি হেফাজতে ঠাকুরগাঁওয়ের হরিপুর উপজেলা যুবদলের সদস্যসচিব মো আকরাম হোসেনের মৃত্যু হয় বলে তাঁর পরিবার ও বিএনপি অভিযোগ তুলেছে আজ যুবদলের এই নেতার কবর জিয়ারত ও পরিবারের সদস্যদের সঙ্গে পবিত্র ঈদুল ফিতরের শুভেচ্ছা বিনিময় করেন মির্জা ফখরুল পরে তিনি ঠাকুরগাঁওয়ের হরিপুরের হাটপুকুর এলাকায় এক সমাবেশে অংশ নেন এ সময় জেলাউপজেলা বিএনপি ও অঙ্গসংগঠনের নেতাকর্মীরা উপস্থিত ছিলেন সমাবেশে বিএনপির মহাসচিব বলেন পুলিশের হেফাজতে আকরামের মৃত্যুর ঘটনা নতুন নয় আমাদের আন্দোলন চলাকালে ৩০ জন নেতাকর্মীকে হত্যা করা হয়েছে তিনি আরও বলেন আমাদের বিরুদ্ধে প্রায় ৬০ লাখ মিথ্যা মামলা দেওয়া হয়েছে ৭০০ থেকে ৮০০ জন নেতাকর্মীকে গুম করা হয়েছে ২৮ অক্টোবরের পর কয়েক দিনের মধ্যে ২৭ হাজার নেতাকর্মীকে গ্রেপ্তার করা হয়েছে তারা আওয়ামী লীগ সরকার সারা দেশকে নির্যাতনের কারখানায় পরিণত করেছে বলেও অভিযোগ করেন তিনি এই সরকার পুলিশ বাহিনী দিয়ে মানুষ হত্যা করছে বলে অভিযোগ করেন মির্জা ফখরুল দলের নেতাকর্মীদের উদ্দেশে তিনি বলেন এবারে আপনাদের ঈদ আনন্দের হয় নাই আওয়ামী লীগ সরকার জনগণের ভোটে কখনো নির্বাচিত হতে পারেনি বলেও দাবি করেন মির্জা ফখরুল তিনি বলেন তারা ভয় দেখিয়ে প্রতারণা করে ভুল বুঝিয়ে জোর করে ক্ষমতায় থাকতে চায় এই রাষ্ট্রকে তারা সত্যিকার অর্থে গভীর পুলিশি রাষ্ট্রে পরিণত করেছে মির্জা ফখরুল বলেন সবাই যেন অবাধে বিনা ভয়ে ভোট দিতে পারেএমন একটা নির্বাচন চাই,0
ভারতের শাসক গোষ্ঠী বিভাজনের রাজনীতি ও বাংলাদেশবিরোধী বক্তব্যে লিপ্ত মন্তব্য করে তথ্য ও সম্প্রচার মন্ত্রণালয়ের উপদেষ্টা নাহিদ ইসলাম বলেছেন জুলাইআগস্টে বাংলাদেশে ছাত্রজনতার আন্দোলনের সময় কলকাতা ও দিল্লির ছাত্ররা আমাদের সঙ্গে একাত্মতা প্রকাশ করে শেখ হাসিনার নৃশংসতার বিরুদ্ধে প্রতিবাদ জানায় ভারতের এই গণতন্ত্রপ্রিয় মানুষ আমাদের বন্ধু তবে ভারতের শাসকগোষ্ঠী এবং হিন্দুত্ববাদী শক্তিরা এ ধরনের গণতান্ত্রিক সম্পর্ক ও সম্প্রীতি চায় না তারা বাংলাদেশের অভ্যুত্থান এবং এর ছাত্রদের রাজনৈতিক জাগরণকে হুমকি হিসেবে দেখে ফলে তারা বাংলাদেশের বিরুদ্ধে বিদ্বেষ পোষণ করছে আজ মঙ্গলবার সামাজিক যোগাযোগমাধ্যম এক্সএ নিজের ভেরিফাইড পেজে এ সংক্রান্ত পোস্ট দেন সেখানে তিনি উল্লেখ করেন পশ্চিমবঙ্গ ত্রিপুরা এবং আসামের সঙ্গে বাংলাদেশের ঐতিহাসিক ও সাংস্কৃতিক সম্পর্ক রয়েছে তবে সংখ্যালঘু নিপীড়ন টার্ম ব্যবহার করে দিল্লি ফ্যাসিবাদী আওয়ামী লীগকে পুনর্বাসন এবং বাংলাদেশের গণতান্ত্রিক ও জাতিপুনর্নির্মাণ প্রক্রিয়াকে ব্যাহত করার চেষ্টা করছে তথ্য উপদেষ্টা আরও বলেন শুরু থেকেই আমরা জোর দিয়ে আসছি যে ভারত সরকারকে বাংলাদেশকে আওয়ামী লীগের দৃষ্টিতে দেখা বন্ধ করতে হবে এবং ন্যায় ন্যায্যতা ও পারস্পরিক শ্রদ্ধার ভিত্তিতে একটি নতুন সম্পর্ক স্থাপন করতে হবে বাংলাদেশ হিন্দুসহ সকল সংখ্যালঘু সম্প্রদায়ের জন্য পূর্ণ নাগরিকত্বের অধিকার মর্যাদা এবং নিরাপত্তা নিশ্চিত করতে প্রতিশ্রুতিবদ্ধ সরকার আওয়ামী লীগের আমলেই সংখ্যালঘুরা সর্বোচ্চ নিপীড়নের সম্মুখীন হয়েছিল তবুও দিল্লি নিঃশর্তভাবে আওয়ামী লীগকে সমর্থন করেছিল যদিও ভারত তার নিজ দেশের সংখ্যালঘুদের অধিকার নিশ্চিত করতে ব্যর্থ হয়েছে তারা বাংলাদেশে সংখ্যালঘুদের নিপীড়নকারী দল আওয়ামী লীগকে আশ্রয় ও সমর্থন দিয়েছে তিনি আরও জানান গণহত্যা ও শিশু হত্যার জন্য দায়ী পলাতক শেখ হাসিনাকে আশ্রয় ও ধারাবাহিক সহায়তা অব্যাহত রেখে ভারত সরকার গণতান্ত্রিক মূল্যবোধকে ক্ষুণ্ণ করার ঝুঁকিতে রয়েছে ভারতের স্থিতিশীলতা ও অখণ্ডতা বাংলাদেশের স্থিতিশীলতা ও অখণ্ডতার সঙ্গে ওতপ্রোতভাবে জড়িত তা ভুলে গেলে চলবে না তথ্য উপদেষ্টা নাহিদ বলেন ক্ষমতাসীন বিজেপি বাংলাদেশকে ভারতের অভ্যন্তরীণ রাজনৈতিক ইস্যুতে পরিণত করার চেষ্টা করছে এমনটা হলে তা ভারতের অভ্যন্তরীণ রাজনীতির জন্য ক্ষতিকর হবে বাংলাদেশবিরোধী ও মুসলিমবিরোধী রাজনীতি ভারতের জাতীয় স্বার্থে কাজ করবে না তাই আমরা ভারতকে বাংলাদেশের বিরুদ্ধে মিথ্যা অপপ্রচার বন্ধ করে গণতন্ত্রের প্রতি সম্প্রীতি ও সম্মান বজায় রাখার আহ্বান জানাই,1
জনপ্রিয় সামাজিক যোগাযোগমাধ্যম টেলিগ্রামের মডারেটরের অভাবে টেলিগ্রামে বিস্তর অপরাধ ছড়ানো ও পুলিশের সঙ্গে সহযোগিতার অভাবের অভিযোগ নিয়ে তদন্ত করছে ফ্রান্সের আইনশৃঙ্খলা বাহিনী৷ এরই অংশ হিসেবে ফ্রান্স থেকে টেলিগ্রামের প্রতিষ্ঠাতা পাভেল দুরোভকে আটক করেছে ফ্রান্সের আইনশৃঙ্খলা বাহিনী শনিবার ২৪ আগস্ট ফ্রান্সের ল্যা বুর্জে বিমানবন্দরে অবতরণ কালে তাকে আটক করা হয়েছে বলে জানান ফ্রান্স পুলিশের একটি সূত্র তবে ফরাসি কর্তৃপক্ষ এখনও আনুষ্ঠানিকভাবে তার আটকের কথা জানায়নি টেলিগ্রাম এক বিবৃতিতে বলেছে তারা ডিজিটাল সেবা আইনসহ ইউরোপিয়ান ইউনিয়ন ইইউ আইন মেনে চলে এবং সে অনুযায়ী প্রতিনিয়ত নিজেদের উন্নত করে যাচ্ছে৷ তারা আরও বলেছে টেলিগ্রামের প্রধান নির্বাহী পাভেল দুরোভের লুকানোর কিছু নেই এবং তিনি কিছু দিন পরপর ইউরোপ ভ্রমণ করেন৷ ফ্রান্স ও সংযুক্ত আরব আমিরাতের দ্বৈত নাগরিকত্ব রয়েছে দুরোভের৷ দুবাইভিত্তিক টেলিগ্রাম অ্যাপের প্রতিষ্ঠাতা তিনি৷ ২০১৪ সালে তার প্রতিষ্ঠিত ভিকে নামের একটি সোশ্যাল মিডিয়া প্লাটফর্ম থেকে সরকারবিরোধীদের বাদ দিতে অস্বীকৃতি জানিয়ে রাশিয়া ত্যাগ করেন তিনি৷ এনক্রিপ্টেড অ্যাপ্লিক্যাশন হিসেবে পরিচিত টেলিগ্রামের ১০০ কোটির মতো ব্যবহারকারী রয়েছে৷ রাশিয়া ইউক্রেন ও সাবেক সোভিয়েত প্রজাতন্ত্রের দেশগুলোতে এই অ্যাপ বিশেষভাবে জনপ্রিয়৷ ফেসবুক ইউটিউব হোয়াটসঅ্যাপ ইন্সটাগ্রাম টিকটক ও উইচ্যাটের পরেই এটি সবচেয়ে জনপ্রিয় সামাজিক প্ল্যাটফর্ম৷ ফোর্বসের হিসাবে ১৫৫০ কোটি ডলারের মালিক দুরোভ৷ গত এপ্রিলে তিনি বলেছিলেন কয়েকটি সরকার টেলিগ্রাম অ্যাপ নিয়ে তার উপর চাপ দিয়ে যাচ্ছে৷ তবে টেলিগ্রামকে তিনি নিরপেক্ষ প্ল্যাটফর্ম হিসেবেই রাখবেন এবং ভূরাজনীতির খেলোয়াড়ে পরিণত হতে দেবেন না বলেও উল্লেখ করেন৷ বিশ্লেষকদের মতে ইউক্রেন যুদ্ধের প্রেক্ষিতে প্ল্যাটফর্মটি ভার্চুয়াল লড়াইয়ের ময়দানে পরিণত হয়েছে৷ রাশিয়ার পররাষ্ট্র মন্ত্রণালয় এর আগে জানিয়েছিল তারা দুরোভের সাক্ষাত চেয়ে প্যারিসকে চিঠি দিয়েছিল৷,1
আপিল বিভাগে নিয়োগ পেলেন চার নতুন বিচারপতি রোববার সকাল সাড়ে ১০টায় সুপ্রিম কোর্ট অডিটরিয়ামে এদের মধ্যে তিনজনকে শপথ পড়ান প্রধান বিচারপতি হাসান ফয়েজ সিদ্দিকী রাষ্ট্রপতির আদেশক্রমে আইন বিচার ও সংসদ বিষয়ক মন্ত্রণালয়ের আইন ও বিচার বিভাগের সচিব দায়িত্বপ্রাপ্ত মো গোলাম সারওয়ার স্বাক্ষরিত এ সংক্রান্ত প্রজ্ঞাপন আজ জারি করা হয়েছে আপিল বিভাগে নিয়োগ পাওয়া বিচারকরা হলেন বিচারপতি বোরহান উদ্দিন বিচারপতি এম ইনায়েতুর রহিম বিচারপতি এফ আর এম নাজমুল আহাসান এবং বিচারপতি কৃষ্ণা দেবনাথ এদের মধ্যে ৩ জন শপথ নিয়েছেন রোববার সকাল সাড়ে ১০টায় সুপ্রিম কোর্ট অডিটরিয়ামে তাদের শপথ পড়ান প্রধান বিচারপতি হাসান ফয়েজ সিদ্দিকী শপথ নিয়েছেন বিচারপতি বোরহান উদ্দিন বিচারপতি এম ইনায়েতুর রহিম এবং বিচারপতি কৃষ্ণা দেবনাথ তবে বিচারপতি এফ আর এম নাজমুল আহাসান অসুস্থ থাকায় তিনি পরে শপথ নেবেন শপথ অনুষ্ঠান পরিচালনা করেন সুপ্রিম কোর্টের রেজিস্ট্রার জেনারেল মো আলী আকবর এ সময় সুপ্রিম কোর্টের আপিল ও হাইকোর্ট বিভাগের বিচারপতিরা উপস্থিত ছিলেন সংবিধানের ৯৫ এর ১ অনুচ্ছেদ অনুযায়ী প্রধান বিচারপতির সাথে পরামর্শ করে হাইকোর্ট বিভাগ থেকে তাদের সু্প্রিম কোর্টের আপিল বিভাগে নিয়োগ দেন রাষ্ট্রপতি এ নিয়ে আপিল বিভাগের বিচারক সংখ্যা হল ৮ জন সেখানে বলা হয় সংবিধানে প্রদত্ত ক্ষমতাবলে রাষ্ট্রপতি তাদের আপিল বিভাগে নিয়োগ দিয়েছেন শপথ গ্রহণের তারিখ থেকে তাদের এ নিয়োগ কার্যকর হবে,1
আগামী ২০২১২২ অর্থবছরে প্রতিরক্ষা সেক্টরে পরিচালন ব্যয় ও উন্নয়নের জন্য বরাদ্দ বাড়ানোর প্রস্তাব করা হয়েছে বৃহস্পতিবার বিকালে জাতীয় সংসদে স্পিকার ড শিরীন শারমিনের সভাপতিত্বে শুরু হওয়া বাজেট অধিবেশনে এ প্রস্তাব তুলে ধরেন অর্থমন্ত্রী আ হ ম মুস্তফা কামাল ২০২১২২ প্রস্তাবিত বাজেটের সংক্ষিপ্তসারে দেখা যায় প্রতিরক্ষা মন্ত্রণালয়ের মোট পরিচালন ব্যয় ও উন্নয়নের জন্য ৩৭ হাজার ২৮১ কোটি টাকা বরাদ্দের প্রস্তাব করা হয়েছে গত ২০২০২১ অর্থবছরে সংশোধিত এ বরাদ্দ ছিল ৩৩ হাজার ৫০০ কোটি টাকা ২০২১২২ অর্থবছরের বাজেটে প্রতিরক্ষা মন্ত্রণালয়ের প্রতিরক্ষা সার্ভিস পরিচালনের জন্য ৩৩ হাজার ৬১৬ কোটি টাকা উন্নয়নের জন্য ১ হাজার ৮৩২ কোটি টাকা প্রতিরক্ষা মন্ত্রণালয়ের অন্যান্য সার্ভিস পরিচালনের জন্য ১ হাজার ৭৮৯ কোটি টাকা ও সশস্ত্র বাহিনী বিভাগ পরিচালনের জন্য ৪৪ কোটি টাকা বরাদ্দের প্রস্তাব করা হয়েছে,0
পৃথিবীর বয়স যতই বাড়ছে আমরা ততই কেয়ামতের সম্মুখীন হচ্ছি প্রশ্ন হলো কেয়ামত কী পবিত্র কোরআনে আল্লাহ বলেন অবশ্যই কেয়ামত আসবে এতে বিন্দুমাত্র সন্দেহ নেই কিন্তু অধিকাংশ লোকই এ অমোঘ সত্য বিশ্বাস করে না সুরা আল মোমেন আয়াত ৫৯ যখন কেয়ামতের ঘটনাটি সংঘটিত হবে তখন কেউই তার সংঘটিত হওয়ার অস্বীকারকারী থাকবে না সুরা আল ওয়াকিয়া আয়াত ১২ সেদিন এর অবস্থা সম্পর্কে কোরআনে বর্ণিত হয়েছে পৃথিবী যখন প্রবল কম্পনে কম্পিত হবে পর্বতমালা সম্পূর্ণরূপে চূর্ণবিচূর্ণ করে দেওয়া হবে অতঃপর তা বিক্ষিপ্ত ধূলিকণায় পরিণত হয়ে যাবে সুরা ওয়াকিয়া আয়াত ৪ ৫ ৬ তাহলে আমরা জানতে পারলাম কেয়ামতের দিন পৃথিবীর অবস্থা কি হবে তাহলে সেদিনটি আসার আগে আমাদের কী করা উচিত পবিত্র কোরআনে আল্লাহ বলেন হে মানুষ সেদিনটি আসার আগেই তোমরা তোমাদের মালিকের ডাকে সাড়া দাও মনে রেখ আল্লাহতায়ালার কাছ থেকে যে দিনটির প্রতিরোধকারী কেউ থাকবে না সেদিন তোমাদের জন্য কোনো আশ্রয়স্থলও থাকবে না আর না তোমাদের পক্ষে সেদিন কেয়ামতের দিন অস্বীকার করা সম্ভব হবে সুরা আশ শুরা আয়াত ৪৭ কেয়ামতের পূর্ব লক্ষণগুলো কী বা কীভাবে আমরা জানতে পারব কেয়ামত সন্নিকটে কেয়ামত নিকটবর্তী বা তার পূর্বলক্ষণ হলো ক্রমাগতভাবে ফেতনা বৃদ্ধি পাওয়া ফেতনা হলো ক্রমাগত সমস্যা ইমান নষ্ট হয়ে যাওয়া মানুষের মধ্যে মায়া মমতা দয়া লোপ পাওয়া রক্তপাত বা হানাহানি বৃদ্ধি পাওয়া মিথ্যার প্রসার ঘটা ইসলামী জ্ঞান উঠে যাওয়া গান বাজনার প্রসার ঘটা আমানত উঠে যাওয়া মিথ্যা সাক্ষী দেওয়া সুদ খাওয়ার প্রবণতা বেড়ে যাওয়া ঘুষের আধিক্য বেড়ে যাওয়া আত্মীয়তার সম্পর্ক ছিন্ন করা এমন কি মানুষ জানবেও না সে কত ধরনের সমস্যা বা ফেতনার সম্মুখীন হচ্ছে রসুল সা বলেছেন তখন ধৈর্য ধরা বা ইমানের ওপর স্থির থাকা এত কঠিন হবে যে যেমন আগুনের কয়লা হাতে রাখা কঠিন রসুল সা আরও বলেছেন কিয়ামতের আগে ইলম ওঠে যাবে এবং অজ্ঞতার বিস্তার ঘটবে বুখারি আবু হুরায়রা রা থেকে বর্ণিত কেয়ামত কায়েম হবে না যতক্ষণ না ফোরাত তার মধ্যস্থিত সোনার পর্বত বের করে দেবে লোকেরা এ নিয়ে লড়াই করবে এবং এক শর মধ্যে নিরানব্বই জনই মারা যাবে তাদের প্রত্যেকেই মনে করবে সম্ভবত আমি বেঁচে যাব মুসলিম শরিফ ৭০০৮ অতিবৃষ্টি বন্যা খরা তীব্র ঠাণ্ডা দাবদাহ ঘন ঘন ভূমিকম্প ও বিভিন্ন প্রাকৃতিক দুর্যোগ ব্যাপক হারে দেখা দেবে এতে করে মাঠঘাট ফসলহীন হয়ে পড়বে লোকেরা এত পরিমাণ সম্পদশালী হয়ে উঠবে তখন জাকাত গ্রহণকারী কাউকে খুঁজে পাওয়া যাবে না চতুর্দিক থেকে ইসলামের ওপর এত পরিমাণ হামলা আসবে যেভাবে নেকড়ের দল শিকারের ওপর ঝাঁপিয়ে পড়ে যখন কেয়ামত সংঘটিত হবে তখন কী ঘটবে পবিত্র কোরআনে আল্লাহ বলেন যখন পৃথিবী তার কম্পনে প্রকম্পিত হবে যখন সে তার বোঝা বের করে দেবে সুরা যিলযাল আয়াত ১২ কেয়ামতের আগে ১০টি নিদর্শন ১ ধোঁয়া ২ দজ্জালের আবির্ভাব ৩ দাব্বাতুল আরদ্ব পৃথিবীর প্রাণী ৪ পশ্চিম দিক থেকে সূর্যোদয় ৫ ঈসা আ এর আগমন ৬ ইয়াজুজমাজুজের আগমন ৭ পূর্বদিকে ভূমিধস ৮ পশ্চিম দিকে ভূমিধস ৯ আরব ভূমিতে ভূমিধস ১০ কাফিররাই শুধু কেয়ামত অস্বীকার করবে আল্লাহ বলেন আর কাফিররা বলে আমাদের কাছে কেয়ামত আসবে না বলুন অবশ্যই হ্যাঁ শপথ আমার রবের নিশ্চয় তোমাদের কাছে তা আসবে সুরা সাবা আয়াত ৩ কেয়ামতকে প্রতিহত করার শক্তি কারও থাকবে না আল্লাহ আরও বলেন বরং তা তাদের ওপর আসবে অতর্কিতভাবে এবং তাদের হতভম্ব করে দেবে ফলে তারা তা রোধ করতে পারবে না এবং তাদেরকে অবকাশও দেওয়া হবে না সুরা আল আম্বিয়া আয়াত ৪০ সুতরাং প্রতিটি মুমিন বান্দার উচিত কেয়ামত সংঘটিত হওয়ার আগে জীবনের প্রতিটি মুহূর্তকে শেষ মুহূর্ত বিবেচনা করে ওপরে উল্লিখিত কাজগুলো থেকে বিরত থাকা কেয়ামতের দিন কোনো বিনিময়ই গ্রহণযোগ্য হবে না আল্লাহ বলেন তোমরা সেদিনটিকে ভয় করো যেদিন একজন মানুষ আরেকজনের কোনো কাজেই আসবে না না সেদিন কোনো বিনিময় নেওয়া হবে সুরা বাকারা আয়াত ১২৩ আল্লাহ রব্বুল আলামিন মুসলমান জাতিকে কেয়ামতের সব আলামত ও ভয়াবহতা থেকে নিরাপদ রাখুন ইমান ও নেক আমলের ওপর জীবনযাপন করার তৌফিক দান করুন,0
কাল শুরু হচ্ছে লেখকপাঠকপ্রকাশকের মিলনমেলা অমর একুশে গ্রন্থমেলা করোনা রোধে স্বাস্থ্যবিধি মেনেই বইমেলা পরিচালনা হবে বলে জানিয়েছেন সংস্কৃতি প্রতিমন্ত্রী কে এম খালিদ মাস্ক ছাড়া কেউ প্রবেশ করতে পারবে না বইমেলায় এ বছর দেরিতে শুরু হওয়ায় ফেব্রুয়ারির পরেও চলতে পারে বইমেলা মঙ্গলবার বিকেল তিনটায় অমর একুশে গ্রন্থমেলা ভার্চুয়ালি উদ্বোধন করবেন প্রধানমন্ত্রী শেখ হাসিনা এরইমধ্যে মেলার সব প্রস্তুতি শেষ করেছে আয়োজক বাংলা একাডেমি এবার মেলায় অংশ নিচ্ছে ৫৩৪ টি প্রকাশনা প্রতিষ্ঠান বাংলা একাডেমি প্রাঙ্গণ ও সোহরাওয়ার্দী উদ্যান মিলিয়ে মোট সাড়ে সাত লক্ষ স্কয়ার ফিট এলাকায় থাকছে ৭৭৬টি ষ্টল ও ৩৫টি প্যাভিলিয়ন মেলার আয়োজন নিয়ে সোমবার বাংলা একাডেমিতে এক সংবাদ স্মমেলনে সংস্কৃতি প্রতিমন্ত্রী কে এম খালিদ জানান করোনা স্বাস্থ্যবিধি মেনেই বইমেলা পরিচালনা করা হবে মেলায় আগতদের মাস্ক পরা বাধ্যতামূলক জানিয়ে তিনি বলেন দেরিতে শুরু হওয়ায় এবারের মেলা ফেব্রুয়ারির পরেও চলতে পারে বাংলা একাডেমির মহাপরিচালক কবি মুহম্মদ নূরুল হুদা জানিয়েছেন ভাষা আন্দোলনের ৭০ বছর ও বই মেলায় ৫০ বছর পূর্তিতে এবারের মেলা আলাদা গুরুত্ব বহন করছে প্রতিদিন দুপুর ২টা থেকে শুরু হয়ে রাত ৯টা পর্যন্ত চলবে বইমেলা আর শুক্র ও শনিবার মেলা শুরু হবে ১১টায় এছাড়া ২১ ফেব্রুয়ারি মেলা শুরু হবে সকাল ৮টায় উল্লেখ্য যে ১৯৭২ সালের একুশে ফেব্রুয়ারি ভাষা দিবসের অনুষ্ঠানে বাংলা একাডেমির ফটকে চট বিছিয়ে বই বিক্রি শুরু করেন মুক্তধারা প্রকাশনীর মালিক চিত্তরঞ্জন সাহা পরে ১৯৭৭ সালে তার সঙ্গে আরো অনেকে যোগ দেন এরপর ১৯৭৮ সালে বাংলা একাডেমির তৎকালীন মহাপরিচালক আশরাফ সিদ্দিকী বাংলা একাডেমিকে এ বইমেলার সঙ্গে সম্পৃক্ত করেন পরের বছর মেলার সঙ্গে যুক্ত হয় বাংলাদেশ পুস্তক বিক্রেতা ও প্রকাশক সমিতি ১৯৮৩ সালে মনজুরে মওলা বাংলা একাডেমির মহাপরিচালকের দায়িত্বে থাকার সময় অমর একুশে গ্রন্থমেলা নামে এ মেলা আয়োজনের প্রস্তুতি নেয়া হলেও তা আর করা যায়নি পরের বছর ১৯৮৪ সালে বাংলা একাডেমি প্রাঙ্গণে অমর একুশে বইমেলার সূচনা হয়,0
বিএনপি ও তারেক রহমান নিয়ে কথা বলায় গণস্বাস্থ্য কেন্দ্রের প্রতিষ্ঠাতা ট্রাস্টি জাফরুল্লাহ চৌধুরীকে বাধা দেন ছাত্রদলের কেন্দ্রীয় কমিটির এক নেতা এ সময় ওই নেতা পরবর্তী সময়ে কোনো ঘটনা ঘটলে তাঁর দায় তাঁরা নেবেন না বলে জাফরুল্লাহকে প্রচ্ছন্ন হুমকি দেন রাজধানীর জাতীয় প্রেসক্লাবে তফাজ্জল হোসেন মানিক মিয়া হলে আজ শনিবার দুপুরে এক আলোচনা সভায় এই ঘটনা ঘটে শিক্ষায় প্রত্যাশা ও প্রাপ্তি করোনাকালীন শিক্ষা বাজেট ২০২১২২ শীর্ষক এই সভার আয়োজন করে এডুকেশন রিফর্ম ইনিশিয়েটিভ ইআরআই ওহি লন্ডন থেকে আসে ওই সভায় প্রধান অতিথি ছিলেন জাফরুল্লাহ চৌধুরী তিনি বক্তব্যের একপর্যায়ে বিএনপির নেতৃত্বের সমালোচনা করেন জাফরুল্লাহ বলেন বিএনপির ক্ষমতায় আসারই ইচ্ছা নেই ক্ষমতায় আসতে হলে ইচ্ছা আগ্রহ থাকতে হবে সঙ্গে সঙ্গে তাকে পরিকল্পনা করতে হবে যে কী কী জায়গায় পরিবর্তন আনব সেগুলো নিয়ে আলোচনা প্রয়োজন তিনি বলেন আজকে বিএনপি পরিচালিত হচ্ছে ওহি নিয়ে আর সে ওহি লন্ডন থেকে আসে আমরা লক্ষ করছি সম্প্রতি নির্বাচনে দাঁড়ানোর লোক খুঁজে পাওয়া যাচ্ছে না তাই মনে করি স্বৈরাচার সরকারের পতন ঘটাতে হলে সবাইকে একাত্ম হতে হবে সে পরিবর্তন আনতে হবে বিএনপির নিজ ঘর থেকে,1
সৌদি প্রো লিগে উড়ছিল আল নাসর টানা ১০ জয়ের পর অবশেষে তাদের জয়রথ থামাল আল ইত্তিফাক গতকাল রাতে প্রতিপক্ষের মাঠে ২২ গোলে ড্র করেছে ক্রিস্টিয়ানো রোনালদোর দল তবে ম্যাচের স্কোরলাইনের চেয়েও এখন ফুটবলদুনিয়ায় বেশি আলোচনা রোনালদোর ক্যারিয়ারের ৯৫৭ নম্বর গোলটি নিয়ে কেন কারণ গোলটি তিনি পা বা মাথা দিয়ে নয় আক্ষরিক অর্থেই করেছেন কোমর দিয়ে ম্যাচের শুরুটা অবশ্য আল নাসরের জন্য সুখকর ছিল না ১৬ মিনিটেই সাবেক লিভারপুল তারকা জর্জিনিও উইনালদামের গোলে পিছিয়ে পড়ে তারা বিরতির ঠিক পরেই ৪৭ মিনিটে আল নাসরকে সমতায় ফেরান জোয়াও ফেলিক্স এরপরই আসে সেই মুহূর্তম্যাচের ৬৭ মিনিটে রোনালদোর সেই অদ্ভুত গোল গোলটি করতে রোনালদোকে আসলে খুব একটা কসরত করতে হয়নি ফেলিক্সের নেওয়া জোরালো শট রোনালদোর পিঠ বা কোমরের নিচের অংশে লেগে দিক পরিবর্তন করে জালে জড়ায় ভাগ্য সহায় থাকলে যা হয় আরকি বল জালে জড়ানো মাত্রই সিআর সেভেনের সেই চিরচেনা সিউউউ উদ্যাপন তিন কারণে রোনালদো এখনো অপরিহার্য বললেন পর্তুগাল কোচ তবে ভাগ্যের জোরে পাওয়া লিডটা শেষ পর্যন্ত ধরে রাখতে পারেনি আল নাসর ৮০ মিনিটে নিজের দ্বিতীয় গোল করে ইত্তিফাককে সমতায় ফেরান উইনালদাম শেষ পর্যন্ত পয়েন্ট ভাগাভাগি করেই মাঠ ছাড়তে হয় দুই দলকে ম্যাচ জিততে না পারলেও তালিকার শীর্ষ স্থানটা এখনো আল নাসরের দখলেই ১১ ম্যাচে ১০ জয় আর ১ ড্রয়ে ৩১ পয়েন্ট নিয়ে সবার ওপরে তারা বছরটা এমন এক গোল দিয়ে শেষ করে সামাজিক যোগাযোগমাধ্যমে রোনালদো লিখেছেন আমরা সঠিক পথেই আছি এবং জানি ২০২৬ সালে আমাদের কী করতে হবে এদিকে রোনালদোর এই কোমরকাব্য নিয়ে ইন্টারনেটদুনিয়ায় বইছে হাস্যরসের জোয়ার এক ভক্ত তো রোনালদোর কৃতিত্ব দিতে গিয়ে লিখেছেন গোট  চাইলে শরীরের যেকোনো অঙ্গ দিয়েই গোল করতে পারেন,0
ইসরায়েল হামাস হিজবুল্লাহ ও ইরানের শীর্ষ রাজনৈতিক ও সামরিক নেতাদের হত্যা করেই চলেছে এর প্রতিক্রিয়ায় এ মাসের শুরুতে ইসরায়েলে ইরান মিসাইল হামলা করেছে এরপর মধ্যপ্রাচ্যের অনেকের কাছে ভাবনার কারণ হয়ে দাঁড়িয়েছে সামনে কী ঘটতে চলেছে এই হামলা ইসরায়েলি হত্যাকাণ্ডে প্রতিশোধ নেওয়ার ইরানি প্রতিশ্রুতি দেরিতে হলেও পূরণ হয়েছে একইভাবে দেশটির জনগণের মধ্যে যে অসন্তোষ তৈরি হয়েছিল সেটা প্রশমিত হয়েছে কিন্তু ইসরায়েল কীভাবে পাল্টা জবাব দেবে তা নিয়ে উদ্বেগও তৈরি হয়েছে তেহরানের মেজাজ অবাধ্য হয়ে উঠেছে ইরান সরকারের কর্মকর্তারা যেকোনো ইসরায়েলি হামলায় জবাব দেওয়ার অঙ্গীকার করেছে ইরানের প্রেসিডেন্ট মাসুদ পেজেশকিয়ান এ মাসের শুরুতে বলেছেন যে ইসরায়েল যদি কোনো আক্রমণ করে তাহলে আমরা শক্তিশালী ও কঠোরভাবে তার পাল্টা জবাব দেব ইরান সরকারের আরেকজন কর্মকর্তা জানিয়েছেন যে তেহরান মধ্যস্থতাকারীর মাধ্যমে ওয়াশিংটনের সঙ্গে যোগাযোগ করে জানিয়ে দিয়েছে যে ইসরায়েল যদি কোনো ধরনের হামলা চালায় তাহলে তার পাল্টা জবাব দেওয়া হবে বেসামরিক স্থাপনায় আক্রমণসহ অপ্রচলিত সব উপায়ে জল্পনা ছড়িয়ে পড়েছে যে ইসরায়েল ইরানের খার্গ দ্বীপের জ্বালানি তেলের স্থাপনায় হামলা করতে পারে ইসরায়েল ইরানের তেল শোধনাগারে হামলা করে এই খাতকে দুর্বল করে দিতে চাইতে পারে ইসরায়েল পূর্ণমাত্রায় হামলা চালালে ইরানের আকাশ প্রতিরক্ষাব্যবস্থা সেটা ঠেকাতে ব্যর্থ হবে ইসলামিক রেভল্যুশনারি গার্ড কর্পসের আইআরজিসি কমান্ডার জেনারেল হোসাইন সালিমি ইসরায়েলেকে সতর্ক করে দিয়ে বলেছেন যে আমরা আপনাদের বলছি যে আমাদের কোনো একটা ক্ষেত্রে যদি আগ্রাসন চালানো হয় তাহলে আমরা আপনাদের সেই ক্ষেত্রে বেদনাদায়ক প্রত্যাঘাত করব পর্যবেক্ষকেরা বলছেন ইসরায়েল যদি প্রতিশোধ নেয় তবে ইরানকে একাই সেই আক্রমণের বোঝা বহন করতে হবে কেননা যুক্তরাষ্ট্র ও তার ইউরোপীয় মিত্ররা ইসরায়েলকে তাদের সমর্থন দেওয়া অব্যাহত রাখবে এক বছর ধরে পশ্চিমারা গাজায় ইসরায়েলের গণহত্যামূলক যুদ্ধে সাহায্য ও সমর্থন দিয়ে যাচ্ছে সেই যুদ্ধ এখন লেবানন পর্যন্ত বিস্তৃত হয়েছে ইরানের কৌশলগত মিত্র রাশিয়া ও চীন এখন পর্যন্ত তাদের অবস্থানের বিষয়ে অস্পষ্টতা দেখিয়ে চলেছে পরবর্তী পদক্ষেপ নেওয়ার ক্ষেত্রে তারা তাদের জাতীয় স্বার্থের কথাই বিবেচনা করবে ইরানের দুর্বলতা ইরানের হামলার পরপরই ইসরায়েল প্রতিশোধ নেওয়ার অঙ্গীকার করেছে এক বিবৃতিতে বেনিয়ামিন নেতানিয়াহু বলেন ইরান আমাদের আত্মরক্ষার সংকল্প কতটা সেটা বুঝতে পারছে না ইসরায়েল কীভাবে হামলা করতে পারে এবং তাদের লক্ষ্যবস্তু কী হতে পারে তা নিয়ে ইরানের কর্মকর্তারা তাঁদের নাগরিকদের একটা পরামর্শ দিয়েছেন সাইবার ব্যবস্থায় নাশকতা থেকে শুরু করে সামরিক ঘাঁটি ও বেসামরিক নাগরিকদের স্থাপনায় হামলার মতো ঘটনা ঘটতে পারে বলে তাঁরা সতর্ক করেছেন ইরানের তেলজ্বালানি স্থাপনায়ও হামলা করতে পারে উচ্চপদস্থ সামরিক কর্মকর্তাদের হত্যা এমনকি পারমাণবিক স্থাপনাতেও হামলা করতে পারে ইরানের আণবিক শক্তি সংস্থার মুখপাত্র বেহরুজ কামালভান্দি বলেছেন ইরানের পারমাণবিক স্থাপনায় ইসরায়েলের হামলার ব্যাপারটা অসম্ভব ছিল কিন্তু তারা যদি এখন হামলা করে তাহলে যে ক্ষতিই হোক না কেন সেটা খুব দ্রুত পূরণ করে ফেলা হবে ইরানের পররাষ্ট্রমন্ত্রী সতর্ক করে বলেছেন কোনো আরব দেশ যদি ইসরায়েল অথবা যুক্তরাষ্ট্রকে তাদের দেশকে ঘাঁটি হিসেবে ব্যবহার করে ইরানে হামলা চালায় তাহলে তেহরান তার প্রতিশোধ নেবে ইসরায়েল কী ধরনের পাল্টা জবাব দেবে সেটা অবশ্যই ভবিষ্যতের হিসাবনিকাশ এবং যুক্তরাষ্ট্রের সহযোগিতার ওপর নির্ভর করে যাই হোক ইসরায়েলের পাল্টা জবাবের ধরন কেমন হবে কিংবা তার ব্যাপ্তি কতটা হবে তার বাইরে বেরিয়েও বলা যায় কয়েক দশক ধরে দুই দেশের মধ্যে যে সাংঘর্ষিক সম্পর্ক বিরাজ করছে সেখানে ইরানকে এ ধরনের অসংখ্য হামলা মোকাবিলা করতে হয়েছে ইরানের সাইবারব্যবস্থায় একের পর এক নাশকতা হয়েছে ইরানের শহরগুলোর গ্যাসস্টেশনগুলোর জ্বালানিব্যবস্থা স্থবির করে দিতে সাইবার হামলা করেছে ইসরায়েল ইরানের শাহিদ রাজি বন্দরের সাইবারব্যবস্থাতেও হামলা করেছে ইসরায়েল বিভিন্ন সময়ে ইসরায়েল ইরানের পারমাণবিক বিজ্ঞানী ও সেনা কর্মকর্তাদের হত্যা করেছে সম্প্রতি তেহরানে রাষ্ট্রীয় আমন্ত্রণে আসা হামাস নেতা ইসমাইল হানিয়ার হত্যাকাণ্ডটি ছিল বিরাট এক ধাক্কা আরেকটি উল্লেখযোগ্য ধাক্কা ছিল ২০১১ সালে ইরানের রকেট কর্মসূচির জনক হাসান তেহরানি মোগাদ্দামকে হত্যার ঘটনা তেহরানের একটা সেনাঘাঁটির বাইরে বিস্ফোরণে নিহত হন তিনি ইরান থেকে ইসরায়েল গুরুত্বপূর্ণ অনেক নথি চুরি করে নিয়ে গেছে এবং পারমাণবিক স্থাপনায় নাশকতা করেছে এটা কি মনস্তাত্ত্বিক যুদ্ধ বিশেষজ্ঞরা মনে করছেন পারমাণবিক স্থাপনায় চেয়ে শিল্প ও শহুরে অবকাঠামোয় হামলা হলে সেটা সর্বাত্মক যুদ্ধ বেধে যাওয়ার ঝুঁকি কমিয়ে দিতে পারে আসালুয়েহ বন্দর ও খার্গ দ্বীপের টার্মিনালসহ ইরানের তেল স্থাপনাগুলো ইসরায়েলের জন্য অপেক্ষাকৃত সহজ লক্ষ্যবস্তু হতে পারে কেননা এগুলো দেশটির দক্ষিণে অবস্থিত আর সেখানে বড় ধরনের অগ্নিকাণ্ড হলে সেটা আন্তর্জাতিক গণমাধ্যমে বড় করে প্রচার পাবে ইরানের পারমাণবিক স্থাপনাগুলো মাটির অনেক গভীরে অবস্থিত এবং সেগুলো দেশটির মধ্যভাগে অবস্থিতি সেখানে হামলা করতে হলে ইসরায়েলের বড় ধরনের সামরিক প্রচেষ্টা যেমন দরকার আবার যুক্তরাষ্ট্রের বাঙ্কার বাস্টার বোমা পাওয়া দরকার যাই হোক যুক্তরাষ্ট্রের প্রেসিডেন্ট জো বাইডেন পারমাণবিক স্থাপনায় যেকোনো হামলার বিরোধিতা করেছেন এই সংঘাতে বাইডেন প্রশাসনের ভূমিকা নিয়েও ইরান সরকার প্রতিক্রিয়া দেখিয়েছে সম্প্রতি ইসরায়েলকে মিসাইলবিরোধী থাড প্রতিরক্ষাব্যবস্থা দিয়েছে যুক্তরাষ্ট্র ইরানের প্রতিরক্ষামন্ত্রী ব্রিগেডিয়ার জেনারেল আজিজ নাসিরজাদেহ বিষয়টির গুরুত্বকে খাটো করে এটিকে মনস্তাত্ত্বিক যুদ্ধ বলেছেন তিনি বলেছেন এটা নতুন কোনো ব্যাপার নয় আর এটা সুনির্দিষ্ট কোনো সমস্যাও তৈরি করবে না ইরান সংসদের জাতীয় নিরাপত্তা কমিটির সদস্য ভায়িদ আহমাদি বলছেন থাড ব্যবস্থায় হামলার সামর্থ্য ইরানের রয়েছে জল্পনা ছড়িয়ে পড়েছে যে ইসরায়েল ইরানের খার্গ দ্বীপের জ্বালানি তেলের স্থাপনায় হামলা করতে পারে ইসরায়েল ইরানের তেল শোধনাগারে হামলা করে এই খাতকে দুর্বল করে দিতে চাইতে পারে ইসরায়েল পূর্ণমাত্রায় হামলা চালালে ইরানের আকাশ প্রতিরক্ষাব্যবস্থা সেটা ঠেকাতে ব্যর্থ হবে,0
কয়েক সপ্তাহ আগে ইনস্টাগ্রামে কয়েকটি পোস্ট করেছেন মেধা ছবিটি ছড়িয়ে পড়েছে ছবিতে প্রায় ২ লাখ রিঅ্যাক্ট পড়েছেশিল্পীর ইনস্টাগ্রাম থেকে ২  ৫ এসব ছবিতে ১৩ শতাধিক মন্তব্য এসেছে এসব ছবিতে ১৩ শতাধিক মন্তব্য এসেছেশিল্পীর ইনস্টাগ্রাম থেকে আরও পড়ুন টুয়েলভথ ফেল অভিনেত্রী মেধার প্রথম উপার্জন কত ছিল ১৬ মার্চ ২০২৪ টুয়েলভথ ফেল অভিনেত্রী মেধার প্রথম উপার্জন কত ছিল ৩  ৫ এসব ছবিতে ১৩ শতাধিক মন্তব্য এসেছে এসব ছবিতে ১৩ শতাধিক মন্তব্য এসেছেশিল্পীর ইনস্টাগ্রাম থেকে আরও পড়ুন এ বছর ফিল্মফেয়ারে কয়টি পুরস্কার জিতল টুয়েলভথ ফেল ২৯ জানুয়ারি ২০২৪ এ বছর ফিল্মফেয়ারে কয়টি পুরস্কার জিতল টুয়েলভথ ফেল ৪  ৫ ২০১৫ সালে কাজ শুরু করলেও হাতে গোনো কয়েকটি সিনেমা ও সিরিজে কাজ করেছেন মেধা ২০১৫ সালে কাজ শুরু করলেও হাতে গোনো কয়েকটি সিনেমা ও সিরিজে কাজ করেছেন মেধাশিল্পীর ইনস্টাগ্রাম থেকে ৫  ৫ ভারতের উত্তর প্রদেশের নয়ডায় জন্ম মেধা শংকরের সেখানেই বড় হয়েছেন ভারতের উত্তর প্রদেশের নয়ডায় জন্ম মেধা শংকরের সেখানেই বড় হয়েছেনশিল্পীর ইনস্টাগ্রাম থেকে প্রথম আলোর খবর পেতে গুগল নিউজ চ্যানেল ফলো করুন বলিউড থেকে আরও দেখুন সিনেমাবলিউড তারকাবলিউড,1
একাত্তরে নির্যাতন গণহত্যার জন্য পাকিস্তানের ক্ষমা চাওয়া ও দোষীদের শাস্তি দেয়া উচিত বলে জানিয়েছেন পররাষ্ট্রমন্ত্রী এ কে আব্দুল মোমেন শনিবার সকালে রাজধানীর ফরেন সার্ভিস একাডেমিতে স্বাধীনতা দিবস উপলক্ষে আয়োজিত অনুষ্ঠানে এ কথা বলেন তিনি এখনো ক্ষমা না চাওয়ায় পাকিস্তানের লজ্জিত হওয়া উচিত বলেও জানান পররাষ্ট্রমন্ত্রী পরে ইউক্রেন ইস্যু প্রসঙ্গে বলেন বাংলাদেশ শান্তির পক্ষে যুদ্ধ বন্ধ ও ইউক্রেনের বাসিন্দারা যেনো মানবিক সহায়তা পায় সেটাই চায় বাংলাদেশ তাই মানবাধিকার ইস্যুতে ইউক্রেনে মানবিক সংকট নিরসনের প্রস্তাবের পক্ষে জাতিসংঘে ভোট দেয়া হয়েছে তবে ইউক্রেনের পক্ষে ভোট দেয়ায় রাশিয়ার পক্ষ থেকে কোনো ক্ষোভের কারণ নেই বলে জানান পররাষ্ট্রমন্ত্রী তিনি বলেন ভোট দেয়ার ফলে কিছুটা চাপ আসলেও তা সামাল দেয়া সম্ভব,0
সাদনিমা বিনতে নোমান সাদনিমা বিনতে নোমানছবি সাদনিমার ইনস্টাগ্রাম থেকে গত বছর আলোচনায় ছিলেন তরুণ অভিনেত্রী সাদনিমা বিনতে নোমান চলতি বছরও সে ধারাবাহিকতা অব্যাহত আছে ছোট পর্দা ওটিটির পর বড় পর্দায় অভিষেক হতে যাচ্ছে এ অভিনেত্রীর শোনা যাচ্ছে মেহেদী হাসানের রাক্ষস সিনেমা দিয়ে বড় পর্দায় নাম লিখিয়েছেন তিনি সাদনিমা সাদনিমাছবি সাদনিমার ইনস্টাগ্রাম থেকে আসন্ন ঈদুল ফিতরে মুক্তির পরিকল্পনা নিয়ে রাক্ষস সিনেমার শুটিং নিয়ে ব্যস্ত পুরো টিম চলতি মাসের শুরুতেই শ্রীলঙ্কায় পাড়ি জমিয়েছে শুটিং ইউনিট রোমান্টিকঅ্যাকশন ঘরানার এই সিনেমায় প্রধান চরিত্রে অভিনয় করছেন সিয়াম আহমেদ তাঁর বিপরীতে আছেন কলকাতার অভিনেত্রী সুস্মিতা চ্যাটার্জি দুজনই শ্রীলঙ্কায় একসঙ্গে শুটিংয়ে অংশ নিয়েছেন টালিউড অভিনেত্রী সুস্মিতা চ্যাটার্জি ও ঢালিউডের সিয়াম আহমেদ টালিউড অভিনেত্রী সুস্মিতা চ্যাটার্জি ও ঢালিউডের সিয়াম আহমেদছবি  পরিচালকের সৌজন্যে এরই মধ্যে জানা গেছে ছবিতে অভিনয় করতে দেখা যাবে সাদনিমাকে এ অভিনেত্রী শ্রীলঙ্কায় উড়াল দেন ১৪ জানুয়ারি সেখানে নিজের অংশের শুটিং শেষ করে দেশে ফিরেছেন তিনি দেশটিতে জন্মদিনও পালন করেন সাদনিমা তবে বিষয়টি নিয়ে পরিচালক বা তাঁর টিম এখনো আনুষ্ঠানিকভাবে কোনো মন্তব্য করতে রাজি হয়নি অভিনেত্রীও বিষয়টি এড়িয়ে গেছেন ছবির নির্মাতা মেহেদী হাসানকে হোয়াটসঅ্যাপে কল ও বার্তা পাঠালেও উত্তর আসেনি সাদনিমাও এ বিষয়ে কথা বলেননি আরও পড়ুন শ্রীলঙ্কা ও মালয়েশিয়া দিয়ে শেষ হবে ঢালিউডের রাক্ষস ০৮ জানুয়ারি ২০২৬ শ্রীলঙ্কা ও মালয়েশিয়া দিয়ে শেষ হবে ঢালিউডের রাক্ষস শ্রীলঙ্কায় ড্রামা অংশের দৃশ্যধারণের পাশাপাশি একটি গুরুত্বপূর্ণ অ্যাকশন দৃশ্যের শুটিংও ইতিমধ্যে সম্পন্ন হয়েছে বাকি কিছু দৃশ্যের শুটিং শেষে ৩০ জানুয়ারি পুরো টিমের দেশে ফেরার কথা রয়েছে গত বছরটা সাদনিমার মনে রাখার মতো ভালোবাসা দিবসে মনেরই রঙে রাঙিয়ে নাটকে পার্শ্বচরিত্রে অভিষেক নাটকটিতে জুঁই চরিত্রে অভিনয় করে নির্মাতা পার্থ সরকারের নজরে আসেন এই নির্মাতা পরে সাদনিমাকে নিয়ে তৈরি করেন গোল্ডফিশ নাটকটির সুবাদে প্রধান অভিনেত্রী হিসেবে সুযোগ মেলে চরকি অরিজিনাল ওয়েব সিনেমা লিটল মিস ক্যাওসএ ইরা চরিত্রে কাজ করে প্রশংসা পেয়েছেন তিনি প্রথম আলোর খবর পেতে গুগল নিউজ চ্যানেল ফলো করুন ঢালিউড থেকে আরও পড়ুন সিয়ামতরুণ অভিনয়শিল্পীঢালিউডঢাকাই সিনেমা ঢালিউড নিয়ে আরও পড়ুন মৃত্যুর পর জাভেদের সম্মাননা প্রত্যাখ্যান করলেন স্ত্রী ২৩ জানুয়ারি ২০২৬ মৃত্যুর পর জাভেদের সম্মাননা প্রত্যাখ্যান করলেন স্ত্রী শাবানাববিতাসুচরিতাদের নাচের গুরু তিনি ২২ জানুয়ারি ২০২৬ শাবানাববিতাসুচরিতাদের নাচের গুরু তিনি মাহিজয়ের যুক্তরাষ্ট্রের গ্রিন কার্ড না হওয়ার কারণ ২২ জানুয়ারি ২০২৬ মাহিজয়ের যুক্তরাষ্ট্রের গ্রিন কার্ড না হওয়ার কারণ জাভেদের মৃত্যুতে শাকিব খানের আবেগঘন মন্তব্য ২১ জানুয়ারি ২০২৬ জাভেদের মৃত্যুতে শাকিব খানের আবেগঘন মন্তব্য,0
মাত্র দুই হাজার টাকার জন্য জাহাঙ্গীর আলম ২৭ নামে এক যুবককে গলা কেটে হত্যার চেষ্টা করেছেন তারই দুই বন্ধু গত শুক্রবার গভীর রাতে মিরপুর মডেল থানার লাভ রোড এলাকায় এ ঘটনা ঘটে ঘটনায় জড়িত দুই বন্ধু সাগর ৩২ ও শাহেদকে ৩৫ রাতেই গ্রেপ্তার করা হয়েছে জাহাঙ্গীর একজন ড্রাইভার এবং মোটর মেকানিক তার বন্ধু সাগর ও শাহেদও মোটর মেকানিক জাহাঙ্গীরের কাছ থেকে দুই হাজার টাকা পেতেন সাগর এই টাকা নিয়েই দুইজনের মধ্যে কথা কাটাকাটি হয় কথা কাটাকাটিকে কেন্দ্র করেই জাহাঙ্গীরকে হত্যার পরিকল্পনা করেন সাগর শাহেদ এ ঘটনায় জাহাঙ্গীরের বাবা আব্দুল হালিম একটি মামলা দায়ের করেছেন মামলার দুই আসামি সাগর ও শাহেদকে রাতেই গ্রেপ্তার করা হয়েছে উদ্ধার করা হয়েছে হত্যাচেষ্টায় ব্যবহৃত ছুরি মোটরসাইকেল এবং আসামির রক্তমাখা জামা,1
আনুষ্ঠানিক ঘোষণা আসেনি তবে মৌসুম শেষে কিলিয়ান এমবাপ্পের পিএসজি ছাড়া অনেকটাই নিশ্চিত এর মধ্যে রিয়াল মাদ্রিদের সঙ্গে এমবাপ্পের চুক্তির বিস্তারিত তথ্যও সামনে এনেছে স্প্যানিশ সংবাদমাধ্যম মার্কাসহ একাধিক ইউরোপীয় সংবাদমাধ্যম গুঞ্জন এ রকম যে চুক্তি সই ছাড়া আর সবকিছুই হয়ে গেছে এমনকি এমবাপ্পের প্রতি পিএসজি ও কোচ লুইস এনরিকের আচরণেও এসেছে বেশ পরিবর্তন লিগ আঁতে টানা চার ম্যাচে ৯০ মিনিট খেলার সুযোগ পাননি এ ফরাসি তারকা ক্লাবের এমন আচরণে বিরক্ত এমবাপ্পে কথা বলেছেন কোচ এনরিকের সঙ্গেও পিএসজি কোচকেও বিষয়টি নিয়ে কথা বলতে হয়েছে সংবাদমাধ্যমের সঙ্গে বলেছেন ভবিষ্যতে চোখ রেখে এমবাপ্পেকে ছাড়া খেলায় অভ্যস্ত হতে চায় তাঁল দল ঘরোয়া লিগে এমবাপ্পেকে না নামানোর ঝুঁকি নিলেও চ্যাম্পিয়নস লিগে অবশ্য সে পথে হাঁটেননি এনরিকে রিয়াল সোসিয়েদাদের বিপক্ষে শেষ ষোলোর দ্বিতীয় লেগে পুরো ৯০ মিনিট মাঠে ছিলেন বিশ্বকাপজয়ী এই তারকা তাঁর জোড়া গোলেই পিএসজি ২১ গোলে জিতে উঠেছে শেষ আটে এর আগে প্রথম লেগেও ২০ ব্যবধানের জয়েও একটি গোল এসেছিল এমবাপ্পের কাছ থেকেই এখন শেষ আটে পিএসজি খেলবে বার্সেলোনার বিপক্ষে গুরুত্বপূর্ণ এ ম্যাচেও পিএসজির সবচেয়ে বড় ভরসার নাম এমবাপ্পে লিগে এ ফরোয়ার্ডকে পুরো সময় না খেলিয়ে দলকে অভ্যস্ত করার ঝুঁকি নেওয়ার সুযোগ থাকলেও চ্যাম্পিয়নস লিগে এমন কিছু হতে পারে আত্মঘাতী সেটি অজানা নয় পিএসজি কোচ এনরিকেরও তবে নিজের টুইচ ভিডিও লাইভস্ট্রিমিং সার্ভিস চ্যানেলে কথা বলার সময় বার্সার বিপক্ষে এমবাপ্পেকে বিশ্রাম দেওয়া নিয়ে বেশ রসিকতাই করলেন এই স্প্যানিশ কোচ পিএসজি কোচ লুইস এনরিকে পিএসজি কোচ লুইস এনরিকেপিএসজি ওয়েবসাইট সাবেক বার্সেলোনা কোচ এনরিকে সম্প্রতি তাঁর প্রয়াত মেয়ের নামের দাতব্য সংস্থা জানা ফাউন্ডেশনের উদ্বোধন করেন ৯ বছর বয়সে ক্যানসারে আক্রান্ত হয়ে মারা যায় জানা দাতব্য সংস্থাটি উদ্বোধনের পর টুইচ চ্যানেলে সেটি নিয়ে কথা বলেন পিএসজি কোচ সেখানে মজা করে এক অনুসারী জিজ্ঞেস করেছেন কতজন সাবস্ক্রাইভার পেলে এমবাপ্পেকে এনরিকে বার্সার বিপক্ষে সেন্টার ব্যাক হিসেবে খেলাবেন এমন প্রশ্ন এড়িয়ে না গিয়ে এনরিকেও উত্তর দেন বেশ মজা করে তিনি বলেছেন সাবস্ক্রাইবার না ৪ বা ৫ মিলিয়ন ইউরো এই দাতব্য সংস্থায় জানা ফাউন্ডেশন দান করে দিন আমি কিলিয়ানকে এমবাপ্পে বিশ্রামও দিয়ে দিতে পারি আপনার রসিদটি আমাকে পাঠিয়ে দেবেন টুইচে মজা করলেও বার্সার বিপক্ষে এমবাপ্পে হবেন এনরিকের তুরুপের তাস এমবাপ্পেরও জন্যও বিদায়ের আগে পিএসজিকে চ্যাম্পিয়নস লিগ শিরোপা এনে দেওয়ার এটিই শেষ সুযোগ বহু আরাধ্যের এই শিরোপাটি যদি এমবাপ্পে পিএসজিকে জেতাতে পারেন তবে বীরের বেশেই প্যারিসের ক্লাবটি থেকে বিদায় নেওয়ার সুযোগ পাবেন ফরাসি তারকা,1
অদৃশ্য শক্তি করোনা মহামারির এই সংকটময় মুহূর্তে দেশের মানুষকে বাঁচাতে বিএনপিসহ সবাইকে দলমতনির্বিশেষে দায়িত্বশীল ভূমিকা পালনের আহ্বান জানিয়েছেন আওয়ামী লীগ সাধারণ সম্পাদক ওবায়দুল কাদের সড়ক পরিবহন ও সেতুমন্ত্রী আজ সোমবার সকালে তাঁর সরকারি বাসভবনে সমসাময়িক বিষয় নিয়ে আয়োজিত নিয়মিত সংবাদ সম্মেলনে এই আহ্বান জানান ওবায়দুল কাদের বলেন সংকটকালে সাহস জোগানের পরিবর্তে বিএনপি বিভ্রান্তি ছড়িয়ে মানুষের মনোবল ভেঙে দেওয়ার অপচেষ্টা করছে আমি তাদের বিষোদ্গার ও সমালোচনার বৃত্ত থেকে বেরিয়ে এসে মানুষের পাশে দাঁড়ানোর আহ্বান জানাচ্ছি করোনা ভাইরাস দলমত চেনে না সরকার একলা চলো নীতিতে বিশ্বাসীবিএনপির নেতাদের এমন বক্তব্যের জবাবে আওয়ামী লীগের সাধারণ সম্পাদক বলেন সংকটের শুরু থেকেই প্রধানমন্ত্রী শেখ হাসিনা বারবার দলমতনির্বিশেষে সবার সহযোগিতার জন্য আহ্বান জানিয়েছেন প্রধানমন্ত্রী বিশেষজ্ঞ কমিটির সুপারিশের ভিত্তিতেই করোনা মোকাবিলায় বিভিন্ন সিদ্ধান্ত বাস্তবায়ন করছেন বিএনপি করোনার শুরু থেকে নিজেদের আইসোলেশনে রেখে লিপসার্ভিস দিয়ে যাচ্ছে বলে মন্তব্য করেন সড়ক পরিবহনমন্ত্রী তিনি বলেন শেখ হাসিনার সরকার ও আওয়ামী লীগ সংকটের শুরু থেকে জনগণের পাশে আছে থাকবে সেতুমন্ত্রী বলেন সংক্রমণের উচ্চমাত্রার সঙ্গে তাল মিলিয়ে বিএনপির অপপ্রচারও চলছে উচ্চমাত্রায় অসহায় মানুষের জন্য তাদের মায়াকান্না বক্তৃতাবিবৃতিতেই সীমাবদ্ধ বিএনপির নেতাদের প্রতি প্রশ্ন রেখে আওয়ামী লীগের সাধারণ সম্পাদক বলেন বিএনপি একবার বলে কঠোর লকডাউন আবার বলে লকডাউনে মানুষ হয়রানির শিকার হয় এখন আবার বলছে কারফিউ সমাধান নয় আমি বিএনপির নেতাদের কাছে প্রশ্ন রেখে জানতে চাই সরকার কি বলছে কারফিউতে সমাধান ওবায়দুল কাদের বলেন মানুষ না বাঁচলে কাদের জন্য রাজনীতি করব অথচ বিএনপির নেতারা মানুষ বাঁচানোর পরিবর্তে সরকারের সমালোচনা আর দুর্নীতির গন্ধ খোঁজাকেই এই সংকটকালে রাজনীতি হিসেবে চর্চা করে যাচ্ছে সেতুমন্ত্রী বলেন শেখ হাসিনা সরকার জনকল্যাণে কাজ করছে কোথাও অনিয়ম দেখলে কঠোর ব্যবস্থা নিচ্ছে জনগণকে বাঁচানোই হচ্ছে এখন রাজনীতি আওয়ামী লীগের সাধারণ সম্পাদক বলেন করোনার এই মহামারিতে শুধু বাংলাদেশ নয় বিশ্বের যেসব দেশে সংক্রমণ ভয়ানক রূপ নিয়েছে সেখানেও বিশেষজ্ঞদের মতামত নিয়ে কাজ করা হচ্ছে বিশেষজ্ঞরা কোনো দলের নয় অথচ বিএনপি চায় তাদের নিয়ে কমিটি হোক পৃথিবীর কোথাও দলীয় কমিটির রেওয়াজ নেই,0
রাজধানীর শাহবাগে সাংবাদিকের ওপর হামলার ঘটনায় কোটা বাতিলের আন্দোলনকারী শিক্ষার্থীদের বিরুদ্ধে মামলা হয়েছে মামলায় হত্যার উদ্দেশ্যে সাংবাদিকের ওপর হামলা গতিরোধ ক্ষতিসাধন ও ভয়ভীতি দেখানোর অভিযোগ আনা হয়েছে শনিবার ১৩ জুলাই শাহবাগ থানায় মামলাটি করা হয় বলে নিশ্চিত করেন ভারপ্রাপ্ত কর্মকর্তা ওসি মোস্তাজিরুর রহমান তিনি বলেন সময় টেলিভিশনের মানবসম্পদ ও প্রশাসন বিভাগের জ্যেষ্ঠ ব্যবস্থাপক সৈয়দ আসাদুজ্জামান বাদী হয়ে এজাহার দিয়েছেন এজাহারে অজ্ঞাতপরিচয় অনেককে উল্লেখ করা হয়েছে এজাহারে উল্লেখ করা হয়েছে বৃহস্পতিবার ১১ জুলাই বিকেল ৬টা ২০ মিনিটের দিকে সময় টেলিভিশনের সিনিয়র রিপোর্টার ত্বোহা খান তামিম ৩৭ এবং ক্যামেরাম্যান সুমন সরকারকে ৩৬ উদ্দেশ করে অকথ্য ভাষায় গালিগালাজ করতে থাকেন আন্দোলনকারীরা তারা বলেন সময় টিভির ক্যামেরা ধর লাকে এরপর আন্দোলনকারীরা সাংবাদিক তোহা খান তামিম ও সুমনকে লক্ষ্য করে কয়েকটি বড় বড় ইট ছুড়ে মারতে থাকেন যার একটি তামিমের বাম হাতের ওপর এসে পড়ে এসময় আন্দোলনকারীরা সুমনের হাত থেকে ক্যামেরা ও সরাসরি সম্প্রচারের যন্ত্রটি কেড়ে নেওয়ার চেষ্টা করেন এবং তামিমের হেলমেট খুলে নিয়ে হত্যার উদ্দেশ্যে মাথায় সজোরে আঘাত করেন আন্দোলনকারীরা বিভিন্নভাবে তাদের ভয়ভীতি ও প্রাণনাশের হুমকি দেন বলেও এজাহারে উল্লেখ করা হয়েছে,1
শিশু থেকে বয়স্ক সবারই পছন্দের খাবার ডিম কোনো কোনো ডিমের খোসা সাদা কোনোটার লালচে হয় আবার কুসুমের ক্ষেত্রেও কোনোটা হলুদ কোনোটা কমলা দেখা যায় ডিমের রঙের মতো কোন রঙের কুসুম স্বাস্থ্যের জন্য বেশি উপকারী তা নিয়ে অনেকেই দ্বন্দ্বে থাকেন যুক্তরাষ্ট্রের ইউনাইটেড স্টেটস ডিপার্টমেন্ট অব এগ্রিকালচার ইউএসডিএ এর গবেষকদের মতে একটি ৫০ গ্রাম ওজনের ডিমে ৭২ ক্যালরি ও ৪ দশমিক ৭৫ গ্রাম ফ্যাট  যার মধ্যে দ্রবণীয় মাত্র ১ দশমিক ৫ গ্রাম থাকে সাদা ও লাল ডিমে এই পুষ্টিগুণের পরিমাণ প্রায় এক এ কারণে লাল বা সাদা যাই হোক না কেন দুধরনের ডিমের খাদ্যগুণ বা পুষ্টিগুণ প্রায় সমান বেশিরভাগ মানুষেরই ধারণা কুসুমের রঙ যত গাঢ় হয় ওই ডিম তত স্বাস্থ্যকর তবে ইউএসডিএর গবেষকদের মতে কুসুমের রঙ নির্ভর করে মুলত মুরগির খাবারের ওপর আর ডিমের কুসুমের রঙ কমলা হয় ক্যারোটিনয়েড নামের এক রকম রাসায়নিকের প্রভাবে মুরগি খোলা জায়গায় যত বেশি ঘুরে বেড়ানোর সুযোগ পাবে তার ডিম ততই গাঢ় রঙের হবে বেশ কিছু খামারে ক্যারোটিনয়েড সমৃদ্ধ খাবার দেওয়া হয় মুরগিকে যার প্রভাবে ওই সব মুরগির ডিমের কুসুমের রঙ কমলা হয় যুক্তরাষ্ট্রের গবেষকদের মতে দুটি কারণে কুসুমের রঙ গাঢ় হতে পারে এর মধ্যে একটি হলো যদি মুরগিটি খোলা জায়গায় ঘুরে বেড়ানোর সুযোগ পায় এবং প্রাকৃতিক খাবার থেকে পুষ্টি পায় তাহলে দ্বিতীয়টি হলো যদি মুরগিটিকে বিশেষ ধরনের খাবার খাওয়ানো হয় তাহলেও এর ডিম গাঢ় হতে পারে গবেষকরা বলছেন খামারের যে কোনও মুরগির চেয়ে প্রাকৃতিক উপায়ে পুষ্টিকর খাবার খুঁজে খাওয়া মুরগির ডিমে ভিটামিন ই ভিটামিন এ আর ওমেগা থ্রি ফ্যাটি অ্যাসিডের পরিমাণ অনেক বেশি থাকে আর রঙও গাঢ় হয় কুসুমের রঙ যাতে গাঢ় হলুদ বা কমলা হয় এজন্য অনেক খামারের মালিক মুরগিকে ক্যারোটিনয়েড সমৃদ্ধ খাবার যেমন লাল ক্যাপসিকাম খাওয়ান কিন্তু তাতে কুসুমের খাদ্যগুণ বা পুষ্টিগুণে খুব একটা পার্থক্য হয় না,0
রাজধানীর শ্যামপুর এলাকা থেকে জালনোট প্রস্তুতকারী হৃদয় মাতব্বরকে ২২ গ্রেপ্তার করেছে র্যাব৩ শুক্রবার ৭ জুন র্যাব৩ এর স্টাফ অফিসার মিডিয়া সহকারী পুলিশ সুপার শামীম হোসেন এ তথ্য নিশ্চিত করেন এর আগে বৃহস্পতিবার দিনগত রাতে অভিযান চালিয়ে বিপুল জালনোটসহ তাকে গ্রেপ্তার করা হয়অভিযানে হৃদয়ের কাছ থেকে জালনোট তৈরিতে ব্যবহৃত একটি সিপিইউ একটি মনিটর একটি প্রিন্টার একটি রাউটার একটি পেপার কাটার ৯টি ভুয়া জাতীয় পরিচয়পত্র এনআইডি কার্ড তিনটি ভুয়া ভারতীয় এনআইডি কার্ডের ফটোকপি ও ৬০ হাজার ৭০০ টাকার জালনোট উদ্ধার করা হয় র্যাব৩ এর স্টাফ অফিসার মিডিয়া সহকারী পুলিশ সুপার শামীম হোসেন বলেন আসন্ন ঈদুল আজহাকে টার্গেট করে বিপুল পরিমাণ জালনোট বাজারে সরবরাহের পরিকল্পনা করেছিলেন হৃদয় প্রতি ১ লাখ টাকার জাল নোট ১০ থেকে ১২ হাজার টাকায় বিক্রি করলেও ঈদে চাহিদা বেড়ে যাওয়ায় ১৫ হাজার টাকায় বিক্রি করছিলেন তিনি,0
প্রধানমন্ত্রী শেখ হাসিনা বলেছেন সুন্দরবন সম্প্রসারিত হচ্ছে বাঘের সংখ্যাও বেড়েছে আজ বুধবার জাতীয় সংসদের প্রশ্নোত্তরে সংরক্ষিত আসনের বেগম সুলতানা নাদিরার প্রশ্নের জবাবে প্রধানমন্ত্রী এ তথ্য জানান স্পিকার শিরীন শারমীন চৌধুরীর সভাপতিত্বে বৈঠকের শুরুতে প্রশ্নোত্তর টেবিলে উত্থাপন করা হয় প্রধানমন্ত্রী শেখ হাসিনা বলেন ক্যামেরা ট্র্যাপিংয়ের মাধ্যমে ২০১৫ সালে বাঘশুমারি অনুযায়ী সুন্দরবনে বাঘের সংখ্যা ছিল ১০৬ ২০১৮ সালের শুমারিতে এর সংখ্যা ১১৪ পাওয়া গেছে সুন্দরবনের কার্বন মজুতের পরিমাণ ২০০৯ সালের ১০৬ মিলিয়ন টন থেকে বৃদ্ধি পেয়ে ২০১৯ সালে ১৩৯ মিলিয়ন টন হয়েছে সংসদ নেতা বলেন বর্তমান সরকার সুন্দরবন ও এর জীববৈচিত্র্য রক্ষার বিষয়ে সব সময় আন্তরিক ও বদ্ধপরিকর দেশের উন্নয়নে যে পদক্ষেপেই নেওয়া হোক না কেন সুন্দরবন এবং এর জীববৈচিত্র্য যেন কোনোভাবেই ক্ষতিগ্রস্ত না হয় এ বিষয়ে গুরুত্ব দেওয়া হয় সুন্দরবনের আয়তন বাড়ানোর জন্য সরকার কৃত্রিম ম্যানগ্রোভ সৃষ্টির উদ্যোগ নিয়েছে সমগ্র উপকূলীয় অঞ্চলে এর বিস্তৃতি ঘটানোর পদক্ষেপ নেওয়া হয়েছে একই সঙ্গে সুন্দরবনের বৃক্ষাদি এবং বন্য প্রাণী রক্ষার জন্য তথা বন অপরাধ দমনের জন্য স্মার্ট পেট্রোলিংসহ নানাবিধ ব্যবস্থা নেওয়া হয়েছে প্রধানমন্ত্রী জানান জীববৈচিত্র্যের আধার সুন্দরবনে এখন ৩৩৪ প্রজাতির উদ্ভিদ ১৬৫ প্রজাতির শৈবাল ১৩ প্রজাতির অর্কিড এবং ৩৭৫ প্রজাতির বন্য প্রাণী পাওয়া যায় বন্য প্রাণীর মধ্যে ৪২ প্রজাতির স্তন্যপায়ী ৩৫ প্রজাতির সরীসৃপ ৮ প্রজাতির উভচর ৩১৫ প্রজাতির পাখি ২১০ প্রজাতির মাছ ২৪ প্রজাতির চিংড়ি ১৪ প্রজাতির কাঁকড়া আছে সুন্দরবনের গাছপালা ও বন্য প্রাণিকুলকে রক্ষার জন্য বনকর্মীদের যুগোপযোগী করে তুলে এদের সংখ্যা বৃদ্ধির পদক্ষেপের কথাও জানান সরকারপ্রধান ২০১৭ সালে বন্য প্রাণী অভয়ারণ্য এলাকা সম্প্রসারণ করা হয়েছে উল্লেখ করে প্রধানমন্ত্রী বলেন বর্তমানে সুন্দরবনের প্রায় ৫৩ শতাংশ এলাকা অভয়ারণ্যের অন্তর্ভুক্ত উন্নয়নে স্বাধীন গণমাধ্যম গুরুত্বপূর্ণ সরকারি দলের সাংসদ শহীদুজ্জামান সরকারের প্রশ্নের জবাবে প্রধানমন্ত্রী শেখ হাসিনা বলেন সংবিধানে রাষ্ট্রের স্পর্শকাতর ও প্রতিরক্ষার মতো স্পর্শকাতর বিষয় ছাড়া অন্য সব বিষয়ে অবাধ তথ্যপ্রবাহসহ গণমাধ্যমের স্বাধীনতার ওপর গুরুত্ব দেওয়া হয়েছে বর্তমান সরকার নির্বাহী বিভাগ আইন বিভাগ ও বিচার বিভাগের পর রাষ্ট্রের চতুর্থ স্তম্ভ হিসেবে গণমাধ্যমের স্বাধীনতায় দৃঢ়ভাবে বিশ্বাস করে দেশের উন্নয়নে স্বাধীন গণমাধ্যম ও গণমুখী সাংবাদিকতার গুরুত্ব অপরিসীম গণমাধ্যম ও সাংবাদিকদের জন্য নেওয়া সরকারের বিভিন্ন পদক্ষেপ তুলে ধরে সংসদ নেতা শেখ হাসিনা জানান সরকার দেশের গণমাধ্যমকে সব ধরনের সহায়তা প্রদানের মাধ্যমে সমাজে মতপ্রকাশের স্বাধীনতাকে সমুন্নত রেখেছে তিনি জানান বর্তমানে দেশে প্রকাশিত পত্রিকার সংখ্যা ৩ হাজার ২২২ এ ছাড়া বেসরকারি খাতে ৪৫টি টেলিভিশন ২৭টি এফএম রেডিও এবং ৩১টি কমিউনিটি রেডিও চ্যানেলের অনুমতি দেওয়া হয়েছে বঙ্গবন্ধু স্যাটেলাইট১ উৎক্ষেপণের ফলে গণমাধ্যম অঙ্গন শক্তিশালী হয়েছে দেশে টিভি চ্যানেলগুলো এখন অনেক কম খরচে বঙ্গবন্ধু স্যাটেলাইট১ ব্যবহার করে সম্প্রচার কার্যক্রম পরিচালন করছে,1
সুন্দরবনে কাঠ কাটার সময় বাঘের আক্রমণের শিকার হয়ে রেজাউল পাইক ৪৫ নামের এক জেলে আহত হয়েছেন শনিবার ১০ আগস্ট দুপুর ১২ টার দিকে সুন্দরবনের সবেদ আলী খালে জ্বালানির কাঠ কাটার সময় বাঘের আক্রমণের শিকার হন তিনি রেজাউল শ্যামনগর উপজেলার মুন্সিগঞ্জ ইউনিয়নের পাশ্বেখালি গ্রামের মৃত সুরাত পাইকের ছেলে জানা গেছে শনিবার দুপুর ১২ টার দিকে রেজাউল কাঠ কাটার জন্য একা সুন্দরবনের ছবেদ আলির খালে যায় এ সময় বাঘ আক্রমণ করলে হাতে থাকা দা দিয়ে বাঘের মুখে আঘাত করে তিনি তখন রেজাউলকে ছেড়ে বাঘ পালিয়ে যায় বনবিভাগের কৈখালী স্টেশন কর্মকর্তা সলজ কুমার দ্বীপ বিষয়টি নিশ্চিত করে বলেন আহত রেজাউল শ্রবণ প্রতিবন্ধী বলে জানা গেছে তিনি এখন নিজ বাড়িতে চিকিৎসাধীন আছেন,0
নোয়াখালীর কোম্পানীগঞ্জ থানা ১২ ঘণ্টারও বেশি সময় ধরে ঘেরাও করে অবস্থান ধর্মঘট পালন করছেন সেতুমন্ত্রী ও আওয়ামী লীগের সাধারণ সম্পাদক ওবায়দুল কাদেরের ছোট ভাই আবদুল কাদের মির্জা পাশাপাশি তাঁর ডাকে আজ বুধবার সকাল থেকে উপজেলায় হরতাল চলছে জেলা প্রশাসক ডিসি পুলিশ সুপার এসপি কোম্পানীগঞ্জ থানার ভারপ্রাপ্ত কর্মকর্তা ওসি ও ভারপ্রাপ্ত কর্মকর্তাতদন্তকে প্রত্যাহার এবং চরকাঁকড়া ইউনিয়ন আওয়ামী লীগের নেতা ফখরুল ইসলাম ওরফে সবুজের গ্রেপ্তারের দাবিতে গতকাল মঙ্গলবার রাত সাড়ে আটটা থেকে তিনি থানা ঘেরাও কর্মসূচি শুরু করেন সকাল থেকে শুরু হয়েছে হরতাল আজ সকাল সাড়ে নয়টায় এ প্রতিবেদন লেখা পর্যন্ত কয়েক শ নেতাকর্মী নিয়ে কাদের মির্জা থানার ফটকে অবস্থান করছিলেন হরতালের কারণে উপজেলার দোকানপাট সব বন্ধ আছে কোনো যানবাহন কোম্পানীগঞ্জে ঢুকতে পারছে না স্থানীয় সূত্রে জানা গেছে গতকাল সন্ধ্যায় কোম্পানীগঞ্জের বসুরহাট পৌরসভার মেয়র আবদুল কাদের মির্জা ফেনীর দাগনভূঞা ও চট্টগ্রামে তাঁর ওপর হামলা ও তাঁকে হত্যার ষড়যন্ত্রের প্রতিবাদে বসুরহাট রূপালী চত্বরে সংবাদ সম্মেলন করেন এতে তিনি ফেনীর সাংসদ নিজাম উদ্দিন হাজারী নোয়াখালীর সাংসদ একরামুল করিম চৌধুরীসহ দাগনভূঞা ও সোনাগাজী উপজেলা পরিষদের চেয়ারম্যানদের অভিযুক্ত করেন সূত্র জানায় এই সংবাদ সম্মেলন চলাকালে উপজেলার টেকেরবাজারে আবদুল কাদের মির্জার বিরুদ্ধে একটি সমাবেশ করেন চরকাঁকড়া ইউনিয়ন আওয়ামী লীগের নেতা ফখরুল ইসলাম ওরফে সবুজ কাদের মির্জা কোম্পানীগঞ্জকে জিম্মি করে রেখেছেন উল্লেখ করে তিনি বিভিন্ন অভিযোগ তুলে ধরেন সমাবেশ শেষে সেখানে একটি বিক্ষোভ মিছিল হয় সমাবেশের খবরে কাদের মির্জার একদল সমর্থক টেকেরবাজারে যান সেখানে দুই পক্ষের মধ্যে হাতাহাতি ও পাল্টাপাল্টি ধাওয়ার ঘটনা ঘটে একপর্যায়ে থানা থেকে পুলিশ গিয়ে ফখরুল ইসলামকে আটক করেন এ সময় সমর্থকেরা পুলিশের কাছ থেকে ফখরুলকে ছিনিয়ে নিয়ে যায় এ ঘটনার প্রতিবাদে কাদের মির্জা রাত সাড়ে আটটার দিকে কয়েক শ নেতাকর্মী নিয়ে থানার সামনে অবস্থান নেন সেখানে দেওয়া বক্তব্যে তিনি নোয়াখালীর ডিসি মোহাম্মদ খোরশেদ আলম খান এসপি আলমগীর হোসেন কোম্পানীগঞ্জের ওসি মীর জাহেদুল হক ও ওসি তদন্ত রবিউল হককে প্রত্যাহারের দাবি জানান পাশাপাশি সাংসদ নিজাম উদ্দিন হাজারী ও একরামুল করিম চৌধুরীর বিরুদ্ধেও ব্যবস্থা নেওয়ার দাবি তাঁর প্রত্যক্ষদর্শীরা বলেন গতকাল রাতের দিকে নেতাকর্মীর সংখ্যা কিছুটা কমে গেলেও আজ সকাল থেকে বাড়তে থাকে কোম্পানীগঞ্জ থানার ওসি মীর জাহেদুল হক এই খবরের সত্যতা নিশ্চিত করেছেন,0
ধসে পড়া ভারত শিবিরের হাল ধরে দেশকে জিতিয়েছেন শক্ত হাতের বিরাট কোহলি অস্ট্রেলিয়ার করা ১৯৯ রান তাড়া করতে নেমে শুরুতেই ২ রানে ৩ উইকেট হারায় ভারত কোহলিই দলের ভরসা হয়ে হাল ধরলেন রেকর্ডও গড়লেন আইসিসির প্রতিযোগিতায় ভারতীয়দের মধ্যে সব থেকে বেশি রানের রেকর্ড এত দিন ছিল শচীন টেন্ডুলকারের রবিবার বিরাট সেই রেকর্ড ভেঙে দিলেন আইসিসি প্রতিযোগিতায় ৫৮টি ইনিংস খেলে শচীন করেছিলেন ২৭১৯ রান বিরাট এ দিন ৬৪তম ইনিংস খেলছেন সেই ইনিংসেই শচীনকে টপকে গেলেন কোহলি ভারতীয়দের মধ্যে সচীন এবং কোহলি ছাড়া একমাত্র রোহিত শর্মা আইসিসি প্রতিযোগিতায় ২০০০ রানের গণ্ডি পার করেছেন যদিও মাঠে নেমেই অনিল কুম্বলের রেকর্ড ভেঙে দিয়েছিলেন কোহলি অস্ট্রেলিয়া ব্যাট করার সময় স্লিপে ক্যাচ ধরেন তিনি সঙ্গে সঙ্গে ভারতীয়দের মধ্যে এক দিনের বিশ্বকাপে সব থেকে বেশি ক্যাচ নেওয়ার রেকর্ড গড়েন তিনি টপকে যান অনিল কুম্বলেকে এত দিন এক দিনের বিশ্বকাপে সব থেকে বেশি ক্যাচ নেওয়ার রেকর্ড ছিল কুম্বলের তিনি ১৪টি ক্যাচ নিয়েছিলেন বিরাট নিলেন ১৫তম ক্যাচ ভারতীয়দের মধ্যে সেটাই এই প্রতিযোগিতায় সব থেকে বেশি ক্যাচ নেওয়ার রেকর্ড তবে সব দেশ মিলিয়ে শীর্ষে রয়েছেন রিকি পন্টিং অস্ট্রেলিয়ার বিশ্বকাপজয়ী অধিনায়ক ২৮টি ক্যাচ ধরেছিলেন তাকে এ বারের বিশ্বকাপে টপকে যাওয়ার সুযোগ রয়েছে ইংল্যান্ডের জো রুটের তিনি এখনও পর্যন্ত এক দিনের বিশ্বকাপে ২০টি ক্যাচ ধরেছেন এই তালিকায় কোহলি রয়েছেন পাঁচ নম্বরে রবিবারের ম্যাচ পর্যন্ত এক দিনের বিশ্বকাপে ১৬টি ক্যাচ ধরা পড়েছে বিরাটের হাতে,1
লাউ মূলত গ্রীষ্মকালীন সবজি লাউ খেলে পেট ঠান্ডা থাকে এছাড়াও নানা স্বাস্থ্য উপকারিতা পাওয়া যায় তবে শীতের বাজারেও লাউ পাওয়া যায় এই সময়ে লাউ খেলেও স্বাস্থ্য উপকারিতা মেলে যেমন ১ শীতে অনেকের পেটে নানা রকম সমস্যা হয় কোষ্ঠকাঠিন্য গ্যাসের সমস্যায় লাউ অত্যন্ত ভালো কাজ করে নিয়মিত লাউ খেলে পেটের এই সমস্যা কমে ২ রক্তে কোলেস্টেরলের মাত্রা কমাতেও লাউ কার্যকরী যারা কোলেস্টেরলের সমস্যায় ভুগছেন তারাও শীতকালে লাউ খেতে পারেন ৩ যারা ডায়াবেটিসের সমস্যায় ভুগছেন তারা সারা বছরই প্রতিদিনের খাদ্যতালিকায় লাউয়ের বিভিন্ন পদ রাখতে পারেন ৫ শীতে অনেকের শরীরচর্চার ইচ্ছা কমে যায় তাই অনেকেরই এই সময়ে ওজন বাড়ে ওজন কমাতেও সাহায্য করে লাউ শীতকালে নিয়মিত লাউ খেলে ওজন নিয়ন্ত্রণে থাকে,0
করোনা সংক্রমণের সংখ্যা দিন দিনই বাড়ছে বিশেষজ্ঞদের মতে করোনার নতুন স্ট্রেনের হাত থেকে বাঁচতে হলে সঠিক পদ্ধতিতে মাস্ক পরা ভিড় এড়িয়ে চলা এবং পরিচ্ছন্নতা মেনে চলা জরুরি তবে অনেকেই মাস্ক পরতে গিয়ে নিয়ম মানছেন না অনেকেই পুরনো আলগা নোংরা হয়ে যাওয়া মাস্ক পরে বাইরে যাচ্ছেন বিশেষজ্ঞরা বলছেন মাস্ক পরার ক্ষেত্রে কিছু নিয়ম মানা জরুরি যেমন ১ মাস্ক এমনভাবে পরুন যাতে মুখ ও নাক সম্পূর্ণভাবে ঢাকা পরে মাস্ক পরে যদি শুধু নাক বা মুখের কোনও একটা খোলা থাকে তাহলে মাস্ক পরার কোনও উপযোগিতা থাকে না খেয়াল রাখবেন মাস্ক যেন নাকের ওপর থেকে শুরু করে গোটা মুখ ভালো ভাবে ঢাকতে পারে তাই মাস্ক কেনার সময় সেটি কতটা চওড়া তা ভালো করে দেখে তবেই কিনবেন বাজারে যেসব সার্জিক্যাল মাস্ক পাওয়া যায় তা এক লেয়ারের মহামারির এ সময়ে তা মোটেও উপযোগী নয় অন্তত তিন লেয়ারের মাস্ক ব্যবহার করা উচিত ২ মুখের থেকে ঢিলে মাস্ক ব্যবহার করবেন না মাস্ক ঢিলে হলে তা ঠিক করতে বারবার মুখে হাত দিতে হবে এতে হাতের ধুলো ময়লা মাস্কে লেগে যাওয়ার আশঙ্কা থাকে ৩ সুতির কাপড়ের তৈরি মাস্ক তাড়াতাড়ি ছিঁড়ে যায় রঙ হালকা হয়ে গেলে ও মাস্কে ছোট থেকে বড় ফুটো দেখা দিলে সঙ্গে সঙ্গে সেই মাস্ক ডাস্টবিনে ফেলে দিন ফুটো দেখা দিলে সেই মাস্ক না পরাই ভালো কারণ করোনার সঙ্গে সঙ্গে বাতাসে থাকা অন্যান্য ভাইরাসও আক্রমণ করতে পারে ৪ মাস্ক এখন বাধ্যতামূলক মাস্ক পরে যদি ত্বকে নানা সমস্যা যেমন ব্রণ র্যাশ চুলকানি ফুলে ওঠার মতো সমস্যা হয় তাহলে দ্রুত মাস্ক পরিবর্তন করা উচিত ৫ মাস্ক যদি পরিষ্কার করা যায় তাহলে অবশ্যই ধুয়ে শুকিয়ে তারপর পরা উচিত গবেষণা বলছে করোনা পরিস্থিতিতে সঠিক মাস্ক পরলে প্রায় ৭০ শতাংশ করোনা হওয়ার ঝুঁকি কমে শুধু পরলেই হবে না সেটি ঠিকসময়ে ফেলেও দিতে হবে ৬ মাস্ক পরে অস্বস্তি হলে অবশ্যই সেই মাস্ক এড়িয়ে চলুন আবার ঘন্টার পর ঘন্টা একই মাস্ক পরে থাকলে অস্বস্তি তৈরি হয় এতে শ্বাসপ্রশ্বাসে ব্যাঘাত ঘটে তাই মাস্ক বদলানো প্রয়োজন ৭ মাস্কের নোজ ক্লিপ আলগা হয়ে গেলে সেই মাস্ক দ্রুত পাল্টে ফেলুন এ ছাড়া কানে লাগানোর ইলাস্টিক বা কাপড় যদি আলগা হয়ে যায় তাহলে বুঝতে হবে মাস্ক পরিবর্তন করার সময় এসেছে,0
করোনার প্রাদুর্ভাব কমে অর্থনীতি সচল হলেও ব্যাংক খাতে কমছে আমানতের পরিমাণ অর্থবছরের সাত মাসে আমানতের প্রবৃদ্ধি কমেছে ৫৪ হাজার কোটি টাকা বা ৫১ শতাংশের বেশি কেন্দ্রীয় ব্যাংকের দাবি বিনিয়োগ ও ভোগব্যয় বাড়ায় আমানত কমেছে তবে বিশ্লেষকরা বলছেন প্রণোদনার টাকা যথাসময়ে ফেরত না আসা রেমিট্যান্স ও সুদ হার কমার কারণেই আমানত কমছে করোনা মহামারির ধকল কাটিয়ে উঠতে শুরু করেছে দেশের অর্থনীতি এতে বাড়ছে বেসরকারি খাতে ঋণের চাহিদা তবে সমস্যা হয়ে দাঁড়িয়েছে ব্যাংকগুলোতে অর্থের সংকট বাংলাদেশ ব্যাংকের হিসেব বলছে ২৩ ফেব্রুয়ারি থেকে ২ মার্চ পর্যন্ত পাঁচ কার্যদিবসে বেশ কয়েকটি ব্যাংককে সাড়ে ৬ হাজার কোটি টাকার তারল্য সহায়তা ও বিশেষ রেপো সহায়তা দেয়া হয় হিসেব বলছে করোনার আগে ২০২০ সালের ফেব্রুয়ারিতে বার্ষিক আমানতের প্রবৃদ্ধি ছিল ১২ দশমিক ৮২ শতাংশ সেই প্রবৃদ্ধি বাড়তে বাড়তে ২০২১ সালের মে মাস পর্যন্ত সর্বোচ্চ সাড়ে ১৪ শতাংশে ওঠে এর পর থেকে টানা কমছে আমানতের প্রবৃদ্ধি জানুয়ারি পর্যন্ত চলতি অর্থবছরের ৭ মাসেই আমাতের প্রবৃদ্ধি কমেছে সাড়ে ৫১ শতাংশ কেন্দ্রীয় ব্যাংকের দাবি মানুষ এখন নিজেদের সঞ্চয় বিনিয়োগ করছে আবার দ্রব্যমূল্যের ঊর্ধ্বগতিতে ভোগব্যয় বাড়ায় নগদ টাকার চাহিদা বেড়েছে ব্যাংকগুলোর আমানত কমার বিষয়ে বিশেষজ্ঞরা বলছেন করোনার অজুহাতে নিয়মিত ঋণের পাশাপাশি প্রণোদনার টাকা যথাসময়ে ফেরত আসেনি এছাড়া রেমিট্যান্স ও সুদ হারের পতনে আমানতের প্রবৃদ্ধি ব্যাপকহারে কমে গেছে এদিকে দীর্ঘদিন ঝিমিয়ে থাকা বেসরকারি খাতের ঋণে গতি ফিরেছে জানুয়ারি পর্যন্ত বার্ষিক ঋণের প্রবৃদ্ধি ১১ শতাংশের বেশি এ ধারা অব্যাহত রাখতে ব্যাংকের বিনিয়োগ সক্ষমতা বৃদ্ধির ওপর জোর দেন বিশ্লেষকরা,0
আন্তর্জাতিক মুদ্রা তহবিল আইএমএফএর আহবানে সাড়া দিয়ে ঋণগ্রস্ত দরিদ্র রাষ্ট্র এবং ওআইসি সদস্যভুক্ত বন্ধুপ্রতীম দেশ সুদানের ঋণ মওকুফের লক্ষ্যে গত ১৫ জুন ২০২১ তারিখে বাংলাদেশ সরকার বাংলাদেশি টাকায় প্রায় ৬৫ কোটি টাকা প্রদান করেছেবুধবার ১৬ জুন অর্থ মন্ত্রণালয়ের এক প্রেস বিজ্ঞপ্তিতে এই সহায়তার কথা জানানো হয় বাংলাদেশ সরকারের এ সহযোগিতা দারিদ্র্য বিমোচনে সুদানের সংগ্রামকে আরও শক্তিশালী করবে বলে প্রত্যাশার কথাও জানানো হয় ওই বিজ্ঞপ্তিতে উল্লেখ্য গত বছরেও আইএমএফএর উদ্যোগের অংশ হিসেবে আফ্রিকান দেশ সোমালিয়ার দারিদ্র্য মুক্তির লক্ষ্যে বাংলাদেশ ৮ কোটি টাকার অধিক অর্থ দিয়েছিলো,1
আজ ৭ জুন সোমবার ঐতিহাসিক ছয়দফা দিবস ১৯৬৬ সালের এ দিনে জাতির পিতা বঙ্গবন্ধু শেখ মুজিবুর রহমান ঘোষিত বাঙালি জাতির মুক্তির সনদ ৬ দফা দাবির পক্ষে দেশব্যাপী তীব্র গণআন্দোলনের সূচনা হয় রচিত হয় স্বাধীনতার রূপরেখা ৬ দফাভিত্তিক আন্দোলনসংগ্রামের ধারাবাহিকতায় বাঙালির স্বাধিকার আন্দোলন স্বাধীনতা সংগ্রামে রূপ নেয় আওয়ামী লীগের উপদেষ্টা পরিষদ সদস্য আমির হোসেন আমু ৬ দফা সম্পর্কে বলেন ছয় দফা জনগণের সামনে বাংলার মানুষের মুক্তির সনদ হিসেবে উপস্থাপন করেছিলেন বঙ্গবন্ধু ঐতিহাসিক ছয় দফা বাঙালির মুক্তির পথ দেখিয়েছে নিজেদের অধিকার প্রতিষ্ঠার সংগ্রামে বঙ্গবন্ধুর নেতৃত্বে সবাইকে ঐক্যবদ্ধ করেছে বঙ্গবন্ধু শেখ মুজিবুর রহমান ১৯৬৬ সালের ৫ ফেব্রুয়ারি তাসখন্দ চুক্তিকে কেন্দ্র করে লাহোরে অনুষ্ঠিত সম্মেলনের সাবজেক্ট কমিটিতে ৬ দফা উত্থাপন করেন এবং পরের দিন সম্মেলনের আলোচ্যসূচিতে ৬ দফাকে স্থান দিতে সংশ্লিষ্টদের প্রয়োজনীয় ব্যবস্থা নিতে অনুরোধ করেন সম্মেলনে বঙ্গবন্ধুর অনুরোধ উপেক্ষা করে ৬ দফার প্রতি আয়োজকপক্ষ গুরুত্ব না দিয়ে তা প্রত্যাখান করে এর প্রতিবাদে বঙ্গবন্ধু ওই সম্মেলনে আর যোগ দেননি তবে লাহোরে অবস্থানকালেই ৬ দফা উত্থাপন করেন বঙ্গবন্ধু এরমধ্য দিয়ে পশ্চিম পাকিস্তানের খবরের কাগজে বঙ্গবন্ধুকে বিচ্ছিন্নতাবাদী নেতা তকমা দিয়ে সংবাদ ছাপানো হয় পরে বঙ্গবন্ধু ঢাকায় ফিরে ১৩ মার্চ ৬ দফা এবং দলের অন্যান্য বিস্তারিত কর্মসূচি দলের কার্যনির্বাহী সংসদে পাস করিয়ে নেন ৬ দফা দাবি আদায়ের লক্ষ্যে শুরু হয় আওয়ামী লীগের আন্দোলন হরতালও ডাকা হয় হরতাল চলাকালে নিরস্ত্র জনতার ওপর পুলিশ ও তৎকালীন ইপিআর গুলিবর্ষণ করে এতে ঢাকা এবং নারায়ণগঞ্জে মনু মিয়া সফিক ও শামসুল হকসহ ১১ জন শহীদ হন ক্রমেই ৬ দফার প্রতি ব্যাপক জনসমর্থন তৈরি হয় জনপ্রিয়তা বেড়ে যায় বঙ্গবন্ধুর নেতৃত্বের বঙ্গবন্ধুর জনপ্রিয়তায় ভীত হয়ে সামরিক জান্তা আইয়ুব খানের নেতৃত্বাধীন স্বৈরাচারী সরকার ১৯৬৬ সালের ৮ মে বঙ্গবন্ধুকে গ্রেফতার করে কারাগারে পাঠায় জাতির পিতা বঙ্গবন্ধু শেখ মুজিবুর রহমান ঘোষিত ৬ দফা আন্দোলন ১৯৬৬ সালের ৭ জুন নতুন মাত্রা পায় ৬ দফাভিত্তিক ১১ দফা আন্দোলনের পথপরিক্রমায় শুরু হয় ঊনসত্তরের গণঅভ্যুত্থান সর্বোপরি ১৯৭০এর সাধারণ নির্বাচনে বাংলার জনগণ আওয়ামী লীগ মনোনীত প্রার্থীদের একচেটিয়া রায় প্রদান করেন জনগণ বিজয়ী করলেও স্বৈরাচারী পাকিস্তানি শাসকরা বিজয়ী দলকে সরকার গঠন করতে না দিলে বঙ্গবন্ধু জাতিকে ঐক্যবদ্ধ করে স্বাধীনতার পক্ষে আন্দোলন শুরু করেন এরই ধারাবাহিকতায় বঙ্গবন্ধুর নেতৃত্বে ১৯৭১ সালে সশস্ত্র মুক্তিযুদ্ধের মাধ্যমে অভ্যুদয় ঘটে স্বাধীন সার্বভৌম বাংলাদেশের ৬ দফার মূল বক্তব্য ছিল প্রতিরক্ষা ও পররাষ্ট্র বিষয় ছাড়া সকল ক্ষমতা প্রাদেশিক সরকারের হাতে থাকবে পূর্ববাংলা ও পশ্চিম পাকিস্তানে দুটি পৃথক ও সহজে বিনিময়যোগ্য মুদ্রা থাকবে সরকারের কর ও শুল্ক ধার্য ও আদায় করার দায়িত্ব প্রাদেশিক সরকারের হাতে থাকাসহ দুই অঞ্চলের অর্জিত বৈদেশিক মুদ্রার আলাদা হিসাব থাকবে এবং পূর্ববাংলার প্রতিরক্ষা ঝুঁকি কমানোর জন্য এখানে আধাসামরিক বাহিনী গঠন ও নৌবাহিনীর সদর দফতর স্থাপনের দাবি জানানো হয় দিবসটি যথাযথ মর্যাদার সাথে পালন করে আসছে আওয়ামী লীগ কিন্তু করোনাভাইরাসের মহামারিতে সৃষ্ট সংকটের কারণে ঐতিহাসিক এই দিনটিতে ব্যাপক জনসমাগম এড়িয়ে যথাযোগ্য মর্যাদায় সীমিত পরিসরে স্বাস্থ্য সুরক্ষা বিধি মেনে দিবসটির কর্মসূচি পালন করবে দলটি দলটির দফতর থেকে পাঠানো এক সংবাদ বিজ্ঞপ্তিতে জানানো হয় কর্মসূচির মধ্যে রয়েছে  সোমবার সূর্যোদয়ের ক্ষণে বঙ্গবন্ধু ভবন কেন্দ্রীয় কার্যালয় ও আওয়ামী লীগের সকল দলীয় কার্যালয়ে জাতীয় ও দলীয় পতাকা উত্তোলন সকাল ৯ টায় বঙ্গবন্ধু ভবন প্রাঙ্গণে জাতির পিতা বঙ্গবন্ধু শেখ মুজিবুর রহমানের প্রতিকৃতিতে শ্রদ্ধা নিবেদন,1
ডাক টেলিযোগাযোগ ও তথ্যপ্রযুক্তি উপদেষ্টা মো নাহিদ ইসলাম বলেছেন শিক্ষার্থীদের পরিকল্পিতভাবে বিতর্কিত করার চেষ্টা করা হচ্ছে সবাইকে এই বিষয়ে সচেতন থাকার আহ্বান জানিয়েছে তিনি দৈনিক ইত্তেফাকের সর্বশেষ খবর পেতে অনুসরণ করুন শনিবার ২৩ নভেম্বর ঢাকায় সরকারি বিজ্ঞান কলেজে ১১তম জিএসসি ন্যাশনাল সাইন্টিস্ট ম্যানিয়াএর সমাপনী অনুষ্ঠানে প্রধান অতিথির বক্তৃতায় তিনি এ কথা বলেন ছাত্রদের মধ্যে বিবাদ ও সংঘাত শিক্ষার্থীদের নেতিবাচকভাবে দেশবাসীর কাছে উপস্থাপন করতে সহায়তা করছে মন্তব্য করে নাহিদ ইসলাম বলেন শিক্ষার্থীদের নেতিবাচকভাবে উপস্থাপন করা গেলে জুলাই অভ্যুত্থানকেও নেতিবাচকভাবে উপস্থাপন করা সহজ হবে এ সুযোগ যেন কেউ নিতে না পারে আমরা এতদিন বিক্ষোভ করেছি রাজপথে থেকেছি আমাদের এখন রাষ্ট্র গঠনের সময় আমাদের এখন মেধাকে কাজে লাগাতে হবে সৃজনশীলতাকে কাজে লাগাতে হবে আমরা বৈষম্যহীন সমাজ প্রতিষ্ঠার জন্য বাংলাদেশ গড়তে চেয়েছি তিনি বলেন জুলাই গণঅভ্যুত্থানের সুফল যেন বাংলাদেশের প্রতিটি মানুষ পায় সে কাজটি আমাদের করতে হবে আমরা আশা করি যে প্রত্যাশা নিয়ে সবাই আন্দোলন করেছে রক্ত দিয়েছে সে প্রত্যাশা আমাদের পূরণ হবে জুলাই গণঅভ্যুত্থান আমাদের আত্মমর্যাদা নিয়ে দাঁড়াতে শিখিয়েছে এই আত্মবিশ্বাস নিয়ে আমরা বাংলাদেশকে নতুনভাবে গড়তে পারবো কলেজের ছাত্রছাত্রীদের উদ্দেশে উপদেষ্টা বলেন আমাকে স্যার বলার দরকার নেই আমি আপনাদের ভাই গণঅভ্যুত্থানের মতো কাঁধে কাঁধ মিলিয়ে একসাথে এগিয়ে যাব ভুল করলে শুধরে দিবেন যদি জাতির প্রয়োজন পড়ে আমরা আবারও রাস্তায় নামবো তার আগ পর্যন্ত সবাইকে লেখাপড়ায় মনোযোগী হতে বললেন নাহিদ ইসলাম জুলাই গণঅভ্যুত্থান শহীদ ও আহতদের রাষ্ট্রীয় সম্মান প্রদান করার পাশাপাশি শহীদের পরিবারকে পুনর্বাসন এবং আহতদের চিকিৎসার ব্যবস্থা করা হবে বলেও জানান তিনি জুলাইআগস্ট অভ্যুত্থানের অন্যতম নায়ক নাহিদ ইসলাম বলেন জেনজি পৃথিবীকে দেখিয়ে দিয়েছে তারা আন্দোলন সংগ্রামে রক্ত দিয়ে দেশকে স্বৈরাচারমুক্ত করতে পারে তারা অলস নয় জুলাই গণঅভ্যুত্থানে সরকারি বিজ্ঞান কলেজের ছাত্রদের অংশগ্রহণ এবং আত্মত্যাগের জন্য ধন্যবাদ ও কৃতজ্ঞতা জানান তিনি অনুষ্ঠানে বিশিষ্ট পরমাণু বিজ্ঞানী প্রফেসর ড মুহাম্মাদ শমশের আলী বলেন বিজ্ঞানে বাতিক না থাকলে বিজ্ঞান এগোয় না গণআন্দোলনে আহতরা যেন আজীবন স্বাস্থ্যসেবা পায় আন্দোলনকারীদের স্বপ্ন যেন সত্য হয় তরুণদের সুযোগ দিলে তারা বাংলাদেশকে বিশ্ব দরবারে নতুনভাবে পরিচিত করাবে সরকারি বিজ্ঞান কলেজের অধ্যক্ষ প্রফেসর কে এম আমিনুল হক বলেন দেশ গঠনে বিজ্ঞানের বিকল্প নেই এক্ষেত্রে তরুণদের দায়িত্ব নিতে হবে এই কলেজটি ১৯৫৪ সালের অবকাঠামোর নিয়ে চলছে যা ঝুঁকিপূর্ণ অতিদ্রুত বহুতল ভবন নির্মাণ করার ব্যাপারে উপদেষ্টার সহযোগিতা কামনা করছি উল্লেখ্য উপদেষ্টা মো নাহিদ ইসলাম সরকারি বিজ্ঞান কলেজের প্রাক্তন শিক্ষার্থী সরকারি বিজ্ঞান কলেজের উপাধ্যক্ষ তানজিনা ফেরদৌস নাগরিক কমিটির সদস্য সারওয়ার তুষার জুলাই বিপ্লবের অন্যতম সমন্বয়ক সরকারি বিজ্ঞান কলেজের সাবেক ছাত্র তারিকুল ইসলামসহ বিপুলসংখ্যক ছাত্রছাত্রী অনুষ্ঠানে উপস্থিত ছিলেন,0
গেল বছরের প্রথম ১০ মাসে বাংলাদেশ থেকে ১৯৪০ কোটি ডলারের পোশাক নিয়েছে ইউরোপীয় ইউনিয়নের দেশগুলো ইউরোপীয় পরিসংখ্যান সংস্থা ইউরোস্ট্যাটের সর্বশেষ প্রকাশিত তথ্য অনুসারে জানুয়ারি থেকে অক্টোবর ২০২২ সময়ের মধ্যে ইউরোপীয় ইউনিয়ন বিশ্ব থেকে ৮৬৭৪ বিলিয়ন মার্কিন ডলার মূল্যের পোশাক আমদানি করেছে বছরওয়ারি প্রবৃদ্ধি হয়েছে ২৪৪১ শতাংশ জানুয়ারিঅক্টোবর ২০২২ সালে ইইউ বাংলাদেশ থেকে ১৯৪০ বিলিয়ন মার্কিন ডলার মূল্যের পোশাক আমদানি করেছে ইইউ এর পোশাক আমদানির জন্য বাংলাদেশ দ্বিতীয় বৃহত্তম পোশাক আমদানির উৎসের অবস্থানে রয়েছে ২০২১ সালের একই সময়ের তুলনায় বাংলাদেশ থেকে ইউরোপীয় ইউনিয়নের পোশাক আমদানি ৪১৭৬ শতাংশ বেড়েছে চীন ২৯৩৯ শতাংশ শেয়ার নিয়ে ইউরোপীয় ইউনিয়নে ইইউ সবচেয়ে বড় পোশাক সরবরাহকারীর অবস্থান ধরে রেখেছে ২০২২ সালের প্রথম দশ মাসে চীন থেকে ইউরোপীয় ইউনিয়নের আমদানি বছরওয়ারি ২২৪৩ শতাংশ প্রবৃদ্ধিসহ ২৫৪৯ বিলিয়ন মার্কিন ডলারে পৌঁছেছে একই সময়ে তুরস্ক থেকে আমদানিও বছরওয়ারি ১২৮২ শতাংশ বৃদ্ধি পেয়েছে তুরস্ক থেকে ইউরোপীয় ইউনিয়নের আমদানি ১০১২ বিলিয়ন মার্কিন ডলারে দাঁড়িয়েছে ভারত থেকে আমদানি ৪২৪ বিলিয়ন মার্কিন ডলারে পৌঁছেছে বছরওয়ারি প্রবৃদ্ধি হয়েছে ২৩৪৬ শতাংশ অন্যান্য শীর্ষ সরবরাহকারীদের মধ্যে কম্বোডিয়া ভিয়েতনাম পাকিস্তান মরক্কো শ্রীলঙ্কা এবং ইন্দোনেশিয়া থেকে ইউরোপীয় ইউনিয়নের আমদানি যথাক্রমে ৩৯৬৯ শতাংশ ৩৩০৫ শতাংশ ২৮৫৫ শতাংশ ৯৫৯ শতাংশ ১৮ শতাংশ এবং ৩১৭৬ শতাংশ বৃদ্ধি পেয়েছে,1
রাজধানীর সচিবালয় এলাকায় আনসার সদস্যদের সঙ্গে শিক্ষার্থীদের সংঘর্ষে আহত বৈষম্যবিরোধী ছাত্র আন্দোলনের অন্যতম সমন্বয়ক হাসনাত আব্দুল্লাহকে দেখতে হাসপাতলে গেলেন বাংলাদেশ বিমান বাহিনী প্রধান এয়ার চীফ মার্শাল হাসান মাহমুদ খাঁন মঙ্গলবার ২৭ আগস্ট তাকে দেখতে ঢাকা সিএমএইচ পরিদর্শনে যান তিনি এসময় বিমান বাহিনী প্রধান তার শারিরীক অবস্থার খোঁজখবর নেন গত রোববার রাতে আনসার সদস্যদের হামলায় আহত হয়ে অন্তত ৪০ জন ঢাকা মেডিকেল কলেজ হাসপাতালে চিকিৎসা নেন সেখানে চিকিৎসাধীন ছিলেন হাসনাতও পরে তাকে ঢাকা সিএমএইচে নেওয়া হয়,0
রাজধানীর শাহবাগের শিল্পকলা একাডেমির সামনে দুর্বৃত্তদের হামলায় জাতীয়তাবাদী ছাত্রদলের কেন্দ্রীয় কমিটির সাবেক দুই নেতা গুরুতর আহত হয়েছেন তাঁরা হলেন কেন্দ্রীয় ছাত্রদলের সাবেক সভাপতি রওনকুল ইসলাম শ্রাবণ ৩৭ ও সাবেক সহসভাপতি ঝলক ৩৫ মঙ্গলবার রাত ১০টার দিকে তাঁদের ঢাকা মেডিকেল কলেজ ঢামেক হাসপাতালের জরুরি বিভাগে নিয়ে আসা হয় আহতদের ভাষ্য শিল্পকলা একাডেমির সামনে বসা অবস্থায় হঠাৎ ২০ থেকে ২২ দুর্বৃত্ত তাঁদের ওপর অতর্কিত হামলা চালায় তাঁদের হাতুড়ি দিয়ে পেটানোর পাশাপাশি কুপিয়ে জখম করা হয় পরে পুলিশ গিয়ে আহত অবস্থায় তাঁদের উদ্ধার করে ঢাকা মেডিকেল হাসপাতালে নিয়ে আসে পরে আহত ঝলককে একটি বেসরকারি হাসপাতালে নিয়ে যাওয়া হয় তবে তাঁদের ওপর কে বা কারা হামলা চালিয়েছে তা নিশ্চিত করে বলতে পারেননি ভুক্তভোগীরা শাহবাগ থানার এসআই ইশতিয়াক বলেন ৯৯৯ নম্বরে একটি ফোনকল পেয়ে আমরা ঘটনাস্থলে যাই আমরা যেতেই হামলকারীরা পালিয়ে যায় কে বা কারা তাঁদের ওপর এই হামলা চালিয়েছে বিষয়টি ভুক্তভোগীরা জানাতে পারেননি,1
গেল বছরের প্রথম ১০ মাসে বাংলাদেশ থেকে ১৯৪০ কোটি ডলারের পোশাক নিয়েছে ইউরোপীয় ইউনিয়নের দেশগুলো ইউরোপীয় পরিসংখ্যান সংস্থা ইউরোস্ট্যাটের সর্বশেষ প্রকাশিত তথ্য অনুসারে জানুয়ারি থেকে অক্টোবর ২০২২ সময়ের মধ্যে ইউরোপীয় ইউনিয়ন বিশ্ব থেকে ৮৬৭৪ বিলিয়ন মার্কিন ডলার মূল্যের পোশাক আমদানি করেছে বছরওয়ারি প্রবৃদ্ধি হয়েছে ২৪৪১ শতাংশ জানুয়ারিঅক্টোবর ২০২২ সালে ইইউ বাংলাদেশ থেকে ১৯৪০ বিলিয়ন মার্কিন ডলার মূল্যের পোশাক আমদানি করেছে ইইউ এর পোশাক আমদানির জন্য বাংলাদেশ দ্বিতীয় বৃহত্তম পোশাক আমদানির উৎসের অবস্থানে রয়েছে ২০২১ সালের একই সময়ের তুলনায় বাংলাদেশ থেকে ইউরোপীয় ইউনিয়নের পোশাক আমদানি ৪১৭৬ শতাংশ বেড়েছে চীন ২৯৩৯ শতাংশ শেয়ার নিয়ে ইউরোপীয় ইউনিয়নে ইইউ সবচেয়ে বড় পোশাক সরবরাহকারীর অবস্থান ধরে রেখেছে ২০২২ সালের প্রথম দশ মাসে চীন থেকে ইউরোপীয় ইউনিয়নের আমদানি বছরওয়ারি ২২৪৩ শতাংশ প্রবৃদ্ধিসহ ২৫৪৯ বিলিয়ন মার্কিন ডলারে পৌঁছেছে একই সময়ে তুরস্ক থেকে আমদানিও বছরওয়ারি ১২৮২ শতাংশ বৃদ্ধি পেয়েছে তুরস্ক থেকে ইউরোপীয় ইউনিয়নের আমদানি ১০১২ বিলিয়ন মার্কিন ডলারে দাঁড়িয়েছে ভারত থেকে আমদানি ৪২৪ বিলিয়ন মার্কিন ডলারে পৌঁছেছে বছরওয়ারি প্রবৃদ্ধি হয়েছে ২৩৪৬ শতাংশ অন্যান্য শীর্ষ সরবরাহকারীদের মধ্যে কম্বোডিয়া ভিয়েতনাম পাকিস্তান মরক্কো শ্রীলঙ্কা এবং ইন্দোনেশিয়া থেকে ইউরোপীয় ইউনিয়নের আমদানি যথাক্রমে ৩৯৬৯ শতাংশ ৩৩০৫ শতাংশ ২৮৫৫ শতাংশ ৯৫৯ শতাংশ ১৮ শতাংশ এবং ৩১৭৬ শতাংশ বৃদ্ধি পেয়েছে,0
সৌদি প্রো লিগে উড়ছিল আল নাসর টানা ১০ জয়ের পর অবশেষে তাদের জয়রথ থামাল আল ইত্তিফাক গতকাল রাতে প্রতিপক্ষের মাঠে ২২ গোলে ড্র করেছে ক্রিস্টিয়ানো রোনালদোর দল তবে ম্যাচের স্কোরলাইনের চেয়েও এখন ফুটবলদুনিয়ায় বেশি আলোচনা রোনালদোর ক্যারিয়ারের ৯৫৭ নম্বর গোলটি নিয়ে কেন কারণ গোলটি তিনি পা বা মাথা দিয়ে নয় আক্ষরিক অর্থেই করেছেন কোমর দিয়ে ম্যাচের শুরুটা অবশ্য আল নাসরের জন্য সুখকর ছিল না ১৬ মিনিটেই সাবেক লিভারপুল তারকা জর্জিনিও উইনালদামের গোলে পিছিয়ে পড়ে তারা বিরতির ঠিক পরেই ৪৭ মিনিটে আল নাসরকে সমতায় ফেরান জোয়াও ফেলিক্স এরপরই আসে সেই মুহূর্তম্যাচের ৬৭ মিনিটে রোনালদোর সেই অদ্ভুত গোল গোলটি করতে রোনালদোকে আসলে খুব একটা কসরত করতে হয়নি ফেলিক্সের নেওয়া জোরালো শট রোনালদোর পিঠ বা কোমরের নিচের অংশে লেগে দিক পরিবর্তন করে জালে জড়ায় ভাগ্য সহায় থাকলে যা হয় আরকি বল জালে জড়ানো মাত্রই সিআর সেভেনের সেই চিরচেনা সিউউউ উদ্যাপন তিন কারণে রোনালদো এখনো অপরিহার্য বললেন পর্তুগাল কোচ তবে ভাগ্যের জোরে পাওয়া লিডটা শেষ পর্যন্ত ধরে রাখতে পারেনি আল নাসর ৮০ মিনিটে নিজের দ্বিতীয় গোল করে ইত্তিফাককে সমতায় ফেরান উইনালদাম শেষ পর্যন্ত পয়েন্ট ভাগাভাগি করেই মাঠ ছাড়তে হয় দুই দলকে ম্যাচ জিততে না পারলেও তালিকার শীর্ষ স্থানটা এখনো আল নাসরের দখলেই ১১ ম্যাচে ১০ জয় আর ১ ড্রয়ে ৩১ পয়েন্ট নিয়ে সবার ওপরে তারা বছরটা এমন এক গোল দিয়ে শেষ করে সামাজিক যোগাযোগমাধ্যমে রোনালদো লিখেছেন আমরা সঠিক পথেই আছি এবং জানি ২০২৬ সালে আমাদের কী করতে হবে এদিকে রোনালদোর এই কোমরকাব্য নিয়ে ইন্টারনেটদুনিয়ায় বইছে হাস্যরসের জোয়ার এক ভক্ত তো রোনালদোর কৃতিত্ব দিতে গিয়ে লিখেছেন গোট  চাইলে শরীরের যেকোনো অঙ্গ দিয়েই গোল করতে পারেন,1
দীর্ঘদিন ধরেই অলিম্পিক গেমসে ক্রিকেটের অন্তর্ভুক্তির চেষ্টায় বিশ্ব ক্রিকেটের নিয়ামক সংস্থা আইসিসি ২০২৮ সালে অলিম্পিকের আসর বসবে আমেরিকার লস অ্যাঞ্জেলেস শহরে সেই গেমসে ক্রিকেটের অন্তর্ভুক্তির বিষয়ে এখনও আশাবাদী আইসিসি অ্যাডিশনাল স্পোর্টস হিসেবে হলেও ক্রিকেটকে অন্তর্ভুক্তির চেষ্টা চালিয়ে যাচ্ছে আইসিসি অলিম্পিক সংস্থার পক্ষ থেকে ২০২৮ অলিম্পিক আসরে প্রাথমিক কর্মসূচির মধ্যে ২৮টি খেলার কথা ঘোষণা করা হয়েছে যার মধ্যে জায়গা করে নিয়েছে স্কেট বোর্ডিং সার্ফিং এবং স্পোর্টস ক্লাইম্বিং এই অবস্থায় দাঁড়িয়েও আইসিসি আশাবাদী শেষ বেলাতে লস অ্যাঞ্জেলেস গেমসে অ্যাডিশনাল স্পোর্টস হিসেবে জায়গা করে নেবে ক্রিকেট আইসিসির এক মুখপাত্র টাইমস অব ইন্ডিয়াকে দেয়া সাক্ষাৎকারে বলেন ক্রিকেটকে অলিম্পিকের অংশ বানানোর লক্ষ্য পাল্টে যায়নি আমাদের এটা জেনেও যে আমাদের পৃথিবীর অনেক বড় ইভেন্টের সঙ্গে প্রতিদ্বন্দ্বিতা করতে হবে ক্রিকেট কখনোই প্রাথমিক তালিকায় থাকবে না আগামী বছর আয়োজক শহর কর্তৃক বাছাই প্রক্রিয়ার মাধ্যমে নির্বাচিত করা হবে অ্যাডিশনাল স্পোর্টস সেই প্রক্রিয়ার অংশ হিসেবে ক্রিকেটও থাকবে আমরা আশাবাদী টিটোয়েন্টির ওপর ভরসা করেই অলিম্পিকে জায়গা করে নিতে মরিয়া আইসিসি অনেকেই মনে করেন অলিম্পিকে জায়গা পেতে আমেরিকাকে বিশ্বকাপ আয়োজনের দায়িত্ব দেয়া হয়েছে ২০২৪ সালের টি টোয়েন্টি বিশ্বকাপ আসর বসবে মার্কিন যুক্তরাষ্ট্রে আগামী বছর ফেব্রুয়ারিতে চীনের বেইজিং শহরে ক্রীড়াসূচির লিস্ট ভোটাভুটির জন্য তোলা হবে ক্রিকেটের পাশাপাশি বেসবল সফটবল এবং আমেরিকান ফুটবল অ্যাডিশনাল স্পোর্টস হিসেবে অন্তর্ভুক্ত হওয়ার দৌঁড়ে থাকবে,0
মানুষের ব্যস্ত জীবনে বিভিন্ন অনিয়মের ফলে শরীরে রক্তচাপের ওঠানামায় প্রভাব পড়ে অনেকেই মনে করেন উচ্চ রক্তচাপের থেকে নিম্ন রক্তচাপ কম ভয়ের কিন্তু তা একেবারেই নয় চিকিৎসকদের মতে লো ব্লাড প্রেশার বা হঠাৎ প্রেশার কমে যাওয়াতেও বিপদ রয়েছে লো ব্লাড প্রেশারের ফলে হৃৎপিণ্ডে মস্তিষ্কে ও শরীরের অন্যান্য অংশে রক্ত সঞ্চালনের পরিমাণ কমে যায় যার ফলে মাথা ঘোরা দুর্বলতা এমনকী বমি বমি ভাব বেড়ে যায় আবার হঠাৎ প্রেশার কমে গেলেও বিপদ শুয়ে বসে থাকা অবস্থা থেকে হঠাৎ জেগে উঠলে রক্তচাপে ব্যাঘাত ঘটে এর ফলে স্ট্রোকের সম্ভাবনাও বাড়ে ব্লাড প্রেশারের হঠাৎ কমে যাওয়ার ফলে শরীর ভারী লাগতে পারে এই অবস্থায় স্বাভাবিকত্ব বজায় রাখা অত্যন্ত জরুরি জেনে নিন হঠাৎ ব্লাড প্রেশার কমে গেলে কী করবেন ১ চাকফি পান স্বাস্থ্য বিশেষজ্ঞদের মতে হঠাৎ ব্লাড প্রেশার কমে গেলে চা অথবা কফি পান করতে হবে কফিতে থাকা ক্যাফিন সাময়িকভাবে ব্লাড প্রেশার বাড়াতে সাহায্য করে শুধু তাই নয় এর ফলে ক্লান্ত ভাবও কিছুক্ষণের জন্য দূর হবে ২ বেশি পানি পান লো ব্লাড প্রেশারের রোগীদের ক্ষেত্রে ডায়েটে অবশ্যই পানীয় বেশি করে রাখা উচিত প্রতিদিন দুই থেকে তিন লিটার জল খেতে পরামর্শ চিকিৎসকদের এছাড়াও প্রতিদিনের খাবারে নারকেলের জলসহ অন্যান্য পুষ্টিকর ফলের রস স্যুপজাতীয় খাবার রাখা বাধ্যতামূলক উক্ত ডায়েটের ফলে শরীরে জলের মাত্রা বজায় রাখতে প্রয়োজনীয় ইলেকট্রোলাইটের ঘাটতি মেটানো যাবে জেনে রাখা ভালো লো ব্লাড প্রেশারের অন্যতম কারণ হলো ডিহাইড্রেশন ৩ তুলসী পাতা ডায়েটিশানদের পরামর্শ অনুযায়ী লো ব্লাড প্রেশারের রোগীদের রোজ সকালে উঠে কমপক্ষে পাঁছ থেকে সাতটি তুলসী পাতা চিবোনো শরীরের পক্ষে ভালো তুলসী পাতার মধ্যে উচ্চমাত্রায় পটাশিয়াম ম্যাগনেশিয়াম ও ভিটামিন সি রয়েছে যা ব্লাড প্রেশারকে নিয়ন্ত্রিত রাখে এছাড়াও তুলসী পাতায় রয়েছে প্রচুর পরিমাণে ইউজিনোল নামের অ্যান্টিঅক্সিডেন্ট ব্লাড প্রেশার নিয়ন্ত্রণে রাখার পাশাপাশি কোলস্টেরলের মাত্রাও কমাতে সাহায্য করে এটি ৪ সময়মতো খাওয়াদাওয়া লো ব্লাড প্রেশারের রোগীদের জন্য সময়মতো খাওয়াদাওয়া করা অত্যন্ত জরুরি ভারী খাবারের মাঝে স্বাস্থ্যকর মুখরোচক খাবার খেতে হবে বিশেষজ্ঞদের মতে দিনে ৩ বার ভারী খাবার খাওয়ার থেকে পাঁচবার অল্প অল্প করে খাওয়া বেশি উপকারী এর ফলে ব্লাড প্রেশারও হঠাৎ কমে যাওয়া আটকানো সম্ভব সূত্র জিনিউজ,1
বর্তমান সরকার নিরপেক্ষ নির্বাচনের মাধ্যমে ক্ষমতা হস্তান্তরে বিশ্বাসী নয় রাতের অন্ধকারে নির্বাচন হয়ে যাবেএভাবে আর চলতে দেওয়া যায় না জাতীয় প্রেসক্লাবে আজ সোমবার জাতীয় সমাজতান্ত্রিক দলের জেএসডি আয়োজিত এক অনুষ্ঠানে বক্তারা এসব কথা বলেন এতে বিদ্যমান রাজনৈতিক সংকট নিরসনে জাতীয় সরকারের প্রস্তাব তুলে ধরেন জেএসডির সভাপতি আ স ম আবদুর রব অনুষ্ঠানে আ স ম আবদুর রব বলেন আমি উপলব্ধি করেছি এই জাতিকে বাঁচানো দরকার এ জন্য জাতীয় সরকারের প্রস্তাবনা দিয়ে আলোচনার সূত্রপাত করেছি তাঁর প্রস্তাব অনুযায়ী জাতীয় সরকারের উদ্দেশ্য হবে নির্বাচনের মাধ্যমে নির্বাচিত জনপ্রতিনিধিদের কাছে ক্ষমতা হস্তান্তর করা স্বাধীন নির্বাচন কমিশন প্রতিষ্ঠা করা রাজবন্দীদের মুক্তি দেওয়া সব গায়েবি মামলা প্রত্যাহার করা আইনের শাসন ও বিচার বিভাগের স্বাধীনতা নিশ্চিত করা গণফোরামের একাংশের সভাপতি মোস্তফা মহসিন মন্টু বলেন ২০১৮ সালের নির্বাচনে আমরা কী দেখলাম রাতের অন্ধকারে নির্বাচনটা হয়ে গেল ২০১৪ সালেও একই রকম হয়েছে জীবনভর কি আমরা এ রকম করতে থাকব এভাবে তারা পার পেয়ে যাবে এটা হতে পারে না গণসংহতি আন্দোলনের প্রধান সমন্বয়ক জোনায়েদ সাকি বলেন আন্তর্জাতিক শক্তির মধ্যে ভাগ তৈরি হয়েছে তাদের নিজস্ব স্বার্থে প্রতিদ্বন্দ্বিতা শুরু হয়ে গেছে বাংলাদেশের ওপরে প্রভাব খাটাতে তাদের নানা তৎপরতা চলবে বাংলাদেশের জনগণ যেন আন্তর্জাতিক শক্তির দ্বন্দ্বের বলি না হয় প্রস্তাবিত জাতীয় সরকারকে সমর্থন জানিয়ে ডাকসুর সাবেক ভিপি নুরুল হক বলেন এই সরকার ১২ বছরের শাসনামলে সব থেকে দুর্বল সময় পার করছে প্রশাসনের অনেকে আমাদের সঙ্গে যোগাযোগ করে অনুরোধ জানিয়েছেন আপনারা কিছু করেন আপনারা কিছু করলে আমরা নামব অনুষ্ঠানে আরও বক্তব্য দেন বাংলাদেশের বিপ্লবী ওয়ার্কার্স পার্টির সাধারণ সম্পাদক সাইফুল হক অধ্যাপক আবদুল লতিফ আইনজীবী হাসনাত কাইয়ুম প্রমুখ,1
১৯৭১ সালের ২৫ মার্চের বিভীষিকাময় কালরাতের হত্যাযজ্ঞ স্মরণে সারা দেশে আলো নিভিয়ে স্মরণ করা হল ২৫ মার্চের ভয়াল কালরাতের কথা শুক্রবার ২৫ মার্চ রাত ৯টা থেকে ৯টা ১ মিনিট পর্যন্ত সারা দেশে আলো নিভিয়ে এ ব্ল্যাক আউট কর্মসূচি পালন করেছে বাংলাদেশ একাত্তরে গণহত্যায় নিহতদের স্মরণে সারা দেশে ৯টা বাজতেই এক মিনিটের জন্য নামে অন্ধকার প্রতীকী ব্ল্যাকআউট এর আগে পরে মোম জ্বালিয়ে সেই অন্ধকার রাতের ভয়াবহতার কথা নতুন প্রজন্মের কাছে তুলে ধরতে এ কর্মসূচি পালন করে বিভিন্ন সংগঠন একাত্তরের এই দিনে নিরস্ত্র বাঙালির ওপর ইতিহাসের বর্বরতম হত্যাযজ্ঞ চালায় পাকিস্তানি হানাদার বাহিনী জাতীয় গণহত্যা দিবস হিসেবে দিনটি পালন হলেও স্বাধীনতার ৫১ বছরেও মেলেনি আন্তর্জাতিক স্বীকৃতি ১৯৭১ সালের ৭ মার্চ বঙ্গবন্ধু শেখ মুজিবুর রহমানের ভাষণে স্বাধীনতার দিকনির্দেশনা পাওয়ার পর মুক্তিকামী জনতার মধ্যে বিদ্রোহ দানা বাঁধতে থাকে অন্যদিকে পাকিস্তানি সেনাবাহিনী প্রস্তুতি নেয় ভয়ংকর নিধনযজ্ঞের বাঙালির মুক্তির আন্দোলনকে চিরতরে স্তব্ধ করে দেয়ার জন্য ২৫ মার্চ রাতে এ দেশের নিরস্ত্র মানুষের ওপর ঝাঁপিয়ে পড়ে পাকিস্তানি সেনাবাহিনী অপারেশন সার্চলাইট নামের সেই অভিযানে ঢাকা বিশ্ববিদ্যালয় রাজারবাগ পুলিশ লাইন্স রমনা কালিমন্দিরসহ বিভিন্ন এলাকায় শুরু হয় গণহত্যা ওই রাতে শুধু ঢাকায় অন্তত ৭ হাজার বাঙালিকে হত্যা করা হয় সে রাতের প্রত্যক্ষদর্শীদের একজন অরুণ চন্দ্র রায় থাকতেন জগন্নাথ হলে পাকিস্তানি বাহিনীর সে হত্যাযজ্ঞের কথা মনে হলে আজও শিউরে ওঠেন তিনি ঢাকা বিশ্ববিদ্যালয়ের মধুর ক্যান্টিন চালাতেন মধুসূদন দে তার ছেলে অরুণ কুমার দে জানালেন সে রাতে ক্যান্টিন ভাঙচুর থেকে শুরু করে বাবামাসহ পরিবারের চার সদস্যকে নির্মমভাবে হত্যা করার কথা পাকিস্তানি হানাদারদের বিরুদ্ধে প্রথম প্রতিরোধ গড়ে ওঠে রাজারবাগ পুলিশ লাইনে বীরত্বের সঙ্গে লড়াই করলেও সে রাতে শহিদ হয়েছিলেন শতাধিক পুলিশ সদস্য তবে স্বাধীনতার ৫১ বছরেও মেলেনি নির্মম সেই গণহত্যার আন্তর্জাতিক স্বীকৃতি ২০১৭ সালের ১১ মার্চ সংসদে প্রস্তাব গ্রহণের মাধ্যমে ২৫ মার্চকে জাতীয় গণহত্যা দিবস ঘোষণা করে সরকার,1
অন্তর্বর্তী সরকারের কাছে বিচার চেয়েছেন ছাত্রলীগের সাবেক সাধারণ সম্পাদক ও ডাকসু জিএস গোলাম রাব্বানী শুক্রবার ২৯ নভেম্বর রাত সাড়ে ১০টায় ফেসবুকে নিজের ভেরিফায়েড আইডিতে এক পোস্টে নিজের বিরুদ্ধে ওঠা নানা ধরনের কর্মকাণ্ড ও দুর্নীতির অভিযোগের সুষ্ঠু তদন্ত দাবি করেছেন ছাত্রলীগের সাবেক সাধারণ সম্পাদক গোলাম রাব্বানী লেখেন রাজনৈতিক পথচলার প্রারম্ভ হতে বঙ্গবন্ধুর আদর্শ ধারণ করে দলমত নির্বিশেষে যেকোনো ন্যায়সঙ্গত দাবির প্রতি সংহতিসমর্থন জ্ঞাপন এবং দুর্নীতিঅনিয়মের বিরুদ্ধে সাধ্যমতো প্রতিবাদ জানিয়েছি কর্মআচরণে দলের সুনাম ও জনসমর্থন বৃদ্ধির চেষ্টা করেছি নিজ দলের কাছেও ন্যায়বিচার পাননি জানিয়ে তিনি বলেন যে দলের জন্য লালিত আদর্শের জন্য জীবন যৌবনের শ্রেষ্ঠ সময়টুকু উজাড় করে দিয়েছি কতশত ঝুঁকি নিয়েছি সেই দলের কাছ থেকে চরম অন্যায় আচরণের শিকার হওয়া বারংবার আত্মচিৎকার করেও প্রাপ্য ন্যায়বিচার না পাওয়ার হতাশাকষ্ট যে কতটা তীব্র তা কেবল অন্যায় ভুক্তভোগীই অনুধাবন করতে পারে জাবির সাবেক ভিসি ফারজানাকে বিষয়ে রাব্বানী লেখেন নিজের ও পরিবারের দুর্নীতিঅনিয়ম আড়াল করতে জাহাঙ্গীরনগর বিশ্ববিদ্যালয়ের প্রমাণিত মহাদুর্নীতিবাজ সাবেক ভিসি ফারজানা ম্যাডামের তথ্যপ্রমাণবিহীন মনগড়া মৌখিক অভিযোগ ও কতিপয় স্বার্থান্ধের ষড়যন্ত্রে পরিকল্পিত মিডিয়া ট্রায়ালে আনীত অভিযোগের বিপরীতে আত্মপক্ষ সমর্থনের ন্যূনতম সুযোগ না পেয়ে নির্ধারিত সময়ের আগেই দায়িত্ব থেকে পদত্যাগ করতে হয়েছে যে পদত্যাগপত্রও আপার নাম ব্যবহার করে ছলনার আশ্রয়ে মিথ্যাচার করে নেয়া তিনি আরও বলেন এখন আওয়ামী লীগ ক্ষমতায় নাই তাই প্রভাবমুক্ত সুষ্ঠু তদন্তের মাধ্যমে আমাদের দায়মুক্তি ও দুর্নীতিবাজ ফারজানাকে বিচারের আওতায় আনার জোর দাবি জানাচ্ছি যার বিরুদ্ধে ৬৬ কোটি টাকা অডিট আপত্তি উন্নয়নকাজে ২৯ কোটি টাকা কমিশন নেয়াসহ শতসহস্র অনিয়মদুর্নীতির তথ্যপ্রমাণ জাহাঙ্গীরনগর বিশ্ববিদ্যালয়ের প্রশাসনসহ ছাত্রশিক্ষক সবার কাছেই রয়েছে পোস্টে গোলাম রাব্বানী সরকারকে কিছু চ্যালেঞ্জ দিয়ে লেখেন উদ্ভূত প্রতিকূল পরিস্থিতিতে বর্তমান দায়িত্বশীলদের নিরপেক্ষ যাচাইয়ের পূর্ণ সুযোগ রয়েছে বলেই আমি দ্ব্যর্থহীনভাবে চ্যালেঞ্জ করে বলছি দল ক্ষমতায় থাকার সুদীর্ঘ সময়ে আজ অবধি বাংলাদেশের কোনো মন্ত্রণালয় সরকারিবেসরকারি কোনো দপ্তর থেকে ১ টাকার কোনো কাজের টেন্ডার বা আর্থিক সুবিধা সংশ্লিষ্ট কোনো তদবির করি নাই সাবেকবর্তমান কোনো এমপি মন্ত্রী আমলা বা অন্য কেউ বলতে পারবে না গোলাম রাব্বানী তাদের কাছ থেকে কখনো কোনো কাজ বা আর্থিক সুবিধা নিয়েছে তিনি লেখেন ছাত্রলীগের নেতৃত্বে থাকাকালীন কেন্দ্রীয় কমিটি বা কোনো সাংগঠনিক ইউনিটের কমিটিতে কারও থেকে পদের বিনিময়ে ১ কাপ চাও খাইনি ইনশাআল্লাহ বিভিন্ন কমিটি ও পদের ক্ষেত্রে এমপিমন্ত্রী নেতা ব্যবসায়ীদের অনেক লোভনীয় অফার পেয়েও বিনয়ের সাথে তা ফিরিয়ে দিয়েছি আমার নিজস্ব কোনো সম্পদ প্লট বা ফ্লাট নাই সুযোগ থাকার পরও অন্যদের অনুসরণ করে কোনো দিন সরকারি প্লট ফ্লাটের জন্য আবেদন পর্যন্ত করি নাই উপার্জনের বিকল্প মাধ্যম না থাকায় ছাত্রলীগের শীর্ষ পদে থেকেও বেসরকারি চাকরি করে গত জুলাই থেকে বেতন বন্ধ জীবিকা নির্বাহ এবং নিজের হালাল উপার্জনের অর্থে দলমতনির্বিশেষে অহর্নিশ অসহায় মানুষের জন্য কাজ করা এমনকি অর্থাভাবে নিজের বিয়ের অনুষ্ঠানটা পর্যন্ত করতে না পারা আমাকে নিজ দলের দুর্নীতিবাজদের মিথ্যা ষড়যন্ত্রে দুর্নীতিবাজ তকমা পেতে হয়েছে হায় সেলুকাস তিনি বলেন সঙ্গত কারণেই সংক্ষুব্ধ ভুক্তভোগী হিসেবে সুষ্ঠু তদন্ত সাপেক্ষে আমার সাথে হওয়া অন্যায়ের প্রতিকার তথা ন্যায়বিচার চাই,1
করোনা সংক্রমণ রোধে সরকারি নির্দেশ মেনে অর্ধেক জনবল দিয়ে অফিস পরিচালনায় প্রস্তুতি নিচ্ছে সরকারি আধাসরকারি ও স্বায়ত্ত্বশাসিত বিভিন্ন প্রতিষ্ঠান সচিবালয়সহ সব প্রতিষ্ঠানে আগামীকাল থেকেই নির্দেশনা পুরোপুরি কার্যকর হবে বলে জানিয়েছেন কর্মকর্তারা সোমবার সকাল থেকে সচিবালয়সহ বিভিন্ন অফিস ঘুরে দেখা যায় অধিকাংশ প্রতিষ্ঠানে আজও পূর্ণ জনবল রয়েছে তারা জানান গতকাল বিকেলে প্রজ্ঞাপন হওয়ায় কর্মকর্তা কর্মচারীদের অনেকেই তা জানেন না তাছাড়া অর্ধেক জনবল দিয়ে অফিস পরিচালনার সিডিউলও প্রস্তুত ছিলনা ফলে আজও সবাই অফিস করছে প্রস্তুতি শেষে আগামীকাল থেকে পুরোপুরি সরকারি নির্দেশনা মেনে চলা হবে এদিকে সকালেই সুপ্রিম কোর্ট থেকে এক বিজ্ঞপ্তি দিয়ে জানানো হয় ৬ ফেব্রুয়ারি পর্যন্ত সকল বিচারিক আদলত অর্ধেক জনবল দিয়ে পরিচালিত হবে এছাড়া আজ অর্ধেক জনবল নিয়ে সকল ব্যাংকিং কার্যক্রম পরিচালনা করার নির্দেশ দিয়ে প্রজ্ঞাপন দিয়েছে বাংলাদেশ ব্যাংক বাংলাদেশ ব্যাংকের মহাব্যবস্থাপক মো আনোয়ারুল ইসলাম স্বাক্ষরিত চিঠিতে বলা হয় স্বাস্থ্যবিধি অনুসরণ করে পালাক্রমে রোস্টারিং অর্ধেক কর্মকর্তাকর্মচারী নিয়ে ব্যাংকিং কার্যক্রম পরিচালনা করতে হবে তবে এ সময় অন্যান্য কর্মকর্তাকর্মচারীরা নিজ কর্মস্থল এলাকায় অবস্থান করে দাপ্তরিক কার্যক্রম ভার্চ্যুয়ালি সম্পন্ন করবেন তবে আবশ্যকীয় ব্যাংকিং সেবা অব্যাহত রাখার ক্ষেত্রে প্রয়োজন অনুসারে নিজ বিবেচনায় সংশ্লিষ্ট প্রতিষ্ঠান সিদ্ধান্ত নিতে পারবে বলে জানানো হয় নির্দেশনায় এ ছাড়া ব্যাংকে সেবা নিতে আসা গ্রাহকদের আবশ্যিকভাবে মাস্ক পরাসহ অন্যান্য স্বাস্থ্যবিধি যথাযথভাবে মানারও নির্দেশ দেয়া হয়েছে চিঠিতে এর আগে গতকাল বাংলাদেশ ব্যাংক থেকে পাঠানো অপর এক নির্দেশনায় ব্যাংকে কর্মরত কর্মকর্তাকর্মচারীদের টিকা সনদ গ্রহণের নির্দেশ দেয়া হয় এদিকে করোনাভাইরাসের সংক্রমণ দ্রুত বাড়তে থাকায় ইতোমধ্যে দেশের সব স্কুল কলেজ ৬ ফেব্রুয়ারি পর্যন্ত বন্ধ ঘোষণা করেছে সরকার গত ২১ জানুয়ারি বিশ্ববিদ্যালয়গুলোকেও একই ব্যবস্থা নিতে নির্দেশ দিয়ে একটি প্রজ্ঞাপন জারি করে মন্ত্রিপরিষদ বিভাগ সেখানে বলা হয়েছে কোনো সামাজিক রাজনৈতিক ধর্মীয় রাষ্ট্রীয় অনুষ্ঠানে একশ জনের বেশি মানুষের সমাবেশ করা যাবে না এসব ক্ষেত্রে যারা যোগ দেবেন তাদের অবশ্যই টিকা সনদ অথবা ২৪ ঘণ্টার মধ্যে করা পিসিআরে কোভিড টেস্টের রিপোর্ট দেখাতে হবে সরকারি বেসরকারি অফিস এবং শিল্প কারখানায় কর্মকর্তাকর্মচারীদের টিকা সনদ নিতে হবে সংশ্লিষ্ট কর্তৃপক্ষকে বিষয়টি নিশ্চিত করতে হবে এর আগে ওমিক্রনের বিস্তার রোধে সরকার ১১ দফা বিধিনিষেধ জারি করে যা ১৩ জানুয়ারি থেকে কার্যকর করার ঘোষণা দেয় অর্ধেক যাত্রী নিয়ে বাস ও ট্রেন চালানোর পাশাপাশি উন্মুক্ত স্থানে সামাজিক রাজনৈতিক ও ধর্মীয় জমায়েতে নিষেধাজ্ঞা দেয়া হয় পাশাপাশি রেস্তোরাঁয় বসে খাওয়ার ক্ষেত্রে কোভিড টিকার সনদ থাকা বাধ্যতামূলক করা হয় এবং টিকা সনদ ছাড়া ১২ বছরের বেশি বয়সী শিক্ষার্থীদের শিক্ষা প্রতিষ্ঠানে যেতে নিষেধ করেছিল,0
ঈদযাত্রায় যানবাহন পারাপারে পদ্মা সেতুতে ৭ দিনে মোট টোল আদায় হয়েছে ২৪ কোটি ৭৩ লাখ ৬১ হাজার টাকা ১০ থেকে ১৬ জুন রাত ১০টা পর্যন্ত এই টোল আদায় হয়েছে পদ্মা সেতুর সাইট অফিসের সহকারী প্রকৌশলী রাজন চন্দ্র বিশ্বাস এ তথ্য নিশ্চিত করেছেন সেতু কর্তৃপক্ষ সূত্রে জানা গেছে ঈদযাত্রায় সবচেয়ে বেশি টোলা আদায় হয়েছে ১৪ জুন ওই দিন মোট আদায় হয় ৪ কোটি ৮২ লাখ ১৮ হাজার ৬০০ টাকা ১৫ জুন টোল আদায় হয়েছে ৪ কোটি ৩০ লাখ ৮২ হাজার ৯০০ টাকা ১৬ জুন রাত ১০টা পর্যন্ত টোল আদায় হয়েছে ৩ কোটি ৩৫ লাখ ৯৯ হাজার সাতশ ৫০ টাকা সূত্র আরও জানায় এর আগে ১০ জুন টোল আদায় হয় ২ কোটি ৬০ লাখ ২৬ হাজার ৫০০ টাকা ১১ জুন ২ কোটি ৮২ লাখ ৫১ হাজার ৫০০ টাকা ১২ জুন ৩ কোটি ১৩ লাখ ৬০ হাজার ৪৫০ টাকা ১৩ জুন টোল আদায় হয়েছে ৩ কোটি ৬৮ লাখ ২১ হাজার ৭০০ টাকা,1
এবার পদত্যাগ করলেন জাতীয় বিশ্ববিদ্যালয়ের উপচার্য প্রফেসর মশিউর রহমান আজ রবিবার বিকেলে তিনি শিক্ষা মন্ত্রণালয়ের সচিবের কাছে পদত্যাগপত্র জমা দেন বিষয়টি নিশ্চিত করেছেন জাতীয় বিশ্ববিদ্যালয়ের জনসংযোগ শাখার কর্মকর্তা মহিউদ্দিন মাহি অধ্যাপক ড মশিউর রহমান বলেন জাতীয় বিশ্ববিদ্যালয়ের উপাচার্যের পদ থেকে অব্যাহতি নিয়ে ঢাকা বিশ্ববিদ্যালয়ে যোগদান করেছি ২০২১ সালের মে মাসে ঢাকা বিশ্ববিদ্যালয়ের সমাজবিজ্ঞান বিভাগের এই অধ্যাপক জাতীয় বিশ্ববিদ্যালয়ের উপাচার্য হিসেবে নিয়োগ পান এর আগে তিনি বিশ্ববিদ্যালয়টির উপউপাচার্য হিসেবে দায়িত্ব পালন করেছেন জানা গেছে ৫ আগস্ট ছাত্রজনতার অভ্যুত্থানের মুখে পদত্যাগ করে দেশ ছাড়েন আওয়ামী লীগ সভানেত্রী ও সাবেক প্রধানমন্ত্রী শেখ হাসিনা এরপর থেকে বিশ্ববিদ্যালয়ে অনুপস্থিত ছিলেন মশিউর রহমান,0
ক্রিকেটার সাকিব আল হাসান আওয়ামী লীগের হয়ে তিনটি আসনের মনোনয়নপত্র কিনেছিলেন শেষমেশ মনোনয়ন পেয়েছেন একটি আসনে অভিনেতা ফেরদৌসও ঢাকার একটি আসনে মনোনয়ন পেয়েছেন জাতীয় দলের নিয়মিত খেলোয়াড় হিসেবেই সাকিব সংসদ সদস্য বা এমপি হওয়ার দিকে মনোনিবেশ করেছেন এর আগে ক্রিকেটার মাশরাফি বিন মুর্তজা এমপি হয়েছেন এমপি হয়েছেন মমতাজ বেগমসহ অনেক শিল্পীঅভিনেতা খেলোয়াড়শিল্পীদের এমপি হওয়ার বিষয় কতটা ইতিবাচক সাকিবের পরিসংখ্যানটা দেখা যাক তিনি সদ্য সমাপ্ত বিশ্বকাপ ও এশিয়া কাপে বাংলাদেশ দলকে নেতৃত্ব দিয়েছেন কিন্তু কাঙ্ক্ষিত জয় এনে দিতে পারেননি বিশ্বকাপে বাংলাদেশ দল এবং দলীয় অধিনায়ক উভয়ের হতশ্রী অবস্থা দেখা যায় এর পরই দেখা গেল অধিনায়ক এমপি হওয়ার টিকিট কিনেছেন খেলায় তাঁর আগের অবদান নিশ্চয় স্বীকার্য ভালো খেলেই তিনি বিশ্বের সেরা অলরাউন্ডার হয়েছেন সেই সূত্রেই তিনি বিজ্ঞাপনের মডেল হয়েছেন এবং নানা ব্যবসায়িক উদ্যোগ নিয়েছেন এখন তিনি এমপি হতে চাইছেন কিন্তু সাম্প্রতিক সময়ে তিনি জাতীয় দলকে কতটা দিতে পেরেছেন সে প্রশ্ন উঠছে এখানে এমপি হওয়া যে বড় ব্যবসা তা কে না জানে এমপি হওয়ার পরের গল্প সম্পদ বৃদ্ধির কারও সম্পদের পাহাড় গড়ার কৃতিত্বও রয়েছে মাঝেমধ্যে সংবাদপত্রে তারা খবর হন লাভজনক এই মাধ্যম যখন কেউ তাঁর পেশাদার জায়গার জনপ্রিয়তা দিয়ে বাগিয়ে নিতে চান তখনই বিপত্তি ঘটে মাশরাফি এমপি হয়েছেন সাকিব হবেন তাদের সূত্র ধরে এভাবে খেলোয়াড়রা আসবেন কিন্তু ক্রিকেট দলের অবস্থা কী আমাদের একটা সম্ভাবনাময় দল ছিল অনেকের প্রত্যাশার জায়গা ছিল কিন্তু বর্তমান পরিস্থিতিতে এ দল নিয়ে অনেকেই হতাশ সমস্যা ক্রিকেট প্রশাসনেও বাংলাদেশ ক্রিকেট বোর্ড নিয়ে তো প্রশ্ন বিস্তর দলীয়করণ সেখানেও অবক্ষয়ের জন্ম দিয়েছে এমপি হওয়া যদি ব্যক্তিগত প্রাপ্তির উপলক্ষ হয় সেই ক্রিকেট থেকে আমরা কী বা আশা করতে পারি বিশেষ করে দেশে সেই অর্থে যদি ভোট উৎসব থাকত সত্যিকারের প্রতিযোগিতায় এমপি হওয়ার পরিবেশ থাকত তখনকার পর্যবেক্ষণ হতো ভিন্ন ক্রিকেট অঙ্গনের কথা বাদ দিলে যে চলচ্চিত্র তারকাদের এমপি হওয়ার প্রতিযোগিতা দেখা যাচ্ছে তাদের গোড়ার প্রতিষ্ঠান বাংলাদেশ চলচ্চিত্র উন্নয়ন করপোরেশনএফডিসি বলা চলে বেহাল এমপি হওয়ার ক্ষেত্রে আমরা যদি আদর্শ লক্ষ্যের কথা বলি তবে সেটা জনগণের সেবা করা যারা রাজনীতি করেন এটা ঘোষণা দিয়েই করেন তারা দেশ ও দশের সেবা করতে চান তাদের কাছে যেন নিজের উন্নতির চেয়ে দেশের উন্নতিই মুখ্য যেন তাঁর ক্ষমতা পাওয়ার মূলেও রয়েছে দেশ আর সবার গণতান্ত্রিক অধিকার নিশ্চিত করা অন্তত প্রতিটি রাজনৈতিক দলের সংবিধান গঠনতন্ত্র দেখলে তাই মনে হবে কিন্তু আমাদের বাস্তবতায় যে কেউ বিভ্রান্ত হতে বাধ্য সে জন্যই তারকাদের এমপি হওয়ার ঝোঁক দেখে মানুষ বিস্মিত হয় সে জন্যই হয়তো সাকিব আল হাসান এক সময় তাঁর ফেসবুক পেজে পোস্ট দেন আই অ্যাম নট জয়েনিং পলিটিক্স অ্যান্ড আই ডোন্ট হ্যাভ অ্যানি ইনটেনশন টু জয়েন পলিটিক্স ইন মাই লাইফ অর্থাৎ আমি রাজনীতিতে যোগ দিচ্ছি না এবং জীবনে রাজনীতিতে যোগ দেওয়ার কোনো ইচ্ছাও আমার নেই এক দশক পর অবশ্য সাকিব আর সেই অবস্থানে নেই বলার অপেক্ষা রাখে না রাজনীতি এখন ব্যবসায়ীদের দখলে একাদশ সংসদ নির্বাচনে ব্যবসায়ী এমপি হয় ৬১ শতাংশ অথচ ১৯৭৩ সালের সংসদে আইনপ্রণেতাদের প্রধান পেশা ছিল আইন ব্যবসা তা ছাড়া পেশা হিসেবে ব্যবসা এবং কৃষিকাজও ছিল সেই সময়ের সংসদে ৩১ শতাংশ আইনপ্রণেতা ছিলেন আইনজীবী এবং ১৮ শতাংশ ছিলেন ব্যবসায়ী নব্বইপরবর্তী নির্বাচনগুলোতে ব্যবসায়ীদের হার বাড়তে থাকে সংশ্লিষ্টরা জানেন রাজনীতিতে টাকার প্রভাব বেড়ে যাওয়ায় ব্যবসায়ীদের সংখ্যা বেড়ে যাচ্ছে খেলোয়াড় শিল্পী কিংবা তারকাদের ক্ষেত্রেও এ সত্য অস্বীকারের সুযোগ সামান্যই তাদের যে সম্পদ আছে সেখান থেকে আরও বাড়িয়ে নেওয়াই থাকে অধিকাংশের লক্ষ্য ২০১৮ সালের নির্বাচনী হলফনামার তথ্যে জানা গেছে বয়সে ছোট ও রাজনীতিতে নবীন হলেও তারকা প্রার্থীদের মধ্যে সম্পদের শীর্ষে ছিলেন তৎকালীন জাতীয় ক্রিকেট দলের অধিনায়ক মাশরাফি বিন মুর্তজা তাঁর সম্পদের ব্যাপারে গত বছরই যে খবর চাউর হয় সেটি বিস্ময়কর অবশ্য মাশরাফি তা অস্বীকার করেছেন খেলোয়াড় শিল্পী অভিনেতা তথা তারকাদের অনেক ফ্যান থাকে যারা সংশ্লিষ্ট তারকার কাজের ভক্ত এই ভক্ত অধিকাংশই তরুণ প্রজন্মের কিন্তু এর আগে যে দুটি নির্বাচন অনুষ্ঠিত হয় অর্থাৎ ২০১৪ ও ১৮ সালের নির্বাচনে তরুণ প্রজন্মের ভোটার অনেকেই তাদের কাঙ্ক্ষিত ভোটাধিকার প্রয়োগ করতে পারেনি এবার দ্বাদশ সংসদ নির্বাচনেও যেভাবে নির্বাচনী ইশতেহার ঘোষণা করা হয়েছে সেখানে তরুণদের শঙ্কা রয়েই যাচ্ছে শিল্পীসাহিত্যিকতারকারা আগে যেভাবে নাগরিক সমাজের প্রতিনিধি হিসেবে কথা বলতেন অন্যায় দেখলে তার বিরুদ্ধে অবস্থান নিতেন এখন সে অবস্থানে নেই অনেকেই এর সঙ্গে রাজনীতি থেকে লাভবান হওয়া এবং এমপি হওয়ার সম্পর্ক আছে বৈ কি যখনই তাদের মধ্যে এমপি হওয়ার বাসনা থাকে কিংবা রাজনীতি থেকে কিছু পাওয়ার প্রত্যাশা থাকে তখনই আপসের মানসিকতা চলে আসে এ অবস্থাও শঙ্কাজনক দ্রব্যমূল্য যখন ঊর্ধ্বমুখী তখন মানুষের পক্ষে কথা বলে নাগরিক সমাজ তারা মানুষের পক্ষে মানুষের কাতারে যোগ না দিলে মানুষ যাবে কোথায় এমপি হওয়া নিঃসন্দেহে খারাপ নয় কিন্তু আমাদের সেই পরিবেশপরিস্থিতি নেই নিজ অবস্থান ঠিক না রেখে নিজের পেশাদার জায়গায় সর্বোচ্চটা না দিয়ে লাভজনক রাজনীতির এমপি হওয়া ভালো ফল আনতে পারে না বিশেষ করে আমাদের রাজনীতিতে যেখানে অর্থ ও পেশিশক্তিই ভরসা সেখানে তারকারা বেমানান তারকারা এমপি হয়েই যে পরিবর্তনের পথে হাঁটবেন সে ভরসা করার মতো পরিস্থিতি কি আছে যে যায় লঙ্কায় সেই হয় রাবণ,1
রাজধানী ঢাকার বেইলি রোডের বহুতল ভবনে ভয়াবহ অগ্নিকাণ্ডের ঘটনায় নিহত হয়েছেন মৌলভীবজারের কুলাউড়া উপজেলা আওয়ামী লীগের সহসভাপতি অ্যাডভোকেট আতাউর রহমান শামীম ৬৫ সুপ্রিম কোর্টের আইনজীবী অ্যাডভোকেট শামীম ২০০৮ সালে জাতীয় সংসদ নির্বাচনে নৌকা প্রতীক নিয়ে মৌলভীবাজার২ কুলাউড়া আসন থেকে প্রতিদ্বন্দ্বিতা করেন তিনি যুক্তরাষ্ট্র আওয়ামী লীগের সাবেক দপ্তর সম্পাদক ছিলেন তাঁর গ্রামের বাড়ি কুলাউড়া উপজেলার ব্রাহ্মণবাজার ইউনিয়নে শ্রীপুর গ্রামে আরও পড়ুনবেইলি রোডের আগুনে আহতদের চিকিৎসা দেবে সরকার স্বাস্থ্যমন্ত্রী অ্যাডভোকেট শামীমের সঙ্গে থাকা নূরুল আলম জানান দুর্ঘটনার কিছু সময় আগে তারা দুজন একসঙ্গে করে হোটেল ক্যাপিটেল থেকে কাচ্চি ভাই রেস্টুরেন্টে কফি খেতে যান ওই রেস্টুরেন্টে অবস্থান নেওয়ার মাত্র ৫ মিনিটের মাথায় রেস্টুরেন্টের নিচের দিকে কালো ধোঁয়াসহ কয়েকটি আওয়াজ শুনতে পান তখন আতাউর রহমান শামীম উঁকি মেরে ধোঁয়া দেখতে পান এরপর তারা প্রথমে নিচে নামার চেষ্টা করেন কিন্তু কালো ধোঁয়ার কুণ্ডলীতে কিছু না দেখায় সিঁড়ি বেয়ে উপরে উঠতে থাকেন এ সময় ভিড়ে আতাউর রহমান শামীমকে আর দেখতে পাননি নূরুল আলম হেলিপ্যাডের মাধ্যমে তিনি প্রাণে বেঁচে গেলেও অ্যাডভোকেট শামীম অগ্নিদগ্ধ হয়ে মারা যান আরও পড়ুনবেইলি রোডে আগুন মৃতের সংখ্যা বেড়ে ৪৬ এদিকে অগ্নিকাণ্ডের ঘটনায় কুলাউড়া উপজেলা আওয়ামী লীগের সহসভাপতি অ্যাডভোকেট আতাউর রহমান শামীম নিহত হওয়ায় গভীর শোক ও শোকসন্তপ্ত পরিবারের সদস্যদের প্রতি সমবেদনা জানিয়েছেন আওয়ামী লীগের কেন্দ্রীয় সাংগঠনিক সম্পাদক শফিউল আলম চৌধুরী নাদেল এমপি বৃহস্পতিবার রাত পৌনে ১০টার দিকে অগ্নিকাণ্ডের এ ঘটনা ঘটে ১৩টি ইউনিট আগুন নেভানোর কাজে অংশ নেয় এতে নারীসহ অন্তত ৪৬ জন নিহত হয়েছেন আহত হয়েছেন অন্তত ৩০ জন রাত সাড়ে ১২টা পর্যন্ত ওই ভবন থেকে ৭০ জনকে উদ্ধার করা হয়েছে এ ঘটনায় ৩৮ মরদেহ পরিবারের কাছে হস্তান্তর করা হয়েছে ৫ সদস্যের একটি তদন্ত কমিটি গঠন করেছে ফায়ার সার্ভিস,0
রাজধানীর শ্যামপুর এলাকা থেকে জালনোট প্রস্তুতকারী হৃদয় মাতব্বরকে ২২ গ্রেপ্তার করেছে র্যাব৩ শুক্রবার ৭ জুন র্যাব৩ এর স্টাফ অফিসার মিডিয়া সহকারী পুলিশ সুপার শামীম হোসেন এ তথ্য নিশ্চিত করেন এর আগে বৃহস্পতিবার দিনগত রাতে অভিযান চালিয়ে বিপুল জালনোটসহ তাকে গ্রেপ্তার করা হয়অভিযানে হৃদয়ের কাছ থেকে জালনোট তৈরিতে ব্যবহৃত একটি সিপিইউ একটি মনিটর একটি প্রিন্টার একটি রাউটার একটি পেপার কাটার ৯টি ভুয়া জাতীয় পরিচয়পত্র এনআইডি কার্ড তিনটি ভুয়া ভারতীয় এনআইডি কার্ডের ফটোকপি ও ৬০ হাজার ৭০০ টাকার জালনোট উদ্ধার করা হয় র্যাব৩ এর স্টাফ অফিসার মিডিয়া সহকারী পুলিশ সুপার শামীম হোসেন বলেন আসন্ন ঈদুল আজহাকে টার্গেট করে বিপুল পরিমাণ জালনোট বাজারে সরবরাহের পরিকল্পনা করেছিলেন হৃদয় প্রতি ১ লাখ টাকার জাল নোট ১০ থেকে ১২ হাজার টাকায় বিক্রি করলেও ঈদে চাহিদা বেড়ে যাওয়ায় ১৫ হাজার টাকায় বিক্রি করছিলেন তিনি,0
অভিনেত্রী আজমেরী হক বাঁধন রেহানা মরিয়ম নূর রবীন্দ্রনাথ এখানে কখনো খেতে আসেননি সিরিজ দিয়ে শিল্পী হিসেবে প্রতিষ্ঠিত করেছেন নিজেকে হেঁটেছেন কান চলচ্চিত্র উৎসবে কুড়িয়েছেন খ্যাতি পেয়েছেন প্রশংসাও এই অভিনেত্রীকে এবার দেখা যাবে ভিন্ন লুকে এশা মার্ডার  কর্মফল সিনেমায় পুলিশ অফিসার চরিত্রে অভিনয় করেছেন বাঁধন সিনেমাটি পরিচালনা করেছেন সানী সানোয়ার মঙ্গলবার ১৯ মার্চ সন্ধ্যা ৭টায় এলো সিনেমাটির টিজার প্রায় এক মিনিটের টিজারটি শেয়ার করে সানী সানোয়ার ক্যাপশনে লিখেছেন বাঁধন কি পারবে এশা খুনএর রহস্য ভেদ করতে এক মিনিটের টিজারেই পুলিশ অফিসারের চরিত্রে মাত করেছেন বাঁধন টিজারে দেখা যায় অর্চনা গোপ জেসমিন টিউলিপ এবং এশা জান্নাত নামের তিনজন মেয়ে একই জেলায় খুনসহ ধর্ষণের শিকার হন যার তদন্তের দায়িত্ব পড়ে পুলিশ অফিসার বাঁধনের ওপর চৌকস পুলিশ অফিসারের সমস্ত কিছুই দুর্দান্তভাবে যে অনুসরণ করেছেন বাঁধন তার আভাস তিনি রেখেছেন এশা মার্ডারএর টিজারে বাঁধন ছাড়াও এই সিনেমায় অভিনয় করেছেন পূজা ক্রুজ মিশা সওদাগর শহিদুজ্জামান সেলিম সুমিত সেনগুপ্ত শতাব্দী ওয়াদুদ শরীফ সিরাজ নিবির আদনান নাহিদ এজাজ আহমেদ মাজনুন মিজান আনিসুল হক বরুণ সুষমা সরকার দীপু ঈমাম আরও পড়ুন অসহায়এতিম বাচ্চাদের জন্য জয়ার আবেগঘন পোস্ট এশা মার্ডার কর্মফল সিনেমাটি মুক্তি পাবে ঈদুল আজহায়,1
পাকিস্তানের বর্তমান সরকার চার থেকে পাঁচ মাসের বেশি স্থায়ী হবে না বলে মন্তব্য করেছেন পাকিস্তানের সাবেক প্রধানমন্ত্রী ইমরান খান তিনি মনে করছেন শাহবাজ শরিফের নেতৃত্বাধীন সরকারের পতন হলে আদিয়ালা জেল থেকে তার মুক্তির পথ প্রশস্ত হবে রাওয়ালপিন্ডির আদিয়ালা কারাগারে বৃহস্পতিবার ইমরান খানের বিরুদ্ধে দুর্নীতির মামলার শুনানির পর পাকিস্তান তেহরিকইইনসাফ বা পিটিআইর প্রতিষ্ঠাতা ইমরান খান এ কথা বলেন বিশ্বকাপ জয়ী এ ক্রিকেটার বলেন সরকার বেশি দিন টিকবে না বলেই পাকিস্তান পিপলস পার্টি বা পিপিপি মন্ত্রিসভায় যোগ দেয়নি তার বিরুদ্ধে করা দুর্নীতির মামলাকে ভিত্তিহীন দাবি করেন ইমরান খান প্রধানমন্ত্রী থাকাকালে আমেরিকার নানা অন্যায় পদক্ষেপের সমালোচনা করে প্রশংসিত হওয়া নেতা ইমরান খান বলেন তার বিরুদ্ধে করা মামলায় সিদ্ধান্ত ইতিমধ্যে নেওয়া হয়ে গেছে এখন যেসব আইনিপ্রক্রিয়া সম্পন্ন করা হচ্ছে তা শুধুই আনুষ্ঠানিকতা বর্তমান পরিস্থিতি পুরো সিস্টেমকে উন্মোচিত করে দিয়েছে সবকিছু হেরফের করা হচ্ছে নির্বাচন কমিশন তত্ত্বাবধায়ক সরকার ও এস্টাবলিশমেন্ট সবাই এর সঙ্গে জড়িত যোগ করেন পিটিআই প্রতিষ্ঠাতা,0
চট্টগ্রাম বিশ্ববিদ্যালয়ের চবি ২০২৩২৪ শিক্ষাবর্ষের বিজ্ঞান ইউনিটের প্রথম বর্ষ স্নাতক ভর্তি পরীক্ষার ফলাফল শুক্রবার ৮ মার্চ বিকাল ৫টায় প্রকাশিত হয়েছে এতে পাস করেছেন ৪০ হাজার ৮৬৬ জন পরীক্ষার্থী পাসের হার ৫২ দশমিক ৮৯ শতাংশ বিষয়টি নিশ্চিত করেছেন ইঞ্জিনিয়ারিং অনুষদের ডিন অধ্যাপক ড রাশেদ মোস্তফা গত শনিবার ২ মার্চ অনুষ্ঠিত হওয়া বিজ্ঞান ইউনিটের ভর্তি পরীক্ষায় অংশগ্রহণ করেন ৭৭ হাজার ২৫৯ জন এর মধ্যে পাস করেছেন ৪০ হাজার ৮৬৬ জন এবং অকৃতকার্য হয়েছেন ৩৬ হাজার ৩৯৩ জন পাসের হার ৫২৮৯ সর্বোচ্চ নম্বর ১১০ ও সর্বনিম্ন নম্বর ৫২৪৬ ভর্তি পরীক্ষার ফলাফল চট্টগ্রাম বিশ্ববিদ্যালয়ের ফেসবুক পেজের  মাধ্যমে প্রকাশ করা হয়েছে তবে পরীক্ষার্থী বিশ্ববিদ্যালয়ের ওয়েবসাইটের মাধ্যমে ভর্তি পরীক্ষার আইডি লগইন করে ফলাফল জানতে পারবে,0
সরকারি চাকরিতে কোটাব্যবস্থা বাতিল করে ২০১৮ সালের পরিপত্র পুনর্বহালের দাবিতে বৃহস্পতিবার ১০ জুলাই বিকেল সাড়ে ৩টা থেকে দেশব্যাপী অবরোধ কর্মসূচি দিয়েছে শিক্ষার্থীরা বুধবার ১০ জুলাই সন্ধ্যায় শাহবাগে এ ঘোষণা দেন বৈষম্যবিরোধী ছাত্র আন্দোলনের অন্যতম সংগঠক ঢাবি শিক্ষার্থী আসিফ মাহমুদ তিনি বলেন বিকাল সাড়ে তিনটা থেকে দেশের আনাচেকানাচে বাংলা ব্লকেড অব্যাহত রাখবে দেশের গুরুত্বপূর্ণ পয়েন্টগুলোতে ব্লকেড পালিত হবে একই দাবিতে সকালসন্ধ্যা দেশব্যাপী অবরোধ কর্মসূচি পালন করে শিক্ষার্থীরা গত ৭ জুলাই থেকে বাংলা ব্লকেড নামে এই অবরোধ কর্মসূচি শুরু হয় প্রথম দুদিন অর্ধদিবস অবরোধ চলার পর মঙ্গলবার বিরতি দেওয়া হয় ২০১৮ সালে কোটা সংস্কারের দাবিতে আন্দোলনের পর সরকার প্রথম ও দ্বিতীয় শ্রেণির চাকরিতে পুরো কোটাব্যবস্থা বাতিল করে ওই বছরের ৪ অক্টোবর কোটা বাতিলবিষয়ক পরিপত্র জারি করে জনপ্রশাসন মন্ত্রণালয় পরে ২০২১ সালে সেই পরিপত্রের মুক্তিযোদ্ধা কোটা বাতিলের অংশটিকে চ্যালেঞ্জ করে কয়েকজন বীর মুক্তিযোদ্ধার সন্তান রিট করেন গত ৫ জুন রায় ঘোষণায় মুক্তিযোদ্ধা কোটায় নবম থেকে ১৩তম গ্রেডে নিয়োগ দেওয়ার বাধা দূর হয় ওই রায় স্থগিত চেয়ে রাষ্ট্রপক্ষ সুপ্রিম কোর্টের আপিল বিভাগে আবেদন করে সুপ্রিম কোর্টের আপিল বিভাগে বিচারাধীন মামলাটিতে পক্ষভুক্ত হতে ঢাকা বিশ্ববিদ্যালয়ের নৃবিজ্ঞান বিভাগের শিক্ষার্থী ও ঢাকা বিশ্ববিদ্যালয় সাংবাদিক সমিতির সভাপতি আল সাদী ভূঁইয়া এবং উর্দু বিভাগের শিক্ষার্থী আহনাফ সাঈদ খান আবেদন করেন এরপর আজ আপিল বিভাগ সরকারি চাকরিতে কোটা বহালে হাইকোর্টের রায়ের ওপর চার সপ্তাহের স্থিতাবস্থা দিয়েছেন,1
রাজধানীর শাহবাগের শিল্পকলা একাডেমির সামনে দুর্বৃত্তদের হামলায় জাতীয়তাবাদী ছাত্রদলের কেন্দ্রীয় কমিটির সাবেক দুই নেতা গুরুতর আহত হয়েছেন তাঁরা হলেন কেন্দ্রীয় ছাত্রদলের সাবেক সভাপতি রওনকুল ইসলাম শ্রাবণ ৩৭ ও সাবেক সহসভাপতি ঝলক ৩৫ মঙ্গলবার রাত ১০টার দিকে তাঁদের ঢাকা মেডিকেল কলেজ ঢামেক হাসপাতালের জরুরি বিভাগে নিয়ে আসা হয় আহতদের ভাষ্য শিল্পকলা একাডেমির সামনে বসা অবস্থায় হঠাৎ ২০ থেকে ২২ দুর্বৃত্ত তাঁদের ওপর অতর্কিত হামলা চালায় তাঁদের হাতুড়ি দিয়ে পেটানোর পাশাপাশি কুপিয়ে জখম করা হয় পরে পুলিশ গিয়ে আহত অবস্থায় তাঁদের উদ্ধার করে ঢাকা মেডিকেল হাসপাতালে নিয়ে আসে পরে আহত ঝলককে একটি বেসরকারি হাসপাতালে নিয়ে যাওয়া হয় তবে তাঁদের ওপর কে বা কারা হামলা চালিয়েছে তা নিশ্চিত করে বলতে পারেননি ভুক্তভোগীরা শাহবাগ থানার এসআই ইশতিয়াক বলেন ৯৯৯ নম্বরে একটি ফোনকল পেয়ে আমরা ঘটনাস্থলে যাই আমরা যেতেই হামলকারীরা পালিয়ে যায় কে বা কারা তাঁদের ওপর এই হামলা চালিয়েছে বিষয়টি ভুক্তভোগীরা জানাতে পারেননি,0
রাজধানীর বাজারে এক সপ্তাহ আগেই ৫ টাকা বেড়েছে ভোজ্যতেলের দাম এবার বোতলে নতুন মূল্যসহ সয়াবিন পামসহ সব ধরনের তেল বিক্রি করছেন দোকানিরা এদিকে সবজির দাম কিছুটা বেড়েছে আর কমেছে মুরগী ও পেঁয়াজের দাম নিয়ন্ত্রণহীন ভোজ্যতেলের বাজারে স্বস্তি মিলছেই না সরকারের সাথে বৈঠকে ৬ ফেব্রুয়ারি আগে দাম না বাড়ানোর কথা বলা হলেও বেশি দামেই বিক্রি হচ্ছে তেল বোতলজাত সয়াবিন তেল পাঁচ টাকা বাড়ায় প্রতি লিটার কিনতে হচ্ছে ১৬৫ থেকে ১৬৮ টাকায় বাড়তি খোলা সয়াবিন ও পাম তেলের দামও বোতলের গায়ে নতুন মূল্যও ছেপে দিয়েছে বিপনণকারী প্রতিষ্ঠানগুলো এদিকে দফায় দফায় দাম বাড়ায় ক্ষুব্ধ প্রতিক্রিয়া ক্রেতাদের তবে সপ্তাহের ব্যবধানে কিছুটা কমেছে মুরগির দাম ব্রয়লার ও সোনালী মুরগি প্রতি কেজিতে দাম কমেছে ১০ টাকা বা আরও বেশি ব্রয়লার মুরগি ১৬৫ টাকা এবং সোনালি মুরগি ২৭০ টাকা কেজি বিক্রি হচ্ছে  তবে বাজারে শীতকালীন সবজির সরবরাহ বাড়লেও দাম কিছুটা বেশি বাজারে আলু বিক্রি হচ্ছে ২০ টাকা কেজিতে দাম কমেছে পেঁয়াজেরও প্রতি কেজি দেশি পেঁয়াজ কেনা যাচ্ছে ৩০ টাকা কেজিতে,0
বুয়েটের ভর্তি পরীক্ষায় প্রথম হওয়া মেফতাউল আলম সিয়াম সবাইকে তাক লাগিয়ে দিয়েছেন ঢাকা বিশ্ববিদ্যালয়ে ক ইউনিটের ভর্তি পরীক্ষায় আগেই প্রথম হয়েছিলেন এছাড়া দেশের তিনটি প্রকৌশল ও প্রযুক্তি বিশ্ববিদ্যালয়ের গুচ্ছ ভর্তি পরীক্ষায় তৃতীয় ইসলামিক ইউনিভার্সিটি অব টেকনোলজির আইইউটি ভর্তি পরীক্ষায় প্রথম আর মেডিকেলের ভর্তি পরীক্ষায় ৫৯তম হয়েছিলেন তিনি এবার বাংলাদেশ প্রকৌশল বিশ্ববিদ্যালয়ের বুয়েট ভর্তি পরীক্ষায়ও প্রথম হলেন মেফতাউল বৃহস্পতিবার রাতে ২০২০২১ শিক্ষাবর্ষে স্নাতক প্রথম বর্ষের ভর্তি পরীক্ষার ফলাফলে দেখা যায় প্রথম হয়েছেন বগুড়ার সরকারি আজিজুল হক কলেজ থেকে উচ্চমাধ্যমিক পাস করা মেফতাউল গণমাধ্যমের খবর বলছে পঞ্চম শ্রেণিতে মেফতাউলের রোল নম্বর ছিল ২৫২ তবে হাইস্কুলে ভর্তি হয়েই পড়াশোনায় মনোযোগ দেন তিনি ষষ্ঠ শ্রেণিতে তার রোল নম্বর ছিল ২০ এরপর অষ্টম শ্রেণি থেকে প্রথম হতে শুরু করেন মাধ্যমিক ও উচ্চ মাধ্যমিক দুটিতেই জিপিএ ৫ পেয়েছেন মেফতাউল পঞ্চমের সমাপনী পরীক্ষায় জিপিএ ৫ পান তিনি অষ্টম শ্রেণিতে জিপিএ ৫ ও জেনারেল বৃত্তি এবং এসএসসিতে জিপিএ ৫ ও ট্যালেন্টপুলে বৃত্তি পান বগুড়ার অবসরপ্রাপ্ত এনজিও কর্মকর্তা খোরশেদ আলমের তিন ছেলের মধ্যে মেফতাউল আলম সিয়াম সবার বড় তার মা মা মুনজিলা আলম গৃহিণী তাদের অনুপ্রেরণায়ই সাফল্য লাভ করেছেন বলে জানিয়েছেন তিনি,0
কয়েক সপ্তাহ আগে ইনস্টাগ্রামে কয়েকটি পোস্ট করেছেন মেধা ছবিটি ছড়িয়ে পড়েছে ছবিতে প্রায় ২ লাখ রিঅ্যাক্ট পড়েছেশিল্পীর ইনস্টাগ্রাম থেকে ২  ৫ এসব ছবিতে ১৩ শতাধিক মন্তব্য এসেছে এসব ছবিতে ১৩ শতাধিক মন্তব্য এসেছেশিল্পীর ইনস্টাগ্রাম থেকে আরও পড়ুন টুয়েলভথ ফেল অভিনেত্রী মেধার প্রথম উপার্জন কত ছিল ১৬ মার্চ ২০২৪ টুয়েলভথ ফেল অভিনেত্রী মেধার প্রথম উপার্জন কত ছিল ৩  ৫ এসব ছবিতে ১৩ শতাধিক মন্তব্য এসেছে এসব ছবিতে ১৩ শতাধিক মন্তব্য এসেছেশিল্পীর ইনস্টাগ্রাম থেকে আরও পড়ুন এ বছর ফিল্মফেয়ারে কয়টি পুরস্কার জিতল টুয়েলভথ ফেল ২৯ জানুয়ারি ২০২৪ এ বছর ফিল্মফেয়ারে কয়টি পুরস্কার জিতল টুয়েলভথ ফেল ৪  ৫ ২০১৫ সালে কাজ শুরু করলেও হাতে গোনো কয়েকটি সিনেমা ও সিরিজে কাজ করেছেন মেধা ২০১৫ সালে কাজ শুরু করলেও হাতে গোনো কয়েকটি সিনেমা ও সিরিজে কাজ করেছেন মেধাশিল্পীর ইনস্টাগ্রাম থেকে ৫  ৫ ভারতের উত্তর প্রদেশের নয়ডায় জন্ম মেধা শংকরের সেখানেই বড় হয়েছেন ভারতের উত্তর প্রদেশের নয়ডায় জন্ম মেধা শংকরের সেখানেই বড় হয়েছেনশিল্পীর ইনস্টাগ্রাম থেকে প্রথম আলোর খবর পেতে গুগল নিউজ চ্যানেল ফলো করুন বলিউড থেকে আরও দেখুন সিনেমাবলিউড তারকাবলিউড,0
পাকিস্তানের বর্তমান সরকার চার থেকে পাঁচ মাসের বেশি স্থায়ী হবে না বলে মন্তব্য করেছেন পাকিস্তানের সাবেক প্রধানমন্ত্রী ইমরান খান তিনি মনে করছেন শাহবাজ শরিফের নেতৃত্বাধীন সরকারের পতন হলে আদিয়ালা জেল থেকে তার মুক্তির পথ প্রশস্ত হবে রাওয়ালপিন্ডির আদিয়ালা কারাগারে বৃহস্পতিবার ইমরান খানের বিরুদ্ধে দুর্নীতির মামলার শুনানির পর পাকিস্তান তেহরিকইইনসাফ বা পিটিআইর প্রতিষ্ঠাতা ইমরান খান এ কথা বলেন বিশ্বকাপ জয়ী এ ক্রিকেটার বলেন সরকার বেশি দিন টিকবে না বলেই পাকিস্তান পিপলস পার্টি বা পিপিপি মন্ত্রিসভায় যোগ দেয়নি তার বিরুদ্ধে করা দুর্নীতির মামলাকে ভিত্তিহীন দাবি করেন ইমরান খান প্রধানমন্ত্রী থাকাকালে আমেরিকার নানা অন্যায় পদক্ষেপের সমালোচনা করে প্রশংসিত হওয়া নেতা ইমরান খান বলেন তার বিরুদ্ধে করা মামলায় সিদ্ধান্ত ইতিমধ্যে নেওয়া হয়ে গেছে এখন যেসব আইনিপ্রক্রিয়া সম্পন্ন করা হচ্ছে তা শুধুই আনুষ্ঠানিকতা বর্তমান পরিস্থিতি পুরো সিস্টেমকে উন্মোচিত করে দিয়েছে সবকিছু হেরফের করা হচ্ছে নির্বাচন কমিশন তত্ত্বাবধায়ক সরকার ও এস্টাবলিশমেন্ট সবাই এর সঙ্গে জড়িত যোগ করেন পিটিআই প্রতিষ্ঠাতা,0
রাজধানীর শ্যামপুর এলাকা থেকে জালনোট প্রস্তুতকারী হৃদয় মাতব্বরকে ২২ গ্রেপ্তার করেছে র্যাব৩ শুক্রবার ৭ জুন র্যাব৩ এর স্টাফ অফিসার মিডিয়া সহকারী পুলিশ সুপার শামীম হোসেন এ তথ্য নিশ্চিত করেন এর আগে বৃহস্পতিবার দিনগত রাতে অভিযান চালিয়ে বিপুল জালনোটসহ তাকে গ্রেপ্তার করা হয়অভিযানে হৃদয়ের কাছ থেকে জালনোট তৈরিতে ব্যবহৃত একটি সিপিইউ একটি মনিটর একটি প্রিন্টার একটি রাউটার একটি পেপার কাটার ৯টি ভুয়া জাতীয় পরিচয়পত্র এনআইডি কার্ড তিনটি ভুয়া ভারতীয় এনআইডি কার্ডের ফটোকপি ও ৬০ হাজার ৭০০ টাকার জালনোট উদ্ধার করা হয় র্যাব৩ এর স্টাফ অফিসার মিডিয়া সহকারী পুলিশ সুপার শামীম হোসেন বলেন আসন্ন ঈদুল আজহাকে টার্গেট করে বিপুল পরিমাণ জালনোট বাজারে সরবরাহের পরিকল্পনা করেছিলেন হৃদয় প্রতি ১ লাখ টাকার জাল নোট ১০ থেকে ১২ হাজার টাকায় বিক্রি করলেও ঈদে চাহিদা বেড়ে যাওয়ায় ১৫ হাজার টাকায় বিক্রি করছিলেন তিনি,0
লেবাননে ইসরায়েলি হামলায় অস্থিরতার মধ্যেই এবার ইরানি জণগণকে উদ্দেশ্য করে উসকানিমূলক এক ভিডিও বার্তা দিয়েছেন ইসরায়েলের প্রধানমন্ত্রী বেনিয়ামিন নেতানিয়াহু খবর টাইমস অব ইসর্যেলের ভিডিও বার্তায় নেতানিয়াহু বলেছেন আমি ইরানের নেতাদের নিয়ে অনেক কথা বলি কিন্তু এই গুরুত্বপূর্ণ মুহূর্তে আমি ইরানের জনগণের উদ্দেশ্যে কিছু বলতে চাই আমি এটা সরাসরি বলতে চাই কোনো ফিল্টার বা মিডলম্যান ছাড়া ইরানি জণগণকে উদ্দেশ্য করে তিনি বলেন প্রতিদিন আপনারা এমন একটি শাসনব্যবস্থা দেখেন যারা আপনাদের অধীনস্ত করে রেখেছে তারা লেবানন ও গাজাকে রক্ষা করতে জ্বালাময়ী বক্তৃতা দেয় অথচ সেই শাসনব্যবস্থাই প্রতিদিন আমাদের এই অঞ্চলকে যুদ্ধের আরও গভীরে নিয়ে যাচ্ছে নেতানিয়াহু বলেন মধ্যপ্রাচ্যের যে কোনো জায়গায় হামলা চালানোর সক্ষমতা আছে ইসরায়েলের আমাদের দেশ ও জনগণকে রক্ষায় যেখানে যাওয়া দরকার আমরা সেখানেই যাব প্রতি মুহূর্তে পারস্যের মহান জনগণকে নরকের অতলে নিয়ে যাচ্ছে তাদের এই শাসনব্যবস্থা নেতানিয়াহু বলেন ইরানের অধিকাংশ মানুষই জানেন এই শাসনব্যবস্থা তাদের নিয়ে মোটেও ভাবে না যদি তারা সত্যিই আপনাদের কথা ভাবত তাহলে তারা মধ্যপ্রাচ্যে যুদ্ধ বাঁধিয়ে রাখতে কোটি কোটি টাকা খরচ করত না এর পরিবর্তে তারা আপনাদের জীবনমান উন্নয়নের চেষ্টা করত তিনি আরও বলেন যখন ইরান সত্যিকার অর্থে মুক্ত হবে সেই সময়টা মানুষের ভাবনার অনেক আগেই আসবে কোনো কিছুই আর আগের মতো থাকবে না আমাদের প্রাচীন ইহুদি ও পারস্য সম্প্রদায়ের মানুষ অবশেষে শান্তি খুঁজে পাবে আমাদের দুই দেশ ইরান ও ইসরায়েল শান্তি খুঁজে পাবে নেতানিয়াহু বলেন যখন সেই দিন আসবে এই শাসকরা দেউলিয়া হবে ভেঙে চুরমার হবে ইরানের এমন উন্নয়ন ঘটবে যা আগে কখনো ঘটেনি ইরানের বর্তমান সমাজে থাকা মেধার মাধ্যমেই বৈশ্বিক বিনিয়োগ পর্যটনের ব্যাপক বিকাশ প্রযুক্তিগত উদ্ভাবন ঘটবে নেতানিয়াহু বলেন আমি জানি আপনারা হামাস ও হিজবুল্লাহর খুনিদের সমর্থন করেন না কিন্তু আপনাদের নেতারা করে আপনাদের আরও ভালো কিছু পাওয়া উচিত ইরানের জনগণের জানা উচিত ইসরায়েল আপনাদের পাশে আছে যে ভবিষ্যৎ হবে সমৃদ্ধি ও শান্তির,1
সেবা রপ্তানি ও ফ্রিল্যান্সারদের আয় দেশে আনা আরও সহজ করলো বাংলাদেশ ব্যাংক এখন থেকে সেবা রপ্তানিকারকরা আন্তর্জাতিক মার্কেট প্লাটফর্মের সঙ্গে মার্চেন্ট অ্যাকাউন্ট খুলতে পারবেন আবার অন্য দেশের লাইসেন্সপ্রাপ্ত পেমেন্ট গেটওয়েতে অনানুষ্ঠানিক হিসাব নোশনাল অ্যাকাউন্ট খোলার সুযোগ পাবেন সোমবার এ সংক্রান্ত একটি সার্কুলার জারি করে ব্যাংকগুলোতে পাঠায় বাংলাদেশ ব্যাংক সার্কুলারে বলা হয়েছে আন্তর্জাতিক মার্কেট প্লাটফর্ম কিংবা বিদেশি পেমেন্ট গেটওয়ের মাধ্যমে পাওয়া আয় প্রথমে বৈদেশিক মুদ্রা লেনদেনকারী ব্যাংকের নস্ট্রো হিসাবে জমা হবে এরপর ব্যাংক সেবা প্রদানকারী গ্রাহকের হিসাবে তা জমা করবে গ্রাহকের ব্যাংক অ্যাকাউন্টের পাশাপাশি স্থানীয় ডিজিটাল ওয়ালেটেও অর্থ জমা করা যাবে গ্রাহক চাইলে প্রযোজ্য অংশ ইআরকিউ হিসাবে জমা করতে পারবেন সব ক্ষেত্রে প্রয়োজনীয় কর পরিশোধের বিধান মেনে চলতে হবে আর সেবা রপ্তানির চার মাসের মধ্যে আয় দেশে আনার বিষয়টি নিশ্চিত করতে হবে এতে আরও বলা হয়েছে আন্তর্জাতিক মার্কেট প্লাটফর্ম বা পেমেন্ট গেটওয়েতে খোলা হিসাবের অর্থ আনার ক্ষেত্রে ব্যাংকগুলোকে কিছু শর্ত পরিপালন করতে হবে বিশেষ করে সেবা প্রদানকারীর আন্তর্জাতিক মার্কেট প্লাটফর্মের সঙ্গে পরিচালিত মার্চেন্ট হিসাব পরিচালনা এবং বিদেশস্থ লাইসেন্সপ্রাপ্ত পেমেন্ট সেবা প্রদানকারীর সঙ্গে তার নোশনাল হিসাব সম্পর্কে তথ্য নিতে হবে সেবা কার্যক্রম বিষয়ে তথ্য সংগ্রহসহ ঘোষণাপত্র নিতে হবে সেবার বিপরীতে পাওয়া আয় নির্ধারিত সময়ের মধ্যে আন্তর্জাতিক মার্কেট প্লাটফর্মের মাধ্যমে প্রত্যাবাসন কিংবা অনানুষ্ঠানিক হিসাবে জমার মাধ্যমে তাৎক্ষণিকভাবে তা দেশে আনার বিষয়ে গ্রাহক থেকে অঙ্গীকার নামা নিতে হবে কেন্দ্রীয় ব্যাংকের একজন কর্মকর্তা জানান ক্ষুদ্র পরিসরে সেবা খাতের আয় প্রত্যাবাসনের জন্য বাংলাদেশ ব্যাংক ২০১১ সালে এডি ব্যাংকগুলোকে বিদেশস্থ ওপিজিএসপির সঙ্গে সম্পর্ক স্থাপনের সুযোগ দেয় এখন নীতিমালা আরও সহজ করা হলো,1
রাজশাহী বিশ্ববিদ্যালয়ে রাবি অনুষ্ঠিত হচ্ছে ঢাকা বিশ্ববিদ্যালয়ের ঢাবি নতুন শিক্ষাবর্ষের ভর্তি পরীক্ষা শুক্রবার ২২ অক্টোবর বেলা ১১টায় শুরু হয়ে গ ইউনিটের বাণিজ্য অনুষদের পরীক্ষা চলবে সাড়ে ১২টা পর্যন্ত এই পরীক্ষায় ১ হাজার ৫৭৭ জন অংশ নিচ্ছেন পরীক্ষা কক্ষে কেবলমাত্র প্রবেশপত্র ও পরীক্ষা সংক্রান্ত উপকরণ ও কাগজপত্র ছাড়া সকল ইলেকট্রনিক যন্ত্র নিষিদ্ধ করেছে কর্তৃপক্ষ পরীক্ষা চলাকালীন সময়ে পরীক্ষা কক্ষসহ পু্রো ক্যাম্পাস চার স্তর বিশিষ্ট নিরাপত্তা ব্যবস্থা ও ভ্রাম্যমান আদালত পরিচালিত হচ্ছে উল্লেখ্য এ নিয়ে চতুর্থ দিনের মতো ঢাবির ভর্তি পরীক্ষা রাবিতে অনুষ্ঠিত হচ্ছে আগামী ২৩শে অক্টোবর ঘ ইউনিটের পরীক্ষা এখানে অনুষ্ঠিত হবে,1
শরীরের জন্য থাইরয়েড হরমোনের একটি নির্দিষ্ট মাত্রা আছে এর থেকে কম বা বেশি হরমোন উৎপাদিত হলেই শরীরের উপর বিভিন্ন রকমের বিরূপ প্রভাব পড়তে শুরু করে তবে যথাযথ খাদ্যাভাস এবং জীবনযাত্রা ঠিক রাখার মাধ্যমে থাইরয়েড নিয়ন্ত্রণ করা সম্ভব যারা থাইরয়েডের সমস্যায় ভুগছেন এবং নিজেকে সুস্থ রাখতে চান তারা ঘরোয়া কিছু পদ্ধতি অনুসরণ করতে পারেন যেমন ১ জাঙ্ক ফুড এবং প্রক্রিয়াজাত খাবার থেকে দূরে থাকুন এগুলি স্বাস্থ্যের জন্য খুবই ক্ষতিকর ২ বর্তমান যুগে এত শারীরিক ও মানসিক সমস্যা হওয়ার সবচেয়ে বড় কারণ হল অগোছালো জীবনযাপন করা তাই নিয়মিত ব্যায়াম করা স্বাস্থ্য ভালো রাখার জন্য অত্যন্ত জরুরি এতে শরীরের অতিরিক্ত ক্যালোরি ঝরে এবং শরীর সুস্থ থাকে ৩ খাবার খাওয়ার সময় তাড়াহুড়ো না করে ধীরেসুস্থে ভালো করে চিবিয়ে খেতে হবে মনোযোগ দিয়ে ভালো করে চিবিয়ে খাওয়া থাইরয়েড এবং মনের মধ্যে সংযোগ গড়ে তোলে থাইরয়েড গ্রন্থি শরীরের বিপাক নিয়ন্ত্রণে গুরুত্বপূর্ণ ভূমিকা পালন করে তাই ধীরেসুস্থে খাবার চিবিয়ে খেলে তা বিপাক ক্রিয়া বাড়াতে বিশেষভাবে সাহায্য করে ৪ গবেষণায় দেখা গেছে এমন কিছু শাকসবজি আছে যেগুলি কাঁচা অবস্থায় খাওয়ার ফলে থাইরয়েড গ্রন্থির কাজ ব্যাহত হয় যেমন  বাঁধাকপি ব্রকলি ব্রাসেলস স্প্রাউট ফুলকপি ইত্যাদি এসব সবজি কাঁচা অবস্থায় খেলে থাইরয়েড গ্রন্থির ভারসাম্য নষ্ট নয় তাই এই ধরনের সবজি কাঁচা বা স্যালাদ হিসেবে না খেয়ে রান্না করে খান ৫ নারকেল তেলে থাকা ফ্যাটি অ্যাসিড থাইরয়েড গ্রন্থির কার্যকারিতা বাড়াতে সহায়তা করে নারকেল তেল গরম না করে যদি ব্যবহার করা হয় তাহলে তা ওজন হ্রাস করতে এবং বিপাকীয় ক্রিয়া বাড়িয়ে তুলতে সাহায্য করে এমনকি শরীরের তাপমাত্রাও ঠিক রাখতেও সাহায্য করে এই তেল ৬ অ্যাপেল সিডার ভিনেগার হরমোন উৎপাদনের ভারসাম্যতা বজায় রাখতে সহায়তা করে এতে বিপাকের উন্নতি হয় এছাড়াও এটি শরীরের ফ্যাট নিয়ন্ত্রণ এবং শরীর থেকে বিষাক্ত পদার্থগুলি বের করে পুষ্টি শোষণে সহায়তা করে ৭ আদায় বিভিন্ন রকম খনিজ যেমন পটাশিয়াম ম্যাগনেশিয়াম পাওয়া যায় এটি থাইরয়েডের সমস্যার সঙ্গে লড়াই করতে দারুন কার্যকর থাইরয়েডের সমস্যা কমাতে নিয়মিত আদা চা পান করুন ৮ থাইরয়েডের ক্ষেত্রে ভিটামিন বি খুবই সহায়ক বিশেষ করে ভিটামিন বি১২ হাইপোথাইরয়েডিজমে আক্রান্ত ব্যক্তিদের জন্য খুবই উপকারী তাই প্রতিদিনের খাদ্যতালিকায় ডিম মাছ মাংস দুধ বাদাম অবশ্যই অন্তর্ভুক্ত করুন এগুলি পর্যাপ্ত পরিমাণে ভিটামিন বি সরবরাহ করবে ৯ ভিটামিন ডিয়ের অভাবে থাইরয়েডের সমস্যা হতে পারে সূর্যের আলোতেই শরীর একমাত্র ভিটামিন ডি প্রস্তুত করতে পারে তাই দিনে অন্তত পক্ষে ১৫ মিনিট সূর্যের আলোয় থাকুন এতে শরীরে ভালোভাবে ক্যালসিয়ামের শোষণ হবে এবং রোগ প্রতিরোধ ক্ষমতাও বাড়বে ভিটামিন ডি সমৃদ্ধ কিছু খাবার হল  স্যালমন ম্যাকারেল দুগ্ধজাতীয় দ্রব্য কমলালেবুর রস ডিমের কুসুম ইত্যাদি শরীরে যদি ভিটামিন ডির মাত্রা খুবই কম থাকে তাহলে চিকিৎসকের পরামর্শ নিয়ে ভিটামিনডি সাপ্লিমেন্টও নিতে পারেন ১০ দুধ পনির দই এই ধরনের দুগ্ধজাতীয় খাবার থাইরয়েডের জন্য খুবই উপকারী কারণ এই সব খাবারে আয়োডিন এবং খনিজ বিপুল পরিমাণে থাকে যা থাইরয়েডের জন্য খুবই উপকারী আয়োডিন সাপ্লিমেন্টও এক্ষেত্রে গুরুত্বপূর্ণ ভূমিকা পালন করে,0
আগামী ২০২১২২ অর্থবছরে প্রতিরক্ষা সেক্টরে পরিচালন ব্যয় ও উন্নয়নের জন্য বরাদ্দ বাড়ানোর প্রস্তাব করা হয়েছে বৃহস্পতিবার বিকালে জাতীয় সংসদে স্পিকার ড শিরীন শারমিনের সভাপতিত্বে শুরু হওয়া বাজেট অধিবেশনে এ প্রস্তাব তুলে ধরেন অর্থমন্ত্রী আ হ ম মুস্তফা কামাল ২০২১২২ প্রস্তাবিত বাজেটের সংক্ষিপ্তসারে দেখা যায় প্রতিরক্ষা মন্ত্রণালয়ের মোট পরিচালন ব্যয় ও উন্নয়নের জন্য ৩৭ হাজার ২৮১ কোটি টাকা বরাদ্দের প্রস্তাব করা হয়েছে গত ২০২০২১ অর্থবছরে সংশোধিত এ বরাদ্দ ছিল ৩৩ হাজার ৫০০ কোটি টাকা ২০২১২২ অর্থবছরের বাজেটে প্রতিরক্ষা মন্ত্রণালয়ের প্রতিরক্ষা সার্ভিস পরিচালনের জন্য ৩৩ হাজার ৬১৬ কোটি টাকা উন্নয়নের জন্য ১ হাজার ৮৩২ কোটি টাকা প্রতিরক্ষা মন্ত্রণালয়ের অন্যান্য সার্ভিস পরিচালনের জন্য ১ হাজার ৭৮৯ কোটি টাকা ও সশস্ত্র বাহিনী বিভাগ পরিচালনের জন্য ৪৪ কোটি টাকা বরাদ্দের প্রস্তাব করা হয়েছে,1
ভক্তরা ভেবেছিলেন পুষ্পা ২ দ্য রুল ছবির প্রিমিয়ারে পদপিস্ট হয়ে ভক্তের মৃত্যুর ঘটনায় তাঁদের প্রিয় তারকা আল্লু অর্জুন পরিত্রাণ পেতে পারেন কিন্তু এক বছর পার হতেই ভক্তরা শুনতে পেলেন দুঃসংবাদ হায়দরাবাদের থিয়েটারে পদদলনের ঘটনায় এখন প্রিয় তারকা আল্লু অর্জুনের বিরুদ্ধে চার্জশিট দাখিল হয়েছে এতে ফেঁসে যেতে পারেন প্রিয় এই তারকাপুষ্পা ২ দ্য রুল ছবির প্রিমিয়ার শো চলাকালীন সময়ে পদপিষ্ট হয়ে মারা যাওয়ার ঘটনায় অভিনেতা আল্লু অর্জুনসহ মোট ২৪ জনের বিরুদ্ধে চার্জশিট দাখিল করেছে পুলিশ ঘটনার এক বছরের বেশি সময় পর হায়দরাবাদের নামপল্লি আদালতের নবম অতিরিক্ত চিফ জুডিশিয়াল ম্যাজিস্ট্রেটের আদালতে চার্জশিট জমা দেওয়া হয়েছে পুষ্পা ২ সিনেমায় রাশমিকা মান্দানা ও আল্লু অর্জুন এক্স থেকে পুষ্পা ২ সিনেমায় রাশমিকা মান্দানা ও আল্লু অর্জুন এক্স থেকে ঘটনাটি ঘটে ২০২৪ সালের ৪ ডিসেম্বর হায়দরাবাদের আরটিসি এক্স রোড এলাকার সন্ধ্যা থিয়েটারে পুষ্পা ২ দ্য রুলএর প্রিমিয়ার শো চলাকালে বিপুলসংখ্যক ভক্ত অভিনেতাকে দেখতে জড়ো হলে পরিস্থিতি নিয়ন্ত্রণের বাইরে চলে যায় ভিড়ে ৩৫ বছর বয়সী রেবতী মারা যান তাঁর নাবালক ছেলে শ্রীতেজও শ্বাসরুদ্ধ হয়ে গুরুতর অসুস্থ হয়ে পড়েন এবং এখনো বিভিন্ন শারীরিক জটিলতায় ভুগছেন আল্লু অর্জুন আল্লু অর্জুনইনস্টাগ্রাম পুলিশের তদন্তে উঠে এসেছে দুর্ঘটনার পেছনে ছিল চরম অবহেলা ও নিরাপত্তার গুরুতর লঙ্ঘন চার্জশিটে সন্ধ্যা প্রেক্ষাগৃহের মালিকের বিরুদ্ধে অভিযোগের পাশাপাশি অনুষ্ঠানের ভিড় নিয়ন্ত্রণে ব্যর্থতার অভিযোগ আনা হয়েছে তদন্ত প্রতিবেদনে উল্লেখ করা হয়েছে আল্লু অর্জুনের পুষ্পা ২ দ্য রুল ছবির প্রিমিয়ারে আসবেন এটা আগেই জানা ছিল কিন্তু তারপরও যথাযথ নিরাপত্তাব্যবস্থা নেওয়া হয়নি এমনকি নিরাপত্তার ব্যাপারে পুলিশের পক্ষ থেকে অভিনেতার উপস্থিতির অনুমতি দেওয়া হয়নি আরও পড়ুন মামলার কারণে আহত কিশোরের সঙ্গে দেখা করতে পারছেন না আল্লু অর্জুন ১৬ ডিসেম্বর ২০২৪ মামলার কারণে আহত কিশোরের সঙ্গে দেখা করতে পারছেন না আল্লু অর্জুন পুষ্পা ২এ আল্লু অর্জুন ও রাশমিকা মান্দানা এক্স থেকে পুষ্পা ২এ আল্লু অর্জুন ও রাশমিকা মান্দানা এক্স থেকে চার্জশিটে আল্লু অর্জুনের বিরুদ্ধেও অভিযোগ আনা হয়েছে অভিযোগ অনুযায়ী ঝুঁকিপূর্ণ পরিস্থিতি থাকা সত্ত্বেও আল্লু অর্জুন উপস্থিত হন এবং স্থানীয় প্রশাসনের সঙ্গে আগে থেকে কোনো ধরনের যোগাযোগ করেননি এ ঘটনায় তাঁর ব্যক্তিগত ব্যবস্থাপক কর্মচারী এবং আটজন বেসরকারি দেহরক্ষীকেও অভিযুক্ত করা হয়েছে পুলিশের দাবি তাঁদের কিছু কর্মকাণ্ড পরিস্থিতিকে আরও বিপজ্জনক করে তোলে আরও পড়ুন আল্লু অর্জুন গ্রেপ্তার সিনেমা হলে নারী মৃত্যুর ঘটনায় অভিযুক্ত পুষ্পা তারকা ১৩ ডিসেম্বর ২০২৪ আল্লু অর্জুন গ্রেপ্তার সিনেমা হলে নারী মৃত্যুর ঘটনায় অভিযুক্ত পুষ্পা তারকা ভিআইপি অতিথিদের ঢোকার ও বের হওয়ার জন্য আলাদা কোনো ব্যবস্থা ছিল না বেসরকারি নিরাপত্তাকর্মীদের চলাচল ও আচরণ ভিড়ের চাপ বাড়িয়ে দেয় প্রেক্ষাগৃহ কর্তৃপক্ষের বিরুদ্ধে অবহেলাজনিত মৃত্যুর অভিযোগে ভারতীয় দণ্ডবিধির ৩০৪ ধারা এবং জননিরাপত্তা বিপন্ন করার অভিযোগে একাধিক ধারা যুক্ত করা হয়েছে আল্লু অর্জুন আল্লু অর্জুনভিডিও থেকে উল্লেখ্য ঘটনার পর ২০২৪ সালের ডিসেম্বরেই আল্লু অর্জুনকে গ্রেপ্তার করা হলেও পরে তিনি জামিনে মুক্তি পান পুলিশ জানায় তদন্ত চলাকালে অভিনেতা সহযোগিতা করেছেন চার্জশিট দাখিলের মধ্য দিয়ে মামলাটি এখন বিচারিক প্রক্রিয়ায় প্রবেশ করেছে নিহত রেবতীর পরিবার ইতিমধ্যেই ন্যায়বিচার ও আহত শিশুর দীর্ঘমেয়াদি চিকিৎসার জন্য ক্ষতিপূরণের দাবি জানিয়েছে,0
বন্যা নিয়ন্ত্রণ সেচ এবং পানি ব্যবস্থাপনার উন্নয়নে এশীয় উন্নয়ন ব্যাংক এডিবি বাংলাদেশকে ৭১ মিলিয়ন মার্কিন ডলারের ঋণ সহায়তা দেবে এই সহায়তা গোপালগঞ্জ ও মাদারীপুর জেলার গ্রামীণ জনগোষ্ঠীর জলবায়ু পরিবর্তনজনিত প্রভাব মোকাবিলার প্রস্তুতি গ্রহণকে জোরদার করবে এ লক্ষ্যে আজ শনিবার ২০ এপ্রিল ঢাকায় অর্থনৈতিক সম্পর্ক বিভাগ ইআরডি ও এডিবির মধ্যে একটি ঋণচুক্তি সই হয়েছে ইআরডি সচিব মো শাহরিয়ার কাদের সিদ্দিকী বাংলাদেশের পক্ষে এবং এডিবির আবাসিক প্রধান এডিমন গিনটিং এডিবির পক্ষে চুক্তিতে সই করেন এডিমন গিনটিং বলেন এই প্রকল্পটি জলবায়ু পরিবর্তন মোকাবিলায় বাংলাদেশকে সাহায্য করার ক্ষেত্রে এডিবির প্রতিশ্রুতির প্রতিফলন ঘটাবে কেননা এর মাধ্যমে বন্যা নিয়ন্ত্রণ এবং পানি ব্যবস্থাপনার অনেক উন্নতি হবে যা প্রধানত জলবায়ুর চ্যালেঞ্জ মোকাবিলায় সাহায্য করবে,1
কাতার ফুটবল বিশ্বকাপের জন্য তৈরি করা হয়েছে পরিবহনযোগ্য স্টেডিয়াম যা বিশ্বকাপ শেষে বিশ্বের যেকোনো প্রান্তে স্থাপন করা যাবে কর্তৃপক্ষের দাবি এটিই বিশ্বে প্রথম এই ধরনের স্টেডিয়াম একসাথে ৪০ হাজার দর্শক এই স্টেডিয়ামের গ্যালারিতে বসে ম্যাচ উপভোগ করতে পারবেন ২০২২ সালে কাতার ফুটবল বিশ্বকাপের এই স্টেডিয়ামের নাম নাইন সেভেন ফোর কাতারের আন্তর্জাতিক ফোন কোড  থেকেই এর নামকরণ করা হয়েছে এছাড়াও স্টেডিয়ামটি স্থাপন করতে দরকার হয়েছে ৯৭৪টি শিপিং কন্টেইনার স্পেনের স্থপতি মার্ক ফেনউইকের নকশায় এতে ব্যবহার করা হয়েছে অব্যবহৃত শিপিং কন্টেইনার কাতারের স্টেডিয়াম নাইন সেভেন ফোর স্টেডিয়ামের নকশাকার মার্ক ফেনউইক জানান আমরা পুরো মাঠটি সাজিয়েছি শিপিং কন্টেইনার দিয়ে প্রত্যেকটি কন্টেইনারকে একেকটি কাঠামোয় রূপ দেয়া হয়েছে যেমন টয়লেট কিংবা ক্যামেরাম্যানদের জন্য বিশেষ জায়গা ইত্যাদি বলা হচ্ছে এটিই প্রথম কোনো পরিবহনযোগ্য স্টেডিয়াম যা বিশ্বের যেকোনো প্রান্তে স্থাপন করা যাবে তিনি আরো জানান আমার মনে হয় বিশ্বকাপ শেষ হওয়ার পর এই স্টেডিয়ামের কাতারে আর খুব একটা দরকার নেই তাই এমন একটি ভিন্নরকমের মাঠের নকশা তৈরি করেছি যা বিশ্বকাপ শেষে আবারো কাজে লাগানো যাবে আমি চেয়েছিলাম মাঠটি হোক কয়েকভাগে বিভক্ত ও পরিবহনযোগ্য বিশেষ এই স্টেডিয়ামটিতে রয়েছে ৪০ হাজার দর্শকধারণ ক্ষমতা কাতার কর্তৃপক্ষ জানিয়েছে বিশ্বকাপ শেষে স্বল্পোন্নত কোনো দেশ এই স্টেডিয়াম ব্যবহার করতে চাইলে তাদের তা দেয়া হবে এরইমধ্যে স্টেডিয়ামটির কার্যকারিতা পরীক্ষা করে দেখা হয়েছে,0
দুই বাংলায় জনপ্রিয় অভিনেত্রী জয়া আহসান অভিনয়ে পেয়েছেন জাতীয় চলচ্চিত্র পুরস্কার সম্প্রতি ভারতে অনুষ্ঠিত ফিল্মফেয়ার অ্যাওয়ার্ড বাংলায়ও পুরস্কার জিতেছেন অভিনয়শিল্পী জয়াকে এবার দেখা গেল গানের মঞ্চে কোক স্টুডিও বাংলায় সংগীতের ফিউশনধর্মী অনুষ্ঠান হিসেবে বিপুল জনপ্রিয়তা পেয়েছে কোক স্টুডিও বাংলা এরই মধ্যে আয়োজনটির দুটি সিজন প্রচার হয়েছে এবার আসছে তৃতীয় অধ্যায় কাল শনিবার এর প্রথম গান প্রকাশিত হচ্ছে বরাবরের মতো কোক স্টুডিও বাংলার মিউজিক কিউরেটর হিসেবে থাকছেন শায়ান চৌধুরী অর্ণব তাঁর সঙ্গে এবার সংগীত প্রযোজক হিসেবে থাকছেন প্রীতম হাসান ইমন চৌধুরী শুভেন্দু দাশ শুভ প্রমুখ যাঁরা প্রত্যেকেই গেল আসরে তুমুল জনপ্রিয় গান উপহার দিয়েছেন আনুষ্ঠানিক ঘোষণা না দিলেও ধারণা করা হচ্ছে এবারের সিজনে বিশেষ চমক হিসেবে থাকছেন অভিনেত্রী জয়া আহসান গতকাল বৃহস্পতিবার ঈদের দিন সামাজিক যোগাযোগমাধ্যমে প্রকাশিত এক প্রমোতে একঝলক দেখা গেছে দুই বাংলার জনপ্রিয় এই অভিনেত্রীকে যেখানে তিনি কোক স্টুডিওর সুসজ্জিত সেটে গান গাই আমার মন রে বোঝাই গানের সঙ্গে ঠোঁট মিলিয়েছেন কোক স্টুডিও বাংলার মঞ্চে জয়ার ভূমিকা কী বিষয়টি এখনই খোলাসা করছে না কোক স্টুডিও বাংলা কর্তৃপক্ষ এবারের কোনো গানে তিনি কণ্ঠ দেবেন নাকি বরাবরের মতো অভিনয়ে মুগ্ধতা ছড়াবেন তা জানতে কিছুটা অপেক্ষা করতেই হচ্ছে ভক্তদের কোক স্টুডিও বাংলার পক্ষ থেকে এক সংবাদ বিজ্ঞপ্তিতে জানানো হয় বাংলাদেশ ও বিশ্বের বিভিন্ন দেশ থেকে ১৮০ জনের বেশি শিল্পী সুরকার নিয়ে এবারের আয়োজন সাজানো হয়েছে এতে মোট ১১টি গান থাকছে এর মধ্যে নতুন চমক হিসেবে পাওয়া যাবে সংগীত তারকা হাবিব ওয়াহিদের গান এ ছাড়া গেল আসরের মতো এবারও থাকছে ব্যান্ড মেঘদলএর একটি গান তৃতীয় সিজন নিয়ে আয়োজনটির মিউজিক কিউরেটর অর্ণব বলেন দারুণ কিছু গান নিয়ে দেশীয় সংস্কৃতি উদ্যাপন করতে আরও একবার হাজির হয়েছি আমরা এই সিজনে আমরা গান ও স্টোরিটেলিংয়ের ক্ষেত্রে আরও নতুনত্ব আনার চেষ্টা করেছি যা উদ্ভাবন ও সৃজনশীলতার প্রতি আমাদের প্রতিশ্রুতি আরও ফুটিয়ে তুলবে ট্র্যাডিশনাল থেকে আধুনিক সুর সবকিছু মিলিয়ে কোক স্টুডিও বাংলার তৃতীয় সিজন হয়ে উঠবে শৈল্পিক বৈচিত্র্য ও সৃষ্টিশীলতা প্রকাশের এক অনন্য প্ল্যাটফর্ম কোকাকোলা বাংলাদেশের ব্যবস্থাপনা পরিচালক জুউন নাহার বলেন গত দুই সিজনে ভক্তদের কাছ থেকে যে ভালোবাসা আমরা পেয়েছি তার সত্যিই তুলনা হয় না তাঁদের ভালোবাসা ও উৎসাহই আমাদের প্রথাগত প্র্যাকটিসের বাইরে গিয়ে নতুন ও অসাধারণ কিছু করার জন্য অনুপ্রাণিত করে এ সিজনে দর্শকশ্রোতাদের জন্য আমাদের বেশ কিছু চমক আছে আশা করছি এ সিজনও সবাই পছন্দ করবেন,0
গ্রিসে সড়ক দুর্ঘটনায় সজিব খান ২২ নামের এক মোটরসাইকেল আরোহী বাংলাদেশি যুবক প্রাণ হারিয়েছেন এ ঘটনায় আহত হয়েছেন তার সঙ্গে থাকা আরেক বাংলাদেশি যুবক রোববার ১১ ফেব্রুয়ারি তার মৃত্যুর খবর জানাজানি হলে বাংলাদেশি কমিউনিটিতে শোকের ছায়া নেমে আসে এর আগে গত শনিবার ১০ ফেব্রুয়ারি স্থানীয় সময় রাতে এথেন্সের মেতারসুগিয়া এলাকায় এ দুর্ঘটনা ঘটে নিহত সজিব খান ব্রাহ্মণবাড়িয়া জেলার নাসিরনগর উপজেলার ধানতলিয়া এলাকার মাফুজ খানের ছেলে আহত ফাহিম হোসেনের বাড়ি মুন্সিগঞ্জ সদরে জানা যায় নিহত সজিব খান চার বছর আগে ইউরোপের দেশ গ্রিসে প্রবেশ করেন দুই ভাই ও চার বোনের মধ্যে সজিব ছিলেন সবার বড় তিনি থাকতেন এথেন্সের ইপীরু এলাকায় তিনি সিজনাল কর্মী হিসেবে আইল্যান্ডের রেস্টুরেন্টে কাজ করতেন বর্তমানে আইল্যান্ডে রেস্টুরেন্ট বন্ধ থাকায় তার কোনো কাজ ছিল না সজিবের রুমমেটরা জানান শনিবার রাতে তার বন্ধু ফাহিমকে নিয়ে মাংস কেনার জন্য ওমোনিয়া এলাকার উদ্দেশে মোটরসাইকেলে করে রওনা হন পথে এথেন্সের মেতারসুগিয়া এলাকায় মোটরসাইকেল দুর্ঘটনা ঘটে এতে ঘটনাস্থলেই মারা যান সজিব আহত ফাহিম এথেন্সের একটি হাসপাতালে চিকিৎসাধীন রয়েছেন এ ব্যাপারে বাংলাদেশ কমিউনিটি ইন গ্রিসের সভাপতি আনোয়ার হোসেন জানান ট্রাফিক সিগনালে এ ঘটনা ঘটেছে সিগন্যাল অমান্য করে যেতে চাইলে অপরদিকে গ্রিন সিগন্যাল থেকে আসা একটি প্রাইভেটকার মোটরসাইকেলে ধাক্কা দেয় এতে ধুমরেমুছরে রাস্তার পাশে ছিটকে পড়েন সজিব ও তার বন্ধু ফাহিম গ্রিসে বসবাসরত বাংলাদেশিদের ট্রাফিক সিগন্যাল ও ট্রাফিক আইন মেনে চলাচলের পরামর্শ দেন তিনি এথেন্সে বাংলাদেশ দূতাবাসের প্রথম সচিব শ্রম বিশ্বজিৎ কুমার পাল জানান সব আইনি প্রক্রিয়া শেষ করে যত দ্রুত সম্ভব তার মরদেহ বাংলাদেশ পাঠানো হবে,1
দীর্ঘদিন ধরেই অলিম্পিক গেমসে ক্রিকেটের অন্তর্ভুক্তির চেষ্টায় বিশ্ব ক্রিকেটের নিয়ামক সংস্থা আইসিসি ২০২৮ সালে অলিম্পিকের আসর বসবে আমেরিকার লস অ্যাঞ্জেলেস শহরে সেই গেমসে ক্রিকেটের অন্তর্ভুক্তির বিষয়ে এখনও আশাবাদী আইসিসি অ্যাডিশনাল স্পোর্টস হিসেবে হলেও ক্রিকেটকে অন্তর্ভুক্তির চেষ্টা চালিয়ে যাচ্ছে আইসিসি অলিম্পিক সংস্থার পক্ষ থেকে ২০২৮ অলিম্পিক আসরে প্রাথমিক কর্মসূচির মধ্যে ২৮টি খেলার কথা ঘোষণা করা হয়েছে যার মধ্যে জায়গা করে নিয়েছে স্কেট বোর্ডিং সার্ফিং এবং স্পোর্টস ক্লাইম্বিং এই অবস্থায় দাঁড়িয়েও আইসিসি আশাবাদী শেষ বেলাতে লস অ্যাঞ্জেলেস গেমসে অ্যাডিশনাল স্পোর্টস হিসেবে জায়গা করে নেবে ক্রিকেট আইসিসির এক মুখপাত্র টাইমস অব ইন্ডিয়াকে দেয়া সাক্ষাৎকারে বলেন ক্রিকেটকে অলিম্পিকের অংশ বানানোর লক্ষ্য পাল্টে যায়নি আমাদের এটা জেনেও যে আমাদের পৃথিবীর অনেক বড় ইভেন্টের সঙ্গে প্রতিদ্বন্দ্বিতা করতে হবে ক্রিকেট কখনোই প্রাথমিক তালিকায় থাকবে না আগামী বছর আয়োজক শহর কর্তৃক বাছাই প্রক্রিয়ার মাধ্যমে নির্বাচিত করা হবে অ্যাডিশনাল স্পোর্টস সেই প্রক্রিয়ার অংশ হিসেবে ক্রিকেটও থাকবে আমরা আশাবাদী টিটোয়েন্টির ওপর ভরসা করেই অলিম্পিকে জায়গা করে নিতে মরিয়া আইসিসি অনেকেই মনে করেন অলিম্পিকে জায়গা পেতে আমেরিকাকে বিশ্বকাপ আয়োজনের দায়িত্ব দেয়া হয়েছে ২০২৪ সালের টি টোয়েন্টি বিশ্বকাপ আসর বসবে মার্কিন যুক্তরাষ্ট্রে আগামী বছর ফেব্রুয়ারিতে চীনের বেইজিং শহরে ক্রীড়াসূচির লিস্ট ভোটাভুটির জন্য তোলা হবে ক্রিকেটের পাশাপাশি বেসবল সফটবল এবং আমেরিকান ফুটবল অ্যাডিশনাল স্পোর্টস হিসেবে অন্তর্ভুক্ত হওয়ার দৌঁড়ে থাকবে,0
চুল কমবেশি সবারই পড়ে হয়তো কারও কম কারও বেশি দিনে ৫০ থেকে ১০০টি চুল পড়া স্বাভাবিক তবে এর বেশি হলেই তা চিন্তার কারণ হয়ে দাঁড়ায় আবার চুল পড়া নিয়ে বেশি চিন্তা করলেও চুল পড়ে বেশি এই চুল পড়া সমস্যা থেকে বাঁচার জন্য প্রথমেই জানতে হবে কী কারণে চুল পড়ছে কারণটা খুঁজে বের করে তারপর সেই সমস্যার সমাধান করতে হবে তখন আপনাআপনিই চুল পড়া বন্ধ হয়ে যাবে তবে শুধু তাই নয় চুল পড়া বন্ধ করতে ও চুলের গোড়া মজবুত রাখতে নিয়মিত বেশ কিছু যত্ন নেওয়াও প্রয়োজন চুলের যত্ন নিতে গেলেই যে প্রচুর সময় ব্যয় করতে হবে কিংবা তা খরচ সাপেক্ষ হবে তা কিন্তু নয় কম খরচে সামান্য কিছু ঘরোয়া জিনিসও হয়ে উঠতে পারে আপনার চুল পরিচর্যার উপকরণ চলুন জেনে নেয়া যাক চুল পড়া রোধে জাদুর মতো কাজ করে যেসব ঘরোয়া উপকরণ আমলকী আমলকীতে আছে প্রচুর পরিমাণে ভিটামিনসি অ্যান্টি অক্সিড্যান্ট এবং অ্যান্টিইনফ্ল্যামেটারি উপাদান যা চুল পড়া বন্ধ করতে দারুণ কাজ করে মাথার ত্বক ভালো রাখতে এবং দ্রুত চুল বাড়াতে আমলকীর জুড়ি মেলা ভার যেভাবে ব্যবহার করবেন এক কাপ নারকেল তেলের মধ্যে ৪ থেকে ৫টি শুকনো আমলকী নিয়ে তা ফুটিয়ে নিন তেল কালো হয়ে যাওয়া পর্যন্ত ফোটাতে থাকুন এরপর তা নামিয়ে নিয়ে ঠাণ্ডা করে নিন এবার ওই তেল দিয়ে মাথায় মাসাজ করে ৩০ মিনিট মতো রেখে দিন তার পর শ্যাম্পু এবং পানি দিয়ে ধুয়ে ফেলুন ভাল ফল পেতে সপ্তাহে ২ বার এটি ব্যবহার করুন অ্যালোভেরা অ্যালোভেরা যেমন ত্বকের জন্য ভালো তেমনই চুলের জন্যও উপকারী এটি চুল পড়া বন্ধ করে নতুন চুল গজাতে সাহায্য করে এছাড়া মাথার ত্বকের চুলকানি ভাব দূর করে এবং এই ত্বকের স্বাভাবিক পিএইচএর মাত্রা সংরক্ষণে সাহায্য করে আর খুসকি দূর করতেও এর জুড়ি মেলা ভার যেভাবে ব্যবহার করবেন একটি বড় মাপের অ্যালোভেরা পাতা নিয়ে তার ভেতরের শাঁস বের করে নিন তারপর ওই শাঁস ভালো করে মাথার ত্বকে লাগিয়ে ৪৫ মিনিট রেখে দিন এরপর ঠাণ্ডা পানি দিয়ে ধুয়ে ফেলুন ভালো ফল পেতে সপ্তাহে ৩ থেকে ৪ দিন এটি ব্যবহার করুন মেথি চুল পড়া আটকাতে মেথি খুব ভালো কাজ করে এর মধ্যে থাকা প্রোটিন এবং নিকোটিনিক অ্যাসিড চুলের গোড়া মজবুত করে চুল উজ্জ্বল এবং লম্বা করতে সাহায্য করে যেভাবে ব্যবহার করবেন এক কাপ মেথি সারা রাত পানিতে ভিজিয়ে রেখে পরের দিন সকালে তা বেটে একটা পেস্ট তৈরি করে নিন এরপর ওই পেস্ট চুলে এবং মাথায় লাগিয়ে ৩০ মিনিট রাখুন পারলে একটা শাওয়ার ক্যাপ দিয়ে মাথা ঢেকে রাখুন এর পর পানি দিয়ে ধুয়ে ফেলুন শ্যাম্পু ব্যবহারের কোনো প্রয়োজন নেই টানা ১ মাস সপ্তাহে ২ দিন করে এটি ব্যবহার করলে আপনি পেয়ে যাবেন উজ্জ্বল ঘন লম্বা চুল,1
বিগত সরকারের জ্বালানি খাতের ভুল নীতি ও দায়মুক্তি যে গোষ্ঠীতন্ত্রের স্বার্থ রক্ষার জন্যই চালু ছিল সৌরবিদ্যুৎ প্রকল্প নিয়ে ট্রান্সপারেন্সি ইন্টারন্যাশনাল বাংলাদেশের টিআইবি গবেষণা প্রতিবেদন থেকে সেটা আরেকবার পরিষ্কার হলো বাংলাদেশের অর্থনৈতিক অচলাবস্থা দারিদ্র্যের ঊর্ধ্বমুখী সূচি সামাজিক অসন্তোষের পেছনে নিশ্চিত করেই জ্বালানি খাতের অবাধ লুটপাটের বড় অবদান আছে টিআইবির গবেষণা জানাচ্ছে গত ১৫ বছরে ছয়টি সৌরবিদ্যুৎ প্রকল্পে প্রায় ৩ হাজার কোটি টাকা অতিরিক্ত ব্যয় হয়েছে গড়ে প্রতি মেগাওয়াট সৌরবিদ্যুৎ উৎপাদনের জন্য যেখানে ৮ কোটি টাকা প্রয়োজন সেখানে ৬টি প্রকল্পে গড়ে ১৩ কোটি ৮ লাখ টাকা ব্যয় দেখানো হয়েছে টিআইবির প্রতিবেদনে উঠে এসেছে পিডিবির আইপিপি বিভাগের কর্মকর্তা থেকে শুরু করে স্থানীয় জনপ্রতিনিধি পর্যন্ত বিস্তৃত একটি নেটওয়ার্ক কীভাবে দুর্নীতির সঙ্গে জড়িয়ে পড়েছিল এমনকি সরকারি জমিতে প্রকল্প বাস্তবায়িত হলেও সেখানে মেগাওয়াটপ্রতি উৎপাদন খরচ দেখানো হয়েছে ১৪ কোটি টাকা শ্রেণি পরিবর্তন করে কৃষিজমিতে সৌরবিদ্যুৎ প্রকল্প করা হয়েছে যোগসাজশের মাধ্যমে মৌজামূল্যও বেশি দেখানো হয়েছে এখানে একদিকে যেমন আর্থিক দুর্নীতি হয়েছে আবার কৃষি উৎপাদনকেও ক্ষতিগ্রস্ত করা হয়েছে প্রতিবেশী দেশগুলোর তুলনায় চার গুণ বেশিতে চুক্তি করা হয়েছে বিদ্যুৎ বিক্রির ক্ষেত্রেও আন্তর্জাতিক মানদণ্ড অনুসরণ করা হয়নি এ দুর্নীতি ও অনিয়মের সবটাই করা হয়েছে ২০১০ সালের বিদ্যুৎ ও জ্বালানির দ্রুত সরবরাহ বৃদ্ধি বিশেষ আইন আইনের অপব্যবহার করে অন্তর্বর্তী সরকার জ্বালানি খাতের দায়মুক্তি আইন বাতিল করলেও জ্বালানি খাত সংস্কারে কার্যকর কোনো উদ্যোগ নিতে পারেনি পরবর্তী নির্বাচিত সরকারকে অবশ্যই জ্বালানি খাতকে অতীতের ভুল নীতির খেসারত থেকে টেনে তুলতে হবে বাংলাদেশে যে জ্বালানির চাহিদা তার ৯৫ শতাংশের বেশি জোগান আসে জীবাশ্ম জ্বালানি বা কয়লা গ্যাস ও তেল থেকে আমাদের জ্বালানির যে মহাপরিকল্পনা সেটা জীবাশ্ম জ্বালানিনির্ভর শুধু জীবাশ্ম জ্বালানির ওপর নির্ভর করে একটি স্বনির্ভর টেকসই পরিবেশবান্ধব ও সাশ্রয়ী জ্বালানিব্যবস্থা গড়ে তোলা সম্ভব নয় এটা সত্যি যে জীবাশ্ম জ্বালানি থেকে একলাফেই আমাদের পক্ষে নবায়নযোগ্য জ্বালানিতে রূপান্তরিত হওয়া যাবে না কিন্তু জ্বালানি রূপান্তরের সুস্পষ্ট পথনকশা থাকতে হবে ধাপে ধাপে নবায়নযোগ্য জ্বালানির হিস্যা বাড়াতে হবে ফলে বিক্ষিপ্ত ও বিচ্ছিন্নভাবে নয় সময় এসেছে নবায়নযোগ্য জ্বালানিকে কেন্দ্রে রেখে নতুন করে জ্বালানি মহাপরিকল্পনা তৈরি করা বাতিল হওয়া কয়লা ও এলএনজিনির্ভর বিদ্যুৎকেন্দ্রের জন্য অধিগ্রহণ করা জমিতে সৌরবিদ্যুৎ প্রকল্প বাস্তবায়ন করা সম্ভব আমরা আশা করি রাজনৈতিক দলগুলো নিজেদের ইশতেহারে নবায়নযোগ্য জ্বালানিকে প্রাধান্য দিয়ে বিদ্যুৎ খাত নিয়ে তাদের পরিকল্পনা নাগরিকদের সামনে উপস্থাপন করবে,0
পাকিস্তানের বর্তমান সরকার চার থেকে পাঁচ মাসের বেশি স্থায়ী হবে না বলে মন্তব্য করেছেন পাকিস্তানের সাবেক প্রধানমন্ত্রী ইমরান খান তিনি মনে করছেন শাহবাজ শরিফের নেতৃত্বাধীন সরকারের পতন হলে আদিয়ালা জেল থেকে তার মুক্তির পথ প্রশস্ত হবে রাওয়ালপিন্ডির আদিয়ালা কারাগারে বৃহস্পতিবার ইমরান খানের বিরুদ্ধে দুর্নীতির মামলার শুনানির পর পাকিস্তান তেহরিকইইনসাফ বা পিটিআইর প্রতিষ্ঠাতা ইমরান খান এ কথা বলেন বিশ্বকাপ জয়ী এ ক্রিকেটার বলেন সরকার বেশি দিন টিকবে না বলেই পাকিস্তান পিপলস পার্টি বা পিপিপি মন্ত্রিসভায় যোগ দেয়নি তার বিরুদ্ধে করা দুর্নীতির মামলাকে ভিত্তিহীন দাবি করেন ইমরান খান প্রধানমন্ত্রী থাকাকালে আমেরিকার নানা অন্যায় পদক্ষেপের সমালোচনা করে প্রশংসিত হওয়া নেতা ইমরান খান বলেন তার বিরুদ্ধে করা মামলায় সিদ্ধান্ত ইতিমধ্যে নেওয়া হয়ে গেছে এখন যেসব আইনিপ্রক্রিয়া সম্পন্ন করা হচ্ছে তা শুধুই আনুষ্ঠানিকতা বর্তমান পরিস্থিতি পুরো সিস্টেমকে উন্মোচিত করে দিয়েছে সবকিছু হেরফের করা হচ্ছে নির্বাচন কমিশন তত্ত্বাবধায়ক সরকার ও এস্টাবলিশমেন্ট সবাই এর সঙ্গে জড়িত যোগ করেন পিটিআই প্রতিষ্ঠাতা,1
স্বাদগন্ধ বাড়াতে বাঙালির রান্না ঘরে তেজপাতার উপস্থিতি সুপ্রাচীন এছাড়া স্বাদ বাড়াতে তেজপাতা ব্যবহার করা হলেও ডায়াবেটিস কমাতেও তেজপাতা খুবই উপকারী এর রয়েছে অনেক ঔষধি গুণ বিশেষজ্ঞদের মতে তেজপাতায় রয়েছে কপার সেলেনিয়াম আয়রন জিংক ম্যাগনেশিয়াম পটাশিয়াম ও ক্যালশিয়ামের মতো বিভিন্ন উপকারী উপাদান রয়েছে একাধিক ভিটামিনও তাই ডায়াবেটিস থাকলেও তেজপাতায় ক্ষতি নয় বরং লাভের আশাই বেশি দেখে নিন কী কী গুণ রয়েছে অতিপরিচিত মশলার ১ ডায়াবেটিস নিয়ন্ত্রণ তেজপাতা সহায়তা করতে পারে ডায়াবেটিস নিয়ন্ত্রণে গবেষণা বলছে দৈনিক এক থেকে তিন গ্রাম তেজ পাতা পাতে থাকলে কমতে পারে ডায়াবিটিস বিশেষজ্ঞদের মতে তেজপাতায় পাওয়া যায় পলিফেনল জাতীয় উপাদান যা ডায়াবিটিস নিয়ন্ত্রণে সহায়তা করতে পারে ২ রোগ প্রতিরোধ ক্ষমতা বৃদ্ধি তেজপাতায় ভিটামিন এ ভিটামিন বি৬ ও ভিটামিন সি পাওয়া যায় এই ভিটামিনগুলি রোগ প্রতিরোধ ক্ষমতা বৃদ্ধিতে সহায়তা করে সর্দিতে নাক বন্ধ হয়ে গেলে অনেকেই তেজপাতা দেওয়া চা পান করার পরামর্শ দেন ৩ মন ভাল রাখতে তেজ পাতার গন্ধে মানবদেহে আনন্দের অনুভূতি তৈরি করা হরমোনের মাত্রা বৃদ্ধি পায় পাশাপাশি ইদুরের উপর করা একটি সাম্প্রতিক গবেষণায় দেখা গিয়েছে প্রতি দিন ৫ মিনিট তেজপাতার ধোঁয়ায় থাকলে বৃদ্ধি পায় স্মৃতি শক্তি তবে এই বিষয়ে আরও বিস্তারিত গবেষণার প্রয়োজন বলে মত বিশেষজ্ঞদের ৪ ক্ষত নিরাময়ে তেজপাতার প্রদাহনাশক গুণ রয়েছে ক্ষতস্থান নিরাময়ে এই প্রদাহনাশক গুণ কাজে আসে বিভিন্ন প্রাণীর উপর করা পরীক্ষাতেও মিলেছে একই ফল ৫ কিডনির স্বাস্থ্য রক্ষায় ২০০৮ সালের একটি গবেষণায় দেখা গিয়েছে তেজপাতা কিডনির পাথর প্রতিরোধে কাজে লাগতে পারে এটি ইউরিয়েজ নামক একটি উৎসেচকের পরিমাণ নিয়ন্ত্রণে রাখে এই উৎসেচকের পরিমাণ অতিরিক্ত বেড়ে গেলে বেড়ে যায় কিডনিতে পাথর তৈরির আশঙ্কা গবেষণায় দেখা গেছে টানা ৩০ দিন ১ থেকে ৩ গ্রাম তেজপাতা গ্রহণ করলে রক্তে গ্লুকোজ ও কোলেস্টরেলের পরিমাণ কমে তেজপাতায় থাকা উপাদান ইনসুলিনের মাত্রা উল্লেখযোগ্য হারে নিয়ন্ত্রণে রাখে এছাড়াও তেজপাতার রয়েছে আরো অনেক গুণ,1
দাম্পত্য জীবনে ঝগড়া হতেই পারে তবে এই ঝগড়ার নেতিবাচক প্রভাবে পড়তে পারে সন্তান বাড়ির শিশুরা মনোযোগী হয়ে থাকে তাই তাদের মনের ওপর যেকোনো নেতিবাচক ঘটনা ছাপ ফেলে অনেক বেশি এই সময় সন্তানদের মানসিক ক্ষতি কেমন হয় এবং বাবামা এ ক্ষেত্রে কী করতে পারেন এ বিষয়ে বিশ্লেষণ করছেন জাতীয় মানসিক স্বাস্থ্য ইনস্টিটিউটের চাইল্ড অ্যাডলসেন্ট অ্যান্ড ফ্যামিলি সাইকিয়াট্রি বিভাগের সহযোগী অধ্যাপক ডা হেলাল উদ্দিন আহমেদ শুনে নেওয়া যাক এ বিষয়ে তার পরামর্শগুলো শিশুদের মধ্যে ঝুঁকিপূর্ণ আচরণ প্রকাশ পায় যেকোনো শিশুর কাছেই বাবামা অনুকরণীয় কিন্তু যখন সে বাবামাকে ঝগড়া করতে দেখে তখন সে এক ধরনের নিরাপত্তাহীনতায় ভোগে বাবামার ঝগড়া প্রলম্বিত হলে অনেক শিশুর মধ্যে হিংস্র ঝুঁকিপূর্ণ বা অপরাধী আচরণ প্রকাশ পায় বাবামা একে অপরের সঙ্গে কথা বলা বন্ধ করে দিলে শিশুর মানসিক আবেগ অনুভূতি আচরণ এবং সামাজিক মেলামেশার ক্ষেত্রেও তখন সমস্যা হতে পারেমানসিক শক্তি কমে যেতে থাকে বাচ্চারা বাবামার সম্পর্কে শীতলতা সহজেই ধরতে পারে পরিবারে যে বাবামার দ্বন্দ্ব রয়েছে শিশুরা বুঝতে পারে একটি শিশু ছয় মাস বয়স থেকেই পারিবারিক অশান্তি অনুভব করতে পারে যদিও সে প্রকাশ করতে পারে না পরিস্থিতি এমন হলে তার মানসিক ভিত্তিও যে খুব দৃঢ় হবে এমন নয় ব্যাঘাত ঘটে সন্তানের ঘুমে বাবামায়ের ঝগড়ার কারণে সন্তানদের ঘুমে ব্যাঘাত ঘটতে পারে বাচ্চাদের মস্তিষ্কের প্রাথমিক বিকাশ এভাবে ক্ষতিগ্রস্ত হতে পারে উদ্বেগদুশ্চিন্তা তৈরি হতে পারে শুধু তাই নয় স্কুলে তার আচারআচরণে সমস্যা হতে পারে শিশু বিষণ্নতায় ভুগতে পারে এবং পড়াশোনায় অমনোযোগিতা দেখা যেতে পারে অনেক সময় ছেলেমেয়ে যদি একটু বড় হয় তাহলে তাদের মধ্যে নিজের ক্ষতি নিজে করা প্রবণতা দেখা যায় বাজার করার কাজে নতুন হলেবাজার করার কাজে নতুন হলে মানসিক ডিপ্রেশন থেকে অপরাধপ্রবণতা পারিবারিক কলহের মধ্য দিয়ে যে ছেলে সন্তান বড় হয় বড় হওয়ার পর তার মাদকাসক্তি অবাধ্যতা মারামারি করার প্রবণতা বেশি রাখা যায় অপরদিকে কন্যা শিশুরা চাপা স্বভাবের হওয়ার কারণে ভেতরে তারা চাপ অনুভব করে এবং অস্থিরতা দেখা যায় পরে তাদের মধ্যে সংসারের ভয় ডিপ্রেশনসহ বিভিন্ন ধরনের মানসিক সমস্যা দেখা দেয় ঝুঁকি বেশি টিনএজারদের পরিবারের দাম্পত্য কলহের নেতিবাচক প্রভাব শিশুদের তুলনায় টিনএজারদের ওপর বেশি এই বয়সে ভালোমন্দের বোধের জন্মটাও ইতোমধ্যে হয়ে যায় ফলে আতঙ্কিত হয়ে বাবামায়ের ঝগড়া থামাতে নিজেরাই উদ্যোগী হয় তারা অনেক সময় একটু বড় হওয়া সন্তান নিজের ক্ষতি নিজে করতে চায় অনেকে আত্মহত্যাপ্রবণ হয়ে ওঠে বাবামায়ের অবাধ্য হয়ে যেতে পারে নিজের ইচ্ছাকে বেশি প্রাধান্য দিয়ে থাকে সন্তানের ওপর যে পারিবারিক কলহের প্রভাব পড়ছে এই সম্পর্কে কিন্তু সব বাবামা অবগত থাকেন ছোটখাটো ঝগড়ার পর বাবামায়ের সমঝোতা সন্তানকে প্রশান্তি দেয় এই যে বাবামা কোনো বিষয় নিয়ে বিতর্ক করেন এবং সমাধান করে ফেলেন এটা থেকেও শিশুরা ভালো শিক্ষা নিতে পারে নিজেদের জীবনের এই শিক্ষা কাজে লাগাতে পারে সন্তান ট্রমার শিকার দাম্পত্য কলহের সমস্যাগুলো কাটাতে না পারলে সন্তান ট্রমার শিকার হতে থাকবে প্রতিনিয়ত ঝগড়ায় দুজনের একজন আধিপত্য বিস্তার করতে চায় অনেক সময় ভিকটিম রোল প্লে করার প্রবণতাও দেখা যায় এদিকে সন্তান ভয় পাচ্ছে আর অসহায় বোধ করছে এজন্য ঝগড়ার আগে নিজেকে প্রশ্ন করুন এই জিতে যাওয়ায় আসলে আপনার কতটুকু লাভ হচ্ছে পারিবারিক কলহকে কেন্দ্র করে বাচ্চাকে কখনোই যেকোনো একজনের পক্ষ নিতে বাধ্য করবেন না সংঘর্ষের পথে না গিয়ে চেষ্টা করুন ধৈর্য ধরে কথা বলার সন্তানদের সামনে কখনোই তর্কে জড়ানো উচিত নয় পরিস্থিতি যদি বাড়াবাড়ি পর্যায়ে চলে যায় তবে বাচ্চাদের সেখান থেকে সরিয়ে দেওয়ার চেষ্টা করুন ঝগড়ার আগে চিন্তা করুন আশপাশের মানুষদের ওপর কী ধরনের বিরূপ প্রভাব পড়তে পারে নিজেদের কিছু ভুলের জন্য আপনার সন্তানের সুন্দর শৈশব যেন ট্রমা না হয়ে যায়,1
ডোনাল্ড ট্রাম্পের কর বাড়ানোর হুমকি শিগগিরই আন্তর্জাতিক খবরে বড় শিরোনাম হতে পারে কিন্তু বৈশ্বিক অর্থনীতি ও বাণিজ্যব্যবস্থার ক্ষেত্রে চীনের অতিরিক্ত উৎপাদনক্ষমতা বা ওভার ক্যাপাসিটিও একটি দীর্ঘমেয়াদি বড় চ্যালেঞ্জ হিসেবে সংবাদমাধ্যমে বড় জায়গা দখল করবে উন্নত এবং উদীয়মান দেশগুলো সম্প্রতি চীনের পণ্য আমদানিতে শুল্ক আরোপ করেছে এর প্রতিক্রিয়ায় চীনও বিভিন্ন পদক্ষেপ নিয়েছে এবং সামষ্টিক অর্থনীতিতে প্রণোদনা দিয়েছে ফলে আগামী কয়েক বছরে চীনের অতি উৎপাদনের এই সমস্যা কোন দিকে গড়াবে তা ক্রমে স্পষ্ট হচ্ছে বোঝা যাচ্ছে বৈশ্বিক ভূরাজনীতির ওপর এই সংকট বড় ধরনের প্রভাব ফেলবে যুক্তরাষ্ট্র চীনের ওভার ক্যাপাসিটির বিরুদ্ধে ব্যবস্থা হিসেবে শুল্ক আরোপ করার এক মাস পর গত ২৯ অক্টোবর ইউরোপও চীনের উৎপাদিত বিদ্যুচ্চালিত গাড়ির ইভিএস ওপর শুল্ক বসায় এই পদক্ষেপগুলো ব্যাপকভাবে প্রচারিত হলেও বিশ্ব বাণিজ্য সংস্থায় চীনের দায়ের করা অভিযোগ যেখানে চীন তুরস্কের ইভিএস শুল্কের বিরুদ্ধে প্রতিবাদ জানিয়েছে অনেকটাই উপেক্ষিত রয়ে গেছে এই মামলা চীনের ব্যর্থতাকে তুলে ধরেছে এ থেকে বোঝা যাচ্ছে চীন উদীয়মান বাজারগুলোকে উন্নত অর্থনীতির পথ অনুসরণ করা থেকে নিরুৎসাহিত করার চেষ্টা করেও তা এখন পর্যন্ত করতে পারেনি এদিকে বিদেশের মাটিতে চীনের উৎপাদন বেড়ে যাওয়ার ফলে বৈশ্বিক অর্থনীতি পরিবর্তিত হচ্ছে এবং বৈশ্বিক অর্থনীতিতে চীনের ভূমিকা বদলে যাচ্ছে চীনের সাম্প্রতিক প্রণোদনা পরিকল্পনা দেখাচ্ছে সরকার দেশের দুর্বল অভ্যন্তরীণ চাহিদার কথা স্বীকার করলেও অর্থনীতির ভারসাম্য ফিরিয়ে আনার জন্য তারা চেষ্টা করছে না এর ধারাবাহিকতায় যুক্তরাষ্ট্র ও চীনের বাণিজ্যযুদ্ধ আবার বাড়তে পারে কারণ ট্রাম্প চীনা পণ্যে ৬০ শতাংশ আমদানি শুল্ক বসানোর কথা আগাম ঘোষণা করে বসে আছেন চীনের অতিরিক্ত উৎপাদনের প্রভাব অন্য বড় অর্থনীতিতে বেশি পড়বে ইউরোপীয় ইউনিয়ন ইইউ এতে সবচেয়ে বেশি ক্ষতিগ্রস্ত হতে পারে কারণ চীনের সঙ্গে ইউরোপের বাণিজ্যিক বিরোধ বাড়ছে ইইউ যেসব চীনা বিদ্যুচ্চালিত গাড়িতে শুল্ক বসিয়েছে সেটিকে সবে শুরু বলা যেতে পারে সদস্যদেশগুলোর মধ্যে এই শুল্ক নিয়ে মতবিরোধ থাকলেও ভবিষ্যতে আরও বড় পদক্ষেপ দেখা যেতে পারে উন্নত দেশগুলোর দিকে থেকে চাপ আসার কারণে বাধ্য হয়ে চীনের রপ্তানিকারকেরা এখন তাদের পণ্য উন্নয়নশীল দেশগুলোতে পাঠাচ্ছে কারণ ২০২৩ সালে চীনের রপ্তানির ৫০ শতাংশের বেশি এই দেশগুলোর কাছে গেছে সামনে চীনের রপ্তানি আরও বাড়বে ফলে বড় বড় দেশগুলোর সঙ্গে চীনের বাণিজ্যঘাটতি বাড়বে এই দেশগুলো চীনের সস্তা পণ্য ও বিনিয়োগ থেকে লাভ পাচ্ছে কিন্তু তারা চীনের বাজারে প্রবেশ করতে পারছে না এ কারণে তাদের নিজস্ব শিল্পের উন্নতিসাধন কঠিন হয়ে পড়ছে ট্রাম্প চীনের ওপর নতুন আমদানি শুল্ক আরোপ করার এবং অন্যান্য দেশ থেকে আমদানির ওপর ১০ থেকে ২০ শতাংশ শুল্ক আরোপের প্রতিশ্রুতি দিয়েছেন এর ফলে চীনের রপ্তানি আরও বেশি করে উদীয়মান বাজার এবং ইউরোপীয় ইউনিয়নে চলে যাবে এটি চীনের ওপর বিশ্ববাণিজ্যব্যবস্থার নির্ভরশীলতা বাড়াবে যুক্তরাষ্ট্র ও ইউরোপীয় ইউনিয়ন চীনের অতিরিক্ত উৎপাদনক্ষমতা নিয়ে সমস্যা তুলে ধরেছে তারা শুল্ক এবং আন্তর্জাতিক সম্পর্কের মাধ্যমে চীনা শিল্পের এই সমস্যার মোকাবিলা শুরু করেছে আশার বিষয় হলো চীনা কোম্পানিগুলো তাদের সম্প্রসারণ পরিকল্পনা কমিয়েছে কারণ অভ্যন্তরীণ চাহিদা কম এবং অতিরিক্ত পণ্য রপ্তানি করা কঠিন হয়ে পড়েছে তবে এই সমস্যা সমাধানে আরও কঠোর বাণিজ্য নিষেধাজ্ঞা এবং নতুন নীতি দরকার জি৭ দেশগুলোর একযোগে কাজ করার গতি ইঙ্গিত দিচ্ছে যে ভবিষ্যতে আরও পদক্ষেপ নেওয়া হবে চীন থেকে পণ্য আমদানিতে নিরাপত্তা পরিবেশ এবং শ্রমবিষয়ক পর্যালোচনা বাড়বে চীন বিদেশি বিনিয়োগ বাড়িয়েছে এটি তার বাণিজ্যিক অংশীদারেরা স্বাগত জানিয়েছে কিন্তু এই পরিকল্পনা কতটা কার্যকর হবে তা নিয়ে সন্দেহ রয়েছে,1
বন্যা নিয়ন্ত্রণ সেচ এবং পানি ব্যবস্থাপনার উন্নয়নে এশীয় উন্নয়ন ব্যাংক এডিবি বাংলাদেশকে ৭১ মিলিয়ন মার্কিন ডলারের ঋণ সহায়তা দেবে এই সহায়তা গোপালগঞ্জ ও মাদারীপুর জেলার গ্রামীণ জনগোষ্ঠীর জলবায়ু পরিবর্তনজনিত প্রভাব মোকাবিলার প্রস্তুতি গ্রহণকে জোরদার করবে এ লক্ষ্যে আজ শনিবার ২০ এপ্রিল ঢাকায় অর্থনৈতিক সম্পর্ক বিভাগ ইআরডি ও এডিবির মধ্যে একটি ঋণচুক্তি সই হয়েছে ইআরডি সচিব মো শাহরিয়ার কাদের সিদ্দিকী বাংলাদেশের পক্ষে এবং এডিবির আবাসিক প্রধান এডিমন গিনটিং এডিবির পক্ষে চুক্তিতে সই করেন এডিমন গিনটিং বলেন এই প্রকল্পটি জলবায়ু পরিবর্তন মোকাবিলায় বাংলাদেশকে সাহায্য করার ক্ষেত্রে এডিবির প্রতিশ্রুতির প্রতিফলন ঘটাবে কেননা এর মাধ্যমে বন্যা নিয়ন্ত্রণ এবং পানি ব্যবস্থাপনার অনেক উন্নতি হবে যা প্রধানত জলবায়ুর চ্যালেঞ্জ মোকাবিলায় সাহায্য করবে,0
সাইবার নিরাপত্তা আইনটি সংশোধনযোগ্য নয় এটি বাতিলযোগ্য এই আইনটি বাতিল করতে হবে ক্ষমতাসীনরা এই আইনটিকে নিজেদের হাতিয়ার হিসেবে ব্যবহার করেছেন মঙ্গলবার ৮ অক্টোবর জাতীয় প্রেস ক্লাবের তফাজ্জল হোসেন মানিক মিয়া হলে ডিজিটালি রাইট ও নাগরিক আয়োজিত বাতিলযোগ্য সাইবার নিরাপত্তা আইন জনগণের প্রত্যাশা শীর্ষক গোলটেবিল বৈঠকে বক্তারা এসব কথা বলেন গোলটেবিল বৈঠকে ট্রান্সপারেন্সি ইন্টারন্যাশনাল বাংলাদেশের টিআইবি নির্বাহী পরিচালক ড ইফতেখারুজ্জামান বলেন আমি অবিলম্বে এই আইনটি বাতিলের কথা বলব সরকারের সদিচ্ছা থাকলে তা করতে দেরি হওয়ার কথা নয় সাইবার নিরাপত্তা আইনে ক্ষতিগ্রস্তদের ক্ষতিপূরণের দাবি করে ড ইফতেখারুজ্জামান বলেন এই আইনে যারা ক্ষতিগ্রস্ত হয়েছে তাদের ক্ষতিপূরণ দিতে হবে এই আইনের অপব্যবহারকারীদের জবাবদিহির আওতায় আনতে হবে আইনটিতে যারা কর্তৃত্ববাদের হাতিয়ার হিসেবে ব্যবহার করেছে তাদের জবাবদিহি নিশ্চিত করতে হবে ক্ষমতার পরিবর্তন হলেও আইনের পরিবর্তন হয়নি জানিয়ে ইফতেখারুজ্জামান বলেন এখনো যথেষ্ট উদ্বেগ রয়েছে শুধু ব্যক্তির পরিবর্তন হয়েছে আইনের পরিবর্তন হয়নি জাতীয় নিরাপত্তার নামে গোয়েন্দা সংস্থা যে চর্চা প্রতিষ্ঠিত হয়েছে সেটির দৃষ্টান্ত কিন্তু আমরা এখনো দেখতে পাচ্ছি এটা যেন না হয় সেখানে আমাদের জোরালোভাবে হাত দিতে হবে অন্তর্বর্তীকালীন সরকারের দায়িত্ব রয়েছে তাদের আইনি ও প্রাতিষ্ঠানিক অবকাঠামো তৈরির সেখানে তাঁদের হাত দিতে হবে ইফতেখারুজ্জামান আরও বলেন দেশে সাইবার সিকিউরিটি অ্যাক্ট বা ডিজিটাল সিকিউরিটি অ্যাক্টের মাধ্যমে নিরাপত্তার নামে নিরাপত্তাহীনতা সৃষ্টি করা হয়েছে নতুন আইন করার সময় এ বিষয়টি অপরিহার্য যাতে করে আইনের নামে নিরাপত্তাহীনতা তৈরি না হয় বৈঠকে ব্যারিস্টার জ্যোতির্ময় বড়ুয়া বলেন অন্তর্বর্তী সরকারের প্রধান উপদেষ্টা বলেছেন মন খুলে সমালোচনা করতে তবে হাসিনার সময়েও মামলা হতো এখন মামলা হচ্ছে এটা হয়তো তিনি ড ইউনূস কথার কথা বলেছিলেন আর্টিকেল নাইনটিনের দক্ষিণ এশিয়ার আঞ্চলিক পরিচালক শেখ মনজুরইআলম বলেন শাসকদের মানসিকতা হচ্ছে হয়রানি করা সাইবার সিকিউরিটি এই আইনে নিশ্চিত করা যায়নি নতুন আইন করার ক্ষেত্রে কেউ যাতে ওই আইনে হয়রানি না হয় তা নিশ্চিত করতে হবে এমআরডিআইএর হেড অব প্রোগ্রাম অ্যান্ড কমিউনিকেশনস মিরাজ আহমেদ চৌধুরী বলেন ন্যাশনাল সিকিউরিটির আলোচনাকে আর সাইবার সিকিউরিটির আলোচনাকে যদি আমরা আলাদা করতে না পারি তাহলে আমাদের আরও অনেক বড় অধিকার ক্ষুণ্ন হবে গোলটেবিল বৈঠকে আরও উপস্থিত ছিলেন আলোকচিত্রী ও মানবাধিকারকর্মী শহিদুল আলম রাষ্ট্র সংস্কার আন্দোলনের প্রধান সমন্বয়ক হাসনাত কাইয়ুমসহ অনেকে,0
গ্রহাণুর আঘাত থেকে পৃথিবীকে বাঁচাতে মহাকাশে পরীক্ষামূলকভাবে নাসা একটি রকেট পাঠিয়েছে এটি পৃথিবীর দিকে ধেয়ে আসা গ্রহাণুকে ধাক্কা দিয়ে তার গতিপথ পরিবর্তন করে দেবে বলে নাসার পক্ষ থেকে বলা হয়েছে বিষয়টি বিজ্ঞানের কল্পগল্প মনে হতে পারে তবে ডার্ট ডাবল অ্যাস্ট্রয়েড রিডিরেকশন টেস্ট নামের এই পরীক্ষামূলক অভিযানটি বাস্তবেই ঘটছে মঙ্গলবার স্থানীয় সময় ১০টা ২১ মিনিটে যুক্তরাষ্ট্রের ক্যালিফোর্নিয়ার ভ্যানডেনবার্গ স্পেস ফোর্স বেস থেকে ইলন মাস্ক প্রতিষ্ঠিত স্পেসএক্স কোম্পানির ওই রকেটটি উৎক্ষেপণ করা হয় খবর আলজাজিরার বিশ্বে এই ধরনের অভিযান এটাই প্রথম অভিযানের উদ্দেশ্য হলো ছোট চাঁদের মতো ১৬০ মিটার ব্যাসের ডিমরফস নামের গ্রহাণুকে ধাক্কা দিয়ে তার সম্ভাব্য গতিপথ কিছুটা পরিবর্তন করা ডিমরফর উপগ্রহটি ৭৬২ মিটার ব্যাসের বাইনারি অ্যাস্ট্রারয়েড ডিডিমসকে কেন্দ্র করে ঘুরে আর ডিমরফস ও ডিডিমস উভয়ে সূর্যকে প্রদক্ষিণ করে ধারণা করা হচ্ছে রকেটটি ডিডিমসকে ২০২২ সালের তৃতীয় ভাগে গিয়ে আঘাত করবে যখন সেটি পৃথিবী থেকে ১১ মিলিয়ন কিলোমিটার দূরে অবস্থান করবে উপগ্রহটি তখন প্রথমবারের মতো পৃথিবীর এতো কাছাকাছি আসবে ৩৩০ মিলিয়ন ডলার ব্যয়ে চালানো এই অভিযান সম্পর্কে নাসার শীর্ষ বিজ্ঞানী থমাস জুবুর্চেন বলেন আমরা আসলে হুমকি কিভাবে পরিবর্তন করা যায় তা শেখার চেষ্টা করছি,0
সাবেক মার্কিন প্রেসিডেন্ট ডোনাল্ড ট্রাম্প ও স্টর্মি ড্যানিয়েলস একটি কথিত যৌন কেলেঙ্কারির ঘটনায় দীর্ঘদিন ধরে বিচারের অপেক্ষায় রয়েছেন নিজের যৌন কেলেঙ্কারি ধামাচাপা দিতে ঘুষ দেওয়ার অভিযোগে ট্রাম্পের বিরুদ্ধে শুনানি চলছে নিউইয়র্কের আদালতে বিবিসির লাইভ প্রতিবেদনে বলা হয়েছে আজ আদালতে সবচেয়ে উত্তেজনাপূর্ণ দিন এদিন আদালতে সাক্ষ্য দিতে এসেছেন ট্রাম্পের একসময়ের কাছের ও সাবেক আইনজীবী মাইকেল কোহেন বর্তমানে তাদের দুইজনের মধ্যে সম্পর্ক তলানিতে ঠেকেছে বিবিসি বলছে এই মুহূর্তে ট্রাম্প এবং কোহেন একই কোর্টরুমে অবস্থান করছেন আদালতরুমে কোহেন সাক্ষ্য দেওয়া শুরু করেছেন তিনি বলেছেন আমি সরাসরি ট্রাম্পের জন্য কাজ করেছি এসময় তিনি উল্লেখ করেছেন ট্রাম্পই তাকে তার এ চাকরির জন্য প্রস্তাব দেন কোহেন বলেন আমি ট্রাম্পের অনেক সমস্যার সমাধান করেছি ট্রাম্পের কোনো মেইল বা মুঠোফোন ছিল না আমি সরাসরি ট্রাম্পের সঙ্গে কথা বলতাম এদিন কোহেন আরও বলেছেন আমি মাঝে মধ্যে ট্রাম্পের জন্য মিথ্যা বলেছি এই রিপোর্ট লেখা পর্যন্ত কোহেন এখনো আলাদতে সাক্ষ্য দিচ্ছেন এবং প্রসিকিউটর তাকে জেরা করছেন প্রসিকিউটররা জানিয়েছেন আরও দুইজন সাক্ষীকে হাজির করা হবে এবং এই সপ্তাহের মধ্যে এই মামলার নিষ্পত্তি হতে পারে এর আগে বিবিসির প্রতিবেদনে বলা হয় ট্রাম্প ব্যবসায়িক রেকর্ড জালিয়াতির ৩৪টি অপরাধমূলক মামলার মুখোমুখি হয়েছেন এর মধ্যে একটি ছিল ট্রাম্পের সঙ্গে সম্পর্কের বিষয়ে মুখ বন্ধ রাখতে ড্যানিয়েলসকে এক লাখ ৩০ হাজার মার্কিন ডলার পরিশোধ করেন কোহেন,1
